:020000040800F2
:10000000C00A0020AD150008B7EE0108B7EE0108E0
:1000100063100208B7EE0108B7EE0108B7EE010859
:10002000B7EE0108B7EE0108B7EE0108B7EE010818
:10003000B7EE0108B7EE010845110208B7EE010856
:10004000B7EE0108B7EE0108B7EE0108B7EE0108F8
:10005000B7EE0108B7EE0108B7EE0108B7EE0108E8
:10006000B7EE0108B7EE0108B7EE0108B7EE0108D8
:10007000B7EE0108B7EE0108B7EE0108B7EE0108C8
:10008000B7EE0108B7EE0108C10F0008B7EE01088E
:10009000B7EE0108B7EE0108B7EE0108B7EE0108A8
:1000A000B7EE01088918000869180008B7EE0108C2
:1000B000B7EE010831900108DD9A01087D8F020832
:1000C000798F02086D920108938F0208818F0208D0
:1000D000AD9A0108858F02081D9B0108859B0108C8
:1000E000B7EE0108B7EE0108B7EE0108B7EE010858
:1000F000350A0208B7EE0108B7EE0108B7EE0108AD
:10010000B7EE0108290E0008B7EE0108B7EE0108A6
:10011000B7EE0108B7EE0108B7EE0108B7EE010827
:10012000B7EE0108B7EE0108B7EE0108B7EE010817
:10013000B7EE0108B7EE0108B7EE0108B7EE010807
:10014000B7EE0108B7EE0108B7EE010809CE0208C4
:10015000A1750108B7EE0108678F02086D8F0208CC
:10016000B7EE0108B7EE0108B7EE0108B7EE0108D7
:10017000F0B5114A114C124E00F00105E3695F071A
:1001800013D40DB9334213D103EA00078F4207D1CC
:100190000B4A1A40002A0CBF00206FF00100F0BD8E
:1001A000013AEBD16FF00200F9E74FF0FF30F6E7CC
:1001B0006FF00100F3E700BF809698000000035045
:1001C000020001000B4B70B5D96911F480310DD1DB
:1001D00001244FF48072084E084DF46020462C64D0
:1001E0001A61FFF7C5FF3464EC6070BD6FF0010069
:1001F000FBE700BF00000350001003500020035035
:100200004FF4803238B50E4B0E4C9A66E56941F6D4
:10021000713315400122E3630B4B0021DA600223A6
:10022000606121202361FFF7A3FF10B92120FFF7B0
:100230009FFF0122054BDA600DB10023E36338BD57
:1002400000900050000003500010035000200350A5
:1002500070B5134C6061E3695B071ED40E4656F817
:10026000043B8D18A361AE420BD104230021212051
:100270002361FFF77DFF58B9BDE870402120FFF7EB
:1002800077BF08210846FFF773FF10B104232361ED
:1002900070BD56F8043BA361E5E74FF0FF30F7E788
:1002A000000003502DE9F84315464FF48032184BF7
:1002B00089469A6603F51C33DF690646174041F606
:1002C0007132DA63012203F58053DFF84C80DA6083
:1002D00055B9284601220F4BDA601FB10022A3F561
:1002E0000053DA63BDE8F88306F5005404EA080415
:1002F000A41BAC4228BF2C46494622463046FFF795
:10030000A7FF0028E6D12644A1442D1BE0E700BF4B
:10031000009000500020035000E0FFFF00000000AC
:1003200000000000000000000000000000000000CD
:100330002DE9F041344B354E1B78012B58D1344B0D
:100340001F88002F54D0334B188819F0D3FD2AA3EF
:10035000D3E9002319F048FE29A3D3E9002319F0BB
:100360006DFF044638460D4619F0D4FD02460B4693
:100370002046294619F062FF0022002304460D465C
:100380001AF0C2F830B1002220462946224B1AF05A
:100390009DF808BB00220023204629461AF096F853
:1003A00040B10022204629461C4B1AF0ADF808B196
:1003B00000241A4D1A4B2046B3F80080194B2946E9
:1003C0001F881AF0ABF8B84500B208D3308068B97E
:1003D000B8450BD0012308E000240F4DEAE7404266
:1003E00000B2308010B94FF0FF333380BDE8F081A8
:1003F0000023FAE7AFF30080FCA9F1D24D62104070
:10040000CDCCCCCCCCCCFC3F6524002026240020D5
:10041000A22F0020A42F00200000F03F0000F0BF1A
:10042000922F0020942F002073B57D4DD5F8884081
:1004300014F00F0440F0A5807A4D0123042203211B
:10044000022004F077FA4FF47A7007F0D7F92B788E
:1004500004220521204603F0010304F06BFA042274
:100460002B7811462046C3F3400304F063FA2B783F
:100470006D4D042221460120C3F3800304F05AFA93
:100480002B78042203210120C3F3400304F052FA25
:1004900001212B78654D084603F00103042204F086
:1004A00049FA21462A8862481FF07FFB614B188871
:1004B000C0EB401300EB8300C00080B207F09EF950
:1004C0004FF6FF725C4B1988914240F0A0802A8859
:1004D0005A491A805A4B1C605A4B1C6001230B70FE
:1004E00059490C7059490C7059490B7059490C60A5
:1004F00059490C7059490C6059490C7059490C7094
:1005000059490C7059490C7059490B7059490B7075
:1005100059490C6059490A80594A1470594A137054
:10052000FFF706FF00F020FC574B1B7873BB574BBF
:10053000188819F0DFFC38A3D3E9002319F054FD23
:10054000534B044618880D4619F0E4FC02460B464E
:100550002046294619F072FE19F0E0FF04460146D4
:100560004FF0B2401FF074FA21464FF0B2401FF036
:100570000FFA01214FF0B24002B0BDE870401FF009
:100580001CBA294668461FF0F5F94FE7012B1DD12B
:10059000C822404B1A80404B188819F0BBFC024619
:1005A0000B4600203D4919F049FE19F0DFFF0446D3
:1005B00001464FF0B2401FF04BFA21464FF0B240D7
:1005C0001FF0E6F92A88364B1A80D2E7022BD0D1E9
:1005D000C822304B1A80304B188819F09BFC0B4610
:1005E00002462E49002019F029FE19F0BFFF0646E9
:1005F00001464FF0B2401FF02BFA31464FF0B240A7
:100600001FF0C6F9274B1C60274B1C70DAE702B0BD
:1006100070BD00BFAFF30080FCA9F1D24D62404035
:1006200000400059F8300020F9300020942F0020BD
:1006300000400259A82F00209A2F0020F5300020FA
:10064000C80D0020CC0D0020632400207B2B00204F
:1006500062240020C40D002066240020E00D00204C
:100660007C2B002031250020302500202F25002064
:100670007A2B00207E2B0020C00D00202424002097
:1006800061240020F430002065240020A02F0020E9
:10069000AC2F0020AA2F0020A22F00200000E04055
:1006A000982F0020DC0D00206424002000000000B2
:1006B0001FB501212C2002F0E9FF1022002168461D
:1006C00028F0A7FC69464FF0B2401FF082F9164BA4
:1006D000188819F01FFC0B46024611A1D1E9000150
:1006E00019F0ACFD19F01AFF01464FF0B2401FF0AF
:1006F000AFF9122200214FF0B2401FF050F904224E
:1007000001210A4B12209A63996320F097F9122075
:1007100006F082FD122006F063FD05B05DF804FBD3
:10072000FCA9F1D24D628040AC2F0020001000598E
:10073000F0B50368444A23F47F4323F00703934250
:10074000044685B073D002F1C06202F58022934264
:1007500000F092803D4A934267D14FF4E163022258
:100760000021ADF808301B2002AB0FF031F940F644
:10077000741302220021ADF80A301D200DF10A0386
:100780000FF026F901220021314B39200FF020F91A
:10079000012200212F4B3B200FF01AF902220021E9
:1007A0002D4B2D200FF014F9022200212B4B2F206E
:1007B0000FF00EF901220021294B3D200FF008F91E
:1007C00002220021274B3F200FF002F902220021D4
:1007D000254B41200FF0FCF801220021234B432040
:1007E0000FF0F6F801220021214B45200FF0F0F820
:1007F0004FF42F731F4C02220021ADF80C3047201C
:1008000003AB0FF0E5F8204611F0F8FE0221207846
:1008100011F02EFF0023A02200931146207811F042
:1008200007FF0221207811F037FF05B0F0BD114C11
:100830000221207811F01CFF0221207805B0BDE8CC
:10084000F04011F029BF00BFA0000601A000010088
:10085000F9300020F8300020A82F0020A62F00201B
:1008600065240020A42F0020A22F0020F7300020B4
:10087000F6300020FA300020B0F805001F2812D111
:100880000DF10A0300930222002103AB0FF070F870
:100890000028CAD1B44ABDF80A3012881344B34ABA
:1008A0001380FFF745FDB4F80500212812D10DF1A2
:1008B0000A0300930222002103AB0FF059F800282D
:1008C000B3D1A94ABDF80A3012881344A84A13804C
:1008D000FFF72EFDB4F80500472810D10DF10A03EB
:1008E00000930222002103AB0FF042F800289CD1B4
:1008F0009D4ABDF80A30128813449E4A1380B4F80A
:100900000500232815D10DF10A03009302220021CE
:1009100003AB0FF02DF8002887D1954ABDF80A30B7
:100920001188924A1288914238BF5B42924A1BB2A8
:100930001380B4F80500252818D10DF10A0300939F
:100940000222002103AB0FF013F800287FF46DAFF3
:10095000BDF80A30894A1380854A1188834A128873
:10096000914228BF5B42864A1BB21380B4F805004F
:10097000312813D10DF10A0300930222002103ABA9
:100980000EF0F6FF00287FF450AFBDF80A307D4A24
:1009900013807D4A03EB83035B001380B4F80500EA
:1009A000272831D10DF10A0300930222002103AB65
:1009B0000EF0DEFF00287FF438AFBDF80A50734B0D
:1009C0001D8000F0D1F9284619F094FA64A3D3E908
:1009D000002319F009FB6B4B064618880F4619F0E7
:1009E00099FA02460B463046394619F027FC19F0B1
:1009F00095FD054601464FF0B2401FF029F8294603
:100A00004FF0B2401EF0C4FFB4F805002D280ED1FF
:100A10000DF10A0300930222002103AB0EF0A8FFA0
:100A200000287FF402AF5A4BBDF80A201A80B4F8B0
:100A300005002F280ED10DF10A0300930222002198
:100A400003AB0EF095FF00287FF4EFAE514BBDF8DD
:100A50000A201A80B4F80500392810D10DF10A03D4
:100A600000930122002103AB0EF082FF00287FF4E7
:100A7000DCAE9DF80A30032B9CBF474A1370B4F8D4
:100A800005003B2810D10DF10A030093012200213B
:100A900003AB0EF06DFF00287FF4C7AE9DF80A305F
:100AA000072B9CBF3D4A1370B4F805003D2814D1B4
:100AB0000DF10A0300930122002103AB0EF058FF51
:100AC00000287FF4B2AE9DF80A30022B05D8344AD4
:100AD0001370FFF72DFC00F047F9B4F805003F282C
:100AE00010D10DF10A0300930222002103AB0EF096
:100AF0003FFF00287FF499AE2A4BBDF80A201A80E8
:100B0000FFF716FCB4F80500412812D10DF10A03D5
:100B100000930222002103AB0EF02AFF00287FF48D
:100B200084AE214BBDF80A201A80FFF701FC00F0CB
:100B30001BF9B4F8050043283AD10DF10A030093DC
:100B40000122002103AB0EF013FF00287FF46DAEED
:100B50009DF80A20154B1A7000F006F928E000BF36
:100B6000FCA9F1D24D6240409C2F0020942F002020
:100B7000922F0020902F00208E2F00209E2F0020EB
:100B80008C2F0020AC2F0020AA2F0020A02F0020A7
:100B9000A82F0020A62F0020F9300020F8300020D8
:100BA00065240020A42F0020A22F0020F730002071
:100BB000B4F80500452810D10DF10A030093012275
:100BC000002103AB0EF0D4FE00287FF42EAE9DF87A
:100BD0000A20114B1A7000F0C7F8B4F8050033284A
:100BE0007FF423AE0DF10A0300930122002103AB31
:100BF0000EF0BEFE00287FF418AE9DF80A30012BDF
:100C000002D1FFF711FC10E6002B7FF40EAE01229B
:100C1000024B1A7009E600BFF63000206324002062
:100C200007B588B10BA3D3E900230949C1E9022321
:100C3000CDE900234FF0FF324FF0FF33086927F072
:100C40006FFC03B05DF804FB00220023EDE700BF5A
:100C5000480B00200DD50155200000000348044B2F
:100C6000834202D0034B03B1184770472031002064
:100C70002031002000000000064B0749C91A8910E6
:100C800048BF0131491003D0044B0BB1014818474C
:100C9000704700BF203100202031002000000000FC
:100CA00010B5064C237843B9FFF7D8FF044B13B1B6
:100CB0000448AFF300800123237010BD602400209E
:100CC00000000000CC2E030808B5054B1BB10549F8
:100CD0000548AFF30080BDE80840FFF7CDBF00BF77
:100CE00000000000A80D0020CC2E0308A3F5803AD8
:100CF000704700BF174B002B08BF134B9D46FFF7F3
:100D0000F5FF00218B460F461348144A121A28F0AB
:100D100080F90E4B002B00D098470D4B002B00D0D4
:100D200098470020002104000D000D48002802D043
:100D30000C48AFF3008019F0DBFD200029001EF005
:100D40005CF819F0C3FD00BF0000080000000000BF
:100D500000000000C00A0020C00A0020802C0020F3
:100D60000000000000000000124B30B51888F8B1F8
:100D7000114B124D1A78124B424319884FF47A7373
:100D80004143B1FBF3F3B1F57A7F38BF01212B600A
:100D90000C4B0D4C1B78226000FB03F30B4838BF53
:100DA000296003600AB9012222600BB901230360A4
:100DB00030BD00BFA22F0020F7300020D40D00204E
:100DC000A02F0020F6300020D80D0020D00D0020EC
:100DD00010B5002401220D4B21461C700C4B0D4810
:100DE0001A700D4B1C700D4B1A880D4B1A801EF09B
:100DF000DCFE4FF6FF720B4B03211A8002202346C4
:100E0000BDE81040042203F095BD00BF7A2B0020FE
:100E10007E2B00200040025962240020962F0020E3
:100E2000982F00209A2F00202DE9F7434FF480726D
:100E3000504B5A62504B1B787BB1DFF87891DFF84A
:100E40007881D9F80020D8F800309A4205D04B4B71
:100E50001C78002C6AD000221A7003B0BDE8F08321
:100E6000314668461EF086FD9DF80420009B002A4E
:100E700057D1C3F31305D6F8880010F00F00EFD157
:100E80001023DFF838C1F3609CF80020D9F800E0A7
:100E90003B49C8F800E08D548B184FEA15282D0CFB
:100EA0009D70DC70250A240C5C71364C83F808E0D8
:100EB00024884FEA1E2E9C71240A334F83F8018048
:100EC0001D71DC7183F809E0304B3E681D880A32E1
:100ED000D2B20136AA423E608CF8002030D32C4AB0
:100EE0001378072B25D84FF0C9080346294C2A4808
:100EF000AB4201DAC82B32D1C921037801FB03448C
:100F0000037884F8C850013303F0070303701378A3
:100F10000133DBB21370214B1A7872B901221A70B7
:100F20000BE0012AA7D1C3F31304A4E725461C4E06
:100F3000A1E71C4A13680133136000238CF80030CA
:100F4000194A1378002B88D0184B1B889E4284D3F3
:100F50000121174B1970002313703B607DE790F857
:100F600000E011F8019B08FB0E4E0EF803900133D0
:100F7000BEE700BF0060005962240020F530002069
:100F800067240020982F0020C40D0020AA2F0020E5
:100F90002F25002032250020312500207D2B002028
:100FA00000400059E00D002063240020AC2F0020F9
:100FB0007B2B0020C80D00204C2E00206624002032
:100FC000F8B54FF0B2435C6B674B1B7813B9674BB6
:100FD0005C63F8BD14F0010707D0654A136801335C
:100FE00013600822634BDA60F1E7634B1D78002D34
:100FF00038D15F4A614B11681B88B1FBF3F203FBE8
:1010000012110029E3D15E4A5E4813680133136070
:10101000DB07028809D55C4B1B88D21A5B4B92B266
:101020001A805B481EF0C1FDD1E75A4BB3F900307E
:101030001A4492B2002B028007DD574B1B88934263
:1010400008D20122554B1A70C1E703D0524B1B88BE
:101050009342F6D84C4B1B881A444C4B92B21A80E0
:101060000021DEE7012D48D14D484E4B4749057818
:10107000B3F900200B882DB1012D4B4F10D04B4EF2
:10108000368802E0444E494F36883F88B7420FD930
:10109000002A08DD9B1A9BB20B80B34225D814E0CE
:1010A0003E883D4FF1E713449BB20B80EAB1F4E771
:1010B0001DD2002A15DA92B29B1A524212B29BB28A
:1010C000002A0B80E9DDB3420FD36B1CDBB2022B8D
:1010D0000E80037009D90122304B1A70002303706F
:1010E00003E013449BB20B80EDD10A88B8E71344A8
:1010F0009BB2002A0B80E6DCD8E7022D7FF467AFB5
:101100002B482C4903680E780133012E1F4A0360D7
:1011100012D0022E1AD016BB274F244D3F682D88BF
:10112000BB42158006D301230B70244B06601B883D
:101130001D441580128893E7214E3668B342F9D3D7
:10114000154B0D701B8807601380F3E71248008869
:1011500010801C4800688342ECD303230B700121EC
:101160000E4B1970E6E700BF6224002000200059F2
:10117000C80D00200040005965240020AC2F00203D
:10118000CC0D00209A2F00208C2F0020982F0020BB
:10119000004002598E2F0020922F0020632400204F
:1011A0006124002026240020902F0020942F00206E
:1011B000DC0D002064240020D80D00209E2F00208C
:1011C000D40D0020D00D002070B502268CB0244D27
:1011D0001422002101A806AC27F01BFF0FCD0FC47D
:1011E00095E803001F4D84E8030010215420009669
:1011F00002F0D2FE0121542002F048FA28461A4992
:1012000004F02AF840F201130322ADF818304FF031
:1012100001130024CDE909238DF810604FF48022DA
:101220000126124B0390694628468DF807608DF819
:1012300014408DF81A408DF82160ADF822400B94CF
:10124000C3F820231EF082FC2246284606A903F09C
:1012500085FF3246214628461EF048FC0CB070BD82
:1012600088CE02080040025940420F0000C00350DF
:1012700070B54C4DA6B008AC0FCD0FC40FCD0FC448
:1012800095E8030000264FF4403384E8030001246E
:101290004F2231460DF14900434D0393CDE90566D8
:1012A0000796ADF810608DF8126027F0B2FE214667
:1012B0002A208DF848408DF84D408DF852408DF829
:1012C00057408DF85C408DF861408DF866408DF890
:1012D0006B408DF870408DF875408DF87A408DF830
:1012E0007F408DF884408DF889408DF88E408DF8D0
:1012F000934002F0CBF910214FF4B06002F04CFEA5
:101300003246284629498DF817608DF8144003F0BD
:10131000E7FB40F2BA434FF481720B9302238DF83E
:101320001900ADF8222000903246284620498DF859
:1013300020308DF824608DF8306003F0EBFB1D4BFE
:101340000A90039344F20113ADF8483040F20113C0
:10135000ADF84C305123284608AA05A98DF84E3027
:10136000ADF810608DF812608DF8514003F00EFC5E
:1013700012AA284603A903F02BFB4FF48033EB603D
:101380004FF4807305F580552146AB6231201FF084
:1013900055FB312005F040FF312005F021FF26B03C
:1013A00070BD00BFA0CE020800400059005A620282
:1013B000404B4C000201010008B506F0E5F9FFF7CB
:1013C00003FF1DF00DFDFFF753FFFFF771F9054B0C
:1013D00000211A88044B05481A80BDE808401EF019
:1013E000E4BB00BF962F0020982F00200040025938
:1013F0002DE9F041B2B000F079F8314B1A781AB10A
:1014000000221A70FFF7E4FC2E4E337853B12E4CB5
:10141000227802F0FF032AB92C4D2A7802F0FF014E
:10142000CAB931702A4D2B78002B46D0294C0121A6
:10143000224633200EF0E2FA00283ED123782870AD
:10144000002B3AD14FF4FA6006F0D8F932B0BDE87B
:10145000F0411FF0F1BA4FF0C9086F461E48DFF89F
:101460007CE0027808FB02E292F8C8103A468B4210
:1014700016DB0378013303F0070303702B78362063
:10148000013BDBB22B70012323700EF0B7FA88B951
:1014900020702B7803F0FF02002BC3D13270C1E71C
:1014A00090F800C008FB0CEC1CF803C0013307F8EF
:1014B00001CBDCE700232370B4E732B0BDE8F08154
:1014C0007B2B00207D2B00207C2B00202F25002053
:1014D0007E2B00207A2B0020302500203225002092
:1014E0000022014B1A8070472824002010B52BF0F1
:1014F00053FA054A148814B1631E012413802BF09B
:1015000046FA204610BD00BF282400207FB503689E
:101510001D4A23F47F4323F00703934231D106226F
:1015200000211620194B0EF053FA08B100BEFDE75A
:101530000DF1070102A811F0C3F8014608B100BE81
:10154000FDE7BDF80C3008225BBAADF810309DF80D
:101550000B3018208DF81230FF238DF81330FE2346
:101560008DF814309DF80A308DF81530BDF808302C
:101570005BBAADF8163004AB0EF02AFA08B100BE23
:10158000FDE707B05DF804FBA0000100C8CE02082B
:101590000348044A0449121A92101DF08DBC00BF82
:1015A0007001000830030008802C002008B5154B9E
:1015B00083F30A8800F030F8FFF7EAFF124B134973
:1015C0008B4212D30020124B12498B4218D3FFF7E3
:1015D00091FB186850F82240586840F822400132C8
:1015E00098688242F5D30C33EAE70022F8E71C68DA
:1015F00044F8220001325C68A242F8D30833E4E7E1
:101600000022F8E700000020D42E0308E02E030893
:10161000E02E0308E02E03084FF48041124B134ADA
:1016200070B59A60D3F88820114D42F47002C3F867
:101630008820104A05F5005491664FF0FF3222666B
:101640000D4A62660222C3F8D020BFF34F8FBFF36A
:101650006F8F4FF44036002005F0DEFD0020E6607D
:1016600005F0BEFD2E6170BD00ED00E00000000839
:101670000080004400900050F7FF3700014B1860D5
:10168000704700BF542E0020054B1860054B1B6FA0
:1016900003F00703032B01D129F0F2BF704700BF0D
:1016A0005C2E002000800050BFF34F8F0549064B91
:1016B000CA6802F4E0621343CB60BFF34F8F00BFF0
:1016C000FDE700BF00ED00E00400FA052DE9F04160
:1016D00004460C254FF00108124E0CB314F0010023
:1016E0000BD0002024F0010405FB00625768002F96
:1016F000F3D09168C0B2B847EFE722460130202806
:101700004FEA520201D0D307F8D508FA00F20F28A9
:1017100024EA0204E8D9103805FB0062B432E5E798
:10172000BDE8F081E40D002008B50C482BF078FAF4
:10173000192005F063FD28B1192005F06DFD192071
:1017400005F04EFD1A2005F059FD28B11A2005F0CC
:1017500063FD1A2005F044FD002008BD5CE8020886
:101760002DE9F0410E461746054610B30F2922D841
:101770000378E3B1013BDBB2022B1CD8104A32F8EC
:1017800013306A78D340DB0715D50E4BD3F81043DE
:101790009CB92BF00AF980463A462846314603F0B8
:1017A00097FD40462BF0FCF82046BDE8F081FE2373
:1017B000E7E72224F8E72124F6E70224F4E700BF54
:1017C0000CD5020800C0035010B50446E0B1037800
:1017D000C3B1013BDBB2022B18D80D4A32F81330EB
:1017E0006278D340DB0711D52BF0DFF80122637854
:1017F00021789A4030235943064B5A502BF0D0F8A9
:10180000002010BDFE23EBE72220FAE72120F8E7B5
:101810000CD5020840D0035010B50446E0B103785F
:10182000C3B1013BDBB2022B18D80D4A32F813309A
:101830006278D340DB0711D52BF0B7F8012263782B
:1018400021789A4030235943064B5A502BF0A8F880
:10185000002010BDFE23EBE72220FAE72120F8E765
:101860000CD5020840E0035008B503F027FD054BF6
:1018700000F0553020F05020C3F82004BDE80840A7
:10188000FFF724BF00E0035008B503F017FD054B38
:1018900000F0AA3020F0A020C3F82004BDE80840E2
:1018A000FFF714BF00E003502DE9F04F1446064641
:1018B0000D469B46C36B87B001225B6902A9606835
:1018C0009847F36B01225B6903A92846984702A851
:1018D0001DF0FCFE074648B10023A37563754FF069
:1018E000FF33A360002007B0BDE8F08F03A81DF010
:1018F000FAFE0123A375237E04EBC303DD611F847D
:101900006368AB420ED1206003A81DF00EFF4FF0BC
:10191000FF332075A360237D043B022B26D80023D0
:10192000A375DFE723681A1A53425341A37503A82E
:101930001DF0FBFE237D834218BFA77503A81DF091
:10194000D6FE074602A81DF0D2FE874218BF00232C
:1019500003A818BFA3751DF0D2FE074602A81DF00C
:10196000CEFE87421CBF0023A375D4E703A81DF059
:10197000BEFE80B1F36B022228465B6904A998473A
:1019800004A81DF0C3FE0346207D032839D8DFE8F4
:1019900000F03838040903A8F3E7CC22237E04EBD7
:1019A000C3031A8401F0E8FA109B187003A8277E7D
:1019B0001DF091FE04EBC70787F82200237E03A8E1
:1019C00004EBC303B3F8209093F822701DF08FFE50
:1019D000804603A81DF093FE8246B8F1000F15D093
:1019E000F36B022228465B6904A9984704A81DF0FE
:1019F00052FE6075637D6BB90023A3754FF000083C
:101A000038E0227E04EBC2021384CBE703A81DF06A
:101A10002DFEEEE794F81680B8F1000FEED0B9F184
:101A2000000F09D1DFB10123627EE375002A44D1A2
:101A30009F4218D1677614E0736C05EB0A02594295
:101A400085EA020008421CBF0021A175591E0A4008
:101A50009B1A9945D0D8A37D002BE3D1CEE7E37D37
:101A600043B94FF000084B465246294630461DF018
:101A70006BFBA060A27D12B123694B442361144922
:101A8000237E097899421ED901332376BBF1000FDA
:101A90001BD0D2B1E37DC3B1B8F1000F15D1032F34
:101AA00013D0A1684B1C10D0109B224600933046E7
:101AB0000123FFF7F9FEA07507E0012FDAD0032F0D
:101AC00008BFA376CDE70023A375A07D0BE700BF79
:101AD00034D502082DE9F04F0E46984600238BB00E
:101AE00004464FF0FF31104617468DF8133001F0D1
:101AF0002DFAB6F5801F3BD3B21C53D1E56A6B1C9F
:101B000057D12046616A1DF065FA0546B31C18BF1F
:101B10000123DFF810910193636A626C02932368DA
:101B200005A902FB053AE36B05225B69504698471D
:101B300005A81DF066FE1DF089FE50461DF091FEC1
:101B40004FF0000B824601464B1C05D0636C81EAC6
:101B50000A025B42134232D0294620461DF03AFA6F
:101B6000029BAB424DD0BBF1000F4DD10546D3E7F0
:101B7000314605AA04F108001DF0F6FC0146481C98
:101B800010D0384601F0E2F90122394620460DF125
:101B900013031DF02BFB28B19DF8133088F800309B
:101BA000002003E0237C002BA8D12D200BB0BDE842
:101BB000F08F2368ED1A636CB5FBF3F5A6E7484692
:101BC00001F0C4F90DF1130349462046019A1DF0B6
:101BD0000DFB034690B1B21C03D0D9F80020B242ED
:101BE0000CD19DF8132003930D4B88F80020494633
:101BF0001A68384627F015FA039B9B46D9F8081057
:101C0000A2E7BBF1000FD0D0B6F5801FC8D2314695
:101C100098F800307A6804F1080001F0C5F8BFE7D1
:101C200030D50208C01500202DE9F34104461746BF
:101C300098460E46194D816AE36A8B422AD04B1CA6
:101C400018E0284601F082F90122294620460DF1CC
:101C500007031DF0CBFA30B14346294620469DF8D4
:101C60000720B847B0B1A9684A1C05D0012E0AD098
:101C7000E36A9942E5D10DE0696820461DF037FA24
:101C8000012E0146D8D16B6881EA0302636C5B4286
:101C90001A42D1D002B0BDE8F08100BF94150020F7
:101CA0002DE9F041036B9046826B07689A4288BF2A
:101CB0008363426C436A90B002FB0377C36B0E46AA
:101CC000052201A95B6904463846984701A81DF022
:101CD00098FD01280146307057D0656CE26B23688F
:101CE000606AD2F814C005FB0030052206A9E0475F
:101CF00006A81DF086FD01284FF0000523D0D4E989
:101D00000A3201219342CDE90B458DF834800E95BE
:101D10008DF83C102AD1194620461DF0E8F9236BB6
:101D2000626C14339B1AE06223630C9B53B99DF8D9
:101D30003C303BB1626A616C2368E06B01FB0231AD
:101D40001DF017FD0C9DE36B05225B6901A9384668
:101D5000984701A81DF055FD30702846236BA26BF3
:101D60009A4288BFA36310B0BDE8F081237C33B9E9
:101D70001C490BAA04F1080001F064F8D5E72046DD
:101D8000194A0BABFFF750FFCFE7237C23BB22465A
:101D9000164904F1080001F055F8616A20461DF06B
:101DA0003AF9616A421C20461DF003F9054620B944
:101DB000236B626C1344143B23632046A16A1DF01D
:101DC00096F92368A062C01A636CB0FBF3F06062FE
:101DD00020461DF0CFF9B6E700232046044AFFF75E
:101DE00023FFDAE7152500089124000875F20108A1
:101DF00011F2010873B50D46D11E4A421C461B7EE6
:101E00004A419A4226D129682368994222D36368BD
:101E100099421FD8114E0DF107033246FFF75AFEC3
:101E2000C0B972686B689A4214D19DF80730DA1E07
:101E300053425341227E93420CD163690133636163
:101E4000D4E90323934205D22968A26842F82310FB
:101E500001332361012002B070BD00BFEC150020EA
:101E60002DE9F04F9A468BB09DF85030DFF850B115
:101E70000293DBF81030804653450D461646C0F0FD
:101E80009980D146DBF804300193B9F1000F00F0DE
:101E90008D80D8F83C3001225B6907A901989847EA
:101EA00007A81DF020FCDBF80030984240F0858048
:101EB00007A81DF024FC0428074614D107A81DF02C
:101EC00025FC019B029A04463B44002A3FD18642EE
:101ED00012D91446361A404601991DF008F9A9EBAB
:101EE00004090190D1E7D8F83C3002225B690198DF
:101EF00008A9984708A8E2E7841B544528BF544620
:101F0000032C03EB0607AAEB040A4FEA94021CD940
:101F1000D8F83C30294638465B69984724F00303DB
:101F200004F003061F441D44002ED4D0D8F83C30E2
:101F300001225B6908A9384698473246284608A915
:101F4000354427F06EF80026C5E72646ECE707463D
:101F500000F00302039203442A1804920593049BA1
:101F6000DD1B059BD81B039B9F420FD1002FB2D0D6
:101F7000D8F83C30012208A95B6998473A462846C0
:101F800008A927F01CF878B93D44A4E7D8F83C30FC
:101F9000012208A95B6998470422284608A927F06E
:101FA0000EF808B9043FDAE74FF0360948460BB09F
:101FB000BDE8F08F4FF06309F8E74FF06F09F5E7E0
:101FC000181600202DE9F0410F46164698460446A3
:101FD00088B060B390F83450FDB101211CF0BFFF10
:101FE00000210E9BCDE90511CDE902379DF83C306B
:101FF000CDF804808DF81C30237C04968BB90D49F4
:1020000001AA04F1080000F01DFFDDE90553E06BB3
:10201000002E08BF1D461DF03BF9284608B0BDE85C
:10202000F0812046044A01ABFFF7FEFDEDE70546CF
:10203000F3E700BF3FF20108F51D00082DE9F04F5E
:1020400099B00F4609920A69416C0E931439D31D59
:10205000B3FBF1F3013302EBC302036B044693427B
:10206000C0F0B3810023DFF824940D93E36A48465F
:102070001946079300F06AFFD7E9033604930E9BD5
:10208000022B4ED1CC2E40F08A81099B002B42D0EE
:10209000394620461DF05AF9656C079A6B1E1340AD
:1020A0001490ED1AE36B01225B6916A978689847D2
:1020B00016A81DF01CFB00280CBF04230823782E53
:1020C00006933DD9012300254FF0080A05933B688C
:1020D00005990E98C9F80030C9F810601DF029FB69
:1020E0004FEA9A0310930023DDF81CB089F814001E
:1020F0000B930F9308930C93616C4A1E0BEA020238
:102100008B1A002E38D05544AB4240D8236B5B1A53
:1021100013442363ABE0049B1B68149308230693CA
:10212000D0E7656C079A6B1E1340782EA5EB03056C
:1021300016D8FB7D7BB9099B002BB3D104230693F2
:10214000331DAB4210D9A6B1082DBBD804250023FE
:10215000AA460593BBE7099B002BA3D10823EEE712
:10216000099B002B9ED1D9E7002505954FF0040A65
:10217000ADE704250596F9E75345C7D3B0460BEB09
:102180000A030393089B002B18BF032313E0A3EB60
:102190000A039E42B0460BEB0A0228BF98469E42B5
:1021A0000392EFD90123D9F8102089F8173096420D
:1021B00071D1C9F804B0089399F81730002B6CD08E
:1021C00099F818200899D31C09EBC3030132C3F80E
:1021D00004B0A3F80880997289F81820B8F1000FAC
:1021E00014D00E9B022B5BD10B9B7BB90F9B4344FE
:1021F000032B0BD9E36B01229B69039814A9984721
:102200000546002840F0E38001230B93089B16A8A5
:102210000193059B009399F814204346396800F018
:102220004BFEE36B58469B69109A16A99847051E0A
:102230000D9B18BF5B4652460D93594643462046B8
:102240001CF082FF236B08F10302A3EB0A0322F0C8
:1022500003029B1AC9F808002363002D40F0B780E1
:102260000F9BDDF80CB04344A6EB08060F935946CC
:1022700020461CF03CFF00258346002E7FF43CAF37
:10228000824A3968936804F10800E36252680E9B41
:1022900000F08AFD84E002238DE7C9F804B09DE7D1
:1022A000099B002B30D1049BB8F1030F43440A93E0
:1022B00027D9DDE90301E36B4FEA98029B69984750
:1022C0000546002865D118F003025FD0049B28F072
:1022D00003052B440493039B1D444FF0FF330499E3
:1022E00015A8159326F09DFEE36B28469B690122F5
:1022F00015A9984705460A9B0493002D86D0039B99
:1023000099E74246039DE8E7039B0A9307F1200300
:102310001193FB7D78689BB100233D7E0C9AD9B266
:102320008D4211D9119903F1010C31F8331091420A
:1023300026D9069907EBC303D8690A44104403E081
:102340000C9B069A13441844E36B01225B6915A9A0
:102350009847159B012213930C9B0A9804330C9306
:10236000E36B13A99B699847039B0A9A43449B1A02
:10237000042B054607D978B9134604330A93C8E7F6
:102380006346521ACBE70A9B0393B6E70A9B049372
:102390003CE70A9B0493B2E70A9B0393AFE77026DE
:1023A000304619B0BDE8F08F4FF0000A4FE03A69AF
:1023B000616CD31D1439B3FBF1F3013302EBC3029B
:1023C000236B9342BFF452AE5DE01C26E8E73D2D3F
:1023D00059D104F1080303932368079A606CA2EBB8
:1023E000030ABAFBF0FA00FB0A301DF03AFAE16A80
:1023F000804620461CF07BFEA26A8242D7D0626CE7
:10240000D9F80830511E0B40216B2668891A0B44FD
:1024100023630D9BE0629E1BB6FBF2F6B245C3D16F
:10242000079BB3EB080A12D0E36B4FEA9A024146CE
:102430009B6998478346E36A079A5344E362236B98
:1024400003989B1A434423631DF05FF8DA46236820
:10245000616CE06B01FB06311DF078F920461CF041
:1024600089FD20461CF086FE2063BAF1000F9ED045
:102470003A69616CD31D1439B3FBF1F3013302EBFC
:10248000C3029042A8D22E468AE700BFC0150020A2
:10249000032A2DE9F34106460D4617461C4606D190
:1024A000237A012B23D0012002B0BDE8F081DFF8B0
:1024B0006080096842460DF10703FFF70BFB60607F
:1024C0000028EDD19DF80720237A032AE8D0D8F818
:1024D00004106A689142E3D1012B2969D4F80CC039
:1024E00007D172690CEB0103934202D92074207C5E
:1024F000DAE708316144E1603B4601222946304673
:10250000FFF79CFD60600028CAD00020CCE700BF28
:10251000EC1500202DE9F341089C032A1746266894
:1025200006D1237A012B24D0012002B0BDE8F0812E
:10253000DFF89080304642460DF10703FFF7CAFAF4
:1025400060600028EDD12568D8F80400A96AD5F8A4
:1025500044C04840CCF100031840227AE1D1012A5E
:1025600009D1E268D8F8103013447269934202D955
:102570002074207CD9E72868EB6A1B1A081AB3FB81
:10258000FCF3B0FBFCF083420BD1706CF36A421E8B
:102590001340326B121A1344284633631CF0A7FD14
:1025A000E862D8F81020E36808321344E36001229F
:1025B0003B4604492068FFF741FD60600028B0D029
:1025C0000020B2E7EC1500202DE9F04F4FF0FF336B
:1025D0004FF6FF720025044600F10806C0E9092302
:1025E0008BB0C3620562056330460F461CF08DFF59
:1025F00020461CF0BFFC20BB204639461CF03AFDAB
:1026000020461CF0B7FC20BB5E200BB0BDE8F08F6D
:10261000E26B2368606CD2F814C000FB0530052221
:1026200005A9E04705A81DF0ECF8012828D12946A6
:1026300020461CF0F0FC421C294620461CF0B9FC48
:102640000135E3699D42E3D320461CF093FC00284A
:10265000D2D000254FF0FF394FF6FF73CA46A84687
:10266000C4E90853E369984514D3A5EB0905012D86
:1026700036D84FF6FF72636A934246D16720C4E7AB
:102680001DF0E9F80028DBD0294620461CF0C3FCE9
:102690000246D1E72368E26B606C576900FB0830A3
:1026A000052205A9B84705A81DF0ABF8834605A883
:1026B0001DF07EF8074658461DF0C8F868B157452A
:1026C00038BFC4F82480B94528BFB946BD4238BFD9
:1026D0003D46BA46236A0133236208F10108C1E787
:1026E0004FF6FF7300256362E3699D42C1D2676CB8
:1026F0002068E36B052207FB05005B6905A9984785
:1027000005A81DF055F80135EEE7E26B676C20680F
:10271000694607FB030055690522A84768461DF076
:1027200047F8626A2368606C504D00FB02301DF070
:1027300098F84FF0FF33A062E3622A466FF0010180
:10274000204605ABFFF7C6F900284FD1AD682946F2
:102750002046E5621CF0EAFB206320B92046E16ACE
:102760001CF0C5FCE062294620461CF0C0FC054672
:10277000A36A9D423CD16569626CE91C143AB1FBC5
:10278000F2F14FF0000805EBC1050335B5FBF2F59A
:10279000C1460235E36999453CD3A8455AD2204643
:1027A000616A1CF017FC0027064604F1400AB84590
:1027B00012D8626C2368694602FB0639E36B052276
:1027C0005B694846984768461CF0F2FF534602464C
:1027D0004946E06B1DF047F8314620461CF0FAFBF5
:1027E0000137AF420646E2D364200EE7A56AAEE7A2
:1027F000294620461CF09AFB236B294603440746D2
:10280000236320461CF073FC0546002FB0D1C4E9B9
:102810000B07ADE7636C2768052203FB0977E36BC1
:1028200005A95B693846984705A81CF0EAFF1DF02A
:102830000DF860B138461DF014F8014620461CF032
:1028400075FB636C143B984208BF08F1010809F15D
:1028500001099FE730461CF058FE00232046194628
:10286000034AFFF7E1F90020CFE600BFEC15002096
:10287000DBF101082DE9F0410025634B0E46D3F84A
:10288000008004461D6018B921252846BDE8F08166
:1028900090F8347007B30A6803689A4240F0AA803F
:1028A0004A6843689A4240F0A5808A6883689A42E1
:1028B00040F0A080CA68C3689A4240F09B800A69D1
:1028C00043699A4240F096808A69C36B9A4240F00D
:1028D00091804B698361D8E768223946856B26F081
:1028E00098FBD6E90212336804F10800236073688C
:1028F000A5636360336963617369A3611CF017FEAC
:10290000B36904F14000E3639B68984720B9676CA2
:1029100017B16368B3FBF7F794F84330E761002B16
:10292000B2D00023656C2366002D6BD0002F69D0D8
:102930002368B3FBF5F205FB1233002B5CD167680B
:10294000B7FBF5F605FB1676002E55D120461CF098
:10295000DDFAA369043303449F424FD340F6347237
:102960006369CC3B93424BD8B5F5805F4AD30321D2
:1029700020461CF0F4FAD4E90001E36B1B68984789
:102980000546E36B0220DB6898472DB184F834607C
:10299000E06B1CF07DFC78E741462046FFF714FE13
:1029A0006428054604D141462046FFF70DFE054642
:1029B000636C143BD5B9226A204602FB03F61CF077
:1029C000A5FAA369043303449E4203D284F8345029
:1029D0005A25DDE70123D4E900010C4A84F834309C
:1029E0001368013313601CF03CFED1E7002384F828
:1029F0003430CDE75D2548E7592546E75A2544E7B9
:102A00005F2542E75B2540E7500F00204C0F002078
:102A10002DE9FF410C4616461F46054680B390F847
:102A200034307BB3B1F5801F2ED2DFF860800121F6
:102A30001CF095FA2146424628460DF10F03FFF798
:102A400049F8044670B99DF80F30012B11D1D8F820
:102A50001030BB4212D10246009031462846FFF7A3
:102A6000FFF90446E86B1CF013FC204604B0BDE8F7
:102A7000F081022B14BF2D246024F3E76324F1E7D7
:102A80002124F2E71124F0E72924EEE718160020AC
:102A90002DE9F04385B00C4617461E460546DDF885
:102AA000308098B390F8343093B3B1F5801F31D2B1
:102AB000DFF8649001211CF052FA21464A4628466C
:102AC0000DF10F03FFF706F8044688B99DF80F30A3
:102AD000012B14D1D9F8102006EB08039A4213D326
:102AE00000904346324639462846FFF7B9F9044676
:102AF000E86B1CF0CDFB204605B0BDE8F083022B4F
:102B000014BF2D246024F3E76324F1E72124F2E7C6
:102B10001124F0E72924EEE7181600202DE9F341EF
:102B20001F4600230C46164605463B6050B390F8FE
:102B300034304BB3B1F5801F28D2DFF85480012127
:102B40001CF00DFA2146424628460DF10703FEF718
:102B5000C1FF0446A0B99DF80730032B10D0022B0B
:102B60000AD10123336004233B60E86B1CF090FB27
:102B7000204602B0BDE8F081D8F810303060F3E7AD
:102B80002D24F2E72124F3E71124F1E72924EFE7CC
:102B90001816002073B50446056B1CF0B7F9636E78
:102BA00003449D428CBF00230123854294BF00252E
:102BB0002D1A207C84F85030656584F85800A8B13F
:102BC00000230C4E1A461946204600961CF08BFC3A
:102BD000002305461A461946204600961CF08CFC38
:102BE000E3682844984294BF0020C01AE06502B010
:102BF00070BD00BFFFFF0F002DE9F3471E4643697C
:102C00000446B342884617469DF828904ED30025C7
:102C10008DF8075020461CF079F9D4F830A0824591
:102C20000AD2236AB5EB430F06D2002220460DF1EB
:102C30000701FFF735F8B8B39DF80730012B05D130
:102C4000002220460DF10701FFF72AF8B9F1030F22
:102C500006D0314620461CF044F9256B854227D327
:102C6000144D4FF0FF31284600F070F94B462946CD
:102C700000222046C5E90376C5F80080FFF7DEF99B
:102C8000236E054663B12046FFF784FF94F8503069
:102C900013B994F858301BB1236E04F150009847D3
:102CA000284602B0BDE8F0870135B3E76225F7E7B3
:102CB0001C25F5E7EC1500202DE9FF410F46904655
:102CC0001E46054698B390F8343093B3B1F5801F93
:102CD00031D21A4C02211CF042F9224639462846CC
:102CE0000DF10F03FEF7F6FE024678B101234246CE
:102CF0000093394633462846FFF77EFF0446E86BCB
:102D00001CF0C6FA204604B0BDE8F0819DF80F30F3
:102D1000012BEBD12169B142E8D100934146334602
:102D20002846FFF79DF804460028DFD1E7E7212475
:102D3000E8E71124E6E72924E4E700BF181600209D
:102D400030B50C46054685B028B390F8343023B32F
:102D5000B1F5801F23D202211CF001F90DF10F0300
:102D6000214628460F4AFEF7B5FE034688B99DF86E
:102D70000F20032A0DD00322214600920246284646
:102D8000FFF73AFF0446E86B1CF082FA204605B0D4
:102D900030BD2D24F7E72124F8E71124F6E7292494
:102DA000F4E700BF181600202DE9F043466886B30B
:102DB000056898464FF0000CA946AE4655F83C40D1
:102DC0000CF1010CC4F31307013401D0B94217D040
:102DD00066450EF1080EF1D12F46002403E0A6420D
:102DE00007F1080712D055F8343001340133F6D119
:102DF000C1F3130141EA0851C7E90012BDE8F083AD
:102E000041EA0851CEE90012BDE8F083B8F1030FA2
:102E100003D101230372BDE8F083002303E09E4247
:102E200009F10809F5D055F833400133C4F30754CC
:102E3000032CF4D1C1F3130343EA0853C9E9003268
:102E4000BDE8F0832DE9F0410646406882B0C0B18C
:102E50000F4690460024336853F8345003EBC40304
:102E6000C5F30752C5F31301013504F1010406D07F
:102E70005B683046CDF80080B84710B17068844276
:102E8000E9D302B0BDE8F081024B1968024B186823
:102E9000FFF7F0BC602E0020802E002008B529F03E
:102EA0007BFD014B186008BD44160020014B1868DB
:102EB00029F06DBD4416002073B504462248012A4E
:102EC00000EAC1119DF8185023F07C4007D9961EE6
:102ED000012E28D9073303F07F03194308E09DF83A
:102EE0001C300A43DB0603F0C053134343F0604138
:102EF0000023C4E900108DF80730B5B12022214627
:102F00000DF107001CF0C9FC1A220DF10700211D6C
:102F10001CF0C3FC082063689DF8072043EA826325
:102F2000636002B070BD1143E2E71B220DF10700A0
:102F300021461CF0B2FC23689DF80720042043EAD8
:102F4000C2632360EDE700BF80FFFF0738B5094B80
:102F50000D461A680021044626F05BF800234FF066
:102F6000FF322383C4E900252361A260E382A376B4
:102F700038BD00BF30D502080138C0B205289ABF5D
:102F8000014B185C0120704735D502082DE9F0414E
:102F90000746154600240E46596888B0490A01299B
:102FA00022464FEA510104F10104F8D8DC789978FF
:102FB00024031B88C90201F4006104F480540C430B
:102FC000C3F30A035203234492B24FF000089C1843
:102FD000274B6FEA0444039325F07843ED4302A99D
:102FE0000DF107001B2202938DF807801CF055FCA1
:102FF0009DF80720029B02A943EAC2630DF1070076
:103000001B2225F07845049302958DF807801CF06B
:1030100044FC9DF80720029B6FEA144443EAC26314
:1030200005934FF0FF330794069307A9BB6901226C
:1030300006F110009847BB6905A90446012206F174
:1030400008009847BB69404518BF044604A90122FF
:10305000301D98470122404518BF0446BB693046E1
:1030600003A99847404508BF204608B0BDE8F08155
:1030700001009AB2044BD3F88420D206FBD4D3F8D3
:103080008400C0F3811070470040005038B5174BE2
:103090000546D3F828310C4603F00703013B052B06
:1030A00020D8DFE803F003131B0F0B1728F0C2FA38
:1030B000052305B1286004B1236038BD28F0BAFAB1
:1030C0000623F6E728F000FB0723F2E728F0F2FAE0
:1030D0000323EEE728F0EEFA0423EAE728F0E6FA05
:1030E0000223E6E700231846E3E700BF0080005014
:1030F000002337B50193164B0546D3F820320C4612
:1031000003F00703042B21D8DFE803F0030B1116AB
:103110001B0001230DB1019A2A6004B1236003B0A2
:1031200030BD002101A8FFF7B1FF1223F2E728F01C
:10313000CBFA07230190EDE729F023FC0A23019045
:10314000E8E728F009FB09230190E3E70023E1E722
:103150000080005038B5104B0546D3F880300C463F
:1031600003F00303022B0BD0032B0DD0012B0FD147
:1031700028F066FA0E2305B1286004B1236038BD3B
:1031800028F0A2FA0723F6E728F054FA0623F2E71C
:1031900000231846EFE700BF0080005038B5104B01
:1031A0000546D3F800310C4603F00303022B0BD085
:1031B000032B0DD0012B0FD128F07CFA032305B18E
:1031C000286004B1236038BD28F0C6FA0923F6E769
:1031D00028F076FA0823F2E701230020EFE700BF8A
:1031E0000080005038B5184B0546D3F820010C4636
:1031F00000F00700062823D8DFE800F0040A0E16C6
:10320000121A1E00012305B1286004B1236038BDE5
:1032100028F010FA0523F6E728F04CFA0323F2E72A
:1032200028F052FA0723EEE728F040FA0223EAE7F3
:1032300028F000FA0623E6E728F03CFA0423E2E748
:1032400000231846DFE700BF0080005038B5104B60
:103250000546D3F840310C4603F00303022B0BD094
:10326000032B0DD0012B0FD129F08BFB0A2305B1C5
:10327000286004B1236038BD28F06EFA0923F6E710
:1032800029F082FB0C23F2E701230020EFE700BFC7
:1032900000800050002337B50193164B0546D3F844
:1032A00060320C4603F00703013B032B1FD8DFE815
:1032B00003F0020E1914002101A8FFF793FF102359
:1032C0000DB1019A2A6004B1236003B030BD002122
:1032D00001A8FFF7BBFF1123F2E728F0F5F9072358
:1032E0000190EDE728F0E2F902230190E8E70023DE
:1032F000E6E700BF00800050002337B50193164B6E
:103300000546D3F894320C4603F00703013B032B28
:103310001FD8DFE803F0020E1914002101A8FFF7FF
:1033200061FF10230DB1019A2A6004B1236003B03C
:1033300030BD002101A8FFF789FF1123F2E728F033
:10334000C3F907230190EDE728F0B0F902230190BB
:10335000E8E70023E6E700BF0080005038B5104BD7
:103360000546D3F860310C4603F00303022B0BD063
:10337000032B0DD0012B0FD129F003FB0A2305B13C
:10338000286004B1236038BD28F0E6F90923F6E788
:1033900029F0FAFA0C23F2E701230020EFE700BF3F
:1033A000008000502E4B98424AD022D82D4B984294
:1033B00040D014D82C4B984239D00AD82B4B984285
:1033C00032D02B4B98422FD02A4B98422CD0002041
:1033D0007047294B9842FAD1284B186F7047284BF9
:1033E00098422AD0274B9842F1D1244BD3F8800041
:1033F0007047254B98422BD009D8244B984223D0B4
:10340000234B9842E3D11D4BD3F88C007047214BDE
:10341000984221D003F5740303F510539842D6D196
:10342000164BD3F898007047144B986D7047134BA8
:10343000586E7047114B586F7047104B986F70471C
:103440000E4BD3F8840070470C4BD3F888007047BC
:103450000A4BD3F890007047084BD3F8940070479C
:103460000048E8010024F400C0CF6A0080841E00F8
:1034700000093D0040420F00405DC6000080E00FA3
:10348000C0EA210180BA8C01007E560380D5430238
:10349000006CDC020090D00373B50D460021114B87
:1034A0000191D3F88041064604F00304022C13D0A6
:1034B000032C0CD0012C13D101A8FFF793FE10248C
:1034C0000EB1019B336005B12C6002B070BD28F0D5
:1034D000FBF807240190F3E728F0E8F80190EFE704
:1034E0000C46EDE70080005038B5104B0546D3F888
:1034F00040320C4603F00303022B0BD0032B0DD0FC
:10350000012B0FD129F03DFA0A2305B1286004B13F
:10351000236038BD28F020F90923F6E729F034FAB2
:103520000C23F2E701230020EFE700BF00800050EA
:1035300038B5144B0546D3F800020C4600F00700DE
:1035400004281BD8DFE800F003090D111500012342
:1035500005B1286004B1236038BD29F012FA0A23AE
:10356000F6E728F0F9F80923F2E729F00DFA0C2321
:10357000EEE728F085F80F23800AE9E700231846D4
:10358000E6E700BF0080005038B5144B0546D3F87D
:1035900008020C4600F0070004281BD8DFE800F002
:1035A00003090D111500012305B1286004B1236042
:1035B00038BD29F0E6F90A23F6E728F0CDF809230B
:1035C000F2E729F0E1F90C23EEE728F059F80F2390
:1035D000800AE9E700231846E6E700BF00800050B4
:1035E000B0F5207F1FD009D8B0F5007F15D003D8E3
:1035F00068B1B0F5C07F0AD000200CE0B0F5607F64
:10360000FAD10B4BD3F88000C0F3011003E0084B54
:10361000186FC0F3033001307047054BD3F89000AA
:10362000C0F30460F7E7024B186FC0F38020F2E7A5
:103630000080005002464FF48030104B10B5986661
:103640000020FFF7CDFF504341F671320C4BDC698F
:10365000DA635A6804F4803422F4401259B90949F3
:10366000884294BF00200120000502435A600CB13B
:103670000022DA6310BD0449F2E700BF0090005059
:1036800000000350005A6202002D3101430905D0A9
:10369000012B0CD0022B084B18BF002300F01F0099
:1036A00039B103F58053012282401A607047034B01
:1036B000F4E703F50053F6E768800050648000509B
:1036C0001FB50021B0F5807F0446CDE9001100F060
:1036D000D2803AD85E2833D85E2833D8DFE800F0AD
:1036E00045323232323232323232323232323232A7
:1036F00032323232323232323232323232323232AA
:1037000045AC45ACBCBCBCBCBCACC64E6BDC4EAC2A
:10371000ACAC3232323232323232ACACAC7EE6ACAD
:1037200032323232323232323232323232BC4545C9
:1037300045E14E4EEB8D63C132323232329E45004E
:10374000802870D0009804B010BDB0F5D06F00F0A4
:10375000A38035D8B0F5607F79D01AD8B0F5007F56
:1037600065D005D8B0F5C07FECD127F089FF5CE0CB
:10377000B0F5207F60D0B0F5407FE3D127F080FF27
:1037800002464FF42070FFF72BFFB2FBF0F2520815
:103790005BE0B0F5B06F69D00AD8B0F5806F5BD050
:1037A000B0F5A06FCED100216846FFF7A1FCC9E7B4
:1037B000B0F5C06FC6D100216846FFF747FDC1E7ED
:1037C000B0F5106F6DD00ED8B0F5086F78D0B9D8BD
:1037D000B0F5E06F6AD0B0F5F06FB3D10021684664
:1037E000FFF7BCFDAEE7B0F5406F3AD013D8B0F5A7
:1037F000206F60D0B0F5286FA4D10021324B039127
:10380000D3F8703203F00303012B02D103A8FFF7B2
:103810001DFD039B39E0B0F5486F93D10021684648
:10382000FFF76AFD8EE727F00BFF00908AE727F08D
:1038300007FF0246204604E027F022FF02464FF42D
:103840002070FFF7CDFEB2FBF0F200927AE701A8FC
:10385000FFF780FC019AEDE700216846FFF7C2FC04
:1038600070E700216846FFF711FC6BE7002168460E
:10387000FFF712FE66E74FF0E02302911B695B073A
:1038800005D527F0FDFE0290029B00935AE703A99D
:1038900002A8FFF7DBFCF7E700216846FFF748FEC8
:1038A00050E700216846FFF76FFE4BE700216846AE
:1038B000FFF71AFE46E700216846FFF7EBFC41E7F9
:1038C0006846FFF76BFC3DE70080005008B580209C
:1038D000FFF7F6FE034B98429EBF4FF48032024B37
:1038E0001A6708BD005A620200A000501FB50346C7
:1038F0000020B3F5807F019000F0C58065D85D2B76
:1039000056D84C2B07D82D2B48D8232B2CD80198D0
:1039100005B05DF804FB4D3B102BF8D801A252F81E
:1039200023F000BF7D3A00080F3900080F39000866
:103930000F3900082B3A00080F3900080F3900082A
:10394000D73A0008493A0008EF390008CD3A000894
:103950000F3900080F3900080F3900080F39000827
:103960000F390008E13A0008243B092BCFD801A207
:1039700052F823F07D3A00087D3A00087D3A0008AD
:103980007D3A00087D3A00080F390008733A0008B4
:103990000F3900080B3A0008B33A00083D2B00F03D
:1039A00083803E2BB3D1002001A9FFF79DFDAEE738
:1039B000802BACD1504B1B6F03F00703013B032B53
:1039C000A5D8DFE803F0544D5052B3F5F06F6BD03B
:1039D00020D8B3F5B06F4CD00ED8B3F5607F71D05E
:1039E00095D3B3F5806F49D0B3F5A06F8FD1002088
:1039F00001A9FFF77DFB8AE7B3F5D06F59D0B3F586
:103A0000E06FD0D0B3F5C06F81D1002001A9FFF7DE
:103A10001DFC7CE7B3F5206F5DD00BD8B3F5086FC4
:103A20004CD0B3F5106F7FF472AF002001A9FFF7FF
:103A3000ABFD6CE7B3F5406F48D0B3F5486F4FD09E
:103A4000B3F5286F7FF463AF2B4BD3F8703203F0DC
:103A50000303012B49D0022B0CBF1523002300E0E8
:103A60000523019353E70323FBE70823F9E7022328
:103A7000F7E7002001A9FFF70FFD48E7002001A9A3
:103A8000FFF7B0FB43E74FF0E02302901B695B07B1
:103A900005D527F0F5FD0D230393039BE1E703A96B
:103AA00002A8FFF7D3FBF8E7002001A9FFF756FCB7
:103AB0002DE7002001A9FFF73BFD28E701A9FFF74B
:103AC0006DFB24E701A9FFF745FB20E7002001A9D2
:103AD000FFF7DCFA1BE7002001A9FFF7DBFB16E785
:103AE000002001A9FFF708FC11E7002103A8FFF758
:103AF000ADFB1123B5E700BF008000504FF48032CA
:103B0000074B0849586E03F580535A664B6A23F0F9
:103B100001034B62C3035CBF034B5A66704700BF8F
:103B20000080005000C0075000A0005008B5FFF70B
:103B3000DDFE092811D00A38012802D94FF6FF709E
:103B400008BD4FF48002064B5A6603F5D8335B6A12
:103B5000DB07F3D54FF4FA70F2E7024B1888EFE772
:103B600000900050E230002008B5FFF7BFFE0328A8
:103B70000ABF024B4FF6FF70188808BDE0300020E6
:103B800038B504468020FFF7B1FE032800F083809B
:103B90004FF48012524B4FF0A0615A6645F60E0268
:103BA000504BC3F88020504A91624FF4803102F5A7
:103BB000805291629A6DD203FCD4996D11F08041CC
:103BC000FBD1D4E90002120542EA0062E07B024325
:103BD000207B42EA0042607B42EA0032A07B42EA5C
:103BE00080121A619869D4E90452120642EA856289
:103BF00000F000400243A07EE57E0243207E42EAC0
:103C00000042607E42EA00229A611A6AE06922F06C
:103C10000F0242EA8502354D00283DD11A6294F820
:103C20002420996A94F82000D200294042EA4012E8
:103C30000A4394F8211042EA011242F480329A6257
:103C40002B49284A936D31EA0303FBD14FF0807171
:103C5000254881621369A56823F4700343EA05537C
:103C600013614FF00043836194F822300BB9214B6C
:103C7000996294F823303BB94FF480321D4B9A621D
:103C8000184A936D5B00FCD494F825301BB1154B9A
:103C9000194AC3F8802038BD024342F008020228C6
:103CA0001A6208D119614FF40852996113484FF410
:103CB0007F411BF010FE0B4994F822308A6A94F879
:103CC00020001B062A4043EA4013134394F82420A3
:103CD00043EAC20394F8232043EA02438B62D3E70A
:103CE000009000500040005A0050005AC7FFFEFEEE
:103CF000030001000060005AF1A7FFFF3440005AA2
:103D0000014B93F900007047FB300020F0B5D0E97B
:103D100001434FF400061A4A4178057856664FF47D
:103D2000D156022702F5B8325662164E4F297760F7
:103D30004FF0010728BF4F2106F5805677601669BE
:103D4000F603FCD441EA052151611B01417B43EAA2
:103D500004230B43017B43EA41039360C37B817BD4
:103D60001B0143EA4113417C0B43017C43EA4103BD
:103D70005360837C13B16FF4D1535362F0BD00BF25
:103D80000090005000100250014B1880704700BF97
:103D9000E2300020014B1880704700BFE030002067
:103DA0004FF4800208B5184B5A660223174A536035
:103DB000936813F48033FBD1012822D127F07AFCD9
:103DC000134B984215D003F5122303F5F86398427C
:103DD00013D0104B00EB8002400AB3FBF0F3520A01
:103DE0000A49CA620B6301234B620022074B5A60E7
:103DF00008BD45F67A13084AF2E745F61A03074A62
:103E0000EEE75362F1E700BF00900050004002501F
:103E100000F0490264666666D8B80500BBCF0500AD
:103E2000B0F5207F10B50C465DD008D8B0F5007F06
:103E30004ED003D8C0B1B0F5C07F15D010BDB0F5DD
:103E4000607FFBD12C4B4C1ED3F8FC202B4912F089
:103E5000807F4FEA041427D1D1F8803023F030035B
:103E60002343C1F88030E9E71BF044FD1BF050FD0F
:103E70004FF48031224B214A1967136F013C23F420
:103E8000704343EA0433136727F0FAFB0446FFF755
:103E9000F1F8C0F1020120461BF034FD00F04AF8B1
:103EA000BDE81040FFF712BDD3F8FC2022F080726D
:103EB000C3F8FC20D1F8802022F030022243C1F860
:103EC0008020D3F8FC2042F08072C3F8FC20B5E7D4
:103ED0000A4A4C1ED2F8903023F0F85343EA0463A8
:103EE000C2F89030AAE7054A4C1E136F23F4806392
:103EF00043EA84231367A1E700ED00E0008000504F
:103F00000090005008B50121022000F0C7FB4FF4DB
:103F10002070FFF765FB054B18701BF0EBFC1BF0E6
:103F2000F7FC4FF48032024B1A6708BD7F2B00204C
:103F30000090005008B54FF4C070FFF7C1FBBDE81A
:103F400008400449884294BF012102214FF42070A7
:103F5000FFF766BF80F0FA0238B5044627F090FB01
:103F60000546FFF787F8C0F1020128461BF0CAFC9E
:103F70000121002000F0D2FB2CB1FFF7DBFFBDE8F0
:103F80003840FFF7A3BC034B4FF420701978FFF7BC
:103F900047FFF4E77F2B0020B0F5807FF8B50C4693
:103FA00000F053816BD85D285DD84C2804D82D28AB
:103FB00044D8232828D8F8BD4D381028FBD801A3B1
:103FC00053F820F02B420008B73F0008B73F000825
:103FD000B73F00081B410008B73F0008B73F000883
:103FE000E143000853410008AB400008C14300080A
:103FF000B73F0008B73F0008B73F0008B73F0008C9
:10400000B73F00080144000824380928D3D801A389
:1040100053F820F02B4200082B4200082B420008E6
:104020002B4200082B420008B73F00080B42000853
:10403000B73F0008E1400008FB4200083D2800F0BF
:104040004C813E28B7D1093C032C8CBF0021B34BD7
:10405000B34A98BF195DD2F8403223F003030B43F3
:10406000C2F84032A7E78028A5D18B1E062B00F2AC
:10407000C980DFE803F0C4B2C77FC7C7C100B0F58D
:10408000F06F00F02A813BD8B0F5B06F00F0BD8032
:104090001BD8B0F5607F00F06D818CD3B0F5806FD8
:1040A00000F0C380B0F5A06F85D1073C0B2C8CBF0E
:1040B00000219C4B9A4A98BF195DD2F8203223F018
:1040C00007030B43C2F8203275E7B0F5D06F00F05C
:1040D0001481B0F5E06FB6D0B0F5C06F7FF46BAF70
:1040E000093C032C8CBF00218F4B8D4A98BF195D72
:1040F000D2F8403123F003030B43C2F840315AE7B2
:10410000B0F5206F00F06C8117D8B0F5086F00F0A3
:104110002181B0F5106F7FF44EAF093C062C8CBFA7
:104120000021824B7E4A98BF195DD2F8083223F0F5
:1041300007030B43C2F808323DE7B0F5406F00F0CB
:104140003F81B0F5486F00F05B81B0F5286F7FF4D8
:1041500032AF112C00F06481A4F115035C425C4184
:1041600064006F4AD2F8703223F003032343C2F88D
:10417000703220E7002502264FF48037012102200B
:1041800000F08CFA1BF0B6FB1BF0C2FB684B644AD4
:104190001F67136F23F007033343136727F070FA89
:1041A0000646FEF767FFC0F1020130461BF0AAFB8E
:1041B0000121002000F0B2FAFFF7BCFEFFF786FBFA
:1041C000002D7FF4F8AE032C7FF4F5AE594B5A4A1C
:1041D0009F62936D5C00FCD4EDE64FF48012544B6B
:1041E0000E465A664FF48032534B9D6A03F5805356
:1041F000C5F300659A62BFE700250426BCE70025E9
:104200000126B9E700252E46B6E7023C0E2C8CBFEE
:1042100000214A4B424A98BF195DD2F8803123F001
:1042200003030B43C2F88031C5E6023C052C8CBF6A
:104230000021434B3A4A98BF195DD2F8203123F050
:1042400007030B43C2F82031B5E6A1F10904082C9D
:104250003FF6B1AE01A353F824F000BF814200083D
:1042600081420008B73F000881420008AF420008C1
:10427000B73F0008B73F0008B73F00088142000879
:104280004FF48032264B2F49586E03F580535A66FF
:104290004B6AC00343F001034B625CBF2A4B5A6672
:1042A0004FF0E022136923F00403136183E64FF417
:1042B00080321B4B2349586E03F580535A664B6A74
:1042C00023F001034B62C1035CBF1F4B5A664FF0E2
:1042D000E022136943F00403E7E7093C032C8CBF99
:1042E00000211A4B0E4A98BF195DD2F8603123F0B5
:1042F00003030B43C2F860315DE6093C062C8CBF1A
:104300000021134B064A98BF195DD2F8003223F002
:1043100007030B43C2F800324DE600BF6ED502081A
:10432000008000504BD502086ED5020867D5020800
:10433000009000500060005A0040005A78D50208F2
:1043400072D5020800C0075000A000506ED50208C8
:1043500067D50208CC1E062C8CBF0021314B324A97
:1043600098BF195DD2F8003123F003030B43C2F864
:10437000003120E62D49063CD1F8FC2012F0807275
:104380001EBFD1F8FC3023F08073C1F8FC30082C3C
:104390008CBF0020264B244998BF185DD1F880308F
:1043A00023F003030343C1F88030002A3FF403AE37
:1043B0001E4AD2F8FC3043F08073C2F8FC30FAE5B4
:1043C000023C052C8CBF00211A4B174A98BF195D7F
:1043D000D2F8283123F007030B43C2F82831EAE56D
:1043E000023C0F2C8CBF0021134B0F4A98BF195D64
:1043F000D2F8603223F007030B43C2F86032DAE5EB
:10440000023C0F2C8CBF00210C4B074A98BF195D52
:10441000D2F8943223F007030B43C2F89432CAE572
:1044200001249EE660D502080080005000ED00E007
:1044300057D5020872D502083BD502083BD50208C1
:104440004FF4C02270B50546FEF7ACFF314B044671
:104450005A6603F598335A68012A04D12E494A60F6
:104460005A689207FCD48020FFF740FA052807D14C
:104470001BF040FA1BF04CFA4FF48032254B1A67C0
:10448000264B24F040749D4230D0254B9D4230D0C5
:1044900027F0D0F88542064603D90121284600F0CE
:1044A0003DF9204BDA6812F0060FFBD199689C6049
:1044B0009A68624012F4F81F1ED12846FDF7DEF814
:1044C0008020FFF713FA05280DD127F0D9F804460C
:1044D000FEF7D0FDC0F1020120461BF013FAFFF7F2
:1044E00029FDFFF7F3F9AE420CD270BD44F0007421
:1044F000CEE744F08074CBE780209960FFF7F6F9AF
:10450000052805D0BDE870400121002000F006B963
:104510003546DAE70090005000E0015040420F00BD
:1045200080841E0000000150304B314A984251D027
:1045300020D8A3F5B703A3F55863984246D00DD809
:104540002C4B984231D02C4B984239D02B4B4FF406
:10455000002198421DD00023516622E0284B4FF4E1
:1045600000219842F7D1274BD3F8BC30516623F095
:10457000407316E0244B984230D0244B984231D0FF
:10458000234B4FF400219842E5D11E4BD3F8C8309D
:10459000ECE71C4BD3F8A030516623F0407343F096
:1045A00000734FF0B442936070474FF40021154BF5
:1045B000D3F8A030516623F0407343F08073F0E7E6
:1045C000104BD3F8A0304FF40021CFE70D4BD3F8B8
:1045D000B830F8E70B4BD3F8C030F4E7094BD3F809
:1045E000CC30F0E7074BD3F8D030ECE7C0EA21013C
:1045F0000090005080841E0000093D0040420F00E2
:104600000024F4000080E00F0048E801005A620234
:1046100080BA8C01024A536B0342FCD1704700BF41
:1046200000400950044A4178536F23F4407343EA31
:1046300001235367704700BF004000500E4A10B579
:104640001369044643F00403136127F005FE1BF0D1
:1046500064F90A4B5B6E5B0142BF094B094AC3F820
:10466000202430BF1BF05AF903F05CF81CB9BDE8F8
:10467000104027F005B810BD00ED00E000800050AC
:1046800000E003500000FF0F034A0179D36E23F0CE
:1046900030030B43D366704700400050F8B5044622
:1046A0001C4BD3F88420D106FBD4D3F88430C3F359
:1046B00081139C422CD026F0C3FF012C064602D168
:1046C00021461BF01FF928F067F94FF00072124BDA
:1046D00007465A6620461BF024F94FF480630D4DBF
:1046E000621E93402B676B6E9A0103D4D5F8843019
:1046F0009B060AD5384628F04AF9022C08D13046E4
:10470000BDE8F84000211BF0FDB8D5F88430EAE799
:10471000F8BD00BF004000500060005010B50C46CE
:1047200008B926F08DFF074B21461B783BB1064B9D
:10473000984204D80120BDE81040FFF7AFBF022027
:10474000F9E700BF802B0020005A62020278034B79
:10475000012100201A70FFF7E1BF00BF802B00206D
:104760004FF0004238B5244B244C5A664AF6CD33FC
:10477000656C014605F00105236428BB0120FFF7A5
:1047800049FF6368DB0715D51D4B586008461D4B74
:10479000226BD2070CD4984208D1072415B1174BCD
:1047A000194A1A6423F0DAFE204638BD0130EFE7DB
:1047B0009842F2D00024F1E70132236B13F0080392
:1047C00005D08A42F8D1E8E700220E49F5E78A428F
:1047D000E3D020210A4A91620121A2F58052516062
:1047E0000649084A886A800603D49342D5D001332B
:1047F000F8E79342DDE700BF009000500040095009
:104800000060095040420F003254FFFF4FF0004259
:1048100038B5164B01465A664AF6CD33144C154A44
:10482000656C236443780B205B0043F00103D36382
:10483000FFF7F0FE63688A7823F4F87343EA021303
:104840006360CA784B7943EA0223A3600A798B79C3
:1048500043EA022323610878FFF782FFEB0744BF96
:10486000054B236423F07AFE012038BD00900050F0
:1048700000400950004000503254FFFF4FF000420A
:10488000124B70B55D6E03F580535A664AF6CD3310
:1048900004460F4980204E6C0B64FFF7BBFE0B6A89
:1048A00023F00F030F2C94BF234343F00F030B623D
:1048B000F30744BF074B0B64002DA2BF4FF000422B
:1048C000054B5A6623F04AFE70BD00BF00800050C1
:1048D000004009503254FFFF00A000504FF000424A
:1048E000104B70B55D6E03F580535A664AF6CD33B2
:1048F00004460D4980204E6C0B64FFF78BFE0B6A5B
:1049000023F4F85343EA04230B62F30744BF074B35
:104910000B64002DA2BF4FF00042054B5A6623F0F6
:104920001DFE70BD00800050004009503254FFFF52
:1049300000A000502DE9F04105460F461E46904666
:104940004AB101233022194C8B4002FB004436B39C
:1049500004F5825423600F21072F05EB450388BF20
:10496000A7F108044FEA0313114895BFBC00A40047
:1049700004330C3308FA04F2A14018441AF0D2FFB1
:10498000B8F1000F09D101233021084ABB4001FBD7
:1049900005223EB102F582521360BDE8F08104F5B4
:1049A0000154D7E702F50152F6E700BF00C00350FB
:1049B00030C003504369DA01FCD4012300F50050F4
:1049C000024A436053689B07FCD47047004000597B
:1049D00070B504461546FFF7EDFF0B784A7803F0F3
:1049E000070343EAC203CA7843EA02238A78120122
:1049F00002F070021343C4F88030E26A0B7922F0AF
:104A0000170203F0070313434A79120102F0100260
:104A10001343E3621E4B2A469C4225D0012004F535
:104A2000805358601A4B00229C422AD08B79A26195
:104A300053BB70BD12F8023C12F8040C5B0443EA4D
:104A4000002312F8050C034312F8030C000400F4D1
:104A50008030034306F1280044F820300136102E40
:104A600002F10502E6D1D9E70026F8E703EB830659
:104A7000AE5D16B100FA03F632430133102BF5D1C7
:104A8000D4E713460435F9E70823E360D1E700BF14
:104A900000400059084608B569B92A20FEF710FE03
:104AA000B0B10C4B984206D90B4B9B68C3F3027311
:104AB0000133B0FBF3F0094B00F5742000F23F2006
:104AC000B0FBF3F001387F2828BF7F20C0B208BDBB
:104AD0000120F0E7005A62020040005940420F00F6
:104AE0000B4B10B5994228BF19460C461AB92A201B
:104AF000FEF7E6FD0246631E1344B3FBF4F0A34247
:104B000028BF00F1FF30032828BF0320C0B210BD2A
:104B1000005A620210B50C46FBB111491148012B35
:104B200008BF01468C4228BF0C461AB92A20FEF75E
:104B3000C7FD02469DF8083040F2FF300133B2FB5A
:104B4000F3F2631E1A44B2FBF4F3A24228BF03F14E
:104B5000FF33984228BF184610BD0349E2E700BF63
:104B6000404B4C00002D31018096980013B504464F
:104B700001A800F0D1FA042C8EBF0020024B33F8BC
:104B8000140002B010BD00BF88D502082DE9F04F17
:104B90002DED048B06468DB0DFF85CC306AF0C46E6
:104BA0001546BCE80F000FC79CE8030087E8030028
:104BB000C74F002239463046FFF792FF94F8058030
:104BC000804538BF80463046FFF7F4FE20795FFA13
:104BD00088F850B92A20FEF773FDB842014628BF75
:104BE000B0FBF8F13046FFF755FFE3784FEA087263
:104BF0001B0102F0E04203F030031343000422786B
:104C000000F4FE0003430AB143F0020362780AB1E4
:104C100043F00403A2780AB143F00803B360E388C9
:104C200022893361638943EA02433362A94B9E427E
:104C300000F01D82012306F5805673600DB0BDECB7
:104C4000048BBDE8F08FA44920E0D1F88041012B0E
:104C50004FEA144440F29680022B00F071813F012C
:104C600007F1B247C9F3090307F580477B600AF1F2
:104C7000010A1435BAF1020FDCD02B78AF68002B93
:104C8000E1D09649964A012B18BF1146914C00225B
:104C90002046CDF800800393FFF73CFF04EB0A1495
:104CA000A16C039B21F0435121F41D1121F44351C8
:104CB0001FFA87F921F03F0103F003070F436978DA
:104CC00081454FEA810101F01C0147EA0107A978FB
:104CD00038BF81464901C9B20F43E97828790903F1
:104CE00001F4E0413943070407F4E02739432F7CFE
:104CF0004FEA0A1B7F0507F4600739436F793F07C6
:104D000007F040573943A164A46C7649C4F30234D8
:104D1000013C0AF10507042C2BD80FF2080C5CF8B3
:104D200024F000BF734D0008734D00084B4C000881
:104D3000394D0008534D0008D1F88441012BA4B22D
:104D40008AD8002B40F09880D1F88C1109144900C2
:104D50001DE0D1F88441012B4FEA14443FF67CAFAB
:104D6000002B40F08C80D1F88C11091401EB41012B
:104D70000DE0D1F88041012BA4B23FF66DAFDFED1D
:104D8000637A08E0002B74D1D1F88C11091407EE76
:104D9000901AF8EEE77A22040BF1B24202F5804253
:104DA000926C24F4C041C2F3820C4FF001020CF16A
:104DB000010E02FA0EF209EE102A4FEA8141B8EE16
:104DC000C99AF6EE008A474A48BF41F00041BCF15B
:104DD000000F5AD1002B55D1D2F88C311BB207EEFF
:104DE000103AB8EEC77A37EE878A002840F09080F4
:104DF00005A8039100F090F9DFED3B7A68EE277A81
:104E00000399DFED3A6A86EE897ADFED396A27EE9B
:104E1000267AF1EE006AB1F1004F07EEA67A0BD0C8
:104E2000DFED347A06EE104A77EE276ABAEEE86ACA
:104E300056EE267AB0EE677AB5EEC07AF1EE10FA49
:104E4000CBBFB1EE477A78EEC78A37EE687AFDEECF
:104E5000E87AC8BFFDEEC77A17EE903AB3F5003F87
:104E600065DB6FEA51416FEA41411A4A3B01D1507B
:104E7000F5E6D1F8941189E7D1F8941166E7D1F8F5
:104E8000941172E7D2F89431A8E7ABB9D2F8903117
:104E90001BB207EE103AB8EEC77A77EE677A69EE82
:104EA000286A104B87EEA67AD3F888311BB207EE3A
:104EB000903AF8EEE77A96E7D2F898311BB207EE0F
:104EC000103AB8EEC77A37EE677A77EE877AE6E778
:104ED000005A62020040005980969800002D31016E
:104EE000404B4C000080E00F3D3B843F000080437E
:104EF000000020440000004994D5020800007A44D4
:104F000000000038E71B753F00000047000000006C
:104F1000D5ED037A5FED076AF8EE677A87EEA67A39
:104F2000F7EE046AC6EE877A67EE887A69E713F5CA
:104F3000003FAABFC3F3110341F40031194394E7C2
:104F4000FFF714FE07EE900A1FED147AF8EE677A69
:104F50000BF1B24303F580439B6C0CAAC3F34213DD
:104F600002EB830387EE875A13ED067AFCEEC77ACD
:104F700017EE903AF7EE006A5C2B1CBF77EE267AAC
:104F800087EE276A07EE904A5FED235AF8EE677ABC
:104F900008BF1FED246A67EEA57A67EE867A1FEDDB
:104FA000266A67EE867AF5EEC07AB6EE006AF1EE12
:104FB00010FA4CBF77EEC67A77EE867A0BF1B242E2
:104FC00002F58042136DFDEEE77A0023136517EEBC
:104FD000903A17EE900A13F4004F136D5FED354AC7
:104FE00018BF43F000431365224B116D03EA804361
:104FF0000B431365204B9FED214AD3F88811D3F85A
:105000008831116D1BB207EE903AF8EEE77A77EE31
:10501000A47AC4EE074A37EE267AC4EE876AF7EE22
:10502000044A84EE857A67EE277AB1EE007A47EE7D
:10503000876A07EE104ADFED127AB8EEC77A76EE8D
:10504000A76A65EEC75A46EEA57AF5EEC07AF1EE8C
:1050500010FA4CBF77EEC67A77EE867AFDEEE77AE5
:1050600017EE903AC3F311030B431365F7E54FF0C6
:10507000000AFFE50000FC7F0080E00F0000804890
:10508000000000494FF48032054B9A6641F67132B8
:1050900003F51C33DA63012203F50053DA6070472D
:1050A0000090005041F671320121064BDA6303F59E
:1050B0000052D1600022DA634FF48032A3F5183336
:1050C0009A66704700000350013831289ABF024B9E
:1050D000185C0020704700BFACD5020838B5C2F399
:1050E0000625044602F0070241B942EA052242F4CD
:1050F00040220634074B43F8242038BD1146284689
:105100001AF0B5FC02462846FFF7DEFF163442EAE5
:105110000022EFE7008003504FF48032064B5A66BE
:1051200003F5E6239B69C3F38512827003F03F0207
:105130001B0B42700370704700900050014B986C3D
:10514000D96C70470080E00F0120034B9B680A3345
:1051500003F01F03984070470080E00FF8B50C463D
:10516000164607691AF0A0FCA37862789B0343EA0D
:105170000243E27A054613436268D20202F4C05247
:105180001343227A43EA0223627A43EA0213A27AA1
:1051900043EA820322784EBB4361416B636921F489
:1051A0007F7121F00301C3F309030B43436300F54F
:1051B000805301205860E368217CDB0303F4FC1377
:1051C00043EA0133E17C2E6B0B43617C43EA01230C
:1051D000A17C43EA01131D4931400B432B63002A94
:1051E0002FD1BA0701D51023EB61F8BD012E23D1D1
:1051F0008361416B164B606921F0FF7103EAC03394
:1052000021F4C0310B436B6305F580535E60E368A6
:10521000217C5B0603F0FC4343EA8153617C286BED
:1052200043EA4123A17C43EA4113E17C43EA410381
:10523000084901400B432B632AB9FB07D5D501234D
:10524000D2E7E861CDE71023EB61F6E7EE0EE0FF71
:105250000080FF01DDFD3F800F4B10B5994228BF54
:1052600019460E4B0C4698420ED15420FEF728FAF0
:105270000346002210460132B3FBF2F1A14202D9EB
:10528000802AF7D17F2010BD054B984201D15D20C7
:10529000ECE70023EDE700BF40420F000040025959
:1052A000008002590122437801789A403023594303
:1052B000014B5A50704700BF40E00350034BD3F8F6
:1052C0002424D3F820041040704700BF00C00350CE
:1052D0002DE9F8431F4B0546D3F810334B1E0E2B18
:1052E0000E461746047890F8018026D951B34FF046
:1052F000000928461FB326F03FFA0F21B8F1070F27
:1053000004EB440488BFA8F108084FEA04141248CB
:1053100095BF4FEA88084FEA880804340C3409FA2C
:1053200008F201FA08F120441AF047FC86B9284631
:1053300057B1BDE8F84326F01FBA8946D9E7FFF711
:10534000B1FFDAE78946D8E7BDE8F843FFF7AABF1F
:10535000BDE8F88300C0035030C00350054B9A6885
:105360009107FCD45A689207F9D4DA69002AF6D179
:10537000704700BF00800A50034908B54B6826F00B
:1053800007FA02230B6108BD00800A5008B5FFF739
:10539000E5FF0122024B03F580514A601A6108BD06
:1053A00000800A5008B5044B5868012803D1FFF764
:1053B000E3FF024B586008BD00800A5000A00A506D
:1053C00038B5074DFFF7CAFF6B680446012B03D1C0
:1053D000FFF7E8FFFFF7C2FF2378EB6038BD00BF9F
:1053E00000800A5010B526F0DDF9B8B94A680B788C
:1053F00012B1127843EAC2034A7843EA42038A6848
:1054000012B1127843EA8213CA7843EA82030A6926
:1054100012B1127843EA4223014A936410BD00BFDF
:1054200000800A504FF48032084B5A6603F5E62399
:105430009B691A0B027003F03F0242704FF6FF7235
:10544000C3F3851342808380704700BF00900050F3
:10545000014B986CD96C70470080E00F70B5044622
:1054600023F046F9064630B90FCC044D0FC594E839
:10547000030085E80300304670BD00BF48160020D9
:1054800047F6FF739A42F0B56FD002296FD8394BB7
:105490005B5C012B6BD8384DDF0005EBC30415F8BE
:1054A0003330A178012B13D10025E078401AA842AF
:1054B00002D80844C0B2F0BD431B6668A0EB53039A
:1054C00036F913609642D4BF1D4603F1FF30EEE774
:1054D00060680028EFD0B0F90040944204DBB0F9D6
:1054E00002409442B8BF144683883D44FF2B19BF45
:1054F000C8224FF0280CB0F90620B0F908C0A2EB82
:1055000004030CBF0126002693FBFCF333446E78A2
:105510001BB29E4201DD002B01DA731E1BB24FF459
:105520007A7C01339BB2071D5D1E2DB24FEAC50E7A
:1055300000EBC505EA88AD689E4214FB025222EAE0
:10554000E27202F15C02B2FBFCF204DD37F8335088
:1055500001339542E8D200EB0E039888904228BFB1
:105560001046884238BF0846A4E7FF20A3E7002082
:10557000A1E700BFDED50208481600200229F0B5D9
:1055800055D82C4B585C012851D82B4C04EBC0014A
:1055900014F830004B6801280FD1C8788C789042FD
:1055A00094BFC4EB0001C4EB0201001BCAB28242EB
:1055B000C8BF002233F91200F0BD002B37D0887825
:1055C000904202D3B3F90200F6E7CC78B3F90000B9
:1055D0009442F1D94C789988013CA1F1FF067142BF
:1055E00003F10405E4B2714103F10C07CEB2B442F9
:1055F00016D805EBC1014FF47A756A43B1F9024040
:105600004968521A04EBD47102EB610292FBF4F286
:105610009042D1DBB3F902009042CDDC10B2CBE76F
:1056200037F831C04E1C9445E3D33146DEE70348DA
:10563000C2E700BFDED50208481600200080FFFF49
:1056400008B50448FFF70AFFBDE80840012023F031
:1056500053B800BFE4D5020800487047E43000208A
:105660007FB50222084B0949CDE901234FF00073B1
:10567000CDE90313052301A94FF0FF30059323F073
:1056800092F807B05DF804FB006A180000020400FD
:105690002DE9F0418CB08846DDE912761D460446BE
:1056A000002847D0002945D0002F43D0002E41D0FC
:1056B00013F00F033ED120482049A360002A08BF01
:1056C00001462362C4E90013404609A91AF050FBC1
:1056D00068BB2046099927F0A6F92946204627F0FD
:1056E000A2F96946404600F0DFFA00BB6946204651
:1056F0001AF054FD404603A91AF021FCB8B920461F
:1057000003A91AF04BFD06970127204645F00055E6
:1057100006A9079708951AF041FD204609A90996A0
:105720000A970B9527F0A5F9204626F091F80CB0C2
:10573000BDE8F0812120FAE7000100040001010426
:105740002DE9F0418CB0884616461D460446129F4E
:1057500000284BD0002949D0002A47D0002F45D03F
:105760000B68103B102B41D8214A22FA03F3D907CA
:105770003CD500231F4A8360C0E90023036209A9C6
:1057800040461AF0F5FA70BB2046099927F04BF90C
:105790002946204627F047F96946404600F084FA3A
:1057A00008BB694620461AF0F9FC404603A91AF0E6
:1057B000C6FBC0B9204603A91AF0F0FC06960126E4
:1057C000204606A945F00055079608951AF0E6FC14
:1057D000094B204609A909970A960B9327F049F926
:1057E000204626F035F80CB0BDE8F0812120FAE71C
:1057F000010101000000040410000020F0B50C4677
:1058000017461E46054695B0002874D0002972D070
:10581000002A70D0002B6ED0036B0F2B5BD80023B7
:10582000364A3846C4E90023A360236211A91AF05E
:105830009FFA00285BD12046119927F0F4F8296BD4
:1058400020460F2984BF01F00F01103127F0EBF83B
:10585000384602A900F028FA002848D1204602A9BB
:105860001AF09CFC384605A91AF069FB00283ED1C5
:10587000204605A91AF092FC0122214B08950992B5
:105880000A932B6B05F1100003F00F0141F000515A
:105890000B900F2B0C920D910E900F9243F0005233
:1058A000109226D90A9B08A923F0005320460A9398
:1058B0001AF074FC0BA920461AF070FC0123119613
:1058C00012930F4B204611A9139327F0D2F82046CC
:1058D00025F0BEFF0BE000F12003019000930122B0
:1058E000102339462046FFF7D3FE002897D015B085
:1058F000F0BD0EA9DFE72120F9E700BF0000040496
:10590000100000202DE9F04F9BB00C4690461F463A
:105910000546DDF89090002800F0B280002900F0E4
:10592000AF80002A00F0AC80002B00F0A980026B51
:1059300002EB09031B09B3EB121F02F00F0600F084
:10594000978000234F4A8B60C1E900230B624046D9
:1059500017A91AF00DFA0346002840F0858006EBDF
:10596000090B204617992BF00F0A27F05CF85146D7
:10597000204627F058F8404602A900F095F9034662
:10598000002871D1204602A91AF008FC404605A95A
:105990001AF0D5FA0346002866D14FF001080190AD
:1059A00005A920461AF0FAFB374A204608A90895AF
:1059B000CDF824800A921AF0F1FB46F00051AAEBD0
:1059C000060605F1100346F000560B93CDF8308023
:1059D0000D910E97CDF83C8010960D99204621F040
:1059E00000510D910BA900931AF0D8FB20460EA987
:1059F0001AF0D4FB019B244A1193AAF1100343F03F
:105A00000053CDF84880139305F120031493CDF88B
:105A100054801692139B204643F080431393139BAC
:105A200011A923F00053139327F023F8204614A95B
:105A300027F01FF8144A17A920461795CDF8608063
:105A4000199227F016F8204625F002FFAAEB0B0169
:105A500049440190ABEB0A020098394423F0E1FA83
:105A6000019B2A6B4A442A6318461BB0BDE8F08F9D
:105A700010304A463946304423F0D3FA0023F0E789
:105A80002123F1E703020004100000202DE9FF4765
:105A90004FF000080E4617460446CDF80080002857
:105AA00059D022B90025284604B0BDE8F087002966
:105AB00051D032F0030902F0030A1FD04FF0E06327
:105AC000C0E9003801230191C0F808800293C0F8B2
:105AD000208049F0005301A9039326F0CAFF4946EC
:105AE000204626F0A0FF204625F0B2FE054628B14C
:105AF0004A464146304623F08CFAD4E7BAF1000F0B
:105B0000D0D04FF000084FF0E063C4E90038012323
:105B1000CDF804D00293114B204601A9C4F80880A7
:105B2000C4F82080039326F0A4FF0421204626F029
:105B30007AFF204625F08CFE054608B13A46D8E7A4
:105B4000009A4E44EB00013522FA03F3AA4506F809
:105B5000013BF7D1A6E72125A5E700BF04000020FF
:105B6000F0B50F4616461D46044693B010B92120E5
:105B700013B0F0BD0029FAD0002AF8D0002BF6D0DF
:105B8000002331461A4638461AF097F80028EFD11C
:105B9000304602A91AF02DF80028E9D1EB68022B53
:105BA0000AD039683F48029A81426B6902D01830A6
:105BB000814270D19A42DAD82B68002BD7D14FF0AE
:105BC00060623846C4E90023A360236201A91AF089
:105BD000CFF80028CCD10199204621F4F061019141
:105BE00026F021FF694628461AF0C2F80028BFD1E6
:105BF0002046009926F017FF384609A900F054F80E
:105C00000028B5D1204609A91AF0C8FA38460CA9CF
:105C10001AF095F90028ABD120460CA91AF0BEFA6B
:105C2000EB684BB1284606A900F03EF800289FD14A
:105C3000204606A91AF0B2FA304603A91AF07FF9F5
:105C4000002895D1B368DA040CD59B0427D506212A
:105C5000F36932691B6801FB03225B0043F00053C8
:105C600003920593204603A91AF098FA28460FA933
:105C70001AF065F900287FF47BAF20460FA926F0C3
:105C8000F8FE0325204625F0E3FD01287FF470AFE0
:105C9000013DF7D16CE7B3EB420F8DD267E72920C6
:105CA00066E700BF200000B090B189B101234B60CE
:105CB000C368013B012B08D88269064B1AB10A6000
:105CC00000208B607047044AF9E74FF00053F7E774
:105CD0002120704708000020C0E7020870B50E467A
:105CE000154604468AB000285BD0002959D0002A06
:105CF00057D0012329461A46304619F0DEFF002806
:105D00004DD1B36813F4C04F4BD0AB6803F4C0431C
:105D1000B3F5005F45D1254BA060C4E90030206297
:105D200007A930461AF024F8002838D120460799F0
:105D300026F079FE304601A9FFF7B6FF78BB204672
:105D40001AF02CFA304604A91AF0F9F838BB2046AC
:105D500004A91AF023FAEB681BBBAB6803F4C04339
:105D6000B3F5005F1DD16946284619F06DFFB0B943
:105D7000009B6A699A4216D32A6943F0005307923E
:105D80000122204607A908920325099326F071FEF7
:105D9000204625F05DFD012801D1013DF8D10AB072
:105DA00070BD2120FBE71D20F9E700BF00000102C4
:105DB00006289ABF014B185C00207047C8E702080C
:105DC000012300F01F02A0F506200949A0F550604C
:105DD0004009934051F820201A4341F820200549FA
:105DE00051F8202022EA030241F82020704700BF2A
:105DF00078160020641600200121A0F506230E4A23
:105E0000A3F550635B0900F01F00814052F82300A6
:105E1000014342F823100949D1E90030034488685E
:105E20000344C868096903445B1802BFC2E9003330
:105E3000C2E902331361704764160020781600200F
:105E40002DE9F04FA9B003921F4604460822DDF861
:105E5000CC80CDE90401414021FA02F34B40980780
:105E600002F1080218BF9B00202A1C44F4D18123B0
:105E7000B4FBF3F303EBC313E41A7A4B04F50624E3
:105E80001B7804F55064002B39D1FCF7FDFF054663
:105E9000002840F0DB800146402208A823F0B9F832
:105EA0004022294618A823F0B4F86F4EDFF8D091AD
:105EB000B3460BF10F0ACDF800A0102208A95B46EB
:105EC000D9F8000019F00FFB00220146103608AD8A
:105ED000914242D1CDF800A05B461022D9F80000D3
:105EE00018A919F009FB4FF0000A834618ADD345F5
:105EF0003DD15E4B9E42DBD101225A4B1A704FF0CE
:105F0000810A0026DFF87CB1A4F50625A5F55063CB
:105F10005B095BF8232004F01F01CA40D2073BD481
:105F2000534A52F82330CB40DB0727D58123002E7C
:105F300008BF2646A5F6FF44B4FBF3F303EBC313F7
:105F4000E41A04F50624BAF1010A04F55064DBD121
:105F5000039BABB1A6B134461AE055F8040BCDE96A
:105F60000612FFF72DFF079A06990132B0E755F8A0
:105F7000040BFFF741FF0AF1010AB8E7039B23B9BD
:105F80006FF08B0029B0BDE8F08F002E18BF3446AB
:105F9000349B00201C60F5E7329B13B10023329A3A
:105FA0001360B8F1000F02D00023C8F800301023AE
:105FB000DFF8CC9000933A4600232146D9F8000040
:105FC000FCF766FD002839D132993A68294BD9B9D6
:105FD0009A4206D02146D9F80000FCF7B1FE00280D
:105FE000CED1D7E90223DDE90410834208BF8A42FB
:105FF0002FD08123A5F6FF45B5FBF3F303EBC313C5
:10600000ED1A05F506249EE7102032999A420860A1
:10601000E0D1B8F1000FE4D043462146D9F80000A2
:1060200018AAFCF77BFD48B9329AD8F800301268FC
:1060300093420BD39B1AC8F80030D2E70E4B98421C
:10604000C8D06328C6D00D4B9842CAD06FF09100DB
:1060500098E7039B002B9BD07B68012B98D16FF0B6
:1060600084008FE7812B0020006D0800007108007C
:1060700064160020105D175EFFDF00F0FEDF00F009
:10608000802E0020781600202DE9F04F87B0824640
:10609000894698461646DDF840B02AB1002B4FD00D
:1060A00040F26C739A424ED8BBF1010F4ED80024D7
:1060B00006F110073946012005941AF005FF054640
:1060C000002846D021463A4622F0A3FF05ABCDE991
:1060D000014300942B46012250464946FFF7B0FE8B
:1060E000044680B110F18C0F08BF6FF08D043A4662
:1060F0000021284622F08DFF28461AF0C7FE2046D0
:1061000007B0BDE8F08F144BC5E902A92B60C5F8B4
:1061100004B02EB13246414605F1100022F081FF55
:10612000059E0E483B462A4631460068FCF7C4FDF2
:1061300018B93046FFF744FED9E76FF09104D6E76F
:106140006FF08604DBE76FF09104D8E76FF0850409
:10615000D5E76FF08C04D2E7105D175E802E00202B
:106160002DE9F0438DB08146DDE914780E461546E1
:106170001C469BB1B8F1000F05D16FF08606304682
:106180000DB0BDE8F083002FF7D0B7F1005FF4D376
:10619000C3F1005303F580239F42EED81022002163
:1061A00008A822F036FF002207AB029305AB01934B
:1061B00006AB31460093484608ABCDE90522FFF710
:1061C0003FFE06460028DAD1059BA4B1AB4215D8A4
:1061D00053EA0504D1D1069B0B48C8F8004000944F
:1061E0003A46079900682B44FCF752FC002818BF78
:1061F0006FF09106C3E7AB42EDD2BEE75B1B9C425A
:1062000028BF1C46E7E700BF802E002030B58DB0C8
:106210000C4605461022002108A822F0FAFE0022B2
:1062200007AB029305AB019306AB214600932846CA
:1062300008ABCDE90522FFF703FE0446D8B9099B58
:10624000012B1BD0079D104B29461868FCF778FDE1
:10625000B8B90122A5F506230C49A3F550635B09E3
:1062600005F01F00824051F823004240284641F8C3
:106270002320FFF7C1FD20460DB030BD6FF0840430
:10628000F9E76FF09104F6E7802E002078160020E1
:106290002DE9F04F95B00446DDE92075DDE922686F
:1062A0009346DDE91E028A46DDF8909029B96FF029
:1062B0008604204615B0BDE8F08FBBF1000FF6D084
:1062C0000FB9002DF3D108B9002AF0D116B9B8F1F1
:1062D000000FECD1B9F1000FE9D02C4A934252D112
:1062E0002388B3F5105F4ED1282200210DEB020068
:1062F00022F08FFE2022002102A822F08AFE0AA8A6
:1063000026F087FB10B16FF09204D2E720465A4680
:10631000514602AB00F00CFA04460028C9D102989D
:1063200019F096FF04460028C3D115B9C9F80050EA
:10633000BFE7B74224D27B199E4221D24545B6D849
:1063400039462A46304622F04AFE374615F00F0AF3
:10635000ADD1CDE900762B46524602A90AA8FFF737
:1063600097F907460028E1D042465146304622F0D0
:1063700050FE012FC9F800A0C5D16FF08B0498E73B
:106380004545E3D993E76FF0850492E70044400464
:106390002DE9F047C4B00C4607460021154601A878
:1063A00020229A464C9EDDF83891DDF8408122F09B
:1063B00030FE2022002109A822F02BFE20220021FD
:1063C00011A822F026FE2822002119A822F021FE81
:1063D0000021802224A8239122F01BFE3CB135B17C
:1063E0002EB1B9F1000F02D0B8F1000F05D16FF056
:1063F0008604204644B0BDE8F0872188628801F415
:10640000E043B3F5804FF2D02C4B2D483B4043F096
:106410001063834202D06FF08504EAE7D31DBAEB24
:10642000D30F4FEAD307E2D34F9B9F423FD847F2A7
:1064300012139942EFD1B2F5807FECD1214B4D98E8
:10644000099384230230013620F0030016937B0069
:106450000D960E90129320465246294623AE01AB6C
:10646000159600F065F904460028C2D10B9B1190E7
:1064700043F4005319A80B9326F0CBFAD0B911AB13
:1064800009AA01A919A8FFF76BFB054610B1482816
:10649000ADD1C0E73A463146484622F0C2FD2B4610
:1064A00073550135842DFBD1C8F80070A1E76FF05A
:1064B00089049EE76FF092049BE700BF0000FFF69F
:1064C00000000209200000802DE9F0410D4614462D
:1064D0001E46C4B010B96FF086000DE00029FAD056
:1064E000002AF8D0002BF6D0038803F44F42B2F50F
:1064F000824F04D06FF0850044B0BDE8F081DAB27D
:10650000122AF7D123F0FF03B3F5E24F27D14388D6
:106510003360FBB9E3003360B3F5807FEAD1002339
:10652000184642492E19214411F8014D16F8012D43
:106530001043121B0CBF4FF0FF340024B54203EA96
:10654000040343EA0203EFD10028C4D0002BC2DACF
:106550000020D1E7DA1DB4EBD20FDDD0BBE7B3F5F5
:10656000824F60D10B78042BB5D12822002118A8C6
:1065700022F04FFD18A826F04CFA002850D1002731
:106580008422394623A8229722F043FD01232022AA
:10659000394668468DF8883022F03BFD20224FF0C6
:1065A0008808013C3946013505940DEB0200E400F2
:1065B0000495640822F02DFD22AD2022394610A852
:1065C0000C95CDF8348022F024FDE02CCDE9145850
:1065D000346003D0B4F5807F7FF47DAF144B073473
:1065E000009308934FF4005302934FF48043E40860
:1065F0006A460A93640010AB08A918A81194FFF723
:10660000AFFA33680733DB085A0033B10021531E59
:10661000013B297005F10105FAD2002898D05AE70C
:106620006FF0920068E76FF0960065E7ECE702080C
:1066300020000080F8B5134642880C460732072A2E
:106640004FEAD20101D0A1426DD1D0E9016705889E
:1066500020221846002122F0DCFC360A034626B12F
:10666000012E11D06FF08B00F8BD002C5BD041F2F1
:106670000102954205D0B5F5885F02D0B5F5905F6F
:106680001BD15C600020EFE7C660002C4BD041F2CC
:10669000010295420BD15C60B90707F001021FD4DB
:1066A000002AEFD19A6842F080729A60EAE7B5F565
:1066B000885FF0D0B5F5905FEDD0B5F5105F0AD1E9
:1066C000182C03D0202C01D0102C2CD1C3E900446D
:1066D000002ED7D0E0E705F44F42B2F5824F02D04A
:1066E0006FF08500C0E7EAB2122AF9D1202CF7D169
:1066F0000E4A25F0FF05B5F5E24F1A600CD0B5F54E
:10670000824F10D14FF4005217F4705F09D017F484
:10671000864F04D09A60E3E74FF48042F4E742F4F6
:1067200080629A60D4E76FF086009DE720000080C9
:106730002DE9F041174600221C4643688CB01B0A25
:1067400080460D46009204D0012B56D06FF08B008E
:106750008EE0008820F0FF03B3F5824F15D1B8F822
:1067600002200732D208009219F07EFD002800F0C6
:10677000E1800B78042B05D1013FB7EB420F05F107
:10678000010503D06FF0860072E00097009E22465C
:1067900031464046FFF74EFF002869D1FA1CC4E994
:1067A000030522F003026261002E00F0A480202283
:1067B000002101A822F02DFC3146404601AAFFF736
:1067C00039FF002840F097802368019A9A4240F0F0
:1067D00092806368029A9A4240F08D80A368039A7F
:1067E0009A4240F08880A369079A9A4240F08380D9
:1067F000E369089A9A423BD07DE0032FC2D90B7817
:10680000012B40F09A80497800294BD0F7390829AC
:106810009CD801A353F821F0816800083D68000866
:106820004D670008776800084D6700089B680008FE
:106830004D6700088B680008936800084FF41056F5
:10684000F8253F4F1C22002102A822F0E2FB03237F
:106850000197CDE90435039601AA09AD134603CB90
:10686000AB42206061601A4604F10804F6D10020B2
:106870000CB0BDE8F08110274FF08076FA25E1E7F3
:1068800020274FF00076F725DCE7FE252C4F2D4E14
:10689000D8E7FF252A4F2C4ED4E74FF41056FC259D
:1068A000274FCFE72B2F7FF66DAF2022204622F017
:1068B000B0FB05F110032361AB070DD001AB05F16F
:1068C00028061A4628686968083503C2B542134687
:1068D000F7D1286801AD10606B68103F2360AB688A
:1068E00069466360EB682046A36001236761E3604B
:1068F00019F07FF928B120220021204622F089FBDF
:1069000040E7B8F80030009E03F44F42B2F5824FE2
:106910000ED1DAB2122A0BD123F0FF03B3F5824F66
:1069200006D1730062691C339A42BFF43DAFE2E7BF
:106930003346F7E76FF085009AE76FF0910097E72D
:106940002000008000440002004400032DE9F04FC5
:1069500091B0DDF8688081460C4692469B461C9FAC
:10696000B8F1000F05D16FF08604204611B0BDE8E4
:10697000F08F002FF7D00028F5D02822002106A89C
:1069800022F047FB06A826F044F810B16FF09204FD
:10699000EBE714F47C1FC4F305452AD0102DE2D890
:1069A0001B9B9D4233D81D4B24F47E149C4231D155
:1069B000002302AECDE90233CDE9043352465B46F3
:1069C0004946009606A8FEF7BBFE044698B92A463B
:1069D0003146404622F025FB234633550134102C26
:1069E000FBD100243D6006A819F0FEF80028BCD0B9
:1069F000CCE71025D4E7212806D0012814BF6FF07A
:106A000092046FF08B04EEE76FF08604EBE76FF013
:106A10008904AAE76FF08504A7E700BF0002C0035E
:106A200070B50E461446054610B96FF0860070BD6D
:106A30000029FAD03822002122F0EBFA094B24F485
:106A40007E129A420AD13388B3F5105F06D1C4F39F
:106A50000543102BE9D800202C60E8E76FF0850093
:106A6000E5E700BF0002C003F0B50F4616461D461D
:106A700004468DB088B302B97BBB2822002102A84E
:106A800022F0C7FA02A825F0C4FF20B16FF09204EB
:106A900020460DB0F0BD2368114A23F47E139342C3
:106AA00015D135B9002402A819F09EF80028EFD0BE
:106AB000ECE733463A46009502A9201DFEF722FF77
:106AC000012807D00028EDD06FF09204EBE76FF0BB
:106AD0008804E8E76FF08B04E5E76FF08604D7E7FA
:106AE0000002C0032DE9F0418EB0884616461D46CF
:106AF0000446149F002840D0002A3ED0002B3CD0F2
:106B0000002F3AD0102B036828BF102513F47C1FE8
:106B1000C3F3054202D0954228BF15461A4A23F412
:106B20007E1393422CD12822002104A822F071FA6E
:106B3000002304A8CDE90033CDE9023325F069FF35
:106B400040B96B46424604A9201DFEF757FE30B1FE
:106B500000233B606FF092000EB0BDE8F08104A806
:106B600019F042F804460028F2D12A466946304618
:106B700022F057FA20463D60EEE76FF08600EBE723
:106B80006FF08800E8E700BF0002C0032DE9F04184
:106B90000E4617469846044600B3F9B1F2B1982262
:106BA000002122F036FA3146069A04F16000FFF720
:106BB00037FF0546A0B92346424639463046FFF71F
:106BC000B7FD054660B97288D208A2F110011029FC
:106BD000E26503D80A4BCB40DB0704D46FF086058F
:106BE0002846BDE8F08163691C329342F6D304F174
:106BF00020031846216922F014FA2061F0E700BF53
:106C0000010101000023C36001F138030361202367
:106C10000A6843618B6D0B4922F47E128A424360FD
:106C200003D001F580718A4208D1102B01D0182BB6
:106C300002D1036000207047202BFAD06FF088004B
:106C4000704700BF0001C00370B504460D4625F033
:106C5000ACFE0C2C064616D80C2C18D8DFE804F035
:106C60001B1B171B1B2A171B2E1731173400012360
:106C7000194AA34013421DD1062C2AD0DB0706D5A2
:106C80004FF4F06022E00D3CE4B2132CEFD9002366
:106C900021242B8009E08020FCF766FF4FF6FF736C
:106CA00098420CBF0E2400242880304625F078FE40
:106CB000204670BD00230F242B80F6E74FF4806040
:106CC000EAE74FF44060E7E74FF4C060FCF72EFFBF
:106CD000E4E74FF4E060F9E71C450D0030B58BB0F8
:106CE0006C46864D864825F09BFF0FCD0FC42B6860
:106CF000844A2360FF238DF80130D2F84C3113F41D
:106D0000802340F0EF80D2F850218DF801309DF8BB
:106D100001306C46FF2B08BF262368467A4D8DF85C
:106D20000130FCF7F3FF3220FDF72EF80FCD0FC432
:106D30000FCD0FC495E8030084E80300714BD3F82E
:106D40004C21120340F1B280A3F5FE431C88B4F538
:106D5000807F28BF67248DF81940FCF7D1FF0444D9
:106D600084F3080469488DF81840FAF78DFC6846EA
:106D7000FCF706FF3220FDF70DF86548FDF760FBD4
:106D80006448FDF7D1FB644C644825F049FF0020BE
:106D9000FDF706F8FDF7B6F8236F002023F0070390
:106DA00043F003032367FDF7D7F8236F5C4923F40F
:106DB000744323675B4BD3F8FC2012F0807279D1C7
:106DC000D4F8803023F0030343F00103C4F880308B
:106DD000C1F88020504CD4F8203123F0070343F051
:106DE0000203C4F82031D4F8283123F0070343F01C
:106DF0000203C4F82831D4F8803123F0030343F0B0
:106E00000103C4F88031D4F8403123F0030343F088
:106E10000203C4F84031D4F8603123F0030343F097
:106E20000203C4F86031D4F8403223F0030343F086
:106E30000203C4F84032D4F8003223F0070343F0D1
:106E40000203C4F80032D4F8083223F0070343F0F9
:106E50000203C4F80832D4F8703223F0030343F07D
:106E60000103C4F87032D4F8203223F0070343F052
:106E70000103C4F82032FCF741FE4FF0E02200206D
:106E8000136943F004031361D4F8603223F007035D
:106E900043F00103C4F86032D4F8943223F00703BE
:106EA00043F00103C4F894320BB030BDD3F8504125
:106EB000E4B250E7D3F8FC2022F08072C3F8FC2043
:106EC000D4F8802022F0030242F00102C4F88020AE
:106ED0000022C1F88020D3F8FC2042F08072C3F871
:106EE000FC2077E74FF07E6393F89C2093F99C3069
:106EF000002BFFF60CAF8DF8012008E70CE8020824
:106F000050E802080080E00F20E80208C017530292
:106F100000B4C404C0EA21010080005058E802080F
:106F20000090005000ED00E007B5094B18689A8802
:106F30009B7900906846ADF804208DF80630FDF787
:106F400065FC0C20FDF79AFC002003B05DF804FB03
:106F500048E8020870B500F017FC0446E8B900F0F4
:106F6000B9FC25F02FFB4FF4167343430C4A03F58D
:106F7000742303F23F23B3FBF2F30A490A480B6080
:106F80000A230268094D0E68013B45F8046B0E6840
:106F900013F0FF033244F6D10260204670BD00BFFB
:106FA00040420F00C01600209016002094160020CA
:106FB000012208B5034B1A7025F0E2FE024B18605F
:106FC00008BD00BF822B00208C16002010B525F0D4
:106FD000F9FA044625F0D8FC844207D925F0DCFEF6
:106FE00020B10122024B1860024B1A7010BD00BF85
:106FF0008C160020822B0020F8B51F4C2378E3B1BB
:1070000025F0BEFE1D4B1E4D1B68C01A28602B6864
:10701000A3B12B682B6025F0D5FA4FF416725043BC
:10702000184A00F5742000F23F20B0FBF2F02B6804
:107030002B68834204D900232370F8BD0123E9E7BC
:107040001148124E0378296856F82320104F511A20
:107050003A68521A29683A6046F823100A21093220
:10706000B2FBF1F20B4D0133DBB22A60B3FBF1F25C
:1070700001FB12330370DEE7822B00208C16002008
:10708000BC16002040420F00832B002094160020E5
:1070900090160020C0160020014B1868704700BFF2
:1070A000C0160020F8B503212C2019F0C7FC0426D7
:1070B0004FF480120D4C0E4B0E4F04F500555A66DE
:1070C0002C206F676E672F672E6700F0A5F82C20C5
:1070D00000F086F84FF0007204F580535F675E673A
:1070E000AA624FF480529A62F8BD00BF0040005A75
:1070F00000900050010000A0064B074A996D11F066
:10710000050F01D0117811B10028F7D17047012087
:10711000704700BF0040005A842B0020164B10B56A
:107120001C6F14F0040111D0144A116708219162F8
:107130009B6DDA0701D4FFF749FF00F063FA00F016
:1071400043FA012025F0B8FA25F028FEE30706D51A
:1071500001220A4B1A67FFF74FFF00F035FA14F0CF
:1071600000521CBF054B1A67002CBEBF4FF00042F7
:10717000024B1A6710BD00BF0040005A0060005A61
:107180000028ACBF00F16040064B4FEA0111C9B2C4
:10719000ABBF00F5614000F00F0080F800131954F8
:1071A000704700BF14ED00E008B525F0FEFB0B4B67
:1071B0001A7872B901221A7025F0F2FB6FF00402FE
:1071C00010460132052152B2FFF7DAFF4C2AF7D1FF
:1071D00008BDBDE8084025F0E3BB00BF852B0020BB
:1071E000002807DB01234109034A00F01F00834008
:1071F00042F82130704700BF00E100E0054B42112A
:1072000053F8223000F01F0023FA00F0C04300F0D2
:107210000100704700E100E0002808DB012243097B
:10722000034900F01F008240603341F8232070477B
:1072300000E100E007B5684600F028F8DDE900014C
:107240000022034B03B05DF804EB19F0EEBE00BF63
:10725000C416002007B5009313460A4601460348AA
:1072600019F031FC03B05DF804FB00BFC416002028
:1072700007B5009313460A460146034819F008FE75
:1072800003B05DF804FB00BFC41600200249034AA6
:107290000160521A42607047203100200000042033
:1072A00000487047C4160020BFF35F8F074B5A6A2F
:1072B00022F480325A62D3F8942022F00102C3F8FB
:1072C0009420BFF34F8FBFF36F8F704700ED00E046
:1072D00038B5FFF7E9FF284A2848D2F8C030284DD2
:1072E00023F0FF0343F0A003C2F8C030254B04682D
:1072F0009D4204F101011ED1234BC2F89840C2F80F
:107300009C3003F57F3303F2FE33C2F8A0300160F6
:10731000BFF35F8F0522184BC3F894205A6A42F4DA
:1073200080325A62BFF34F8FBFF36F8FBFF34F8F1F
:10733000BFF36F8F38BD23F01F03203BB3F1005F15
:1073400009D3C2F89840104C43F00103C2F89C40A6
:10735000C2F8A03001600D4B0168074A23F01F03FB
:1073600043F00303C2F89810C2F89C30084B013177
:10737000C2F8A030CBE700BF00ED00E0EC16002023
:10738000402E0020802C0020030000205F2E0020D3
:10739000E1FF03202DE9F0410D461146DFF8E080C2
:1073A000D8F80040B4F5807F34BF00271A27FFF7D4
:1073B0007BFF1F292ED90021C2061CBF20F01F0011
:1073C00020302E4EEB0618BF25F01F05CBB29C4295
:1073D00035D8D6F8C03020F01F0023F47F4343F4A3
:1073E0008073C6F8C03040F0030425F0DEFAD8F808
:1073F000003025F01F0141F00301C6F89830C6F8AF
:107400009C40C6F8A01025F0CBFAD8F80030013324
:10741000C8F80030BFF35F8F0522184BC3F89420E3
:107420005A6A42F480325A62BFF34F8FBFF36F8FB4
:10743000BFF34F8FBFF36F8F3846BDE8F081C6F8BA
:107440009830D6F89C30D6F8A02023F01F0398423D
:1074500022F01F0201D195420BD0904201D89D42EB
:1074600009D2D6F89830013123F0FF03C6F89830DE
:10747000ACE70027CEE72827CCE700BF00ED00E00F
:10748000EC160020BFF34F8F0549064BCA6802F483
:10749000E0621343CB60BFF34F8F00BFFDE700BF37
:1074A00000ED00E00400FA0538B54160044625F01F
:1074B00073FA05462146044817F00EFD2846BDE83C
:1074C000384025F064BA00BFF0160020014817F0DC
:1074D00000BD00BFF016002070B525F05DFA184E13
:1074E0000546184825F09CFB3378DBB900F04CF9D1
:1074F000044620B1284625F04AFA204670BD00F027
:10750000CFF9FFF7E3FF25F05CFC0F4B1C6025F083
:1075100059F80E4B0E4A1860536F43F0010353673E
:1075200019F0A3FD00F0A2F819F0B5FD094B0024F5
:10753000186001232846337025F029FADDE700BFE3
:10754000922B00205CE80208F41600201C17002093
:1075500000400050F816002038B5044625F01CFA0B
:107560000F4D02462B78FF2B04D1B4B1BDE8384053
:1075700025F00DBA1BB9002CF8D0012103E0002C36
:107580000CBFFF2101210B44DBB22B70B3FA83F354
:1075900004495B0910460B70E8E71946F3E700BFA2
:1075A0008F2B00208E2B0020054B1B685843054B6A
:1075B00000F5742000F23F20B0FBF3F0704700BFED
:1075C0001C17002040420F0010B5094B1B786BB10F
:1075D000084C237853B124F0E5FD0023064A2370BC
:1075E00013700123054A1370054A137010BD00BFC4
:1075F000912B00208C2B00208B2B0020872B002030
:10760000862B0020034B1B7813B10122024B1A700A
:10761000704700BF912B00208C2B002073B5114EBA
:107620000446337883420FD04FF400730E4DADF80B
:10763000043058B101A8FCF7F5FF4020FFF7B4FF74
:107640002B68181A2860347002B070BD8DF80500E0
:1076500001A8FCF7E7FF4020FFF7A6FF2B681844BE
:10766000F0E700BFFC3000202017002073B5002495
:1076700001A88DF80440FDF769F82046224CFFF779
:10768000CDFFD4F80031214A03F0030313604FF417
:1076900080121F4B1F4D5A664FF400325A6624F079
:1076A000E9FC1D4B1B780BB3D4F8003103F0030346
:1076B000022B23D0032B24D0012B17D123F0FAFF68
:1076C000024698B1154B164EDC6800231946C4F3E8
:1076D0000B04013404EB84040138E4FB060112F0CE
:1076E00065FFFFF761FF2B6803442B601F20FFF746
:1076F0005BFF2B6803442B6002B070BD24F02CF8B4
:10770000DEE723F0DDFFDBE70080005028170020D4
:107710000090005020170020952B002000C0015041
:1077200040420F000122114B10B55A67104B114C0B
:107730001B78A3B1022025F033FB80B124F0A6FF13
:1077400068B1A36DD90302D5E36D9A0703D4094B41
:107750009B6DDB0704D54FF48032044B9A6210BD59
:107760000122054B1A70FFF723FCF4E70050005A82
:10777000962B00200040005A932B00200122014B41
:107780001A707047962B002070B525F00EF9144E34
:1077900005463478FCB9134B1C60134B1C60134B2B
:1077A0001C6000F047F8012025F010FB25F050F890
:1077B0000F4B0246186020B9284625F0F1F8232027
:1077C00070BD234640F2E7310A4812F0EFFE0A4B43
:1077D000186001233370284625F0E2F80020EFE717
:1077E000992B00203C170020381700204417002058
:1077F0004017002018FCFFFF34170020012300B5BC
:107800008DB08DF80F3024F0E3FE00230146CDE962
:107810000033074A0DF10F0304A825F08DFA18B9BB
:107820009DF80F30002BFBD10DB05DF804FB00BFBD
:10783000F5CC020810B5002486B01422214601A818
:107840008DF8004021F0E5FB012313488DF804304A
:1078500025F0E6F9BFF34F8F6846FDF7B1FD2046EE
:1078600001A98DF80440FDF7BDFD20460F2123F04E
:10787000ABFF0F21204623F0ADFFFDF787FD23F07E
:1078800087FF064B43209C61FFF7C6FC4320FFF7B0
:10789000A7FC06B010BD00BF50E8020800800A50E7
:1078A00008B50A4825F0BCF940F601520021012034
:1078B000FDF714FC4FF496720021012018F0E8F84F
:1078C0004FF48072024B9A6408BD00BF54E802086E
:1078D00000900A5008B5094825F0A2F940F6016267
:1078E00000210220FDF7FAFB4FF4927200210220E2
:1078F00018F0CEF80022024B9A6408BD54E8020842
:1079000000900A5038B5044604F05CFD00283AD1D6
:107910000323A383052363760423A376A36843F498
:107920008013A36019F0FDFBA368A0801B030CD497
:10793000B0F5FA7F09D925F02FF801210546084650
:1079400024F00CFA284625F022F8204604F064FDC5
:10795000D0B9E068C8B105F053FF1AF03DFC03F060
:1079600073FE1BF0A9FD1CF070FB00220121042016
:107970001DF014FB0321042002F02CFA0A2000F071
:10798000FDFC19F0DBFB002038BD0148E3E700BF38
:10799000FF30002008B5044904480BF03BF9BDE86E
:1079A00008400BF069B900BF70E8020838E9020826
:1079B0004FF08052014B5A60704700BF00ED00E06D
:1079C000F8B50E460546D0B1C9B10E4B0E4F196839
:1079D0003868FAF74FFF044678B9062332460B4958
:1079E0003868FBF715F8044638B901232A460849D8
:1079F0003868FBF70DF800B12C702046F8BD212443
:107A0000FBE700BF602E0020802E00202C00040029
:107A10003C00040010B50A46044619B1024B00218F
:107A20001B68984710BD00BF942E00200E4B0340EA
:107A3000B3F1607F06D1B1F5885F14BF6FF08600A7
:107A400000207047B3F1707F0BD101F4E043B3F530
:107A5000005F06D111F4E06F0CBF6FF086000020CC
:107A600070476FF0860070470000C07F8A42F8B50B
:107A700006460C4600F0DB806F4922F4FF7323F0CA
:107A800001038B420ED06D4B22F0FF01994209D0C9
:107A90006B4822F47F7323F00303834202D0694BC7
:107AA000994228D1684B24F0FF0199420FD114F07C
:107AB000FF000BD0654B40F00070984240F0B98059
:107AC00082EA0400FF288CBF00200120F8BD5B4B38
:107AD0009942ECD0A3F588539942E8D024F4FF737F
:107AE00023F00103B3F1062FE1D056488142DED0E6
:107AF00053498B42DBD004F0FE43B3F1A06F14D1A5
:107B000002F0FE43B3F1A06F40F0938082EA0403D9
:107B100033F47E1340F08D8014F40040D6D0C4F3CB
:107B20000540C2F305429042CDE7B3F1407F6AD1F0
:107B300002F0FE43B3F1407F7BD182EA040535F4C5
:107B40007E1576D131462046FFF770FF002870D1B0
:107B50003F4B12F47C1703EA02031BD0B3F1607FA2
:107B6000C2F305473FD13B49D3B243F000738B4288
:107B70003DD003F17E43043B0F2B01D83649CD5C49
:107B800014F47C1FC4F3054333D1BD4214BF00205D
:107B900001209BE7B3F1607F0DD12E49D3B243F0B2
:107BA00000738B421DD003F17E43043B0F2BDAD8C8
:107BB0002A49CF5CD7E7B3F1707FE1D106F4E04307
:107BC000B3F5005F03D10127C6F302239F4006F4FB
:107BD000E043B3F5005FD3D10125C6F302218D4008
:107BE000CEE71027BFE7B3F1707FC9D1EFE71025CB
:107BF000C6E712F47C1F01D1AB4218D022047FF5F6
:107C000065AFBB425FE7B3F1106F12D124F01F6084
:107C100020F4702068B902F0FE43B3F1106F7FF4D6
:107C200055AF0F48104040F01060A042AEE7012071
:107C30004CE700204AE700BF0002000600130006E0
:107C4000000400060009000600030006FF00000211
:107C50000000C07F0300000274E9020874E9020812
:107C60000000FFF637B50D4D0C466B78022B12D194
:107C70002B78072B0FD100230A460193014601AB55
:107C8000281D18F0C9FA20B9019BA34218BF6FF054
:107C9000930003B030BD6FF08800FAE7481700206A
:107CA0002DE9F843884617461C4600F0A7FA05461A
:107CB00088BBD8F80060B6F8009009F4E043B3F54B
:107CC000804FB36808BF27F0010737EA03031AD1D2
:107CD0000CB3254B24F0FF029A421FD114F0FF038E
:107CE00004D0224A43F00073934232D022464846E1
:107CF000F168FFF7BBFE074668B92246484631697E
:107D0000FFF7B4FE70BB6FF0840500233046C8F85F
:107D100000301AF011F92846BDE8F883144B9A4256
:107D2000DCD0A3F588539A42D8D024F4FF7323F013
:107D30000103B3F1062FD1D00E498A42CED00E4AAC
:107D40009342CBD004F0FE43B3F1407F04D123042F
:107D5000CCD56FF08605D8E7B3F1A06FF7D0034B11
:107D60009C42C2E73D46D6E700030006FF00000242
:107D700000130006000900060004000638B500F0F4
:107D8000FE43B3F1407F04460D4602D06FF08600FB
:107D900038BDFFF74BFE0028FAD114F47C1F12D037
:107DA000C4F30543032B137022D9284A2240B2F1B1
:107DB000607F3DD1264AE4B244F0007494422BD156
:107DC000102BE5D9E2E7214B2340B3F1607F15D1B9
:107DD0001F49E3B243F000738B4202D110231370AA
:107DE000D6E703F17E43043B0F2B04D90023137025
:107DF0006FF08500CCE71749CB5CD3E7B3F1707F18
:107E0000F4D101F4E043B3F5005FEFD10123C1F3F6
:107E100002218B40DBB2C5E704F17E44043C0F2C09
:107E2000B4D80D4A125D9342B0D8142BB0D9DFE715
:107E3000B2F1707FAAD105F4E042B2F5005FA5D19E
:107E40000122C5F30225AA40EDE700BF0000C07F74
:107E50000300000274E9020874E902082DE9F04FFA
:107E60009B460023924601F0FE428FB0B2F1806F34
:107E70000E46DDE918891A9F099305D018461AF0B5
:107E80005BF86FF086052EE00B464FF4807209A96F
:107E9000FFF706FF0546099815B11AF04DF822E0E4
:107EA000038803F4E042B2F5005F1ED113F4E06FE3
:107EB000C3F3022119D0464C26F48072A2420AD0A4
:107EC00004F50074A64206D0424CA64203D0A4F5A5
:107ED0003F44A24209D101248C40102C10D91AF041
:107EE0002BF86FF08305002460E042F20402934215
:107EF00002D1394B9E420AD0384B9E4211D10D24FB
:107F0000A14506D21AF018F86FF08905EBE70C24AA
:107F1000F6E721460AA8FFF7A5FE054610B1099825
:107F2000BBE700240998D0E90812B8F1000F1FD070
:107F300008EB040C4568A9EB04032D0A012D3AD087
:107F4000022D17D0002D9AD1CDE905370AAB009349
:107F5000CDE903BC3346CDE9014A18F08AFC10F1A3
:107F6000860F064612D1099819F0E6FF3546BAE7A2
:107F7000C446DFE7CDE905370AAB0093CDE903BC82
:107F80003346CDE9014A18F074FC0646099819F009
:107F9000D3FF0546002EE9D10028A4D124B1224602
:107FA00040460AA921F03DF83B681C4428463C6045
:107FB0000FB0BDE8F08FCDE905370AAB0093CDE9EE
:107FC00003BC3346CDE9014A18F0F8FBDDE700BFFA
:107FD0000010C00400FF4004000180040013C0042E
:107FE000002307B51A460091024919F09CFD03B021
:107FF0005DF804FB84E9020810B5114C237858079A
:1080000044BF23F0040323702378990705D500F0BB
:108010009BF8237823F00203237063781BB10023BD
:10802000084A636053600023082106486370FFF725
:10803000F1FC2378DA0744BF23F00103237010BD5D
:10804000481700204C17002038B51E4C6278237862
:10805000022A01D1072B11D0DD0712D5237898070A
:1080600007D400F069F82378054643F00203237033
:1080700078B962782378CAB15A071FD500252846F7
:1080800038BD18F0BEF8054630B1237843F001033F
:108090002370FFF7B1FFF2E718F0BCF8237805462C
:1080A00043F0010323700028F3D1D7E7D907E3D5C4
:1080B000054962604A6002226270DDE743F0040312
:1080C0002370DBE7481700204C17002000F14043E5
:1080D000032B70B505460E460CD82822154C02FB22
:1080E0000344237E022B02D16369834218D06FF0D0
:1080F0008B001AE0012119F0F9FEB8B10D4B0022F6
:108100001C46197E022902D15969A94205D00132C3
:10811000042A03F12803F4D1E9E7282303FB0244EE
:10812000204619F0D6FE00B9346070BD6FF08700AC
:10813000FBE700BF541700200122024B002083F808
:10814000A0207047541700202DE9F0410A4C00256B
:1081500026464FF0010803272046C4F81C802776E6
:10816000013519F0D9F9042D04F12804F4D10023C4
:1081700086F8A030BDE8F08154170020F8B51E4DF8
:10818000064695F8A0300F4683B300242B462246BE
:10819000197ED1B13CB9022905D1D96919B919792A
:1081A000002918BF1C460132042A03F12803EFD12D
:1081B00014B96FF08C0006E0204619F08AFE2046C4
:1081C00019F0AAF910B100240EE01C46237E83B9F1
:1081D000012323763EB1651BED1003F1CC335D43E3
:1081E00005F18045356000203C60F8BD6FF08800E7
:1081F000E9E76FF09600E6E754170020F7B5002690
:108200002C4B0E6093F8A03007460D46002B4ED045
:10821000FFF75CFF10F18C0F044645D1294630462C
:10822000FFF7ACFF044600283ED101232E68CDE9BC
:108230000000694630467761736001AA19F0FFFEBD
:10824000044670B1DDE9000119F0F7FE286819F065
:1082500063F914F18C0F08BF6FF0870400232B60C3
:1082600022E0DDE90012304619F0D9F80446DDE9D4
:10827000000119F0E2FE002CE8D128688368D904D7
:1082800044BF43F48063836083689A0444BF43F42B
:1082900000638360037E012B04BF0223037619F081
:1082A00018FE04460028D9D1204603B0F0BD6FF077
:1082B0008804F9E75417002030B40D4D2C681C6079
:1082C0006C685C6000249C605468DC6014881C82CC
:1082D00054885C8294685C61D4689C61126930BC8B
:1082E000DA6119620A46014603F1240020F099BEC2
:1082F00088E902082DE9F843232904460F469146F0
:108300009846089E04D86FF098052846BDE8F88383
:108310000822194920F053FE05460028F3D1A3682E
:10832000002BF0D1216A243F8F42C8F80010EAD315
:10833000B1F5005FE7D271B9C9F80000E368736076
:10834000238A3380638A73806369B360A369F360AF
:10835000E3693361D9E7012018F0B6FDC9F80000E0
:1083600030B1D8F8002004F1240120F05AFEE5E7EE
:108370006FF08C05C9E700BF88E90208014B18704F
:10838000704700BF10310020F7B505466B46164612
:10839000174A0C461068516803C395F858300833E3
:1083A0006B4413F8087CB5F85030DA0609D433462C
:1083B00022463946284619F0EAFE00F5FA7003B065
:1083C000F0BD204621F030F8B5F8503000F10A0435
:1083D0009B074FEAC40405D0304621F025F804F588
:1083E0000C740444E823781E584304FB0700E4E7B8
:1083F00090E902089022174B10B51C68002102FB7F
:108400000044204620F005FE134B04F108001B68D1
:108410000021DB7863751BF018F94FF00823E36443
:108420001323A4F85030236A0C4A43F01303236249
:108430004FF60773A4F85830FF2384F85A30084BDE
:108440002046C4E91B32C4E91F32BDE8104019F0D0
:10845000C5BE00BFF8170020B41A002055555500BE
:10846000D6BE898EF0B5104B02461E6893F804C044
:1084700035464FF0FF3400239C4508DC91B1631C66
:1084800010D0902303FB046080F85920F0BD95F8CC
:10849000597028469742F9D0FF2F08BF1C469035E7
:1084A0000133E9E70020F1E7F817002070B5044632
:1084B000234D002842D0083001F010FD0026FF2394
:1084C00004F1280084F85930A66120F028FF04F157
:1084D0002C0020F024FF04F1300020F020FF04F1F4
:1084E000340020F01CFF04F1400020F018FF286841
:1084F000144B201A00115843C0B219F003FE014674
:10850000304619F0FAFDE06B10B100F0F3FFE663BE
:10851000606C18B119F003FE00236364A06C19F0BD
:108520003DFE0023A36470BD286806FB0400FFF72E
:10853000BDFF01342B79A342F6DCF4E79026F9E77E
:10854000F8170020398EE338F7B504461CF070FEAA
:10855000C0F30F23542B3ED9AA2B34BF012302238F
:10856000C0B27E288CBF0222012203218DF8043084
:108570001344B3FBF1F000EB40001B1A8DF80530FB
:108580001344B3FBF1F202EB42029B1A8DF8063062
:10859000002318461D461A46104901AF4B7517F8BF
:1085A000016B44FA06FC1CF0010F06D053009E40FC
:1085B000012330430132C0B2D2B20135EDB2032DF6
:1085C000EDD103B148754B7D43EA82134B75FF2310
:1085D0000B7503B0F0BD0023C2E700BFF817002001
:1085E000064B1B68D97ADA78437D5B1A9342A8BFA1
:1085F000DAB20021427519F030BE00BFB41A002073
:10860000034611B1012914D07047027D22F00802FF
:108610000275094A407D1168CA7A897802448A4203
:10862000D8BFD1B29A6959752AB10121184619F0FB
:1086300014BEFFF7D5BF7047B41A00202DE9F041F2
:108640000025354E8AB03379AB4203DC01200AB0F5
:10865000BDE8F0819023346803FB054494F8593059
:10866000FF2B0DD0236A980106D504F1400840463F
:1086700020F0D2FE074628B9226A12F0A06F1ED160
:108680000135E0E7BB7908A90C333B44D8689A7AF6
:108690001B8AC2F38012ADF8243000238DF81F200E
:1086A00008901A460DF11F0019F07EFD38469DF81E
:1086B0001F2094F8591008AB1BF067F8D7E7B4F8FF
:1086C00050301D2B18D13C23FF210020CDE904316F
:1086D000CDE902000121CDE9000004F16203C2F3FB
:1086E00080221BF006FB0028B1D04FF0A06104F1FE
:1086F000200019F020FDC3E712F0807F08BF3C2165
:108700004FF0000218BF432194F8573094F85900F5
:108710001BF092F9E7E700BFF81700202DE9F041C0
:108720001F46836904460D4616468BB169B924F08D
:108730003CF906462946A06C19F02BFD2046294637
:1087400019F073FD304624F02BF90020BDE8F081CC
:108750000029FAD0036A03F01203022B00F0BD8057
:10876000236ADD0700F1C18094F85930FE2B0CD14B
:1087700004F15B001CF0F6FC1CF0EDFC28B14FF49A
:10878000001104F1200019F0CEFC256A624B2B4049
:10879000B3F5807F00F0BC80A80531D5C5F38025F6
:1087A00004F1620800224146284619F003FD002129
:1087B00084F85A0019F00FFD41460022284619F0AE
:1087C000FEFCB4F8501020B194F95A00002880F251
:1087D00098804FF4007104F1200019F0ACFCB4F85B
:1087E000502002F00302012A0AD14146284619F01E
:1087F000E6FC28B14FF4006104F1200019F093FC6D
:10880000236AD90600F18280D4E90A122046FFF7D4
:10881000BBFD012F11D040F27123B4F84C205A4314
:1088200090420AD9B4F84E205A43904272D800F5CB
:108830001C70B0FBF3F0A4F84C00384BA36100238C
:1088400084F85730236A84F8567013F0100F0CBF69
:108850004FF48C778C27E16823F480322262216107
:1088600007F2631756B140F27121B4F84E3042F46A
:108870008032C3EB06134B4322626362236A43F4E4
:1088800000232362264B1B68DB78637524F08DF888
:10889000237D054643F0080304F10800394623759B
:1088A0001AF0D3FE012003F0DFFB28B9237D5A071D
:1088B0005CBF43F00203237526B11CF0FAFC636A27
:1088C0000344636220461CF03DFB284624F068F810
:1088D0000121A06C19F05DFC37E7C06A20F0A4FD0F
:1088E00000287FF43DAF0C2030E7E36B002B7FF4D2
:1088F0003BAF00F0ADFDE06300287FF435AF092009
:1089000024E701F0010119F066FC68E7054B95E7E3
:1089100012201BE7452019E7000120005F21020813
:10892000B41A0020218A000870B500249026094D51
:108930002B79A34200DC70BD286806FB040090F888
:108940005930FF2B04D000231A461946FFF7E6FEE4
:108950000134EDE7F81700202DE9F04304468F7944
:108960008BB00C370DF10409CD1901220E460DF123
:108970000300494619F029FCE36B8046039300236A
:10898000E363236AE879C3F300138DF8253029895E
:10899000F7591CF00EFD214B07441B6805975B79C6
:1089A00005F118026375012306928DF8103005F168
:1089B0000C03B8F1000F26D09DF80330CDF81C90C1
:1089C0008DF820309DF8252094F859308DF821300D
:1089D0000123EAB98DF8223094F884308DF82330E1
:1089E0006B7903A88DF8243000F03EFE1CF0FCFAF1
:1089F0000121204619F019FC304612F001FB01203C
:108A00000BB0BDE8F0830793AB7AC3F38013D7E7CD
:108A1000AA7AC2F340128DF82220DFE7B41A0020B0
:108A2000022810B50C4621D0032827D001282AD1CE
:108A3000084619F02FFE40F27121B4F84C30B4F81A
:108A40004E2094F85800D21AE36803F59C5308337B
:108A500001FB02332361FFF777FD0B4B204699683A
:108A6000A36ABDE810400B6003F0F6BD03F052FCB2
:108A7000844208D1BDE810401CF0B6BA0846BDE8F3
:108A80001040FFF7ADBD10BDF817002038B50A4DF6
:108A90000020FFF70BFDAB6813B100221A60DA80EB
:108AA0001AF0F5FE00242B79A34200DC38BD2046E5
:108AB000FFF7A0FC0134F6E7F817002070B52A4C48
:108AC0000546A06818B112F09BFA0023A360FFF7D7
:108AD000DDFF002019F01AFB55B903202571256030
:108AE000E58212F0FDF9207919F010FB28B970BD6C
:108AF000022020F0D8FDA06048B90025A0682571AB
:108B0000256060BB002019F001FB0720EFE700267D
:108B1000032025712660E68212F0E2F9B542E2DD1B
:108B200005EBC501090133460122032089B212F089
:108B300093F906460028E0D1032012F0F3F92060F3
:108B40000028DAD0902231466A4320F062FA237975
:108B5000B342C8DD3046FFF74DFC0136F7E712F0AF
:108B60004FFAA560CEE700BFF817002006222DE9D6
:108B7000F341354B06469C688846A5790C35635D04
:108B8000671903F04F036355B0F850307A70103B0B
:108B90000D2B31D8DFE803F055305107300C303061
:108BA00030303030300C635D6FF30303635523E0E6
:108BB0000123625D006A63F3030262550C2210F424
:108BC000006F7A7006F1620107F108020CD0019281
:108BD0004FF0FF32C0F3802000921A4619F0EDFAF0
:108BE000635D43F08003E1E7D6F86230BB608B88B9
:108BF0009380336A5B05F3D4B6F85020635D30464A
:108C000062F345136355B91C19F0C9FD635D60F348
:108C100086136355A3797A7802331344E371B6F867
:108C2000503003F01403142B04D0B8F1000FC4BF6C
:108C300042447A7002B0BDE8F081635D62F30303E1
:108C4000B4E70222635DF9E7F81700202DE9F0434D
:108C50008B7906460C33CC18237985B0DA0737D5E3
:108C6000E77A252F34D8484B9A6893790C33D1187A
:108C7000D35CA27AC3F38013B3EBD21F28D1056A69
:108C80000622EB064CBF0231043104F1120020F041
:108C900096F9E8B994F80A9019F093FA05F4C045EA
:108CA00080F001032A1EC9F3801904F10C08414623
:108CB00018BF01224846DBB21CF085FB014650B1CB
:108CC000A37A03F00F03032B1BD1336A980712D446
:108CD0004FF0FF3012E019F07AFA0028F8D1A37AA9
:108CE00003F00F03002DEED0032B85F4C0451CD1FB
:108CF000A904EDD5E9E70C2FEAD1032005B0BDE8C2
:108D0000F083052BE4D1306AC207E1D500F01403EB
:108D1000142B0FD0012202A90DF1070019F055FA0A
:108D200008BBA17AC1F3801121E0052BD0D16B04DF
:108D3000E9D4CDE706F162052946C0F3802019F099
:108D400035FA0028E6D1A27A336AC2F38012C3F35F
:108D500080239A42BCD106222946404620F02FF9B2
:108D60000028B5D1D6E79DF807100DF10808404658
:108D700000F0E2FB0028ABD104F1180019F0C3FCAD
:108D80000028A5D00520B9E7F817002038B504461B
:108D9000D0F8A00010B9D4F8A400D0B194F83051A4
:108DA00020F0EEFA81B2063128461CF002FB83B2B5
:108DB00040F271200849B4F87820098E42434143BB
:108DC0008A42B8BF0A4603F548709042B8BF1046C1
:108DD00038BD0346ECE700BF1018002030B5174B34
:108DE000826A1B681206597926D5028F1C79436B5B
:108DF0001203B2FBF3F2631AB2FBF3F2B0F89C3049
:108E000003B1013BD0F8A05005B15B101B02B3FBCE
:108E1000F2F35B180CD090F895200F2A08D91209AC
:108E2000B3EB820FB8BF00234FEA8201A8BF5B1AE1
:108E30009C42A8BF1C46E1B2417530BDB41A002067
:108E40002DE9F0411A4C06462368A3B92EB100253E
:108E50004FF4A478EFB2B74211DB0020BDE8F081F7
:108E60002068013507FB030019F03FF9A27EEBB241
:108E70009A42F5D8EAE700254FF4A477F6E7206890
:108E8000013508FB070019F02EF90028E2D0002573
:108E90004FF4A47605E0206806FB050019F025F9DB
:108EA0000135EBB2BB42F6D341F20700D6E700BF73
:108EB00010180020084B9A7E82420AD94FF4A472FF
:108EC0001B6802FB0030836A13F0100F08BF0020FC
:108ED00070470020704700BF10180020084A094959
:108EE0001368C31AD810002B01FB00F005DB937E3A
:108EF0008342D8BF4FF0FF3070474FF0FF307047CC
:108F000010180020199C8FC170B504460E4623F03E
:108F10004CFD3146054604F1300019F069FC20464D
:108F2000FFF7DCFF01218140054819F061FC4FF497
:108F3000807009F061FD2846BDE8704023F030BD27
:108F400038180020F3292DE9F84304460D468C4ECD
:108F50001ED1738C5BB9A36813F4601F6ED0238F8E
:108F6000626B1B01B3FBF2F3F32D9FB225D12046B8
:108F700019F0C1FCB4F89C30002B38D1A26A984695
:108F800012F0800F0CBF3E22082284F8772030E0D8
:108F9000736959064BD5836A1A0748D5336900F1BE
:108FA000400143601BF0C6F8738C002BD3D0238F95
:108FB000626B1B01B3FBF2F39FB2618FB4F89C208C
:108FC0009BB25B1A9A423BDC736994F831019B07B0
:108FD0004CBF002102211CF046FA40F202237269C4
:108FE0009343C4D12046A4F89C7019F085FC4FF03F
:108FF00001082046FFF7F2FEFFF770FF87B2384600
:1090000019F0BEF88146384619F0B8F830B1384644
:1090100019F0AAF80021384619F0AFF8F32D04D062
:10902000A36A190701D5628F8AB9012334E0718CD4
:10903000238F626B00298ED01B01BBE773848EE700
:10904000B37F002BC9D0032194F83101C3E713F497
:10905000C05FEAD1726912F00C0FE6D140F2022330
:109060009343E2D1D4F8A430002BDED12046FFF7A1
:1090700035FF80B219F07CF80028D6D12046A18FA8
:109080001BF0E0F9031E69DD628F0132934265DC5B
:10909000012BCAD0013B9BB2A4F87C30384619F0B2
:1090A00065F8B4F87C301844A4F87C00384619F010
:1090B0005CF8236B5A0409D54FF4804104F1300069
:1090C00019F09EFB00212046FFF71EFFA58FB4F884
:1090D0007C302B44A387B8F1000F0AD0204619F04A
:1090E000C8FB204619F002F82046A18F1BF05EF85D
:1090F0008046384619F044F848450DD0A36A1B074E
:109100000AD43846A58719F031F8A38F013080B210
:10911000A4F87C001844A087A38FAB4202D2384643
:1091200019F02AF8B4F87C20B4F89C3094F8701048
:109130009B1AA4F89C3094F86F3002FB013325226F
:10914000B3FBF2F102FB113384F86F30B8F1000F7A
:1091500007D02046BDE8F84319F078BC638F01338F
:1091600099E7204608211BF05DF820460221FFF711
:10917000CBFE41462046BDE8F8431BF0EFBE00BFE2
:109180001018002038B500230C4D0446AB7720237F
:109190004FF400306B6104F099FA58B103F0D8F83D
:1091A000E862204619F051FB84F83101204619F09D
:1091B000B3FC38BD02F040FFF2E700BF10180020FA
:1091C000022810B50C462CD0032832D001283FD1FC
:1091D00091F8953008466FF3071381F89530FFF743
:1091E000D1FFA36A20461B0718D503F0CDFB04204E
:1091F00004F06CFA60B3174AD37F4BB392F8203077
:109200000133DBB282F8203092F824209A421FD832
:10921000BDE810404FF0806009F0EEBB03F0A0FD08
:10922000E5E703F077F8844212D1BDE8104003F07F
:109230009FBB91F895302046C3F30312013262F3CD
:10924000071381F89530BDE81040F321FFF77ABE8F
:1092500010BD00BF1018002008B504F0C3FAFB22AF
:10926000114B10F0020FDA7644F290229A830CBF71
:10927000012203224107197E48BF42F0040262F333
:10928000030119761A7EC2F3030161F307121A76FD
:1092900000229A621A61DA774FF480621A6203221E
:1092A00083F8242008BD00BF101800202DE9F843E2
:1092B000574C0546A06818B111F0A2FE0023A36028
:1092C000EFB2384619F0E0FA8046002839D1384626
:1092D00019F0E5FA0646A0BBFFF7B2FD8146022071
:1092E00011F0FEFD002D58D005EB850105EBC10105
:1092F000C90033460122022089B211F0ADFD0028D9
:1093000046D102204FF4A479A77611F00BFE314626
:1093100009FB05F220601FF07CFE2368681EF1B295
:10932000814209FB01F206F101062CDB00212846EF
:1093300099506360FFF784FD50BB384618F010FF6A
:1093400090B30025002019F09FFA002019F0A7FA29
:109350000020FFF775FD022011F0C2FD2846C4E988
:109360000055A57618F0FCFE284619F080FA28462C
:1093700019F079FA284618F0C7FE022011F0B0FD66
:109380004FF0070840E002F5A47119449950C6E770
:109390000023C4E90033A376D3E7C4E90055A576DA
:1093A000B9F1000FC9D0CCE7384619F060FA0028AF
:1093B000C7D1284618F0A8FE0028C2D1384619F0B7
:1093C00052FA0028BDD1384619F056FA0646002850
:1093D000B7D1002D18DD022020F065F90223A0602E
:1093E000C37183793146C3F102020C33D2B21844FF
:1093F0001FF00FFE0121A3689A7913441A7B61F3D1
:1094000001021A73FFF728FF4046BDE8F88300BF4A
:1094100010180020014B987E704700BF10180020E4
:1094200030B50A4B4FF4A4751A689C7E0023184689
:109430002832D9B28C4200D830BD05FB03F1515817
:109440000133490644BF0130C0B2F2E710180020D2
:109450002DE9F04123F0A9FA244D06466C6824B9A1
:1094600023F09EFA2046BDE8F0814FF4A4772368EC
:10947000D4F81C803A46002120466B601FF0C9FDDD
:10948000402104F12800C4F81C8019F0B1F93046DD
:1094900023F086FA0123237584F83031A3F10113F8
:1094A000A367EB7E2A8B84F84231AB8B0021A4F8B2
:1094B0004031072384F885300D4BA4F84421C4F8CB
:1094C000883003F1CE5303F59813C4F88C3041F67D
:1094D0001B33A4F890301B23A4F8867084F89230D4
:1094E00004F108001AF0B1F8BCE700BF1018002022
:1094F0004801480170B5044619F084FA04F10800E7
:1095000000F0ECFC23F051FA4FF4A4720546002160
:109510002046E6691FF07DFD064BE66153F8042FF7
:109520002AB928461C60BDE8704023F039BA1346BA
:109530001268F5E7101800202DE9F04106464FF4B7
:1095400080400F4604F0C2F8044630B90E4B1D6847
:1095500093F81A807135A04502D80020BDE8F0814B
:1095600055F8493CDA0609D5C3F38003BB4205D15F
:109570000622294630461FF022FD18B1013405F5B8
:10958000A475E8E70B20E9E71018002010B50446A1
:1095900010B9084B198610BDA0F87810A0F87A20F1
:1095A000FFF7F4FB2169E0602046BDE8104019F0A8
:1095B00030B900BF10180020B0F8943010B55A1C14
:1095C00062F30B030446A0F89430042004F07EF804
:1095D000C0B12046FFF782FC80B218F0C3FD78B11D
:1095E0004188094AD37F0B44DBB2D37792F821201C
:1095F0009A4207D8BDE810404FF0806009F0FCB9EE
:109600000121EEE710BD00BF1018002038B58B799E
:1096100005460B449B7D0C4603F00303032B09D145
:1096200001212C3019F0E4F84FF4006105F1280015
:1096300019F0DEF821460548A5601FF057FFBDE888
:1096400038404FF0005009F0D7B900BF1C18002077
:10965000014BD8769983704710180020014BD87EB3
:10966000704700BF101800202DE9F04FD0E90275B7
:1096700090F9181087B00291417E046890F8048038
:10968000D0F810A0037D427D90F816B090F81790A6
:10969000002940F0E680A9F1030101298CBF0226D0
:1096A000032603932B8984F89B202A4652F8101B2B
:1096B000BBF1000018BF0120C4F8281104F14401D7
:1096C000019305F08DFB20461AF0A5FD204619F008
:1096D000E8F81BF0CEFE49460246204619F0DBF8BA
:1096E000C82220460DF11601ADF8162019F0C6F873
:1096F0000022C4F83421AA88039BA4F82C21AA795B
:1097000084F82E21DAF80020C4F87120BAF8042079
:1097100004F1280AA4F875201BB10421504619F061
:1097200067F8BBF1000F04D04FF40051504619F018
:109730005FF84FF4607003F0C9FFC0F3C0134FEA45
:10974000831BC30548BF4BF0800B810548BF4BF41A
:10975000807B23F02AF94FF482610390504619F080
:1097600047F8594604F12C0019F042F8039823F009
:1097700017F9A8F10203012B75D84FF400215046C8
:1097800019F036F801212046FFF7BEFB04212046E0
:109790001AF048FD6B7D2046C3F3040384F8703053
:1097A0006A8952006263697B2A7B42EA01226287EE
:1097B000E97BAA7B42EA012222876A7D84F86F3026
:1097C000C2F3421284F83E2000220523A287012220
:1097D000A4F89C30A4F87C20029919F067F803F0F3
:1097E000FBFF20F40060C4E908012046FFF7F6FA09
:1097F0003A493B4AB1F822B008F0FD03BBF1000F33
:1098000066D1B3BB40F2C71B6760A26120460F61FF
:10981000FFF7BCFAB9F1010FE06005D049462046D8
:1098200084F8309119F0E4F904F10800594619F070
:109830000CFF012002F018FC28B9237D5A075CBFF9
:1098400043F00203237540F271216B892046013BEE
:10985000594318F0DEFF20461BF074FB07B0BDE84B
:10986000F08F01261DE7B8F1010F8BD140F20141C5
:1098700089E74FF4D77BA26140F27128019B760003
:1098800006EB430608FB06F6374440F6080150464F
:10989000676004F1400718F0ABFF394620461AF024
:1098A00049FC33463946204604F1340200F030FECC
:1098B000EB7901225B003946204608FB03F31AF0DE
:1098C0003FFC236C20469E08FFF760FA3044A1E776
:1098D0006760A261002BCFD198E700BF101800206D
:1098E000C191000870B51D46C36A04461B071646A1
:1098F00013D408212C3025F4105518F079FF25F0E9
:109900001005064B2D0433402D0C2046C4E90835C4
:10991000BDE870404021FFF7F7BA70BD2FCF87F741
:109920002DE9F04F85B004460191084689B34B7983
:109930009A071FD41FF078FD019D70B96B79DB0782
:1099400005D54FF4803104F1280018F051FF01A82B
:109950001FF0E5FC05B0BDE8F08FA36ADF0309D571
:109960004FF4803104F1280018F04AFF6B7943F07E
:1099700001036B71019E23F018F8737931469E073D
:1099800005461ED504F1AC001FF0BFFD284623F0AC
:1099900007F8DFF8909123F008F8A36A0746DD0581
:1099A00014D5D4F8AC3043B19A7913441B7B3A2BCD
:1099B00003D829FA03F3D80711D4384622F0F0FF70
:1099C000C8E704F1A8001FF091FDDFE794F94631E4
:1099D000022BF2DCD4E92A2372B9002BEDD004F17A
:1099E000AC001FF0BAFC0546384622F0D9FF2946E4
:1099F000204619F0B0FACEE7002BF0D194F892800F
:109A0000039304F1A80BD4F8A86096F807A0B379E3
:109A1000AAEB030A5FFA8AFAC24527DC58461FF010
:109A2000FBFC0546A8EB0A086B7929466FF3C303D4
:109A30006B7103A81FF05AFDD4F8A8302BB15B79E5
:109A4000990702D1B8F1000FDDD1039B002BB4D0F0
:109A50009B79022B40D800201FF025FE014670BBE9
:109A6000039904F1A8001FF050FDA6E700201FF0A5
:109A70001AFE054630B9039904F1A8001FF045FD10
:109A800003959AE78079B1790C300C314246314424
:109A900028441FF0C6FAEB7953FA88F3EB71B379D7
:109AA000727953FA88F3B3716B794FF0000862F35F
:109AB00000036B7173796FF300037371B4E7039B59
:109AC0004A79587960F300024A715A7903A86FF312
:109AD00000025A711FF014FDE36A9A0512D503982B
:109AE000034600680028FBD1DB79C3F14503DBB2F4
:109AF000032B07D81FF0D7FD01460028B0D003A8DC
:109B00001FF0F4FCD4F8A83013B15B79DB0704D55F
:109B1000039A537943F008035371384622F040FF0B
:109B2000039965E77C2C0200F8B50023124A02F184
:109B3000280151E8004F41E80035002DF7D10127F9
:109B400034B9BDB10D48294618F052FE2046F8BD83
:109B500094FAA4F0B0FA80F007FA00F624EA0604BA
:109B6000FFF7A8F90028EBD019F083FA0028E7D115
:109B70003543E5E70120EAE71018002038180020F7
:109B80002DE9F74F04460190002862D0C5794FF0C7
:109B900000080C35054422F008FF464600904FF4BB
:109BA000A47A40462C4FBA7E5FFA88F94A4517D905
:109BB0000AFB09FB3A685A44916ACB0646D5B2F8CB
:109BC0009420C2F30B02002A40D0E279C2F1450290
:109BD000D2B2032A17D802201FF065FD044650B9FF
:109BE00000230098FB7787F8203022F0D9FE30461A
:109BF00003B0BDE8F08F014601A81FF077FC0020FC
:109C0000E5790C35254404220123002112FB0033A1
:109C100005F82090E9543B6802FB005C5B44B3F814
:109C2000943001368CF80230032312FB0032A95421
:109C30003B6801305B44B3F89420C0B261F30B027F
:109C4000A3F89420E379F6B20433E37108F1010834
:109C5000A9E70646CBE700BF10180020F7B5684615
:109C600005F0B2F800254FF4A477124EB37EAB4254
:109C700001DC03B0F0BD346807FB0544A36A03F0C0
:109C80001803102B13D10522694604F145001FF07B
:109C900096F960B1012120461AF078FC38B901200C
:109CA0001FF001FD014610B1204601F069F80135B1
:109CB000DCE700BF101800202DE9F74F22F075FEF9
:109CC000424BDA6800920022DA6022F069FE009BC3
:109CD00013B903B0BDE8F08F68461FF03EFB8279F0
:109CE000876802F10C04044401460190A07A0A320C
:109CF00010F0200F14BF0320022002448A71FA6A78
:109D000052050FD5E07AA27A42EA0022384619F0CD
:109D100084FC38B901A81FF002FB3D21384619F038
:109D200087FBD4E7BA6A94F80AB012F4007201997A
:109D30000BF0030013D003288A79EBD10A44127B7D
:109D40003A2AE7D8224B23FA02F2D307E2D54A791E
:109D5000384642F002024A7100F0ECFCB7E70328F3
:109D6000F5D048790BF0030B62F3410048710846C7
:109D700094F8069094F905A01FF056FB019D064645
:109D8000AC793846063CE4B2AC71FFF7A7F80C3466
:109D9000C0F3032305EB040843EA0B1388F80330F0
:109DA0002B46F6B288F80200A8F8046005F804A073
:109DB00088F801905A796FF341025A711B68002BA1
:109DC000F8D1284619F011FD81E700BF10180020D6
:109DD0007C2C0200012838BF0120012938BF012155
:109DE000024B83F8210083F82410704710180020DC
:109DF000104B1A7842F0F0021A701A7C42F0F0020E
:109E00001A7493F8202042F0F00283F8202093F88F
:109E1000302042F0F00283F8302093F8402042F0E6
:109E2000F00283F8402093F8502042F0F00283F8CB
:109E300050207047441800200368054A23F07F63D0
:109E400023F4002302EAC14213430360704700BFBA
:109E50000000F80FF8B54488054604F00704072C05
:109E60001C4E28D122F0A1FD00221101735C06EBEB
:109E700002171B090F2B0AD00132062AF5D1164A08
:109E800013880133138022F08BFD1920F8BD2B6855
:109E900094B27B801123735422F082FD1BF009FAE7
:109EA00006EB0413D8602B68002023F4E02343EA78
:109EB00004432B60EAE72301F15CC1F30312013292
:109EC00002F00F02052A28BF002262F30711F154A5
:109ED000E4E700BF441800202A24002038B5448855
:109EE000054604F00704072C0FD022F05EFD074A58
:109EF0002401135D43F0F00313552B6843F4E02372
:109F00002B60BDE8384022F04BBD38BD441800201E
:109F10002DE9F0474588074605F00705072D8946D6
:109F200037D01D4C4FEA051814F808601BF0C1F932
:109F300004EB051ADAF80C30360906EBC506C01A30
:109F400004EB4606708014F8083003F00F02042A70
:109F50009EBF013262F3030304F80830B9F1030F26
:109F600014D114F8081004EB0514A01C01F00F0123
:109F70001AF00CFF044622F018FD3A68074B134014
:109F800023433B60BDE8F04722F00ABD4FF6FF7463
:109F9000F1E7BDE8F08700BF441800200000FF7F14
:109FA000064A08B59268824207D0427922F003023D
:109FB00042F00302427108F079FD08BDA4180020A8
:109FC00010B5064C20461FF0AAF9201D1FF0A7F976
:109FD00004F10800BDE810401FF0A1B9A41800204A
:109FE00010B502201FF05FFB034C606002201FF0E1
:109FF0005AFBA06010BD00BFA418002008B5FFF7F1
:10A00000DFFF0022024BDA60BDE80840FFF7E8BF3F
:10A01000A4180020014B5868704700BFA418002006
:10A02000014B9868704700BFA418002038B50C4C4D
:10A03000E3681BB1E36898470023E36023686BB1D2
:10A0400007481FF08AF9054640B123681BB14FF05D
:10A05000004008F0D1FC284619F0A6FF38BD00BF2B
:10A06000A418002010B5084CE0604FF0004008F044
:10A07000C3FC00BF00BF00BF00BFE3681BB1E368C3
:10A0800098470023E36010BDA418002038B58379F9
:10A09000044603445B7B13F0300F437923F0030342
:10A0A00008BF43F00103437122F07FFC05462146BF
:10A0B00005481FF01BFA4FF0004008F09DFC2846B1
:10A0C000BDE8384022F06CBCA41800202DE9F04116
:10A0D000234F00217C68FE20A679FEF7C3F90546D0
:10A0E00001F03AFB40B10C22B8680023BDE8F04112
:10A0F00042F2050119F0BCBA01F06EFB0028F2D162
:10A100000C363444237AE61C9B09022BEBD0012B3E
:10A1100018D9237AA11C03F03F02073443F0C0038F
:10A1200011F8010F8C4242EA000203EA0003F7D162
:10A13000002AD8D0FF2BD6D055B930461AF0DEFF12
:10A140000022D1E731461AF0EDFF0028E1D0CAE73E
:10A150003146284618F081FA0028EED1C3E700BF47
:10A16000A4180020F0B5184E85B07568AB790C3393
:10A170001D4403F037FBB5F80920B5F807108A42F3
:10A180001FD8032A1DD903291BD96F79CFB1C0432A
:10A1900060F0050010EA070413D1EB78A879CDE947
:10A1A00001742C79009401F08FFA00280CBF0C2266
:10A1B000002242F24101B06805B0BDE8F04019F05C
:10A1C000A8BA1122F5E700BFA418002010B50D4C65
:10A1D000626893790C331A441179D078003918BF2A
:10A1E00001210038B2F8073018BF0120B2F805206D
:10A1F00001F074FD42F242010246A068BDE8104041
:10A2000019F087BAA418002010B5084C606883794B
:10A2100018440F301AF056FF0023A0681A46BDE814
:10A2200010404FF6284119F023BA00BFA4180020AF
:10A23000242816D80F2805D802280CD8B0FA80F0A8
:10A2400040097047084B103880B2C34003F0010347
:10A2500083F0010070470538012894BF00200120D9
:10A2600070470120704700BF2D2011002DE9F04FED
:10A2700095B0FFF7CFFE42F23603867905460C36DD
:10A2800030F80680841998450ED1FFF7C3FE0221ED
:10A290001FF015F87F22A3780233A370AA5500237C
:10A2A00020222377627063770121E078FEF7DAF8E5
:10A2B00000230646002800F0D280CDE91233E28860
:10A2C000237AADF848208DF84A30B4F80920E37AB3
:10A2D000ADF84C208DF84E30A288E37802F01C01D6
:10A2E000FE2B4FF6FF7308BF4FF480431C2925D087
:10A2F000DDE9120188421DD900251126FFF790FEE5
:10A30000012332464146ACB219F0B2F9002DCCBF60
:10A310000534053C24B2002E40F0A4800A2394FBAF
:10A32000F3F4E4B2FFF77CFEC3791844C47215B0AD
:10A33000BDE8F08F1F28DFD99942DDD8D206E77D2E
:10A34000657E04D5012F16D000251226D6E7012FF1
:10A3500074D0032FD0D16B1EDBB2022BCCD803F00C
:10A3600041FA04270742C7D0032D08BF042528401F
:10A37000C0B20028C0D0E07817F007FF20B1A08855
:10A38000FFF756FF0028DFD0374A237F1278002AD4
:10A390005CD0042BD8D8637F042BD5D8A388DB06E8
:10A3A0005BD41BF066F80121C822084004F0E2F9F2
:10A3B00094F91630B4F804E003EB8303B0EB430FD9
:10A3C0004FEA4302637B677E0F93A37BE188109380
:10A3D00004F10F031193637F94F80C9094F815A087
:10A3E00094F818B00546E07DC8BF15B2B4F809204E
:10A3F0000C93237F03280B93E37E08BF0420032FD5
:10A4000008BF0427003B18BF01230A93A37E1FFA4D
:10A4100085FCCDE90873119BCDE9060B0293109BD7
:10A42000CDE904ACCDF80C9001930F9B304600931E
:10A430005FFA8EF317F062FF06465FE76B1EDBB232
:10A44000022B3FF659AF03F0CDF98BE7002B7FF4D9
:10A4500053AF637F002BA1D04EE70020A3E7054652
:10A4600007264BE700245DE79A2B0020F8B5074646
:10A4700001200D4616461FF016F90446C0B106220B
:10A480000C2119F017F9691EC9B2032988BF0022EF
:10A49000A37998BF074A03F10C0398BF525C234489
:10A4A00020469F80DE70DA719A71FFF779FD0120F6
:10A4B000F8BD00BF98E90208F8B5FFF7ABFD837956
:10A4C0001844B0F80F60B0B2FEF7F4FC0446C0B117
:10A4D00018F005FD0138C0B2032814D800270B4B33
:10A4E0001C5CFFF79DFD054604233A4642F230010D
:10A4F00019F0BEF8AB790C33E818C68004724472C8
:10A50000F8BD0227EDE700242746EAE798E90208AC
:10A510002DE9F0411D4690460E46074601F0CAFF60
:10A5200001F0C2FF044698F80A0001F0BDFF1A4B83
:10A5300004449D4225D9194B9D4215D9184B013D24
:10A5400093FBF4F3002BB8BF03339A1005EBA3057C
:10A55000B5FBF2F379683268A1EB930102EB430299
:10A5600079603260BDE8F0810E4B0F4AA3FB0553C2
:10A570005B0904FB03F303F6C313A2FB0323DB0A0B
:10A58000E8E704FB05F3094A03F574338F33A2FBB4
:10A5900003231B0CDEE700BF4C6210001366660647
:10A5A00040420F001F85EB515917B7D183DE1B4383
:10A5B000024B1A6802601860704700BFB81800208C
:10A5C0000022024B1A6000F045BA00BFB818002004
:10A5D0002DE9F843064618F0A9F90446002835D0BD
:10A5E00045784DB922F0E1F9237863701B4B1B6865
:10A5F0002570636022F0D4F94FF00108677837B90D
:10A6000023781BB34FF4007008F0F6F91EE097FAB8
:10A61000A7F5B5FA85F508FA05F55FFA85F96368D7
:10A6200033B90E4B27EA050565701B686360E5E7E3
:10A630009B681BB963681B686360F0E74946304656
:10A640009847012805D163681B6863600120BDE855
:10A65000F8830228EED10020F9E700BFB8180020E7
:10A6600070B500250D4EFEF7D5FEA84201D8012099
:10A6700012E03068FEF71EFC50B93468FEF7CAFEDF
:10A680000134B4FBF0F303FB104401353460EAE716
:10A69000FFF79EFF0028F0D170BD00BFB418002066
:10A6A00010B50446837903441B7B3A2B96BF044ABA
:10A6B000FF21D15C1EF003FEA0790C30204410BDB8
:10A6C0009CE90208F8B5174606460C461D4618F0E8
:10A6D00025F9020713D50221304618F064FE70B147
:10A6E0001121204619F0B6FD2046FFF7D9FF45702D
:10A6F000877021463046BDE8F840FFF711B92920A0
:10A700000B49C5F12002A5F12003E94000FA02F24D
:10A7100020FA03F311431943CB07E1D40D2120465E
:10A7200019F098FD2046FFF7BBFF4770E1E700BF37
:10A73000000040842DE9F34105460C46019118F0D4
:10A74000E5F8830605D501A81EF0E9FD02B0BDE8D5
:10A75000F081019FBE790C36BB5D3A2B18D8164AA2
:10A7600012F80380B8F1FF0F12D038461EF05CFEDD
:10A77000013840450CD1114B1E6896B92146284638
:10A78000A37923441A7B02B0BDE8F04119F076BDED
:10A7900001981EF0C4FD2846BA5D019919F06EFDBE
:10A7A000D4E773680BB93668E7E72146284698472F
:10A7B0000028F8D0CAE700BF9CE90208B8180020BA
:10A7C00037B504460D46202118F0A2F82946204648
:10A7D00018F0F0F82146012019F0F7FD214600207D
:10A7E00019F0F3FD012000232146034A009019F0DF
:10A7F0007DFD03B030BD00BFA941020837B5044656
:10A8000019F061FF0321204618F0D7F80025034610
:10A8100021460120034A009519F068FD284603B03F
:10A8200030BD00BFA14502082DE9F34104460D46A5
:10A830000146012018F061F801210746284619F069
:10A8400009FD2846FFF72CFF064600F101084046A7
:10A8500004F0BAFAD6F801300221C7F81230737941
:10A860002046BB7518F0A9F829460746F080204617
:10A8700019F0EEFC20232146009301203B46034AB9
:10A8800019F034FD002002B0BDE8F08187460208CF
:10A890007FB504460D4619F00AFFD8B3204618F0DC
:10A8A0003DF8430715D5002320461A460DF10F0148
:10A8B00018F0FCFA9DF80F30062B0AD8284610F045
:10A8C0009FFB012200232046FFF70CF8002004B074
:10A8D00070BD0E21284619F0BDFC2846FFF7E0FEAA
:10A8E000064602F079FFC6F8051002F075FF29460A
:10A8F000C6F80100204619F0ABFC0321204618F0F1
:10A900005CF800220346009221460120024A19F019
:10A91000EDFCDBE70821DDE7A5450208F7B50D46AC
:10A920000446174619F0C3FE80F001002146C0B26C
:10A9300017F0E3FFC668012DB37907D03A462946E0
:10A94000204603B0BDE8F04019F0DCBE0C332046D1
:10A950001E44FEF7C3FA718980B217F014FC10226E
:10A960007389214600920020024A19F0BFFC284654
:10A9700003B0F0BD054702082DE9F74F07468846AA
:10A9800017F0CCFF10F480165DD102201EF08BFE74
:10A990000546002859D098F8063031460C33434418
:10A9A000B3F80490B3F806B0B3F808A019F052FC5D
:10A9B0002846FFF775FE02210446384617F0FDFFD2
:10A9C000A4F804906081A4F806B0A4F808A01AF0D6
:10A9D0002FFC09F10109B0FBF9F303FB1900022375
:10A9E00060806370AB7988F80630EA7903F10C0077
:10A9F00088F80720D21AD2B2291840441EF011FB61
:10AA00003946012017F079FFC0F80C803846FEF770
:10AA100065FA618980B2013917F0B5FB10226389AC
:10AA20003946012000920A4A19F060FC4FF4803147
:10AA3000384617F075FF3846294619F009FC3046AC
:10AA400003B0BDE8F08F2320FAE70720F8E700BF46
:10AA50000547020810B5054C054A2046054919F07E
:10AA600090FD2046BDE81040FFF7A2BDBC180020B5
:10AA700091470208E1AB0008F7B58B7904460C3327
:10AA8000CE18CB5C0D46023B0F2B00F2A080DFE816
:10AA900003F0089E9E9E9E739E829E9E2C689E9EA4
:10AAA0009E4F21F082FF71780746204617F082FF03
:10AAB0002021204617F02CFF2146012019F085FCAB
:10AAC0002146002019F081FC012300930023214638
:10AAD0001846404A19F00AFC284610F091FA384608
:10AAE00021F05EFF012003B0F0BDB3887288717859
:10AAF00018F0C2F9204617F011FF830708D4294641
:10AB0000204619F0E0FD0121204619F08BFBE9E712
:10AB10002146012017F0F1FE2F4B82689A4203D1A3
:10AB20002146012019F021FC284610F069FAEAE7D5
:10AB300077780846B67810F063FA162F05D13246BA
:10AB4000032120461AF026F8CCE72146012017F011
:10AB5000D4FE8368002BC5D0324603212046984797
:10AB6000C0E70146012017F0C8FE07462846767860
:10AB700010F046FABB68EDE70146012017F0BDFE74
:10AB800007462846767810F03BFABB68002BA9D020
:10AB900032460421E2E70146012017F0AEFE0F4BDA
:10ABA00082689A4203D0284610F02AFA9AE7D6F82B
:10ABB0000120D6F805302046FEF794FE284610F016
:10ABC0001FFA2146012019F0D0FB02219CE700204A
:10ABD00089E700BFBB460208A1450208A545020857
:10ABE0002DE9F3410D46044619F061FDAB790028CB
:10ABF0007DD00C3315F80380EE18B8F1010F53D057
:10AC0000B8F1080F4BD0B8F1000F63D1204671891D
:10AC100019F05AFBB38872889A4294BF07460027FE
:10AC2000092B38BF09237278013B9BB29A421BD88B
:10AC3000002A08BF00272046FEF750F91FFA80F8C7
:10AC4000404617F08FFA88B14388B18800930846D0
:10AC5000F388328919F07EFA50B9284610F0D0F9FD
:10AC6000012002B0BDE8F0814746E4E70123ECE7AC
:10AC7000002FF2D02146002017F03FFEC5607189F9
:10AC80004046013917F07FFA102273890092013B88
:10AC90001B4A9BB22146002019F028FBE0E7294619
:10ACA000204619F0A2FCDBE72046F18819F00CFBE6
:10ACB0000746701C1AF0EFFB0028CED0002FCCD036
:10ACC0002146002017F019FE2023C5600093F38869
:10ACD0000C4ADFE7294620461AF046F80028BFD183
:10ACE0002946204602B0BDE8F041FFF7C5BE2B441F
:10ACF0001B7B0E2BD3D0294620461AF024F8EDE713
:10AD00001DA900083F46020838B504460D4617F055
:10AD100005FE42070FD4204617F000FE83070AD431
:10AD20002046022117F0FCFD29462046BDE83840A8
:10AD3000034A19F0BBBB284610F062F9002038BD69
:10AD4000FDA7000838B504460D4617F0DFFD00F0FA
:10AD5000180010280CD1204617F0E0FD10F4C02F89
:10AD600006D129462046BDE83840044A19F09EBB6A
:10AD7000284610F045F90C2038BD00BF79A900081D
:10AD8000014A19F093BB00BF29A8000870B5054619
:10AD90000C460146012017F0B0FD0646284617F084
:10ADA000BDFD020704D5204610F02AF9002070BD31
:10ADB00033685B05F7D4284619F079FC40B1214689
:10ADC0002846FFF7A1FF18B91EF06DFC044670B1CC
:10ADD00056E8003F43F4806346E80032002AF7D18A
:10ADE00021462846BDE87040024A19F05FBB0720A3
:10ADF000DDE700BF91A8000873B504460E4617F0C2
:10AE000085FD00F0300010284FF0020031D11EF017
:10AE10004AFC054678B34379022143F002034371AB
:10AE200019F018FA2846FFF73BFC294646702046E1
:10AE300019F00EFA1621204617F0BCFD20212046FD
:10AE400017F066FD2146012019F0BFFA21460020C7
:10AE500019F0BBFA204619F05EFB0121204617F0DD
:10AE6000ACFD0346012021460090044A19F03EFA49
:10AE7000002002B070BD0720FBE700BFCF450208ED
:10AE80002DE9F04387B004460E4617F047FD00F465
:10AE9000C060B0F5C06F06D102201EF004FC05466C
:10AEA00010B9072054E000252146012017F025FDA8
:10AEB000814696F8068000F1120208F10C08B044B1
:10AEC00008F10F0308F11F0153F8040B8B4242F8FD
:10AED000040BF9D10321304619F0BCF93046FFF7D5
:10AEE000DFFB0A22074608F1050101301EF077F862
:10AEF0000C210DEB010000F037FB03AB03CBC7F8CF
:10AF00000B00C7F80F10059B07F10B02C7F81330B1
:10AF10000DB30A21284619F09DF92846FFF7C0FB1A
:10AF20002946204619F094F94FF480712046C9F85B
:10AF30000C6017F0EDFC0321204617F03EFD0025C4
:10AF40000346214601200C4A009519F0CFF9284606
:10AF500007B0BDE8F083204607F11303012118F084
:10AF6000BBFA2046314619F073F92046C9F80C5057
:10AF700018F0CEFADFE700BFD3470208F0B589B07A
:10AF80000D46044619F01FFCAB79002800F0A380A1
:10AF90000C33EA18EB5C033B082B00F23881DFE846
:10AFA00013F00900360136018400360136013601FE
:10AFB0005D007E00D2F80100D2F8051003ABB2F8B4
:10AFC000097003C302F1130301210B32204618F06C
:10AFD00083FA0421284619F03DF92846FFF760FB63
:10AFE00006460C2105A800F0BFFA05AB03CB33469B
:10AFF000C6F80100C6F80510079A002143F8092F8A
:10B000002046721C18F068FA2146002017F075FCE3
:10B01000034603AA478303CAC3F81200C3F81610F5
:10B0200020460821FDF770FF4FF40071204617F00D
:10B030006FFC204618F06CFA2946204619F008F9F2
:10B040000321204617F0B9FC034600202146714A2F
:10B05000009019F04BF9012009B0F0BD0B212846F2
:10B0600019F0F8F82846FFF71BFB2946204619F08F
:10B07000EFF821F09AFC05464FF44071204617F096
:10B0800047FC4FF48051204617F04AFC284621F037
:10B0900087FC4FF48061204617F045FCDBE728462B
:10B0A0000FF0AEFF4FF40071F5E70621284619F0C6
:10B0B000D1F82846FFF7F4FA204617F008FF294692
:10B0C000204619F0C5F8204618F048FA214600201D
:10B0D00019F04BF9BFE72B441B7B043B072BBBD874
:10B0E00001A252F823F000BF09B100082FB10008F7
:10B0F00091B1000859B0000859B0000859B00008D3
:10B1000059B00008A7B1000820464FF4007117F0AD
:10B11000FFFBAA7920460C322A4402F109030021E0
:10B12000013218F0D9F928460FF06AFF93E74FF47F
:10B13000806002F0CBFAB0B100274FF400612046E6
:10B1400017F0E6FB2046CDE90577FDF7C7FE06467A
:10B15000204617F0D9FB39460346009505AAB0B240
:10B1600018F0B1FE77E72146012017F0C6FB00F189
:10B170001201204618F007FA0621284619F06AF84D
:10B180002846FFF78DFA2946204619F061F862E754
:10B1900028460FF035FF2146012019F016F9204608
:10B1A00018F0DCF957E721F000FC06464FF4007177
:10B1B000204617F0ADFB4FF48051204617F0B0FB4E
:10B1C000304621F0EDFB4FF4C061204617F0ABFB99
:10B1D0002946204619F03CF82146012017F08DFB46
:10B1E000C268054682B1937901210C331A4402F1F9
:10B1F000130320460B3218F06FF9204618F088F937
:10B200002046E96819F024F80023EB6023E70020CA
:10B2100022E700BFD347020810B5074C0749204674
:10B22000002219F0AEF92046FFF7C2F9BDE8104040
:10B230000120002102F050BAC81800207DAF00089C
:10B2400038B505460C4617F061FB00F018001028D1
:10B2500006D121462846BDE83840044A19F026B9EF
:10B2600020460FF0CDFE0C2038BD00BF81AE000897
:10B2700038B50C468B7905460C331944E35C142B26
:10B2800003D0152B0FD0002038BD013119F073FB0E
:10B2900015212846224619F0B6FB2146284618F00B
:10B2A000D7FF0120F0E70146012017F026FB0B4BEA
:10B2B00082689A4203D020460FF0A2FEF1E7A179FE
:10B2C000284621440D3119F056FB20460FF098FE18
:10B2D0002946012019F049F8E3E700BF5B4A02085C
:10B2E00037B504460D460A46142119F08CFB294651
:10B2F000204618F0ADFF0321204617F05EFB3022F8
:10B300000346009221460120024A18F0EFFF002078
:10B3100003B030BD5B4A020810B5074C0749204610
:10B32000074A19F02EF92046FFF742F9BDE8104010
:10B330002020002102F0D0B9D418002071B20008FA
:10B340005F4A020873B51E46ADF800208DF8023042
:10B35000009B044601A801930D46114619F0F5FA29
:10B360009DF80630B34203D1BDF804308B4205D0BE
:10B3700028460FF045FE122002B070BD204617F09F
:10B3800035FC9DF80230827A9A4209D18288BDF854
:10B3900000309A4204D128460FF032FE0020EBE73D
:10B3A0006946204618F070F829462046014A19F0EF
:10B3B0007DF8E1E7E1B200082DE9F04116461A43B5
:10B3C00007460C461D46BDF8188005D12046BDE84D
:10B3D000F041114619F0A7BB4146204618F060FF26
:10B3E00078B12146384617F088FA40238674C57430
:10B3F0002146069338464346BDE8F041024A18F01C
:10B4000075BFBDE8F08100BFDF4B0208F7B5054608
:10B410000E460146012017F070FA036813F0F00F92
:10B4200003D02946012018F0D0FF284617F054FD1C
:10B43000B3790C3333445F789B781F400378C3F3B0
:10B44000030000EA1310384019F036FB044668B9CF
:10B45000284619F03AFB384019F02EFB044628B96B
:10B46000284617F03CFD00F0F9FF0446284600216D
:10B4700017F0BEFB1721304618F0ECFE3046FFF700
:10B480000FF9314644708470284618F0E1FE03211C
:10B49000284617F092FA40220346009229460020DF
:10B4A000024A18F023FF03B0F0BD00BF954B02081D
:10B4B0002DE9FF4107460E461446DFF83880434623
:10B4C000694638460A4A03F0B1FB0028F7D0102C31
:10B4D000254628BF102530462A4669461DF0A1FDA5
:10B4E000641B2F442E44EAD104B0BDE8F08100BFB4
:10B4F000AB2B00209B2B002030B589B02022694661
:10B50000FFF7D6FF6A460C4D04AB144603CC9C42B1
:10B5100028606960224605F10805F6D1074C08ADA0
:10B520001A4603CAAA4220606160134604F1080467
:10B53000F6D109B030BD00BF9B2B0020AB2B002003
:10B5400010B588B0694620200FF016FF044630B9C8
:10B550006846FFF7D1FF0122024B83F820202046E6
:10B5600008B010BD9B2B002070B5134B054693F817
:10B5700020300C468CB00BB9FFF7E2FF0023CDE979
:10B580000033CDE9023354B91C22214605A80494A6
:10B590001DF03FFD04A8FFF7AFFF0CB070BD102CED
:10B5A000264628BF1026294632466846FFF780FF08
:10B5B0003544A41BE7E700BF9B2B002008B581B2F0
:10B5C000074818F042F8012000F04EFD30B9054A56
:10B5D000137D59075CBF43F00203137508BD00BF1C
:10B5E000E8180020E018002001238340DB430649CF
:10B5F00001F1240252E8002F1A4001F1240C4CE81A
:10B6000000200028F4D17047E01800200123074AE9
:10B6100003FA00F002F1240353E8003F034302F170
:10B62000240C4CE800310029F4D17047E0180020C8
:10B63000044A4FF08040536A43F40023536207F0FA
:10B64000DBB900BFE018002038B54FF01013194CDB
:10B65000002563644FF4E063A4F848300123164AE0
:10B6600084F85C30154B6562C4E91532256602F03A
:10B67000B9F84FF48073A4F84E30114B84F852009F
:10B68000A361104B25751A6829461378527804F186
:10B69000080013445B106375A4F8B450A4F8AE50CE
:10B6A00017F0D3FF294604F19000BDE8384017F0A9
:10B6B000CCBF00BFE018002055555500D6BE898E7E
:10B6C000734E0208B41A00202DE9F843214C994624
:10B6D000636A0F46DB0715469DF824609DF82880B5
:10B6E00035D468B30120FFF791FF626A9DF82030DE
:10B6F00022F4C07242EAC312052E626284F85060DE
:10B7000007D102F0FFFC48B96D00ADB2BD4228BFC1
:10B710003D4694F8500019F0A2FB0646636A84F88F
:10B720005C60A4F84470A4F8465084F84890B8F1DE
:10B73000000F09D043F4801301206362BDE8F88351
:10B740000120FFF751FFD0E723F48013F4E7002036
:10B75000F4E700BFE0180020024B586AC0F38000F5
:10B76000704700BFE018002010B51A4CFFF7F4FF37
:10B77000636A13F0010313D1A8B994F85D3094F80B
:10B780004910253BDBB20133DBB2032B28BF00237A
:10B7900041FA03F2D207F6D5253384F85D3014E080
:10B7A00094F8503010B194F85120134303F005037E
:10B7B000052BE2D102F0A6FC0028DED194F85C3023
:10B7C000012B03D1032384F85C3010BD012384F8DE
:10B7D0005C30D2E7E0180020024B586A00F001000C
:10B7E000704700BFE0180020F8B52E4C18B1237D3B
:10B7F00043F00803237519F05CFD40F27121B4F8A1
:10B800004620E66B151F4D43AE42236CB4F84470DE
:10B8100018D2A3F5967301FB0733E768181A23893A
:10B820003B4483420EDA5143237D891B43F00803D6
:10B8300023758142D4BF216120611A48BDE8F840D8
:10B8400019F080BB40F271277A43A2F5E1722261C0
:10B85000FFF78AFF236CB4F84420AE4207FB0233A3
:10B86000636023644FF00003E3630F4B0CD31A684B
:10B87000616A137B4907617D4CBF927912780B4452
:10B8800093420CDC6375D8E7626A1B685207197B28
:10B890004CBFDA795A78637D5B1A9342F2DA6275AB
:10B8A000CBE700BFE0180020B41A002038B50546E9
:10B8B0000D4C80B10320FFF797FE002384F84D3034
:10B8C0000123A4F84A300420FFF78EFEBDE838407B
:10B8D0001020FFF789BE0520FFF786FE012384F8BC
:10B8E000AD50A4F8B030EEE7E0180020274B70B55B
:10B8F0005A6A0D4609B3160747D503F14D0603F101
:10B900004A0428B3D1061FD52388012B1CD95B0814
:10B9100004202380FFF768FE1020FFF765FE19F072
:10B9200087FC2388B0FBF3F202FB1300307055B3A1
:10B930000320BDE87040FFF757BE940625D503F1FC
:10B94000AD0603F1B004DCE70420FFF75FFEE3E798
:10B95000D20314D5B3F84A10B3F84E2091420ED258
:10B9600022881020520092B22280B3F84E309342C7
:10B9700028BF13462380FFF737FE0420CDE71020B1
:10B98000FFF744FEF9E70520D3E770BDE01800207B
:10B9900070B58AB005466B46484AAC791068516864
:10B9A000127A03C30C3408201A702C4401F08EFE66
:10B9B00020B101222846A11D1DF08DFC0021A37994
:10B9C000CDF821108DF80F30A37AADF8251003F0D3
:10B9D0000F0303F128026A4412F8282C8DF8201076
:10B9E000ADF81020062B08D8DFE803F0044F070756
:10B9F0005F074B000D20FFF709FEA37A0DF113013D
:10BA0000C3F380138DF81230E3680DF11200CDF806
:10BA10001330238A09AEADF8173000231A4616F00A
:10BA2000C3FBE3791C218DF819304FF47F43ADF847
:10BA30001A307F238DF81C30637928468DF81D302D
:10BA40000023ADF81E30AB7903AC1233AB711DF09F
:10BA5000A6FCAB792B440C33224603CAB2421860D1
:10BA60005960144603F10803F6D11068294618609E
:10BA700013481DF03BFD4FF0804006F0BDFF0AB0BB
:10BA800070BD0D20FFF7B0FDB7E7D4F81230CDF848
:10BA90002130E38AADF82530EB79063BEB71A37AD0
:10BAA000C3F3C0138DF82030A7E7064B5B6A9B04F5
:10BAB00044BF42F00102ADF810209EE7D7E902082A
:10BAC00000190020E018002070B583790C33C418E9
:10BAD0002379DA0702D44FF0FF3070BDA37AE27AFF
:10BAE00003F00F05082DF6D8062D01D92846F4E7F6
:10BAF000911F1F29EFD8012D1FD10C2AEBD1244E05
:10BB0000736A13F0060F01D1DB05EFD416F059FB71
:10BB100020B916F04DFB0028E8D1DCE7A37A96F8AF
:10BB20004820C3F3C010B2EBD31FD4D104F11201EB
:10BB300000F0010019F0F6FAEDE7042DD6D1144912
:10BB4000144A486A0240002AC5D0096B0029CDD0AA
:10BB50008A79C3F380130C3288188A5CB3EBD21F46
:10BB600008D016F02EFB0028C0D116F018FB0028D4
:10BB7000BCDBB0E704F10C01062208301DF01FFA0F
:10BB8000044616F01EFB0028B0D1002CAED0ECE726
:10BB9000E018002008000400F0B5214C87B0A06A2E
:10BBA00000B3E76ABE79FDF799F90223FF210C364D
:10BBB000BA5DCDE90431BD1995F8233000215B0948
:10BBC0000393AB8BD20902936B8B80B201932B8BC7
:10BBD000009305F1080318F08CF8A06AFDF78AFCC1
:10BBE0000023A362E06A0FF00BFA0023E362636AAA
:10BBF00023F00402DB07626208D594F85050052D4B
:10BC000006D102F07FFA18B184F85C5007B0F0BD9D
:10BC100094F8500019F023F984F85C00F6E700BFAF
:10BC2000E018002013B5154C20F0BFFE236A0193E5
:10BC30000023236220F0B4FE019BA3B9636A1A04B7
:10BC400006D517F095FDA0B1636A23F40043636243
:10BC5000636A1B0305D5FFF79FFF636A23F4002384
:10BC6000636202B010BD01A81DF077FB17F0EBFD79
:10BC7000E2E74FF0804006F0BFFEE9E7E018002061
:10BC800038B50E4D044601F087F8286B18B10FF057
:10BC9000B7F900232B6317F0E8FC0948FEF71EF9FB
:10BCA000EB6A0BB1FFF7C4FC044884F0010119F002
:10BCB00055F9BDE8384003481DF031BBE0180020BD
:10BCC000E818002000190020034B586A10F0050006
:10BCD00001D1FFF7D5BF7047E018002070B53B4C8D
:10BCE0001646636A03F0010270B95AB120F05DFE96
:10BCF000636A054623F001036362FFF7E5FF284608
:10BD000020F04EFE002070BD002AFBD19B0704D519
:10BD1000236BBBB10120FFF7C9FD94F8483003F055
:10BD2000FD03012B16D020F040FE0546C6B10E20C3
:10BD3000FFF76CFC19F0BDFA42F2107303FB06002A
:10BD4000606310E002201DF0AEFC20630028E1D10A
:10BD50000720D8E719F0FFF90028E4D11220D2E734
:10BD60000E20FFF741FC0020FFF750FC636A13F040
:10BD70000403C4D140F27122E363B4F84630E260B8
:10BD8000023B5343236119F053FA0323B0FBF3F34F
:10BD900003EB4303C31A253384F85D30FFF7E4FC5B
:10BDA00019F087FA60602064B4F8B400002808BF76
:10BDB000F520FFF703FC064B04481A681378527805
:10BDC00013445B10637519F0BDF898E7E018002084
:10BDD000B41A002038B51A4C0546237D23F0080319
:10BDE000237500F0D9FFB4F8B4302BB9A36813F46D
:10BDF000601F08BFA4F8B4300021114819F0AEF854
:10BE0000104BA361636A5A0405D485F00100BDE8B4
:10BE10003840FFF7E9BC626B6168521A002AF4DA15
:10BE200023F0010343F400436362FFF74DFF4FF03B
:10BE3000804006F0E1FDFFF78FFC0028E5D138BD1A
:10BE4000E0180020734E020808B5FFF785FCB0B17A
:10BE50000B4B586A20F0040210F001005A6203D123
:10BE6000BDE80840FFF70CBF00F096FF17F0FDFBA0
:10BE7000FFF7DEFBBDE808400020FFF7ABBF08BDC1
:10BE8000E01800202DE9F04F4FF0000B2E4C89B048
:10BE9000E66AA36AB779C4E90ABB0C37F5190193BE
:10BEA0006B6A904682468946039302F081F8F35DFF
:10BEB00005F108073946C3F3C01306A88DF81830FA
:10BEC00016F087F9FF238DF81930636A01A8C3F3D0
:10BED00080230E358DF81A30CDE904578DF808B05F
:10BEE0008DF81BA08DF81C908DF81D80FDF7BCFB14
:10BEF00030460FF085F8636A23F02402DB076262A4
:10BF000005D40120FFF7BCFE09B0BDE8F08F0F4B50
:10BF100094F850501A68052D1378527813444FEA5C
:10BF2000630363750AD094F8500018F098FF054633
:10BF3000012084F85C50FFF74DFFE5E702F0E2F8DE
:10BF40000028F0D0F4E700BFE0180020B41A002069
:10BF500010B5074C2368DA0607D523F010032360D9
:10BF600018B90220A16816F0BCF80023A36010BD28
:10BF700098190020F8B500230360037D0446980754
:10BF80000DD5204650F8081FC90C01F4FC7141F092
:10BF90000501FDF751FF237D23F002032375237D67
:10BFA0002589190703D519F084F928446060174ED4
:10BFB0006068314651F8043F2D1A7BB923600C604C
:10BFC000B368D3B1617D5A7D914217D2227D1207A9
:10BFD0000DD5BDE8F8400020FFF7BABF5A681F89A9
:10BFE0002A44D21B002AE9DA19461B68E5E75A6899
:10BFF0001B6913441B1A002BEBDAF8BD1A895B6826
:10C00000D31AE2680344D342F7D5E2E79819002037
:10C01000014610B50446032016F063F8054B1B6873
:10C02000D90305D4237D5A075CBF43F0020323756F
:10C0300010BD00BF98190020014BD868DC3870474C
:10C0400098190020034B10B5DC6819F032F9DC3C7C
:10C05000201A10BD981900201822002101481CF058
:10C06000D8BF00BF98190020034B1B6813EA004398
:10C0700014BF0120002070479819002030B5C0B1CE
:10C080004268B2B1104C25692B469BB945B1AB68EB
:10C09000CB1A41BF5B42B3FBF2F303FB02228918C8
:10C0A0000A4A816013684BB903601060237D013335
:10C0B000237530BD8342FCD01B68E6E79D686D1A8E
:10C0C000002DF1DA1A46EDE798190020A819002092
:10C0D00040B1436833B1084B1A7D013A1A7553F8E1
:10C0E000102F02B970479042116801D11960704752
:10C0F00013460A46F5E700BF9819002038B50446F4
:10C10000084D0846AB68A34201D1FFF721FF6B68D9
:10C11000054A1BB1A342196801D1116038BD1A4606
:10C120000B46F6E7981900209C1900202DE9F047EE
:10C13000724D2B685B0700F1B080AB68002B40F0BC
:10C14000AC8055E8003F43F0040345E80032002A84
:10C15000F7D16C689CB119F0ACF8277D064617F052
:10C16000080F2369A26819D010FA82F26260206871
:10C17000D4F8048038BBDC334344C5E9024355E8B6
:10C18000003F23F0040345E80032002AF7D1AC68F1
:10C19000002C76D1BDE8F04701F09CBF606892B2F8
:10C1A000811AFF07A1EB060109D40029DFDAE7684D
:10C1B000DF1BCF4205D432441844831AD6E7002946
:10C1C000D5DA204651E090F814C00289D0F804E096
:10C1D0001CF0080F18BF06EB020EAEEB02021CF0BB
:10C1E000010C11BF1146D0E90371C91B891808EB76
:10C1F00003077F1A002F28DDBB4205D9E768A1EBB2
:10C200000801DC378F423AD994F814A01AF0010FD4
:10C210001DD12169D0F80C9027894144A1EB090177
:10C22000C91BE768A1EB0E01DC37B9420FDD971B94
:10C23000BCF1000F03D10169A1EB09010F44002FEC
:10C2400005DB4B46C0F804E00446006890E7477DF4
:10C25000617D8F42F9D2921BBCF1000F03D1D0E96E
:10C2600003135B1A1A44002A02DAFFF7D1FE70E7C3
:10C270001AF0080FA5D0C368C0F804E0E4E70B4645
:10C28000E3E7A36813F4601F09D121462B6843F04C
:10C2900010032B60012015F024FFBDE8F08704F1A6
:10C2A00008063046FDF7D6FD2B68214643F0100303
:10C2B0002B600028EED1012015F013FFA36813F4C2
:10C2C000601F4FEAD341C3F3C2440ED0013CE4B235
:10C2D00001F4FC7130462143FDF7AEFD03213046E9
:10C2E000FDF716FE002CD8D103E003213046FDF700
:10C2F0000FFE3046BDE8F047FDF7F0BD981900206D
:10C3000008B5034B996809B115F0EBFE08BD00BFF5
:10C3100098190020014B9868704700BF98190020B9
:10C320000A4B70B59C6884420FD12146022015F05B
:10C33000D8FE6668258918F0BCFFAD1BC5422146B2
:10C340004CBF0120032015F0CCFE70BD98190020D1
:10C35000104B70B59D682E692C681CB9686864B96B
:10C36000304470BD627D6B7D9A42F7D9204618F04B
:10C3700011FE0028F2D12468EFE76FF0DB0362685A
:10C380001B1A134422899B1A2A699342D4BFC018EE
:10C390008018E6E798190020542310B5046808496E
:10C3A0000D20B4FBF3F40EF0B1FD0023512118462B
:10C3B000A2B20EF051FD002814BF1920002010BDBC
:10C3C00019B30108014B1878704700BFBC2B00203F
:10C3D0003023104A82F81533837E1B01DBB282F8CA
:10C3E0001E3382F81F3382F8213382F8203382F81B
:10C3F000223382F8233382F8243382F8253382F8FB
:10C40000273382F82633437E1B01DBB282F8223CBD
:10C41000704700BF00E100E037B504460EF0BCFDF8
:10C42000204601F065F9054698B92046FFF7D0FF90
:10C43000A38A0DF10601ADF80430E38A01A8ADF836
:10C44000063018F0ADFD0122034B1A70284603B0E8
:10C4500030BD0225FAE700BFBC2B00200138C0B276
:10C4600003289ABF014B185C00207047E4E90208DA
:10C47000431E012B05D9022902D8024B585C704794
:10C4800000207047E1E90208431E042B054A07D843
:10C49000052808BF03200621431E01FB0320704727
:10C4A000104670470CEA0208014B53F82000704711
:10C4B000E8E90208024BDB6993F87F00704700BF90
:10C4C000480B0020094B10B5D96968B1084B1C46D0
:10C4D00053F8042F0AB18242FAD21B1B9B10013B76
:10C4E000DBB281F87F3010BD0123FAE7480B002052
:10C4F000E8E90208054B1B681B6A13F0100003D023
:10C5000013F0030018BF0120704700BF801A0020FD
:10C510002DE9F34100264FF0FF31044601A80196B2
:10C5200001F0E4FE019949B12046FCF78FFB032896
:10C5300006D005282FD001A81CF0F1FE012023E031
:10C540001B4D1C4800F042FF2B683046597D01F01E
:10C5500047FB2F68184EF86AD6F808801CF064FF75
:10C5600041460246384616F0FAF82B68B068DB6A96
:10C57000036002F01FF82B681B6ADB0407D5204616
:10C58000019916F0B4F8002002B0BDE8F08101A8CE
:10C590001CF0C5FEF7E7019801F0D8FE204601998E
:10C5A00016F059F80028C9D0304600F00FFFEAE72E
:10C5B000801A00208DC70008F817002038B52549DB
:10C5C00004460B7D4A7D0133DBB2B3EB921F0B7542
:10C5D00003D3032300200B7538BD016A09042CD551
:10C5E000032390F87520243A92FBF3F303EB430303
:10C5F000D21A2532D2B2B4F8505094F8743015F0F3
:10C600001001B4F9540084F875201CD118F02CFFE7
:10C6100004F16C050146284602F0DCF9284618F0C2
:10C620004DFE00221146104615F072FD94F875007B
:10C63000002118F018FF0120CEE75B001A4102F03C
:10C6400003022532D7E702461946002002F092F88D
:10C65000DEE700BFF8170020204B2DE9F04104462B
:10C660001860806A1CF0E0FE01462046FCF77EFA66
:10C67000B4F850301A4E03F01403142B0CBF0022F0
:10C68000A26AB36820461A60FFF798FFFFF732FFEF
:10C69000144B051E144808BF184600F097FE94F886
:10C6A0001480676818F005FE6D0008F0080803465E
:10C6B000627DE8B2B8F1000F03D1FF1AB7F59B7F96
:10C6C00007D5114618F024FEB068BDE8F04101F02E
:10C6D00071BF616818F008FEF6E700BF801A0020FD
:10C6E000F817002079C70008C9C7000870B50546CB
:10C6F000FFF700FF104B041E104808BF184600F05B
:10C7000065FE2846FFF75AFF0D4E054660B13368B7
:10C710006000597D00F0FE0018F0FAFDBDE87040A1
:10C72000084B986801F046BF00F050FE294630687B
:10C73000BDE87040FBF764BF79C70008C9C70008AF
:10C74000801A0020F8170020034610B5094C552B1D
:10C7500020680AD0562B0CD1002000F037FE20684C
:10C760000121BDE81040FBF74BBFBDE81040FFF7CB
:10C77000BDBF10BD801A0020512803D1024B18689C
:10C78000FFF7B4BFFFF7E0BF801A00200C4B512821
:10C7900010B51C680FD1A06A1CF046FE0146204669
:10C7A000FCF7E4F9074BA26A9B682046BDE81040FD
:10C7B0001A60FFF79BBFBDE81040FFF7C5BF00BF81
:10C7C000801A0020F81700200E4A512810B514686E
:10C7D00005D0532809D0BDE81040FFF7B5BF617DF3
:10C7E0000120BDE8104001F011BA2046FFF790FE8D
:10C7F00030B101F0DDFB2046BDE81040FFF776BF09
:10C8000010BD00BF801A002038B50D460446002038
:10C8100000F0DCFD01F0CCFB29462046FCF792FB42
:10C820000022014B1A6038BD841A00200123074AF8
:10C8300003FA00F002F1140353E8003F034302F14E
:10C84000140C4CE800310029F4D170471018002076
:10C85000F8B5244E054673690C4613F4C07F03D027
:10C8600099063CD401200CE039B15A0705D4D5F81B
:10C87000A43013B90820FFF7D9FF73699B0601D5CF
:10C880000020F8BDB37FAF6A022B07F0080704D978
:10C8900017B114B90220F4E7ECB995F8921095F8A5
:10C8A0003001063118F085FD85B20FB904B16D0075
:10C8B00018F0FFFCF36A28441B1A002B0DDB736988
:10C8C00013F01C0FDCD11FB1002CD9D10520D8E703
:10C8D000002CFBD1D4E70320D3E70420D1E7002CC0
:10C8E000CED0C2E71018002038B504460B4B1860B4
:10C8F00000F5947018F0E2FC2046FCF7EFFAC4B2A1
:10C90000204615F0FBFB0546204615F0F9FB2946AD
:10C910000246022015F0FCFB38BD00BF841A00203F
:10C9200038B50446114D4FF480616B69283043F4EB
:10C9300000736B6118F060FB0121204615F0F3FFD6
:10C9400000212046FFF784FF014620B12046BDE8C4
:10C950003840FFF759BF6869617D80F48070C0F38B
:10C960000020BDE8384001F051B900BF1018002088
:10C9700008B5002000F02AFD01F01AFB0022014B4F
:10C980001A6008BD841A002010B50446FFF7ACFFFA
:10C99000064800F01BFD6168226C637D1120BDE834
:10C9A000104001EB920218F0C7BC00BFA5CC0008F4
:10C9B000454B37B51C680023A26A01935005D4F893
:10C9C000A03012D504F1A40001931CF0C6FCC4F8F9
:10C9D000A00050B194F846314FF48061013B84F8D7
:10C9E000463104F1280018F007FBD4F8A0500DB927
:10C9F000364B9D6894F94631022B0DDCD4F8A830F3
:10CA000013B1A36AD90502D5D4F8AC3023B14FF4E1
:10CA100080512046FCF778FAD4F8A410A36A0029C4
:10CA200014BF01210021AA794FEA830302F10C020D
:10CA300003F00C0343EA0113A95C21F01C0143EA53
:10CA40000103AB540DD1214A02F1140353E8003F16
:10CA500023F0080302F1140040E800310029F3D16B
:10CA600002E00320FFF7E2FE284601F0A3FD204686
:10CA7000FCF734FAAB792B445B7B1BB1012180B20C
:10CA800015F07BFB019B53B15B7903F00A03082B84
:10CA900002D12046FCF790FD01A81CF040FC6B7908
:10CAA0009A070ED5A36A1B040BD50820FFF7BEFE1C
:10CAB0004FF4004104F1280003B0BDE8304018F005
:10CAC0009BBA03B030BD00BF841A002010180020AC
:10CAD00000232DE9F04385B00446032103A8039306
:10CAE00001F004FC039D35B9F4212046FFF78CFECC
:10CAF00005B0BDE8F083AB79694F0C331D442A794A
:10CB00007B69D6074FD4DD064CBF07200420FFF712
:10CB10008DFE002601212046FFF79AFE054650B9FA
:10CB20007869617D80F48070C0F30020400001F0DE
:10CB300057F8FFF73DFF039801F008FCDDF80C8083
:10CB40007A6998F80630510603F10C0308EB0309E3
:10CB500015D458F8033006203B61FFF767FEA36A3F
:10CB60001A060CD404F1280252E8003F43F0800377
:10CB700042E800310029F7D10120FFF757FE49466E
:10CB8000204615F0D6FE99F80430DB0740F184808A
:10CB9000002E52D11DB129462046FFF735FE03A8CD
:10CBA00001F0BCF9A4E7012023F010037B61FFF73B
:10CBB0003DFEAE7AF0062FD50220FFF737FEA36ABE
:10CBC000AA7A83F00203C2F38002C3F340039A42BD
:10CBD0002FD14FF4006104F1280018F00DFA50E84D
:10CBE000002F42F4806240E80023002BF7D1A26AB4
:10CBF00082F00202A262BB77AA7AA36AC2F3C002E1
:10CC000003F001018A4284D183F0010316F0030688
:10CC100018BF0126A3627DE707F1140353E8003F24
:10CC200023F0040307F1140141E80032002AF3D194
:10CC3000C5E7BB7F0133DBB2DDE72046FCF74EF9E9
:10CC4000C0B215F05BFA06462046FCF747F9CDF86E
:10CC50000480A38F82B2009331460023022015F096
:10CC600049FA4FF0FF3103A801F040FB039B9A798A
:10CC70001344DB7D002B8DD02046FCF72FF90121DA
:10CC800080B215F07AFA20460399FCF7BFFC002D1C
:10CC90003FF42EAF294628E7002E3FF47BAFE0E7B4
:10CCA0001018002008B50346114A532B10680BD00A
:10CCB00002D8512B18D008BD553B012BFBD8BDE83D
:10CCC0000840F121FFF7A0BDFFF702FF094A02F17A
:10CCD000140353E8003F23F0200302F1140040E85E
:10CCE00000310029F3D1E6E7BDE80840FFF718BEA0
:10CCF000841A002010180020174B513810B51C68FA
:10CD0000052819D8DFE800F008180318191F204675
:10CD1000BDE81040FFF7DCBE2046FFF701FE0F4ADA
:10CD200002F1140353E8003F23F0200302F1140042
:10CD300040E800310029F3D110BDF1212046BDE8C3
:10CD40001040FFF761BD4FF4806104F1280018F036
:10CD500053F9F221F2E700BF841A002010180020D6
:10CD600010B50446FFF7C0FD054800F02FFBFFF7A4
:10CD70001FFE627D61680220BDE8104018F0B4BA61
:10CD8000F9CC0008034B5B6A13F0060F0CBFE220DE
:10CD9000F1207047E018002008B5FFF7BBFA054BFB
:10CDA000834206D101F004F9BDE80840002000F0FC
:10CDB0000DBB08BDE018002070B51E4C1E4800F0E9
:10CDC00005FB94F85C3094F85D200021C82018F031
:10CDD0004BFB014604F1540001F0FCFD04F154004A
:10CDE00018F06CFA00221146104615F091F96668A9
:10CDF00018F05FFA0246FFF7C5FFB61AB6F5FA6FEC
:10CE000005460BDCFFF718F9627DA0F5E1712846B5
:10CE100018F0B0FABDE8704001F0A8B86668FFF7F6
:10CE20000BF93146A0F5E172637D284618F084FACB
:10CE3000F0E700BFE0180020B1D1000838B501F0DC
:10CE4000B7F8FFF7FFF8B0F5967F0E4C0EDDFFF751
:10CE500099FF0546FFF7F0F8627DA0F5E1712846DD
:10CE600018F088FABDE8384001F080B818F021FACF
:10CE7000E36B62689B1A0344E3630020BDE838401B
:10CE800018F005B8E0180020F7B5104C064694F8E5
:10CE90004D500F462DB10020013D84F84D5003B098
:10CEA000F0BD0B4B02201B68597800F099FE94F8F6
:10CEB00048303A46CDE9005331460323206B18F041
:10CEC00017F8206B01F076FB0120E8E7E01800205E
:10CED000B41A0020094A02F1240353E8003F43F04A
:10CEE000080302F1240040E800310029F3D1044B8B
:10CEF00001201B68597800F089BE00BFE0180020AF
:10CF0000B41A002070B50A4C636A5B070DD58B79A3
:10CF10000C33CD1850B9E879CE58298918F049FA60
:10CF20000644A6636B7984F84C3070BD0120F3E7AA
:10CF3000E01800202DE9F04F16468DB0021E069134
:10CF400008BF00211F46964B0592DD6A5B6AAC79EB
:10CF500038460C342A5DC3F3801B61F345122A5511
:10CF6000314603F04002039215F02DF905EB040859
:10CF70000790285D08F108094946C00915F023F912
:10CF8000039B8246002B44D1002844D115F019F9A7
:10CF900080F00103DBB25A463146384603F0010304
:10CFA00018F011FA0490002800F08A80039B002BEF
:10CFB00033D1BAF1000F75D1079B002B72D015F059
:10CFC000F1F800286ED001220AA90DF1270015F012
:10CFD000FCF8002874D09DF827302A5D591E4B427A
:10CFE0004B41B3EBD21F6BD1062248460AA91BF076
:10CFF000E6FF002864D13368C8F80830B388A9F880
:10D0000004302B5D67F3C7132B554FF0000AD3464E
:10D0100019E00123BFE7039BBDE7614B5B6A13F493
:10D02000007A1CD115F804B0CBF3801B504615F0E4
:10D03000D1F83368C8F80830B388A9F804302B5DFC
:10D0400067F3C7132B55059B554E002B3ED196F821
:10D05000AD30002B3AD0013B86F8AD3030E015F012
:10D060009EF8002806DA15F804B04FF0000ACBF35A
:10D07000801BDBE700221146104615F0A0F815F8DA
:10D0800004B08246CBF3801B0028CFD000230221BE
:10D090001A4608EB010017F003FF2B5D60F38613BF
:10D0A0002B55C3E77A1E57422B5D5741B7EBD31F71
:10D0B00006D10622314648461BF081FF0028A4D045
:10D0C0000023049304980DB0BDE8F08F18F0F1F838
:10D0D000F36A00F196019A7908F10E0013441A6B75
:10D0E000059B00939DF8583017F08FFF2D4B059A44
:10D0F00007461B68A2B95978022000F071FDF06A5A
:10D1000001F058FAF36A9A7913441F63FFF702F9A2
:10D11000254B8361069BBBB9736A23F4806316E0D9
:10D12000D979002000F05CFDF06A01F043FAF36A5F
:10D130001E489A7913441F6300F048F9069BC3B94F
:10D14000736A23F4806317E0736A43F48063736245
:10D15000039B9BB1BAF1000FB4D0002359461A4685
:10D1600008F1020017F09CFE2B5D60F386132B552F
:10D17000A8E7736A43F480637362EBE72B5D0022D8
:10D18000C3F3C01349460AA88DF8283015F01DF8DE
:10D190002B5D9DF8282062F3C7132B55DAE700BFFB
:10D1A000E0180020B41A00206936020865D3000890
:10D1B00053282DE9FF471FD005D8512800F0C38020
:10D1C00004B0BDE8F087A0F15503012BF8D855381D
:10D1D0004FF0010118BF0120FEF788FB18F069F835
:10D1E0005E4AD36B51685B1A03440020D36304B0DA
:10D1F000BDE8F04717F04BBE002303A84FF0FF3106
:10D20000039301F073F80398DFF8508158B1FEF7EB
:10D210005BFC0828074603D8514B1E5C31070AD433
:10D2200003A81CF07CF8D8F8243013F0060F15D0B2
:10D23000FFF704FE12E00728D8F8242015D112F4D5
:10D240008012EDD14046039916F005FA0028EAD085
:10D2500016F00CFA10B10120FEF7C6FA01210846BB
:10D2600004B0BDE8F047FEF741BB12F00404039D93
:10D2700010D016F002040DD00120AA790C322A44F5
:10D28000917A0090C1F380130C32C1F34011FFF783
:10D2900051FE0446284601F059F829460120FFF7BF
:10D2A00031FED8F82430DA072DD503F0800995F83F
:10D2B00006A014F086FF0AF10C0AAA4480F00103CC
:10D2C0009AF80A00B9F1000218BF0122DBB20AF194
:10D2D0000C01C0F3801018F076F860B12CBBD8F8C0
:10D2E000243028469B0733D5F40710D4730731D573
:10D2F000FEF74EFB97E7B9F1000F04D1494614F051
:10D3000066FF0028EAD028460DF07AFE18E018F0F3
:10D31000D4F8044648B1A8790C302844817A0C30FE
:10D32000C1F38011FFF7B0FD0446042F03D1D8F8F4
:10D3300024309907E7D57207E5D52846FEF728FB84
:10D34000002C8BD16FE704B0BDE8F047FFF7C2BDFA
:10D35000042FCBD10DF054FE65E700BFE01800208C
:10D3600024EA0208512808B50BD1084800F02EF82D
:10D370000122074B104693F94C10BDE80840FEF718
:10D3800081BDBDE80840FFF713BF00BFB1D1000861
:10D39000E01800200022024BC3E90022704700BFC2
:10D3A000A81A002010B5074C2022002120461BF0AF
:10D3B00030FE0523A383044BA36100F0DFFA903015
:10D3C000206010BD881A00200552020810B50446DE
:10D3D0001FF0E2FA0022044B5C60044BBDE81040F1
:10D3E0009A611FF0D4BA00BFA81A0020881A002042
:10D3F000034B03EB80035868003818BF01207047C7
:10D40000881A002010B504461FF0C6FA0022044B0B
:10D410009C61044BBDE810405A601FF0B8BA00BFD1
:10D42000881A0020A81A002010B5074CA36953B130
:10D430000020FFF7E7FFFF23A38300F03DFEBDE8D8
:10D44000104000F005BA10BD881A002070B5C5B2B2
:10D45000212D044612D100F0F1FB0A4B220CC4F33B
:10D46000074403EB84049A8362689A61054A9369CE
:10D4700033B12846BDE8704011681847222DF5D118
:10D4800070BD00BF881A002038B50D4B04461A78CD
:10D4900012B100221A7038BDC5B2FEF73BFF40B191
:10D4A000C38AB3EB144F284605D1BDE83840FEF7D8
:10D4B00027BFFF23F5E7BDE8384017F087BE00BF60
:10D4C000A81A0020A0F121030E2B10B5044611D894
:10D4D000FEF720FF60B3C08AFF2829D0222C03D199
:10D4E000BDE81040FFF7A0BF44EA0040BDE810408F
:10D4F00000F012BAA0F131031E2B0ED8114B988BFD
:10D5000044EA004000F01CFA312C11D10020FFF752
:10D5100079FFBDE8104017F0C2BEA0F111030E2B39
:10D5200006D8132C40F4A02003D006D9142CDDD04B
:10D5300010BD0122044B1A70D8E7BDE8104000F07E
:10D54000FFB900BF881A0020A81A00200B4A10B5A6
:10D55000936904461BB11168BDE810401847084B99
:10D560005B6813B1BDE810401847FEF7D3FE0146D3
:10D5700018B183690BB12046EEE710BD881A002070
:10D58000A81A0020024B186908B105F035BA704797
:10D59000280B002038B50A4B1C6804B10C3400F08D
:10D5A000EDF90025C0F89050204600F0F9FA284621
:10D5B00017F088FDBDE8384001481BF0B0BE00BF41
:10D5C000B01A0020002310B53E4A02F1100151E8C4
:10D5D000001F02F1100C4CE80034002CF5D140EA99
:10D5E0000104A00201D5FEF7A1FD210101D500F043
:10D5F00025FDE20301D500F05BF9002C01DAFCF710
:10D6000015FD630001D5FEF70DFBA00001D5FCF769
:10D6100053FBE10007D5FBF711F820B94FF080511B
:10D62000294817F0A9FD620107D515F0A6FE20B91B
:10D630004FF08061244817F09FFDA30105D517F036
:10D6400011FFFCF70BFB14F0A5FDE00108D515F068
:10D6500011F9072804D14FF080711B4817F08CFD99
:10D66000610201D514F090FD220201D514F044FDB1
:10D67000E30207D515F0F9F820B94FF480111248EC
:10D6800017F07AFDA00507D5FCF7EAFF20B94FF4A3
:10D6900000710D4817F070FDE10507D5FCF744FA5D
:10D6A00020B94FF48071084817F066FD620503D574
:10D6B00014F037FD14F036FD230501D516F0C7FC34
:10D6C00010BD00BF280B0020380B0020014B1B6849
:10D6D00018407047280B002010B5044BD3E90642D0
:10D6E00004430A43C3E9064210BD00BF280B0020D3
:10D6F00038B50446344DFEF7AFFC00212022284601
:10D700001BF087FC4CF20C000021FFF7E5FFC4B1D1
:10D71000A3684FF6FF720020A18B2B60FBF736FF4A
:10D7200002201BF0C0FF294B1860002849D0234677
:10D730000C3004F1200253F8041B934240F8041B00
:10D74000F9D1234B2348AB6000232B730DF094FCDD
:10D75000FCF74EFB204600F045FD054678BB00F087
:10D76000FFF920B14FF480700021FFF7B5FF00F002
:10D7700007FA20B14FF400600021FFF7ADFF2CB194
:10D78000B4F91210B4F9100001F00CF917F075FE9D
:10D7900001F0DEFAFDF7D4FE054680B9FCF72EFC59
:10D7A00000F03EF800F0E2F8FFF7F4FD00F068F852
:10D7B00018B9BDE8384000F069B8FFF7EBFE28461D
:10D7C00038BD0125FBE700BF280B0020B01A002060
:10D7D00085D500082C0B0020014BD3E906017047CA
:10D7E000280B0020054B9B69DA054CBF0320012064
:10D7F0001B0548BF40F00400704700BF280B002005
:10D80000014B1860704700BFB41A00202022034B60
:10D81000C3E900229A6000221A767047DC1A0020C1
:10D8200038B50025084C094B1C2229462046C3E97F
:10D8300000551BF0EEFBFFF7E9FF30236576C4E9E6
:10D840000333636138BD00BFDC1A0020B81A002022
:10D8500008B51FF0AAF830230749084ACB60D36007
:10D860000B6113614B61536100234B765376BDE826
:10D8700008401FF095B800BFDC1A0020C01A002035
:10D88000014B1878704700BFBD2B002010B5044C29
:10D8900023781BB917F0AEFC01232370002010BDC4
:10D8A000BD2B0020014B1868704700BFB81A00203C
:10D8B000F8B5164E1FF079F83546154C07460FCDD2
:10D8C0000FC495E80700002584E80700FFF79EFFD6
:10D8D00030233846C6E90333736175761FF060F86C
:10D8E0000C4E103CE068302804D07368C6E9003064
:10D8F000FFF7CAFD54F8040B202801D0FFF7A6FD5E
:10D900000135EDB2032DEDD1F8BD00BFDC1A0020CA
:10D91000C01A0020B81A002010B504461FF045F8C0
:10D92000064A137E42F82340013313761FF038F87D
:10D93000BDE810404FF4803005F05EB8DC1A0020DE
:10D9400010B504461FF031F8074A537E02EB8301FD
:10D950000133CC6053761FF023F8BDE810404FF43C
:10D96000803005F049B800BFDC1A00209422002165
:10D9700001481BF04EBB00BFF81A0020004870475A
:10D98000F81A0020074B586940F20D1338B9002BE4
:10D99000C1BF45224433B3FBF2F0C0B27047006808
:10D9A000453BF3E7480B00202DE9F0414FF000081C
:10D9B00082B0CDF80480F8B10546154F01AC09E0FE
:10D9C00023601B687B612368C3F800802668002DF4
:10D9D000344611DD7B69453D002BF1D101201BF060
:10D9E00062FE064620600028F1D101A81BF097FCDA
:10D9F000304602B0BDE8F081102000F02DFD019E00
:10DA00003046737943F00103737102B0BDE8F081D1
:10DA1000480B002037B5184D0446EA6992F87D306E
:10DA200013B9002003B030BD01281CD002280CBF60
:10DA3000022301238DF8043001238DF80530936F04
:10DA4000286923F4805323F00203936701A91AF095
:10DA500065FD0028E6D1012C07D1EA69936F43F0F8
:10DA600002039367DDE70423E4E7022CD9D1EA69D6
:10DA7000936F43F48053F4E7480B002037B5174DFC
:10DA80000446EB6993F87D2012B9002003B030BD45
:10DA900001281AD002280CBF022201228DF804208E
:10DAA00001228DF805209A6F286922F044029A67B6
:10DAB00001A91AF01DFD0028E8D1012C07D1EA695F
:10DAC000936F43F040039367DFE70422E6E7022CFD
:10DAD000DBD1EA69936F43F00403F4E7480B0020BD
:10DAE0000422F0B51D4E0546F36985B083F87C200D
:10DAF000407917F0C4FB2C79074694B1A879FFF759
:10DB0000BDFF044638BB01466A79012017F0B2FB1D
:10DB10003B4622467179306905B0BDE8F0401AF005
:10DB200038BC2B6868790394029317F0A8FB009027
:10DB300022467179306902AB1AF02DFC044650B9C7
:10DB4000A879FFF79BFF044628B9024601216B79AB
:10DB5000286817F090FB204605B0F0BD480B002068
:10DB600010B5064C20691AF0A6FE28B920691AF0F3
:10DB7000A4FE00F0010010BD0120FAE7480B0020D0
:10DB8000014B18691AF09BBE480B002008B5FFF73F
:10DB9000F5FE024B1030D86108BD00BF480B0020D5
:10DBA00038B50446084DFFF7F1FFEB692A689A671C
:10DBB00044B1A088FEF786FC0122EB69002083F8BF
:10DBC0007C2038BD2046F5E7480B0020034BDA697E
:10DBD000936F43F480339367704700BF480B002076
:10DBE000042238B5084B0D46DB6983F87C20FFF72B
:10DBF00045FF044608B100F03BFC2A460021012005
:10DC000017F038FB204638BD480B0020022238B5FB
:10DC1000094B0D46DB6983F87C20FFF7FBFE0446C9
:10DC200008B100F025FC2A460021012017F022FB54
:10DC300014F06FFA204638BD480B0020034A1368E1
:10DC400023F40043136000F029BF00BF480B0020FD
:10DC50007FB5022304462A4D1022EE69002186F882
:10DC60007C3068461BF0D5F9237A03B301238DF885
:10DC7000043063680293A37A53B196F87D00FEF7EF
:10DC800003FC029B02881344029301238DF80D309C
:10DC9000637A207B8DF80E30FFF7BCFE50B1EA6945
:10DCA000936F23F48033936700F0E2FB20E0236856
:10DCB0000093DEE7E07A17F0E2FA6A4603466979F4
:10DCC00028691AF06AFB0028E9D1EB69227AB3F8D7
:10DCD0007A10E37A01F0010162B11A46012017F0CF
:10DCE000C9FA14F016FAEA69936F23F48033936744
:10DCF00004B070BD0A462068012117F0BCFAF0E7B5
:10DD0000480B00202DE9F0431C4A87B0D56995F8EF
:10DD10006C3003EBC3004FEA800855F8087005EB40
:10DD200080061FB1304607B0BDE8F0831179106955
:10DD3000717301AA0321B760B7731AF014FDDDE90E
:10DD4000031245F80800304608F11003E9501D445D
:10DD50006A60BDF80630BDF80820B7839B1A32838D
:10DD60009DF804207383072A08BFB368376204BF95
:10DD700043F00103B36007B0BDE8F083480B002017
:10DD800083689B0700D5704730B5154D87B00446B2
:10DD900001686A4628691AF0E8FC50B9238B628B47
:10DDA0006946134403332869ADF804301AF0E1FCE6
:10DDB00008B107B030BD009B9DF90E00636000F014
:10DDC00001FE2073EB699DF8111093F87D00FEF7BA
:10DDD0004FFBA368A07343F00203A36007B030BDFC
:10DDE000480B00202DE9F04F4FF6FF741F46A1426B
:10DDF000038B458B08BF818B1D4418BF8183A942CB
:10DE0000064683B059DA4FF6FF708242A5EB010552
:10DE100002D09542A8BF15468B42ADB20BD84FF049
:10DE20000008A8452AD345462846B38B2B44B38324
:10DE300003B0BDE8F08FA3EB0108A845A8BFA84632
:10DE400032691FFA88F802EB010BB8F1000F62D0BB
:10DE5000002F5ED0B946C2465246452A594628BFD1
:10DE6000452248461BF037FA83B2AAEB0304A4B25A
:10DE700083443CBB318B0B46A845D4D2C91A736985
:10DE8000A5EB080913FA81F41FFA89F9002FCAD00B
:10DE90004A46452A214628BF452238461BF01BFA30
:10DEA0001FFA80F8A9EB08039BB20444002BBBD0F7
:10DEB0003A68CAB117469946EAE70025284603B0F2
:10DEC000BDE8F08FD9F8002012B19146A246C3E711
:10DED00099F8040001931BF0E6FB019BC9F80000D0
:10DEE00060B18146A246B7E7387901931BF0DBFBAE
:10DEF000386040B1019B07469946C9E7A3EB0A0386
:10DF000043449DB290E7A8EB0908A8441FFA88F59E
:10DF10008AE73D4688E719460B46ADE72DE9F04113
:10DF200006461EF042FD0746FFF72CFD3546044627
:10DF3000286818B16CB928461BF0F1F931680A4815
:10DF40001BF0D4FA38461EF02BFD00233360BDE8E9
:10DF5000F081D0F800801BF09AFB2B68013CC3F8DD
:10DF600000802D68E4B2E3E75C0B002010B5094C9B
:10DF7000E369986F10F400700AD020691AF011FC60
:10DF800030B9012120691AF00AFC80F00100C0B20A
:10DF900010BD00BF480B0020044BDA69926F920558
:10DFA00003D5002118691AF0FABB7047480B00200E
:10DFB00010B5154CE36993F87C30012B08D0002292
:10DFC0001146104617F056F90122E36983F87C20C8
:10DFD0000022032120691AF0CDF9002201212069D5
:10DFE0001AF0C9FBFFF7D8FF002017F04BF917F024
:10DFF0004BF9002017F049F9E269936F23F4847319
:10E0000043F4C043936710BD480B002010B51EF0C9
:10E01000CCFC0446FFF7CCFF074B5620DA69B2F878
:10E0200074300133A2F87430FFF790FA2046BDE84F
:10E0300010401EF0B5BC00BF480B0020F8B51C4DC9
:10E04000EA69936F1C0704D523F008039367FFF771
:10E05000DDFFEB699B6FD8060FD51EF0A6FC0646C8
:10E06000FFF790FC0446134F24B101201BF01BFB6B
:10E070000146B0B930461EF093FCEA69936F9906E9
:10E0800015D523F02003936700F04EFF78B11EF002
:10E090008CFC0446FFF7BAFF2046BDE8F8401EF0AE
:10E0A0007FBC3846013C1BF02BFAE4B2DCE7F8BD3C
:10E0B000480B00205C0B002008B5FFF779FF00F04B
:10E0C000EDFC034A136823F40043136008BD00BF4E
:10E0D000480B0020002210B5094C1046114617F0DD
:10E0E000C9F8206904F0DEFE17F0C3F804F114004B
:10E0F0001BF015F9E269936F23F01003936710BDCD
:10E10000480B0020024B1868C0F38020704700BF06
:10E11000480B002038B5154C0546E36993F87D306F
:10E1200083420ED0431E042B08D8DFE803F0030B14
:10E130000F141600206905F01BFB10B9E36983F882
:10E140007D5038BD206917F0A2F8F6E7012120695B
:10E1500017F09FF8F1E70321F9E7FFF7D3FF002855
:10E16000ECD0206917F097F8E7E700BF480B0020D4
:10E1700073B504460D4D407A0026287117F05AF801
:10E180006871207AFFF7C6FF0096637AD4E9002110
:10E1900028691AF005FC32463146304613F0B8FFC4
:10E1A000206817F070F802B070BD00BF480B002067
:10E1B00038B50B4C05462368206923F4806323603F
:10E1C0001AF07FFB38B10DB9002038BD236843F445
:10E1D00080632360F8E7002DF6D00C20F5E700BF40
:10E1E000480B0020F0B5394C0546216889B011F084
:10E1F000010163D1202220461AF00BFF34481AF0A7
:10E20000EAF8074610B1102009B0F0BD314E324B8C
:10E2100030463360314B736017F030F83946304682
:10E2200004F0D6FDAB682061DB0249D40120F2F78F
:10E23000F7FC0028E7D102224FF0FF3120691AF0E5
:10E2400074F906460028DED10120FFF7B1FF4FF434
:10E2500000733246224920691AF067FAB0F5007F50
:10E26000D1D1287E00F048FA0028CCD120691AF0DC
:10E2700053FB0028C7D100F0D3FA0028C3D13C23B8
:10E2800094220393CDE9013296235022059001A9EF
:10E290002069CDE90623049304F0B4FE0028B2D12E
:10E2A00001201AF06CF80028ADD00E4A0E49206902
:10E2B00016F0E2FF236843F0010323600020A3E788
:10E2C00001211AF046F80028B0D09CE7480B002046
:10E2D000690345EC9C1B002099E400088C1B00207E
:10E2E000DC1C0020315202085F5202082DE9F04187
:10E2F00005460E46FFF706FD2F680446C7B9638B37
:10E30000008B18440A30FFF74FFB03462860C0B16A
:10E3100082790C321344A2681A71618B228BDF71EF
:10E320000A441A81084A0A2112799A711AF0C7FF21
:10E3300020462B68B2B24FF6FF71BDE8F041FFF7FF
:10E3400051BDBDE8F08100BF480B002070B5054607
:10E350000D4BDC6994F86C6006EBC60004EB8000A2
:10E36000FFF70EFDAA790C32AB18197941F00201C2
:10E370001971242101FB06446168A950227B5A715E
:10E38000A27BDA7170BD00BF480B002038B5FDF7E5
:10E39000C1FFC8B1847DC4B92A4DEB6993F87C20D4
:10E3A000022A10D1B3F8702053200132A3F8702054
:10E3B000FFF7CCF8012016F068FF2421EA6992F8F3
:10E3C0006C304B43D45038BDFF242046FFF710F883
:10E3D000002831D01B4CE36993F87C20022AF2D14B
:10E3E000B3F8702053200132A3F87020FFF7AEF885
:10E3F000012016F04AFF23681B0407D5E36993F850
:10E400007C30012B02D05220FFF7A0F82422E169D2
:10E4100091F86C305A438818806810F004001FBFD0
:10E4200003220133B3FBF2F202EB42021ABF9B1A42
:10E4300081F86C308850C6E75320BDE83840FFF7BC
:10E4400085B800BF480B0020024BDB6993F87D00C4
:10E45000704700BF480B0020044BDA69936F0343F9
:10E4600093674FF0006004F0C7BA00BF480B00206C
:10E4700038B505461EF090FA0446064B0820DB69C5
:10E4800083F87E50FFF7E8FF2046BDE838401EF0D5
:10E490007EBA00BF480B0020F8B515461C4606465C
:10E4A0001946104616F0EDFE2A462346304616F071
:10E4B00002FF3E4FD7E9022300EA020401EA030506
:10E4C00054EA05032FD0A4F108032B4325D0A4F56B
:10E4D0008043083B2B4327D0A4F10C032B4319D0D6
:10E4E000231F2B433FD0324B23402BB124F0011389
:10E4F00023F4A0432B4346D004F17F432B4335D074
:10E50000600122D5FA69936FD9051ED523F4807373
:10E51000936704E0002016F0B8FEFFF737FF2046AF
:10E52000294616F0AAFEF8BDFFF730FFFA6992F807
:10E530007C30022BF3D140F60201906F814318BF6B
:10E540000123552082F87C302CE01EF025FA64224D
:10E550000646FB69082083F87E20FFF77DFF3046E2
:10E560001EF015FADBE716F091FED8E7FA695120A4
:10E57000B2F86E300133A2F86E30FEF7E7FF0120EB
:10E5800016F083FECBE7FB6993F87C20012AC6D006
:10E5900040F60202996F55208A4314BF01220222DD
:10E5A00083F87C20FEF7D2FFB9E700BF480B0020BC
:10E5B0000150010038B5044680790C4D0C302044E0
:10E5C00013F0A8FD0123A179E279521A0C312144FC
:10E5D0002869D2B21AF0A7F8246804B938BDA17925
:10E5E000E2790023521A0C31F1E700BF480B0020FA
:10E5F00010B4254C2269B2F9001081422DDA03468D
:10E6000094F814C00CF18041013932F9210002EB79
:10E610008101984225DD312B28DDA17D8C4530D943
:10E6200002EB810032F921409C4224DB14D001F13D
:10E63000804C0CF1FF3C32F92CC0E41A002CACEBFE
:10E640000303B8BF6442002BB8BF5B42A34203DAA6
:10E650000139C9B202EB8100024610465DF8044B55
:10E6600070470A465DF8044B10467047002BD4BF34
:10E670000021617DD2E70131CCB2A44500F1040054
:10E68000D0D810460246E8E7AC1B0020042307B5AB
:10E690008DF80730002306481A460DF1070100697E
:10E6A0001AF004F99DF8070003B05DF804FB00BF01
:10E6B000480B002037B504461EF077F90B4B054692
:10E6C00018689B880090ADF80430094B69461869BA
:10E6D0008DF8004019F0FBFF47F6FF72054B284606
:10E6E0009C739A811EF05CF903B030BD2C2400208D
:10E6F000480B0020AC1B002037B58DF80700F6F75B
:10E70000ABFF134C0368134D236083889DF807000B
:10E71000A380FF2803D0FE2809D1FFF7B7FF2070A0
:10E720000021286904F000FE002003B030BD2378EA
:10E7300028698DF8073000230DF107011A461AF0F9
:10E74000B5F810B19DF80700E9E72020EDE700BF1C
:10E750002C240020480B00200346044AB2F9020092
:10E760001BB1034B1B8BC01A00B27047AC1B0020BF
:10E77000480B0020084B10B5B3F9004030B903EB4B
:10E780004103B3F902309C42A8BF1C46A242A8BF75
:10E790002246104610BD00BFAC1B0020024B1B6977
:10E7A000B3F90000704700BFAC1B0020034A137D83
:10E7B0001269013BDBB232F923007047AC1B002029
:10E7C0007FB5ADF80210ADF80420ADF806304FF07B
:10E7D000C8124FF082136946CDE90223ADF800005C
:10E7E0000C46FFF7E3FF042202ADB1F9003035F922
:10E7F000026B8342A8BF03461BB2B342A8BF334695
:10E8000021F8023B531E13F0FF02EED194E80300FF
:10E81000024B83E8030004B070BD00BFB01B0020B2
:10E820002DE9F04FDFF878A189B0DAF80000BAF8E6
:10E8300004300690C0B2FF28ADF81C3003D1FFF7BA
:10E8400025FF8DF81800534F06A9386919F03FFFCE
:10E850001EF0ABF84FF4FA710290386919F01EFF00
:10E86000386904F04BFD4C490090386919F016FFE7
:10E87000386904F043FD4FF01E08484D01904FEAFF
:10E8800088001BF066F8064680B14FF000030024B4
:10E89000DDF804906B75AB75009B4B451EDA234683
:10E8A00047F6FF72434571DB2E612C7502981EF00E
:10E8B00077F864231A4619461846FFF781FFFFF7D9
:10E8C00075FF2B6928801B8800206B8047F6FF733B
:10E8D000AB810C23AB7309B0BDE8F08F9AF8003020
:10E8E000ADF81690FF2B34D14FF00C0338698DF83A
:10E8F00015300DF1150200230DF1160104F0F8FE9C
:10E900009DF815B0AB7B5B4502D05846FFF7D2FEB1
:10E910004946386919F0C2FE0028C7D1386904F0A9
:10E92000EDFC019B83422CDC009B834229DB34B14C
:10E9300004F18043013B36F92330834221D0A045C6
:10E940000AD8304608F105081BF005F85FFA88F888
:10E9500095E78DF81530D3E7002802DA6C75AC75B1
:10E9600001E03128FBDD06EB840326F8240083F860
:10E9700002B03869039319F08FFE039B0134D870FD
:10E98000E4B209F101090FFA89F985E726F8232095
:10E99000013387E7480B00200CFEFFFFAC1B002073
:10E9A0002C2400208BB200294FF00A01B4BF053B94
:10E9B00005331BB293FBF1F3014A10835383704775
:10E9C000480B0020024B5B8BC01A40B2704700BF5F
:10E9D000480B0020044B10B51B8B0446C81A00B22C
:10E9E000FFF706FEE06010BD480B002010B5094C93
:10E9F0002369B3F900108142B8BF0146FFF7D6FE84
:10EA00008842A8BF084600B2FFF7F2FD0388638082
:10EA100010BD00BFAC1B002010B50146FFF7C6FEBD
:10EA200088420346A8BF0B46064C18B22269B2F9C9
:10EA300000209042B8BF1046FFF7DAFD038823801C
:10EA400010BD00BFAC1B002070B5044608B3114DCB
:10EA5000B0F90030B5F90C209A421AD01DF0A5FF8C
:10EA6000AB7B0646A078834201D0FFF723FEB5F9C1
:10EA70000C20B4F900309A4206D0074BE1781869AF
:10EA800019F0F9FD2388AB813046BDE870401DF0D8
:10EA900087BF70BDAC1B0020480B00200022044B38
:10EAA000DB691A605A629A64A3F86C20704700BF51
:10EAB000480B00202DE9F04F87B0074691469A4653
:10EAC000ADF80C101AF0B0FCB0F100083DDD002FDD
:10EAD0003ED03C464FF0000B264EA379E57903F17A
:10EAE0000C01ED1AEDB2214406EB0B002A461AF098
:10EAF00098FA2468AB44002CEFD19DF80C101E4806
:10EB000001F023010091C0F808900DF1140942466C
:10EB100053461849CDF80490A0461EF06AF83C46CA
:10EB2000A379E57903F10C00ED1AEDB206EB0801CB
:10EB300020442A461AF075FA2468A844002CEFD124
:10EB40000422494638461AF0ACFE07B0BDE8F08F03
:10EB50009DF80C10084801F02301C0F808900DF151
:10EB600014090091534642460249CDF804901EF024
:10EB700040F8E5E7C41B0020982E00202DE9F0475F
:10EB800084B0904699460390ADF808101AF04CFCFA
:10EB9000071F002F25DD039D002D40D04FF0000AF8
:10EBA000204EAB79EC7903F10C01E41AE4B229446C
:10EBB00006EB0A0022461AF034FA2D68A244002D12
:10EBC000EFD11948F119C0F8088001919DF808109B
:10EBD0004B4601F0230100913A4612491DF0FDFF1A
:10EBE00018B1002004B0BDE8F087039D7DB1074651
:10EBF000AB79EC7903F10C00E41AE4B2F119284482
:10EC000022461AF00EFA2D682744002DF0D103A8F1
:10EC100004211AF0ABFC012004B0BDE8F087014EDE
:10EC2000CFE700BFC41B0020982E002030B514464B
:10EC30000D460246064883B0019580218360234635
:10EC400000941DF0E2FFB0FA80F0400903B030BD3F
:10EC5000982E00200023F0B50E46D1688BB009BA7B
:10EC60000291C17890F800C061F3070381781A4DD2
:10EC700061F30F23417802AF61F317436CF31F6315
:10EC80000993936851681BBA0393836809BA1BBA46
:10EC90000793136842681BBA0593C36812BA1BBA7C
:10ECA00006AC0491AF600892069323468022294661
:10ECB000012000941DF0ACFF0028F6D1DDE908101A
:10ECC000DDE9063200BA09BA12BA1BBA30607160C7
:10ECD000B260F3600BB0F0BD982E00202DE9F84F24
:10ECE000DFF868908246D9F800B088461746BBF135
:10ECF000000F28D0002699F80450B54207D13D7086
:10ED000099F80400A84214BF0120022017E07419EA
:10ED10006110C1EBC10159448879C4F3470400F084
:10ED20000100B8EB000003D1062250461AF047F963
:10ED3000002806DB02D0661CF6B2DEE73C70BDE8B8
:10ED4000F88F2546D9E70320F9E700BFD41C00203F
:10ED50000022014B1A717047D41C0020F8B50546FB
:10ED60001DF023FE104C85F3070563790646AB4280
:10ED700005D1002430461DF013FE2046F8BD0027C3
:10ED800020686571277110B11AF0E5FD276063797D
:10ED9000002BEED0C5EBC5000CF0BEFA20600028B9
:10EDA000E7D160710724E5E7D41C00204840704794
:10EDB00000EB0010084480B2704700BF90FAA0F04A
:10EDC00000BA80B2704700BF044BD3F80120026044
:10EDD0005B7903F01F030371704700BFBE2B002057
:10EDE000234B2DE9F041002914BF0C461C46002599
:10EDF0000646174613688AB0C4F8013013792570A7
:10EE000063715FFA85F84146384616F020FB38B149
:10EE1000237803F128026A44013302F8288C237016
:10EE20000135252DEDD194F800803EB1424669466A
:10EE3000A01D1AF0F6F80AB0BDE8F081B8F1000F95
:10EE4000F9D00534F5B22946384616F000FB40B932
:10EE5000B5FBF8F308FB13550AAB53FA85F515F823
:10EE6000285C0136252E04F8015FEBD1E3E700BFF3
:10EE7000BE2B0020034B002818BF03460B44987993
:10EE8000704700BFBE2B0020F8B50D4682EA124243
:10EE900096B2314603462846FFF788FFFFF78EFFFC
:10EEA000FFF786FFFFF78AFFFFF782FFFFF786FF76
:10EEB000FFF77EFF0546FFF779FF164C002B14BFC6
:10EEC0001F4627460446144B781CA3FB0423E21A72
:10EED00003EB52035B0903EBC30203EB8203E41A67
:10EEE000E4B2214616F0B3FA40B93B786E40B6B2B0
:10EEF00006FB03F307EB1347B879F8BD7B1D2A37F0
:10EF000001E09F4204D013F8010F8442F9D1F4E7E5
:10EF10002046F8BDBE2B00204D91CFBA014B186E94
:10EF200080B2704700C001B80A4BD86800F070602A
:10EF3000B0F1106F0CD008D8B0F1E06F08D0B0F18C
:10EF4000006F14BF002001207047B0F1406FF8E758
:10EF500001207047000002B80022034B1A609A801B
:10EF6000FF229A71704700BF0B2C0020064A1379CC
:10EF7000834207D9012312688340134214BF012042
:10EF80000020704700207047DC1E0020054A034621
:10EF90001068002208B91A607047C10748BF0132E3
:10EFA0004008F7E7DC1E0020F0B541EA002087B0FA
:10EFB00040F4902706200E461546F6F7F9FE1AF0A3
:10EFC000C8FC044640B901461A200DF0B9F96FF0AB
:10EFD0008C05284607B0F0BD43684761DAB222B914
:10EFE00023F0FF0343F00103436011F0E3F8000254
:10EFF000062E1C4B40F0010060600CBF40F2011176
:10F000004FF48071204616F05AFAE360164B2A46F8
:10F01000236002AB1E4605F110071D4610685168BB
:10F02000083203C5BA422B46F7D1102130461AF0F8
:10F030007AFC10223146204601AB12F07FFB0546D8
:10F0400020B1014640F207400DF07AF91021304618
:10F050001AF077FC204612F044FE20461AF07BFCA2
:10F06000B7E700BF0044400400248000102A2DE9C7
:10F07000FF4706460F46154623D800244FF00109E6
:10F08000DFF84480DFF844A0D8F8002009FA04F340
:10F09000134213D046EA042040EA0A006A46E9B265
:10F0A00080B203F03BFD48B92A463946684619F05C
:10F0B00086FF18B960B204B0BDE8F0870134202C97
:10F0C000E2D14FF0FF30F6E7DC1E00200080FFFFAA
:10F0D0002DE9F3411D4E054601460622304619F042
:10F0E0006EFF20B996F9060002B0BDE8F081002459
:10F0F000A046EF1C2046FFF739FFD8B13B88CDF87A
:10F100000080ADF80330BB786946E0B28DF8053079
:10F110001AF07AFF21280DD0A8B9032229466846A3
:10F1200019F04DFF30B92B6860B23360AB88B07115
:10F13000B380D9E70134202CDCD12B683360AB8855
:10F14000B380FF23B3714FF0FF30CDE70B2C0020CD
:10F15000034B93F90630013301D1FFF7FDBE704731
:10F160000B2C0020F7B5044619F061F8631C58D148
:10F17000FFF7F2FE0024624E3379A3422CD84FF4FD
:10F1800000410024084603F029FD20224FF0FF3102
:10F190005C48346019F03DFF204600F01DFEFF265C
:10F1A0000446594D5CBB594812F0D3F9014630B1C1
:10F1B00010F1880F03D040F207400DF0C1F80C2188
:10F1C0004F4A43F6FF7003F08DFC202138204D4A52
:10F1D00003F088FC00202AE02046FFF7C7FE60B15C
:10F1E00065B20521284616F06CF90321284616F071
:10F1F00068F90621284616F064F90134BCE794F951
:10F200007530013305D02B7843B9132120461AF00D
:10F210005DFE204600F0E0FD0446C3E784F875601B
:10F22000F7E72046FFF7A2FE18B940F2064003B008
:10F23000F0BD6B4606220021204616F098F9002802
:10F2400045D049238DF806304FF47F41304840EADD
:10F250000420084003F0C2FC0521204616F031F9D5
:10F260000321204616F02DF90621204616F029F933
:10F2700001222349E3B29A400B6823EA02030B60A0
:10F28000244B93F90630A34201D1FFF765FE00201D
:10F2900005460B791B4A013BC1B2994221DBFF268F
:10F2A0000020D65400F098FD0546174F002D86D05B
:10F2B00095F97530A34205D13B78EBB91321284667
:10F2C0001AF004FE284600F087FD0546EEE76B467F
:10F2D00006220121204616F04AF90028B4D07223F4
:10F2E000B0E75656A64200D025B1551895F9015001
:10F2F000555401250130CFE785F87560E2E700BF7E
:10F30000DC1E0020EB2B0020E92B0020370004003E
:10F310000080FFFF0B2C00202DE9FF41354C0646F5
:10F3200001A8FFF733FE2379019A93421ED8627930
:10F33000012A40D100274FF0FF383D4610E02368F6
:10F34000EB40D9070BD5082202AB114668B216F084
:10F350000EF920B1039B43453CBF2F46984601352B
:10F3600023799D42EBD378B2FFF7FCFE236813F0BC
:10F37000010529D0002501220135202D18D002FADF
:10F3800005F71F42F8D13B432360A3680C210133EA
:10F3900043F6FF70174A7361A36003F0A3FBA8B1A3
:10F3A000236823EA07032360A368013BA36073611A
:10F3B0004FF0FF3519E0022AFAD10F4A134413F92E
:10F3C000010D421CFBD0CFE70127DCE722790A4C74
:10F3D000013A2146D2B2601C19F001FE6DB22246FC
:10F3E00020213820257003F07DFB284604B0BDE8BD
:10F3F000F08100BFDC1E0020EB2B00202DE9F04344
:10F40000002489B0AF4D04213F2001AA2C7003F0E5
:10F4100085FB00B10194019F002F4FD00026781E7C
:10F420004742474100242C70A74D0C212A4643F641
:10F43000FF7003F073FBC0B10D23AB80019B2C6008
:10F44000032BAC6011D803AC2246142143F6FF70A5
:10F4500003F064FB48B994E8070085E807002A46F2
:10F460000C2143F6FF7003F03DFB019B042B06D0FB
:10F4700004213F200DEB0102019103F033FB202119
:10F480003820924A03F04AFB28B120224FF0FF3186
:10F490008E4819F0BEFD03222B795B00B3FBF2F31B
:10F4A0008B4A1370FFF758FDF8F7CEFD014618B1EF
:10F4B00040F207400CF044FF002413E001263746D9
:10F4C000B0E72B68E340D9070BD508224FFA84F840
:10F4D0001146404603AB16F04AF810B94046FFF714
:10F4E00041FE01342B799C42EBD38EB110213720A1
:10F4F00003AA03F013FB002852D10620F6F758FCAC
:10F500001AF027FA044680B901461A200CF018FFB9
:10F510003FB13D2003F01EFB00242B799C42C0F03C
:10F52000AB80002009B0BDE8F0836A4A43684261BD
:10F53000DAB222B923F0FF0343F00103436010F075
:10F5400039FE0002644B40F0010040F2011160609E
:10F55000204615F0B4FFE360604B1021236003A840
:10F560001AF0E1F9102202AB03A9204612F0E6F8E6
:10F570000646102103A81AF0E4F9204612F0B1FB68
:10F5800020461AF0E8F9372003F0E4FA46B140F2D9
:10F59000074031460CF0D4FE4FF0FF30FFF7E2FD9C
:10F5A000002623E03046FFF7E1FCF0B174B21022F0
:10F5B0000321204603AB15F0DAFF1028814620D145
:10F5C0000321204603AAFFF7EFFC8046494603A823
:10F5D0001AF0B7F9B8F1000F0CD040F207404146DD
:10F5E0000CF0AEFE2046FFF7BDFD01362B799E42A2
:10F5F000D8D38DE748F2030040EA062080B203F03A
:10F60000A9FA10220521204603AB15F0B0FF1028FF
:10F61000814613D10521204603AAFFF7C5FC804689
:10F62000494603A81AF08DF9B8F1000FD5D148F278
:10F63000050040EA062080B203F08CFA1022062171
:10F64000204603AB15F093FF10288146CDD106214B
:10F65000204603AAFFF7A8FC8046494603A81AF0F3
:10F6600070F9B8F1000FB8D148F2060040EA062060
:10F6700080B203F06FFAB8E72046FFF777FCF0B1ED
:10F6800066B204220C21304602AB15F070FF04284C
:10F690000AD1029B0122C3F300238DF80C300C2108
:10F6A000304603AB15F022FF00231022CDE90333CF
:10F6B000CDE905330D21304603AB15F017FF0134BA
:10F6C0002BE700BFE92B0020DC1E0020EB2B0020E5
:10F6D000EA2B00203700040000444004002480008E
:10F6E000F8B5104B044618790F4B00221D46D1B2D5
:10F6F000884204D913F9017B561CA74204D10B4B55
:10F700001B788B4202D9F8BD3246F0E70649481C07
:10F7100019F065FC2C702021BDE8F8403820024A21
:10F7200003F0E0B9DC1E0020EB2B0020EA2B0020C8
:10F7300020F00040A0F20540F8B5032817D8DFE814
:10F7400000F0021728330C790F78A4F11B02534202
:10F7500053414E88CD8801F108021948990016F0EE
:10F76000E6F820B10771A0F80560C4710581F8BD05
:10F770000E784D888C8801F108021248002116F09D
:10F78000D6F80028F3D00671A0F80550A0F807407D
:10F79000EDE70D480D784C6816F091F80028E6D09A
:10F7A0000571A0F80540E2E707480C7816F087F8E5
:10F7B0000028DCD007234371002304718371D6E74E
:10F7C00048EA020844EA020840EA020837B50D4B4D
:10F7D00041881C6801AA0DF10203008817F022FA83
:10F7E000043CBDF80230A4B2A34288BFADF8024089
:10F7F0000546019ABDF80210034816F010F88580FE
:10F8000003B030BDE41F002020840A16002110B58B
:10F81000821D8388044608461AF070F8024648B1F3
:10F820006188208817F02AFA0446034816F0AEF8DB
:10F83000848010BD1A24F8E720020A1708B5014693
:10F84000034631F8040B5A8817F0AEFB034816F054
:10F850009DF800230371437108BD00BF20020A1BFD
:10F8600040F2055320F0004098422DE9F0410BD8BA
:10F8700040F20153984209D840F2014398420DD01A
:10F8800040F20A43984214D0BDE8F081A0F2035040
:10F89000022816D8DFE800F024495C000D784C8877
:10F8A0002D4816F00CF80028EED00571A0F80540A0
:10F8B000EAE72A480C7816F002F80028E4D0047130
:10F8C000E2E727480F784E880D79CC8815F0F7FFCE
:10F8D0000028D9D00771A0F80560C5710481D3E76D
:10F8E0008C684E880D790F7884B1B1F8068001F1EB
:10F8F00008021C48002116F01AF80028C4D007712D
:10F90000A0F80560C571A0F80880BDE7234622462F
:10F910002146144815F0E4FF0028B5D00771A0F87F
:10F920000560C57104724472AEE70F4891F800801B
:10F930004F880E79CD880C8915F0C1FF0028A3D01F
:10F9400080F80480A0F80570C671058144819BE7AA
:10F950000D784C680548A4E770EA02085CEA0208E2
:10F960006CEA020868EA020864EA020860EA02082F
:10F970002DE9F04385B081460F4601A8134916468C
:10F980001D46DDF8308000F0ABF80446C0B9029B9C
:10F9900001A8A3F80490DF8000F008F9029904465A
:10F9A0000DB1CB882B60B8F1000F06D0CA88B242E7
:10F9B0000AD84046083119F034FB01A815F0F2FED0
:10F9C000204605B0BDE8F0831D24F6E784EA02086E
:10F9D00030B587B005460C4600930749134603A887
:10F9E000022200F09DF828B9049B03A89D80DC80CA
:10F9F00015F0DCFE07B030BD7CEA020810B586B019
:10FA000004460B4600920649022203A800F088F83B
:10FA100020B9049B03A89C8015F0C8FE06B010BD59
:10FA200074EA0208044A0346106810B102789A4248
:10FA300000D170474069F8E7E81E002038B5074D4F
:10FA40002C784CB915F039FE02F084FD044B1C6093
:10FA5000044B1C7001232B7038BD00BF132C0020F9
:10FA6000E81E0020122C002070B5104E04463568A8
:10FA7000B5B9B0F5006F15D20D490434084610F041
:10FA8000E0FF20460BF048FC224601463060084863
:10FA900010F0DCFF33683BB12846064B1C6070BD9C
:10FAA0001220FCE72120FAE71920F8E7FC1E0020CD
:10FAB0008CEA0208F81E0020084A136833B941781E
:10FAC000436141F00101417010607047197802787C
:10FAD0009142FAD003F114025B69EFE7E81E0020BF
:10FAE00038B5044608680D4618F076FB50B9094B46
:10FAF0001B6800202A68C4E900531A60064B1B6883
:10FB0000A36038BD2028FCD1044B1B68002BF0D12A
:10FB10000920F6E7FC1E0020F81E0020F41E00203D
:10FB20002DE9F0471D460C6816464FEA0429C4F338
:10FB3000072309F4E06949EA03091B4B09EB050AAD
:10FB40001B680AF104029A4280462AD80123F20077
:10FB500093409D4225D2FFF7C3FF0746C8B924F45E
:10FB60007F4424F0C70444EA1A244FEA0A2AD8F84A
:10FB700004101FFA8AFA44EA0A0441F8044B894443
:10FB80002A464846089919F04CFA012E04D109F882
:10FB9000015C3846BDE8F087022EFAD129F8025CF4
:10FBA000F7E71D27F5E700BFF81E002038B504462B
:10FBB000054B00681D684068D4E901231146A84739
:10FBC0006368988838BD00BFAC2E00202DE9F84F3F
:10FBD0000F46884657F8041B0546144600203A464F
:10FBE0001E4615F06BFDD8F80080404615F0DEFC8F
:10FBF00020B19DB941684FEA186359B90F213346C6
:10FC00002246404615F0DCFD0D461AE04A799A423C
:10FC100004D008310D68002DF8D1EFE7DFF83490FB
:10FC2000DFF83480D9F800B0D8F800A03846C9F819
:10FC30000040C8F80060A8470025C9F800B0C8F81F
:10FC400000A02246012052F8041B15F037FD28467B
:10FC5000BDE8F88FF01E0020EC1E002070B50D4BA3
:10FC600004020E4604F4E064C0F307211B680C4351
:10FC7000094A04349C42126809D9052B02D91D2176
:10FC800015F09EFD00231A461046336070BD1060CB
:10FC9000043BF9E7EC1E0020F01E0020054B18681D
:10FCA00008B1C3681BB1003818BF01207047406914
:10FCB000F6E700BFE81E002008B539B1FFF7B2FE35
:10FCC00030B10020034B1B680B6008BD2220FCE70D
:10FCD0002D20FAE7F81E002037B50D461446CAB1AC
:10FCE0000F4B1B688B4217D815F087FD014601901A
:10FCF000A0B100232A46204619F000FB01A819F004
:10FD00000EFB2246022052F8041B15F0D7FC0020FF
:10FD100003B030BD2220FBE72120F9E72D20F7E7D3
:10FD2000F81E002070B504460D461B4A13686BB3DD
:10FD300093F87D10586811F0040129D110608C22CD
:10FD4000184693F8706019F064F9034680F8706003
:10FD50002268C0F85A20A288A0F85E20A27980F814
:10FD600060202868D864AA79A98883F85220FF22E5
:10FD700083F8752083F8762040F6FF72A3F86E2092
:10FD8000064AA3F85010116813605960184670BDF8
:10FD90001A1D0346CBE700BF041F0020001F0020F0
:10FDA000054A0346106800B97047B0F86E209A42C1
:10FDB000FAD04068F7E700BF001F0020054A03465D
:10FDC000106800B9704790F870209A42FAD04068E5
:10FDD000F7E700BF001F002010B9024B18687047FA
:10FDE00040687047001F00200023114A2DE9F041B0
:10FDF0008C2113608046024601200BF02DF804464A
:10FE000020B905460B4E3060454502D32046BDE87B
:10FE1000F08101200BF086F807468C220021013585
:10FE200019F0F7F887F8705037603E1DECE700BF17
:10FE3000001F0020041F0020012310B58B4090F804
:10FE40007110044621EA030149B280F871100029BB
:10FE500049D118F0D0F920461AF001F9102104F127
:10FE6000180019F06EFD204601F020FA04F1380068
:10FE700019F055FA204617F0B9FF214A13681BB153
:10FE80009C42596830D11160A36859050BD51A05F9
:10FE900009D443F40063A18994F87000A36004F1CD
:10FEA000780202F07DFA00232046636019F051F9D0
:10FEB00015F07EFD4FF48072B2FBF0F2424394F8ED
:10FEC00070300344B3FBF2F102FB1133DBB2591E75
:10FED000C9B2FD29F5D884F8703000236360094B5E
:10FEE0001A6852B91C6010BD1A465B68002BCBD053
:10FEF0009C42F9D163685360C6E7131D5268F0E76E
:10FF0000001F0020041F002090F8743003F00B0342
:10FF1000013BDBB20A2B9ABF014AD05C002070473C
:10FF20009AEA02081FB5014690F870308DF8043047
:10FF3000FFF7EAFFB1F862308DF80C00ADF806303B
:10FF4000B1F8643001AAADF80A30B1F8663005485E
:10FF500040F20311ADF8083019F00FF905B05DF863
:10FF600004FB00BF181F002007B590F870308DF813
:10FF7000051001AA40F2072103488DF8043019F05A
:10FF8000FCF803B05DF804FB181F002038B50A4BDD
:10FF900004461B680D462BB143699B0702D515F03B
:10FFA000C9FE30B12A4620680421BDE8384017F068
:10FFB000CBBEA3699D6138BD081F0020014B1860AE
:10FFC000704700BF081F0020024B1868003818BF98
:10FFD00001207047081F002013B50446019120B985
:10FFE00001A819F09CF9212012E008460029FAD056
:10FFF00019F01AFA80B20028F2D0094B20461B688B
:020000040801F1
:1000000001994BB1984728B92046019900F04AFC64
:1000100002B010BD0020FBE701F086F8F3E700BF57
:10002000081F002000487047271F0020044890F850
:10003000261000F10B020430012918BF104670474A
:100040001C1F002038B58379044613F0280F25D0F3
:100050000368134DC5F80B308388A5F80F308379FA
:1000600000206B740BF0B2FA40B92B68032043F008
:1000700002032B60BDE838400BF0E0BC436A13F488
:10008000404FEFD1226843F00803C0F80120A28856
:10009000A0F80520A2794362C271E3E7212038BDB0
:1000A0001C1F00204379024A9B09D05C704700BFA7
:1000B000B5EA02080B6810B503608B88FF2A044676
:1000C000838002D10723A37109E0032A08D8054BD6
:1000D0009B5C072B837102D1FFF7E4FFA07110BD79
:1000E0000023F0E7B9EA02088379024A03F0070324
:1000F000D05C7047ADEA020810B582798B79094C63
:1001000002F0070203F00703A25CE35C9A4206D107
:10011000062218F054FFB0FA80F0400910BD00200C
:10012000FCE700BFA5EA0208F722014B1A807047DE
:10013000EA30002010B5044658B30068836CA3422F
:100140001FD1636883642246124918F0E2FF04F16C
:100150000C0018F0FEFF04F1440019F0E0F8A0696B
:1001600048B1143019F0DBF8A069183019F0D7F84D
:10017000A06919F0F0FB2046BDE8104019F0EBBB78
:100180001346002BDFD05A68A242F9D162685A6048
:10019000D9E710BDC55D020870B5054648200E467A
:1001A00019F0D7FB044650B1FFF70EFF60B11C20D9
:1001B00019F0CFFBA06128B9204619F0CCFB002430
:1001C000204670BD002303700321284615F0E8FB8C
:1001D000AB6C22466360AC641723268100266381E2
:1001E000144928462560267766640AF09DFD01F0D3
:1001F00045FF3246014604F10C000AF095FD02234A
:100200002374FFF7E1FE18B90B4B1B78002BD7D0F6
:100210000A4B19881729D3D9204615F04EFC00281F
:10022000CED11321204615F092FD636943F00203FD
:100230006361C5E7C55D0208142C0020EA30002088
:10024000F8B5054610B3002920DB114C2468247E44
:100250008C421BDD3F2919DC032701F0030600EB6C
:10026000A10191F831407600B74002F0030224EA80
:100270000704B240224381F8312013B1002115F068
:100280001AFE2846BDE8F84015F072BEF8BD00BF62
:10029000141F002070B5164600221A7032800A7AA8
:1002A0000D46072A4DD8DFE802F004090D111A1E89
:1002B000304AE86830F8023B338043E0EB68981D31
:1002C0005B88F9E7EB68981D9B88F5E7697B15F07B
:1002D0003FFE02221C4B18801846328032E0022377
:1002E0001A4833802EE01A4C2B7BE88923702B8828
:1002F000E11C013363702B8801331B12A37000F0E3
:10030000D9F90330308020461CE0124CA889EB89D3
:10031000020AA3701B0A20706270E37000F03CFABE
:1003200058B1C3681A88022A07D19A782271DB78FB
:10033000637106230748338004E00423FAE7802230
:100340001A70002070BD00BF2E2C0020BDEA0208EC
:100350001B2C0020152C0020054A064B1860136842
:1003600043F001031360828B034B1A80704700BF78
:100370000C1F0020141F00203224002000232DE930
:10038000F04FDFF8B89191B0D9F80070054617F03A
:100390000807CDE90633CDE908330AD0644B03F1F1
:1003A000100253F8041B934245F8041BF9D10020B6
:1003B00015E01022394618F02CFE0320F5F7F8FC62
:1003C00019F0C7FA804648B10620F5F7F1FC19F09C
:1003D000C0FA064630B9404619F0BDFA1A2011B0ED
:1003E000BDE8F08FCDE90477F7F72EFE044668B13B
:1003F000404619F0B0FA304619F0ADFA40F2074025
:1004000021460BF09DFF40F20740E8E70FF0D2FED7
:100410004FF4A053DFF828A10002C6E9023A454B89
:100420007060336010223046776104AB06A911F08A
:1004300085F90446A0B952464046049911F07DFA68
:10044000044668B9BB463C4BBAB21B68D988914296
:1004500027D810222946404605AB11F093FA0446EE
:10046000404611F0E0F9404619F075FA304611F0B7
:1004700038FC304619F06FFA049811F06AF8002C35
:10048000BCD12B4B05F1100255F8041B954243F8E3
:10049000041BF9D1D9F8003043F00803C9F8003043
:1004A00085E71A68BCB2210102EB04142046ADF8BE
:1004B0000EB00191009216F045F98246204600F0F8
:1004C0003FF930B3DDE90021AAF5205080B20328BE
:1004D00002D9BAF5245F1ED1525A00202146ADF848
:1004E00028200DF10D030DF10E02ADF82AA0FFF743
:1004F000D1FEBDF80E2001460BA818F092FDBDF804
:100500000E20404604320AA911F01AFA04460028C7
:10051000A6D1013797E70AF55640FF3080B204288C
:10052000F7D8525AADF82AA0ADF82820E7E700BF67
:10053000302C002000248000141F00200C1F0020FD
:100540000002C003134B01461B6870B513F004038F
:1005500006D00022104B1C68E38990B2834209D870
:100560000E4A14680022E58990B2854209D84FF6F8
:10057000FF7005E0A56835F8125001328D42ECD1CC
:1005800070BDA66836F8126001328E42ECD1034489
:1005900098B2F5E70C1F0020101F0020141F002048
:1005A000094B1B685B070AD5084B1A68D38983423D
:1005B00003D9936833F810007047C01A80B2044B17
:1005C0001B689B68F6E700BF0C1F0020101F00206F
:1005D000141F002038B5046805460C22204608493F
:1005E00018F0EDFC50B90222064904F10E0018F093
:1005F000E6FC18B902200C342C6038BD1020FCE752
:10060000C0EA0208CEEA02082DE9F743102801915A
:100610000BD0022804D04FF6FF7003B0BDE8F08382
:10062000019B1888FFF78EFFF7E701A8FFF7D2FFBD
:100630000228F5D01028EED11B4B019F1E6816F042
:10064000040608D00024194BD3F80080B8F81660CF
:10065000A5B2AE421AD80025154BD3F80080B8F8E1
:100660001690ACB24C45D6D2D8F81000102200EB50
:100670000510394618F0A3FC01350028F1D1A01966
:100680006FEA40406FEA504080B2C6E7D8F81000E9
:10069000102200EB0410394618F091FC01340028B8
:1006A000D6D145F40040B8E70C1F0020101F0020F1
:1006B000141F0020020408B51DD5124BC0F30E0014
:1006C0001B685B0713D5104B1A68D38A98420CD26B
:1006D000136903EB001000F1100350F8042B98424B
:1006E00041F8042BF9D1102008BDC01A80B2074B85
:1006F0001B681B69EDE7FFF753FF0870000A48709D
:100700000220F1E70C1F0020101F0020141F002002
:1007100038B50446094B1B681D68A54209D220461E
:1007200021B916F019F830B1103402E016F01DF8B6
:1007300008B1204638BD103CEFE700BF141F002071
:10074000437ADA0702D5C3F380007047034BC288AF
:100750001B881A4214BF0120002070473224002059
:100760000A4B1B68DB0708D570B1094B1B68DB8897
:10077000834234BF00200120704728B1054B1B88FD
:10078000834294BF00200120704700BF0C1F00204F
:10079000141F00203424002070B50246FFF7E0FF4C
:1007A000E8B10F4B1968CD88954209D302F180500A
:1007B0000B680138040103EB00101B5B93420ED061
:1007C000002398B2854201D8002008E00E681C0181
:1007D000345B06EB0310944203F10103F1D170BDC9
:1007E000141F00202DE9F34100250E46A846174F9F
:1007F00001903A68ABB2D18899421DD91468ABB266
:1008000004EB0314B4F90430002B1CDA2046FFF784
:1008100097FFC0B1E1680B889E4214D1324601981F
:10082000023119F03EF8E36882B21B88934207D088
:10083000114601A818F09AFE404602B0BDE8F081CA
:1008400043441FFA83F80135D3E700BF141F00208B
:100850007FB5134B0E46054604460393A0B115F031
:1008600013FB78B900223146204615F03DFC0228E2
:1008700007D18023314600932046042303AA16F0B3
:1008800000F80DB104B070BD204615F0CCFA044656
:100890000028F7D015F0F8FA0028F5D1E2E700BFFC
:1008A0000100FFFF2DE9F04F97B08346099115F045
:1008B00037FA099883790C33C45CC51818F0B4FD75
:1008C000202C0646099F26D8012C28D9C74BA21EEA
:1008D000D2B2D340DA0722D5384697F8068018F00E
:1008E000A3FDBBF80A2083B29A4228D214F0010279
:1008F00040F0A78004F07F03522B00F0A2801E2C52
:1009000000F09F80099B214600935846042315F070
:10091000E5F821240CE004F07F03522BDCD02146C3
:10092000062300225846009715F0D8F841F2061425
:10093000584615F0FAF9204617B0BDE8F08F474445
:100940003A7B013B202A9BB246D8012ACED9023AF3
:100950001E2ACBD801A151F822F000BFF9090108E5
:10096000ED080108FD090108ED080108F109010879
:10097000ED080108E5090108ED080108F909010879
:10098000ED080108FD090108ED080108010A010848
:10099000ED080108E5090108ED0801082F0A010822
:1009A000ED080108ED080108ED080108330A010807
:1009B000ED080108370A0108ED080108ED080108F3
:1009C000ED080108ED080108ED0801083B0A0108DF
:1009D000ED080108010A0108522A28D0D22A85D13F
:1009E0000D2B06E0062B11D0142B7FF47FAF0DE00A
:1009F000052B7FF67BAF09E0022BF6E7042BF4E72B
:100A0000032B7FF673AFDB073FF570AF022C00F0CE
:100A10000281DBF800309B689F0516D40BF144007F
:100A200018F07DFC099BCBF84430002480E7012BB3
:100A3000DFE7032BDDE7012BD7E7002B7FF456AF71
:100A4000E4E709A818F06BFC63E71E2C00F036837E
:100A5000584615F019FA0746002840F0828058469B
:100A600015F00DFA00287CD004F07F03522B00F023
:100A7000CE80082C68D1B6B2152E14BF02201020EB
:100A8000691D15F0E7F900285ED0DBF81430D807AF
:100A90004BBF23F0010343F00103394601215846BF
:100AA0004CBFCBF81430CBF8143015F004FA099889
:100AB0000D9014F083FF0446B0F80180B0F8039065
:100AC0000D9818F0B1FC152814BF02251025053427
:100AD00021462846FFF798FD21460390284615F049
:100AE000B9F90490B8F1000F00F05281C84500F246
:100AF0004F81022109200D9A14F081FFBBF80A7082
:100B00008246023FBFB23E4640464FF0FF3549465F
:100B1000039A15F09BFC0446002800F07B8115F039
:100B20006BFA002800F0938101222146584615F007
:100B30000AFB03468DF82E00002800F02E810D9A46
:100B4000009222460821B2E0DBF8143013F00106CF
:100B50004ED023F0010300215846CBF8143015F095
:100B6000AAF9202C72D8032C75D9231F1C2B72D8FC
:100B700001A252F823F000BF650E0108570C0108CE
:100B8000570F0108570C0108AF0A0108570C01085C
:100B900041100108570C01085F100108570C0108AB
:100BA00075100108570C0108630C0108570C010867
:100BB0008D100108570C0108570C0108570C01084B
:100BC000A9100108570C0108B3100108570C0108BF
:100BD000570C0108570C0108570C0108570C010865
:100BE000BD100108570C01088310010855555150DC
:100BF00043F0010301215846CBF8143015F05BF99E
:100C00001223324621465846009614F067FF09A881
:100C100018F085FB09E7099DBA4C284614F0CEFE72
:100C20002188B0F801602A46584614F06CFF2388EA
:100C3000BBF80A10B34228BF3346172BB8BF17239F
:100C40005846ABF80A3015F057F8EEE6522C00F093
:100C50002482D22CDBD0099B00220093214606235C
:100C600025E0099F384614F0A9FE0546B0F801803A
:100C7000B0F803A0384618F0D7FB15280CBF204663
:100C80000220691DFFF7C0FCB5F8053004900793FA
:100C9000B8F1000F07D0D04505D815F035FD50B993
:100CA0001023009701E00123009742461021584687
:100CB00014F014FFB9E63A460221112014F09FFE09
:100CC00044464FF0FF35BBF80A3005909E1E039353
:100CD000063B9BB2B6B2089351462046049A15F0E3
:100CE000B5FB814668B35146079A15F0FCFB0446F4
:100CF000484615F081F940B94FF6FF739C4201D088
:100D00000134A4B25445E7D91BE04FF000030DAA0B
:100D1000ADF8343049460CAB584615F0B1FA039A99
:100D2000BDF83430053A9A42089A0690D8BF134667
:100D3000002DADF8343009DB9D4202D1EB1CB342EB
:100D400008DB691C1CD10A230097AEE7351F9D42C2
:100D5000A8BF1D46042211A93846ADF84490ADF84D
:100D6000464018F09EFD2A463846069918F099FD2F
:100D70004FF6FF73043E761B9C42B6B2C0D1E0E74B
:100D80003946059B04355D705846FFF7FFF84CE681
:100D90000D9B009301234246D4E6049B13B12046E9
:100DA00015F00EF9204615F03FF9D8B1002D54DCAE
:100DB0000DA818F0B4FA082358468BF81C3050F8E8
:100DC0000C2B40F2025192F870208DF8483000232D
:100DD0008DF8442011AAADF84640ADF84A3018F01D
:100DE000CCF922E6ADF844000DF12E032146584619
:100DF00011AA15F045FABDF844300590BB4228BF52
:100E00003B46002DADF844300ADBAB4202D16B1CEF
:100E1000B34209DB6A1C0D9B1FD100930A23BAE77A
:100E2000B51E9D42A8BF1D4602220CA90D98ADF823
:100E3000304018F036FD2A4605990D9818F031FD1E
:100E40004FF6FF73023E761B9C42B6B2E2D0601CA6
:100E500080B28145BFF45BAEDCE702350D998AF8BC
:100E6000015091E7DDF82490484614F0A7FDB0F852
:100E70000330B0F801800493B8F1000F44D09845D6
:100E800042D84FF6FF774A460221052014F0B7FDFD
:100E90004546BA46BBF80A400590023CA4B2294632
:100EA000584615F0B5FB504506464CD04FF400624D
:100EB0002946584615F047F900283FD1304615F02D
:100EC0003FFC00280CBF022310235745039321D079
:100ED000304615F035FC0690384615F031FC069B7F
:100EE000834203D1039B0133A34214DB384615F040
:100EF00027FC059B013019465870584614F0D7FD61
:100F000093E500BFEA3000200123CDF8009042466F
:100F10000421CCE637460DF146013046ADF8445089
:100F2000FFF7C8FB039B48469A1C11A918F0B9FCAF
:100F3000039B023CE41A5545A4B2D7D0049B01356B
:100F4000ADB2AB42ABD24FF6FF739F42CED10A2374
:100F5000CDF80090DBE7DDF824900024484614F03B
:100F60002DFDB0F80530B0F803A0B0F801600746D9
:100F70004846039318F058FAC51FADB2102D0C94D3
:100F80005AD82A46F91D0DA818F04BF8002E55D056
:100F9000564553D84A460121072014F030FDA0469B
:100FA000074633460A249A45049307D93946BBF8C5
:100FB0000A0014F007FD0328049B04D8B8F1000FC1
:100FC0001CD0394699E7ADF84430039B5846ADF83C
:100FD00048300DAB139300230BAA009311A90DF118
:100FE0002E03ADF846A0ADF8505015F0A8FA0A2827
:100FF0000446E3D0BDF82C3030B11E4623463246BD
:101000000621CDF8009052E6ADF83030BDF82E3014
:101010000CAAADF8323039460423BBF80A0014F0AC
:10102000DCFC4FF6FF72BDF82E309342C9D001337D
:101030004FF001089BB2B6E70424DFE70124DDE7A7
:101040000A23099C8BF81C30204614F0B7FC234679
:101050000022B0F80110584615F0E3FCE5E4099CC5
:10106000204614F0ABFC0C238BF81C30B0F80320A6
:101070002346EEE75A460F210E20099B15F02AFD64
:10108000D3E45A4621212020099BF7E75846099AC4
:10109000B5F8011015F037FEC7E45846099AB5F8BF
:1010A000011015F08BFEC0E45846099915F0C5FEF5
:1010B000BBE45846697815F02BFFA8E5584615F0B3
:1010C00047FFA4E57FB5174A0646136842F6052098
:1010D00023F00803136015F0F4F9054650B1684693
:1010E000FFF74CF9002014F09EFE044620B9294673
:1010F000FFF7AEFB04B070BD1022684604F1210179
:1011000017F05DFF38B10121204614F0D4FE636969
:1011100023F0010363611EB13146204615F0A9FAA0
:101120002046E0E70C1F002037B58B790A460C33C8
:10113000CD180191C95C044611F0010329D01D2985
:101140000AD101211E2014F05AFC0146204614F059
:10115000AEFC012003B030BD032916D10E4BB5F80B
:1011600001201B884189934228BF1346172BB8BF23
:101170001723438114F0C0FD636940F2094123F055
:1011800002032046636114F0DFFD01A818F0C7F8E0
:10119000DFE71846DEE700BFEA30002038B5124B23
:1011A00004461B8842898B4228BF0B46172BB8BFC9
:1011B00017231146438114F09FFD636923F0020356
:1011C0006361A3699D693DB10022294620469A6169
:1011D000BDE83840FEF7DABE40F20941204614F07F
:1011E000B3FDA3691D7038BDEA3000200148FEF749
:1011F000E5BE00BF01160108014818F0AEB800BFF7
:101200007C1F002040F6FF732DE9F3410D46B0F836
:101210006E100192994205D101A818F080F802B031
:10122000BDE8F0811146134601229BBB1E4818F011
:101230005DF9FFF7E1FF04460028F0D018F0F4F85C
:101240006379074603F001086FF30003637104211B
:101250002046A66818F02BFA4379044668F3000389
:101260004371DB438179B6F86E200C31866003F060
:1012700001036254C2F30322084442EA031242709B
:10128000478022463046294616F0B6FF2046F8F73A
:10129000FDFECEE75C79986024F0030414435C7192
:1012A00000221B68C1E700BF7C1F002070B5054607
:1012B000064C206800B970BD8368AB4204D1066853
:1012C00009F09EFE2660F4E70446F2E77C1F00204A
:1012D0000146014818F00AB9801F0020014818F0A3
:1012E0003CB800BF801F00200146014818F0FEB83E
:1012F000781F0020034BD86818B103F10C0018F0D8
:101300002CB870476C1F0020044BDA6822B958696A
:10131000003818BF01207047012070476C1F002063
:10132000014800F0C1BA00BF2D1301082DE9F04FAC
:10133000867987B00C3605900546805BC0F30B00BC
:10134000FEF72EFD044618B905A817F0E8FF4EE099
:1013500090F87230022BF7D1AB5B059AC3F30B0107
:1013600003F44053B3F5805F9060A95342D15379A1
:101370006FF300035371836B002BE5D0042105A8A4
:1013800004F1380618F0CBF83046059918F0AEF89D
:10139000A06B002301465A1CA9BBDBB2012B01D96B
:1013A00018F015F9A06B18F03FF803281FD9D4F8EE
:1013B0003890484699F8067018F036F80C3709EB63
:1013C000070539F80770A0F10408474522D9524FA4
:1013D000D4F838A007F1100957F804BB5346424629
:1013E00029462046D8474F4510D00028F4D007B0F2
:1013F000BDE8F08F383017F092FF059A537943F02B
:1014000001035371BAE713460968C4E70028EED117
:1014100030469AE7A06B18F007F804378742F7D3F5
:101420006988A1F140033F2B0BD80421304618F006
:1014300076F82046A26B698816F0D0FC0023A363DF
:10144000D5E705290BD0062961D00429E0D1304623
:1014500018F065F8A16BA06CFEF7BEFDEEE729461B
:10146000204616F0B9FC02460028D1D12B79122B68
:1014700006D0132B36D02046697916F085FCC7E7D5
:1014800094F87330022BF6D040F67A4029898B1FEE
:101490009BB2834224D86A89931F9BB283421FD890
:1014A00091421DD8AB89B3F5FA7F19D240F6764C3C
:1014B000EF89A7F10A0080B2604511D8B4F86A003C
:1014C0000290B4F86800CDE90070204600F04AFBB5
:1014D000021E18BF01222046697916F011FC97E719
:1014E0000122F8E794F87330012B03D12046697983
:1014F00016F04AFCA3681A048AD523F40043A360BB
:101500002B89012B84D120460AF08AFB80E72046F4
:10151000A16B18F07DFD91E7D0EA02080138C0B256
:101520000A289ABF014B185C00207047E0EA0208C5
:101530000149024817F0E9BDB02E0020181F002015
:101540001022074B28215A826422C3E905124FF664
:10155000FF729A8300221A604FF47062DA84704737
:101560001C1F002038B5114C94F82630EBB12268CE
:1015700012F0010519D1201D0AF066FF236843F01F
:101580000203236016F093FC78B14EF6602294F8C3
:1015900027304FF48271534305482A4609F0A2FBD5
:1015A00018B9236843F00103236038BD1C1F0020D5
:1015B000181F002022F00042052A10B504D0B2F511
:1015C000827F0AD0002010BD0C4A1B88918C00201D
:1015D0009942F8D190840120F5E7084B1A6893F8F6
:1015E000264022F00102012C1A60F4D118F014FBFD
:1015F000FFF7B8FF20460AF021FAECE71C1F002095
:1016000030B5044685B00846039116F04CFD8307BB
:1016100008D410F0010003D003A817F080FE0120C9
:1016200005B030BD03998B7903F10C0288188A5CF0
:10163000013A202A00F21781DFE812F0210015019B
:10164000B1001501B4001501BD001501C40015015C
:10165000CC001501D4001501DB001501E9001501CE
:10166000F100150115011501F30015010101150126
:10167000030115010C01150115011501E2000379A3
:101680000BB103F588534278023A1E2AC4D801A14F
:1016900051F822F011170108191601081B1701084B
:1016A0001916010827170108191601083317010830
:1016B000191601083F1701081916010863170108D8
:1016C000191601084B170108191601086F170108B0
:1016D000191601087B1701081916010819160108C7
:1016E0001916010885170108191601089517010830
:1016F000191601081916010819160108191601080A
:1017000019160108191601081916010857170108BA
:1017100017212046FFF742FD7EE7002220461146B2
:1017200015F051FE78E71A460021204615F0F8FE24
:1017300072E700222046114616F0A2F86CE700225C
:101740002046114615F04BFF66E71A460021204659
:1017500016F038F860E71A460021204616F051F8D6
:101760005AE71A460021204616F00FF854E70022E7
:101770002046114616F077F94EE71946204616F036
:10178000DBF949E70093002320461A46194616F074
:10179000DDF941E71946204616F02AFA3CE7B0F891
:1017A0000110B6E702338B710A46002341782046C8
:1017B00015F009FE33E70133002220468B7115F046
:1017C000AFFE2CE702338B7142780023204616F0DF
:1017D00057F824E701338B71002320461A4615F091
:1017E000FEFE1CE70133002220468B7115F0CDFF71
:1017F00015E70133002220468B7115F0E3FF0EE759
:101800000133002220468B7115F0FBFF07E70233FE
:101810008B7142780023204616F025F9FFE600215F
:10182000ACE705338B710023B0F80320B0F801005A
:1018300000930B460146204616F088F9EFE600219A
:10184000A9E703338B710A46B0F80110204616F061
:10185000EEF9E4E603338B710A46B0F80110204636
:1018600016F0EEF9DBE60020DAE600BF07B5837874
:1018700001916A46082104488DF8003017F07DFC7C
:1018800003B05DF804FB00BF181F00200022054BC9
:10189000C3E90322C3E905221A70DA614FF6FF7229
:1018A0005A8470476C1F0020014B1860704700BFBE
:1018B000681F002082780D4B13B55A60B0F80320E2
:1018C00091B2102910D040F60344A1420CD04179C6
:1018D0005B8C8DF80210ADF8042005216A4604489F
:1018E000ADF8003017F049FC02B010BD6C1F0020AD
:1018F000181F002073B5837901900C33C418C35CA2
:10190000132B0ED8042B12D9053B0E2B0FD8DFE872
:1019100003F0200E0E200E0E0E0E0E181C0E0E0ED4
:1019200025003E2B1FD0FF2B1DD0302B11D0F8F7F8
:1019300077FB019B834202D001A817F0F0FC02B0B4
:1019400070BD2046FFF7B6FFF1E7E2780E4B5A6014
:10195000EDE7204601A90AF073F9E8E7204601A95E
:1019600016F045FCE3E70025084E019B3BB12046FD
:1019700056F8043B01A901359847102DF5D101A86F
:1019800017F0CDFCD3E700BF6C1F0020ECEA020883
:1019900007B5FFF7A3FC20B103B05DF804EBFFF738
:1019A000A9BFFFF7A7FC019018B1054B1B681BB13D
:1019B000984703B05DF804FB01A817F0B0FCF8E706
:1019C000681F0020024B1A78024B53F82230184748
:1019D0006C1F00202CEB020810B504460120FFF715
:1019E000F1FF034B00201C70BDE81040FFF7EABF79
:1019F0006C1F002010B50446062142F2050016F0C7
:101A00003FF92368C0F80330A388A0F807300648E0
:101A1000F8F728FB16F062F9407918B1BDE81040DC
:101A200016F096BB10BD00BFCDA0000810B504464F
:101A300006214FF6284016F023F92368C0F803303A
:101A4000A388A0F807300648F8F70CFB16F046F913
:101A5000407918B1BDE8104016F07ABB10BD00BF48
:101A600009A2000838B505460C4669B9022142F2C0
:101A70001B0016F005F9B5F86E30A0F803300D48DC
:101A8000BDE83840F8F7EEBA122142F21A0016F01B
:101A9000F7F82146B5F86E30053020F8023C04F125
:101AA000100351F8042B994240F8042BF9D1024855
:101AB000E6E700BFE73A0208233B020808B5002129
:101AC00042F20E0016F0DCF8BDE808400148F8F7D5
:101AD000C9BA00BF553C020838B590F872300446C8
:101AE000032B154606D1FFF7E9FF0123002084F8F8
:101AF000723019E0C9B9012B2DD9032140F20640FB
:101B000016F0BEF8B4F86E304571A0F803301348F3
:101B1000F8F7A8FA16F0E2F88378002BE5D016F073
:101B2000DDF8807840F4805038BDA3B102214FF633
:101B3000044016F0A5F8B4F86E30A0F80330084859
:101B4000F8F790FA16F0CAF84379002BCDD016F0CA
:101B5000C5F84079E6E70220E6E700BF693B0208E6
:101B60009F3B0208F8B507460E4642F213000E21CD
:101B700015461C4616F084F8B7F86E30A0F80560DC
:101B8000A0F80330BDF81830A0F80750A0F80B30CB
:101B9000BDF81C30A0F80940A0F80D30BDF8203089
:101BA000A0F80F300648F8F75DFA16F097F880783D
:101BB00020B116F093F8807840F48050F8BD00BF53
:101BC000E13B0208F8B507460D4642F219001C2118
:101BD0001C46164616F054F8B7F86E300F3020F851
:101BE0000C3C2B6804F1100240F80A3C6B6820F8AA
:101BF000026C40F8063C234653F8041B934240F81D
:101C0000041BF9D10648F8F72DFA16F067F880782A
:101C100020B116F063F8807840F48050F8BD00BF22
:101C2000913A020870B506460D4642F27A00042148
:101C3000144616F025F8A0F8036045718471064833
:101C4000F8F710FA16F04AF8407918B1BDE870407C
:101C500016F095BA70BD00BFE73F020810B5044604
:101C6000022142F2300016F00BF8B4F86E30A0F802
:101C700003300F48F8F7F6F916F030F8437963B9F6
:101C800016F02CF8C088FEF78BF8044628B116F041
:101C900025F8017A2046FEF767F916F01FF840791B
:101CA00020B116F01BF8407940F4805010BD00BF01
:101CB000B9A4000838B5FEF7B5F90446FEF714FAE2
:101CC0000546064813F062FE002303714371236842
:101CD000C0F80630A3880573438138BD200902058A
:101CE00013B5C37A0093B0F80930D0F80520D0F8C6
:101CF0000110007817F0BBFF0446034813F046FEBE
:101D0000848002B010BD00BF20020403FF2337B55A
:101D10000DF107008DF8073009F096FD04460448E0
:101D20009DF8075013F032FE8480857103B030BDFA
:101D3000200304014B7937B55B0705460C460CD4EC
:101D400020461421064A16F058FA01A8019413F00F
:101D5000AFFD10B9A3791C44257403B030BD00BF9A
:101D600054EB0208837810B5132B0C4608D1054BB1
:101D70001B6803B198472046BDE8104017F0CFBA62
:101D800010BD00BF901F002010B500210446007850
:101D900016F0FFF948B16178207817F055FF044636
:101DA000034813F0F3FD848010BD0224F8E700BF60
:101DB0002002560110B54178007817F0C9FF04469B
:101DC000024813F0E3FD848010BD00BF20025602DC
:101DD0000020024B1870024B18707047412C0020F5
:101DE000402C0020F0B583780D460D2B91B04DD1DD
:101DF000821C09AC00F11A032646106851680832AB
:101E000003C69A423446F7D113881C2133802846F2
:101E100017F085FBBDF826402E6814F00C043CD169
:101E2000304617F001FB871EA7420DDA4FF0FF3452
:101E300000239C428DF81C301EDB01223146A31C7E
:101E400007A817F05BFA17E0631C0122314605A8CA
:101E500017F054FA9DF81430012BE9D023460122E3
:101E6000314607A817F04AFA9DF81C3013B1013328
:101E70001C44D9E78DF81C3009F08EFD012807D0ED
:101E8000022834D048B9284617F049FA11B0F0BDFD
:101E90009DF81C3013F0010FF5D09DF82F0000F0D5
:101EA000A5FB04469DF8300000F0A0FB07AF9DF8AD
:101EB00028200DF12901064605A8FEF7FBF8384653
:101EC0009DF836200DF13701FEF7F4F80C4B1B7826
:101ED000DB0711D405A813F043FBCDE90105324619
:101EE0002146009705AB09A800F00CF8CBE79DF858
:101EF0001C3013F0030FCFE74FF0FF30EDE700BFCA
:101F0000402C00202DE9F74FB0F802C006461CF027
:101F1000100F1C460C9F9DF934A0DDF838B033D06B
:101F20005FFA8CF51CF0080F184614BF05F0080581
:101F300005F00F0517F0E2FF8146384617F0DEFF87
:101F400096F90F3080465A4604211348019376785B
:101F500013F0EDFC019BA0B105712268C0F80520CB
:101F6000A28880F80B90A0F8092080F80CA0437399
:101F700086733B68C0F80F30BB8880F81580A0F8E6
:101F8000133003B0BDE8F08FCDE90DAB0C9703B073
:101F9000BDE8F04F16F012B978EB0208104619466A
:101FA000F8B522F0004340F20A4293420ED8B3F54E
:101FB000806F59D96FF480621344092B54D8DFE83D
:101FC00003F00D101F3050505050530D40F201528D
:101FD000934234D0A3F20253032B45D8FDF740FCC3
:101FE0000CE00D784C688A6901F108031F48002154
:101FF00013F076FC10B10571C0F805400120F8BD62
:102000000E784D880C798A6901F10803184800217F
:1020100013F066FC0028F1D00671A0F80550C471D9
:10202000ECE70D784C884A690B1D1248002113F02B
:1020300057FC0028E2D00571A0F80540DEE70F78D4
:102040004E880D79CC8801F108020B48002113F06D
:102050006EFC0028D2D00771A0F80560C57104811C
:10206000CCE7FDF765FBC9E70020C8E788EB02086D
:1020700084EB020880EB02087CEB02080048704702
:102080009D1F010830B5124B0D469942144689B088
:102090001BD1930011D505A906A808F0C3FE06239D
:1020A00000220393059BE1B20293069B2846CDE9EB
:1020B000003241F0005116F0FDFF064813F0FFFB1F
:1020C00000B10471012009B030BD0020FBE700BF62
:1020D000941F0020ACEB020822F00042B2F1A04FA6
:1020E00008B504D1034813F0EAFB012008BD002025
:1020F000FCE700BFB0EB020810B5047FD4B1102C90
:1021000028BF102417F050F8621C81B2002306206B
:10211000D2B208F0A1FE044650B90749074816F0AC
:10212000F4FF0748074916F0F0FF074809F0C8F820
:10213000204610BD0424E5E7C82E0020981F00208B
:10214000941F0020D82E0020C02E002022F0004234
:10215000B2F5887F2DE9F0471C4600F0E2800ED8EA
:1021600040F203139A423CD040F209139A4200F025
:10217000C2800E2A00F0B3800020BDE8F08740F254
:1021800007239A4247D0B2F5037F56D040F2062388
:102190009A42F1D120684C30FDF7A6FF256807462A
:1021A000644895F8736095F870A095F9759095F866
:1021B0007680A48813F083FB0028DDD0EB6C4360AD
:1021C000B5F8503087720381731E5E425E41C6725D
:1021D00080F80CA080F80D9080F80E80A0F80F40D9
:1021E000CAE72078FDF7EAFD0028C5D0524894F8E8
:1021F00000806788A688E588247A13F060FB0028B1
:10220000BAD080F80480A0F80570A0F80760A0F8A4
:102210000950C472B0E72078FDF7D0FD0028ABD09C
:1022200060782578FFF77AF90446444813F047FBB5
:102230000028A1D0057144719EE7A578012D1ED01C
:10224000022D2DD0CDB9E37894F80080023BDBB2AB
:10225000022B8CBF01253A4A94F90470667998BF25
:10226000D55C94F90640374813F029FB28B180F873
:10227000048045718771C671047201207DE7E3789F
:1022800094F80080023BDBB2022B98BF2C4A94F9F1
:102290000470667998BFD55C94F906402A48E3E754
:1022A000E3782A48023BDBB2022B94BF244A012583
:1022B00094F80180277898BFD55C94F904906679EA
:1022C00094F9064013F0FBFA0028D6D0A0F8048059
:1022D0008771C57180F8089046728472CDE72346F5
:1022E0000822002113F8014B194813F0F9FA0028CD
:1022F000C3D00471C1E7174894F800806788A688A6
:10230000E588248913F0DBFA0028B6D080F8048031
:10231000A0F80570A0F80760A0F80950A0F80B40DD
:10232000ABE70D481C7813F0CAFA00283FF424AF3D
:10233000047121E7ECEB0208E8EB0208E0EB02088D
:10234000B4EB0208D8EB0208D4EB0208DCEB02087D
:10235000D0EB0208CCEB0208E4EB02080022084BA9
:1023600010B51A609A8002681A60187817F0ACFDF0
:10237000044618B90349044816F0C7FE204610BDAC
:1023800036240020E82E0020181F002008B5034B3B
:10239000588809F06DFB002008BD00BF36240020DE
:1023A00073B5144606460D4620461421094A15F019
:1023B00024FF01A8019413F07BFA48B9A3790C33E8
:1023C0001C44054BA6711B79A5800BB115F002FFCB
:1023D00002B070BDC8EB02083624002022F0004293
:1023E0000D2A73B51C460ED06FF4C0631A440B2A35
:1023F00012D80B2A10D8DFE802F03B12242C370F3A
:1024000046505F84878E0422002153F8044B4448D1
:1024100013F066FA00B18480002002B070BD20780D
:10242000FDF7CCFC0028F7D03E48267894F90150FF
:10243000A47813F044FA0028EED006714571847137
:10244000EAE72478384813F03AFA0028E4D0047117
:10245000E2E725783548646813F031FA0028DBD0CC
:102460000571C0F80540D7E7257831486468F3E77F
:1024700030482578646813F022FA0028CCD0057122
:10248000A0F80540C8E72C482578646813F017FACF
:102490000028C1D005714471BEE7637827480D2B31
:1024A00096BF274A0125D55C247813F008FA002846
:1024B000B2D004714571AFE7637800210D2B98BF4E
:1024C0001F4A204898BFD55C6368A27888BF012561
:1024D000267813F005FA08B1067145716378012B6F
:1024E0009AD88DF807300122002116480DF1070314
:1024F000247813F0F5F900288ED00123047143717C
:102500008AE7247810489EE70021636822780F4804
:1025100013F0E6F980E70E4813F0D1F97CE700BF2D
:1025200030EC02081CEC020824EC020828EC02083B
:1025300020EC020818EC020814EC020810EC020867
:10254000F0EB02080CEC020808EC020800EC0208B0
:1025500004EC020814220021014816F05ABD00BF05
:102560009C1F002073B505461AF01FFA1D4C064645
:1025700063795B070ED4204614211B4A15F03DFEFB
:1025800001A8019413F094F920B130461AF008FA2A
:1025900002B070BDA3790C33234455B91A79FF2AD0
:1025A00001D001321A71304602B0BDE870401AF015
:1025B000F7B9012D05D15A79FF2AF4D001325A71A9
:1025C000F1E7022D05D19A79FF2AECD001329A71F8
:1025D000E9E7032DE7D1DA79FF2A1CBF0132DA716E
:1025E000E1E700BF9C1F00202CEC0208042828BF54
:1025F0000020014B185C704734EC020830B585B000
:1026000005460A4901A8FDF76BFA044650B901A82E
:10261000FDF7CCFA044615B1029B9B792B7001A8FB
:1026200013F0C0F8204605B030BD00BF40EC0208F2
:102630002DE9FF4180460F4601A80C4916461D466C
:10264000FDF74EFA70B9029C9DF8283084F804809A
:10265000C4F80570C4F80960A4F80D50E37301A82C
:1026600013F0A4F804B0BDE8F08100BF38EC020814
:1026700030B585B005460C4601A80649FDF730FA8D
:1026800028B9029B01A81D715C7113F08FF805B089
:1026900030BD00BF50EC020830B585B005460C4691
:1026A00001A80649FDF71CFA28B9029B01A81D7173
:1026B0005C7113F07BF805B030BD00BF48EC020838
:1026C0007FB505460E4601A80C49FDF709FA0446F8
:1026D00080B901A8FDF76AFA029B044625B1D3F838
:1026E00006202A605A89AA800EB11B7B337001A88C
:1026F00013F058F8204604B070BD00BF58EC020833
:1027000010B50F4C88B0206008F0D4FD21686846F1
:1027100015F0ADFD6846F9F73FFE044660B90A20A2
:10272000084A094908F0C0FA044628B908F01AF91D
:102730000CF03AFBFEF704FF204608B010BD00BFC6
:10274000D81F00205582020891C5020870B58EB0CE
:102750000EF0FEFC002302AD29460DF107008DF8B6
:102760000E308DF80730F5F72BF900286BD128468D
:1027700015F090FB002866D0302864D09DF8073013
:10278000012B17D172238DF80E30F2F761FECDE9DF
:102790000601030C8DF81230BDF81D30ADF81000A5
:1027A000ADF813309DF81F308DF8153049238DF8A2
:1027B00016300AE049238DF80E3095E80300ADF895
:1027C0001410090C04908DF816109DF80E3013F0BB
:1027D000280F07D1DDE90401ADF80C10090C0290B7
:1027E0008DF80E10274E33681869002830D13368F1
:1027F0005A690AB9244A126824490A609A690AB9CE
:10280000234A126823490A6093F82220D20727D46A
:1028100004A815F089FD0446F8B9316806A815F03A
:1028200026FD06A8F5F76EF80446B0B9BDF92E00EE
:1028300015F0FDFA15F07DFD2846FDF703FC16485E
:1028400008F02CFA09E09DF80E3019079DD5B4E781
:1028500014F043FC04460028C9D020460EB070BDD9
:1028600093F8232000234FF0FF3006A9CDE906336B
:102870008DF81A2015F056FE0028C9D040F20C44FD
:10288000EBE700BFD81F002070E90208B41F00204A
:102890006CE90208B01F0020292901082DE9F04148
:1028A000114812F078FFE8B919F072FE05460E469D
:1028B0000D4F07F10C082846314615F0A5FA08F02F
:1028C0008DF80446384612F062FF10B9404616F003
:1028D00026FDFDF7E3F908B9002CECD1BDE8F04185
:1028E00015F079BCBDE8F081E81F002008B5054B64
:1028F0001B782BB915F0FEFCB0FA80F0400908BD3A
:102900000020FCE7422C0020012310B5044C23706A
:10291000044B1B6803B198470023237010BD00BF10
:10292000422C0020B01F002050EA010337B50446B6
:102930000D4604D103B0BDE83040FFF7E5BFB1F16B
:10294000FF3F08BFB0F1FF3F13D019F021FE22185E
:1029500045EB010308490948C1E9002300239D42D2
:102960000CBF21464FF0FF31CDE90033044A1AF085
:10297000C4F903B030BD00BF680B0020B81F0020B1
:1029800085290108D3B51AF010F8044619F000FEA5
:102990000B46104AD2E90067B04273EB070107D338
:1029A000FFF7B2FF204602B0BDE8D04019F0F8BFF3
:1029B000D2E900670022311A67EB03039342CDE9A5
:1029C0000022134618BF4FF0FF31034A03481AF0A4
:1029D00094F9E7E7680B002085290108B81F00205B
:1029E0000023044A52E8000F42E800310029F9D1DF
:1029F000FAF7E8BDDC1F0020054A52E8003F034318
:102A000042E800310029F8D1024B1B68184700BF8B
:102A1000DC1F0020B41F002037B51C68E10705D576
:102A200015F0E5F91649174816F06FFBA20723D5F4
:102A3000FEF76AFCD0B9144D019019F0B6FF0446B8
:102A4000284616F08AFC0190204619F0A9FF01984B
:102A500090B143799B070CD401A8022116F05FFDC9
:102A60000198FEF741FC15F084FBE6E715F081FBC9
:102A7000DEE7FEF72DFCF6E7002003B030BD00BF17
:102A8000F82E0020181F0020E01F002008B5054880
:102A900007F074FF044B01211870BDE8084007F0EF
:102AA0007DBF00BF082F0020432C002038B504460E
:102AB00048B119F07AFF05462146084816F016FD80
:102AC000284619F06DFF064B022193F9000007F02C
:102AD00065FFBDE83840FFF717BF00BFE01F0020CB
:102AE000432C00202DE9F0410A4B0B4F04460E46C3
:102AF000386819681546EFF7BDFE40B933462A46D7
:102B0000386844F48021BDE8F041F0F7D5B8BDE85D
:102B1000F08100BF602E0020802E00202DE9F041C2
:102B20000A4B0B4F04460E46386819681546EFF7F6
:102B3000A1FE40B933462A46386844F48021BDE8F6
:102B4000F041EFF765BFBDE8F08100BF602E0020C7
:102B5000802E002038B5084D084B044619682868B7
:102B6000EFF788FE30B9286844F48021BDE838408A
:102B7000F0F7E6B838BD00BF802E0020602E0020A0
:102B80002DE9F043134B0E461968134B05468DB0E3
:102B900018681746EFF76EFE80B933460A222846BA
:102BA000009702A90CF09FFC4FF0000804460DF1BD
:102BB0000809444505D1002CEFD120460DB0BDE8F1
:102BC000F083284659F8041BF0F7BAF808F1010819
:102BD000EFE700BF602E0020802E0020F8B50B4BE1
:102BE0000B4F06460C4638681968EFF743FE05465A
:102BF00048B9E24316FA82F2386842F4802246F479
:102C00008021FFF7BDFF2846F8BD00BF602E0020E1
:102C1000802E0020F8B50E46074630B329B300F0E9
:102C20003FF80446F8B9124D01461822284616F01E
:102C3000F0F920232B7033692E616B607369AB60F0
:102C400008F064FBFCF7FAFEBE6A002E08BF4FF4E2
:102C500080763046FCF708FF044620B9054B28462D
:102C60001E60FCF729FF2046F8BD2124FBE700BFCA
:102C7000E81F0020E41F0020014812F04EBD00BFF5
:102C8000E81F002010B5054812F05FFD044618B992
:102C900000F018F816F064FE204610BDE81F002072
:102CA000074BDA69D20407D51B6A40F2044013F0DF
:102CB000010F18BF0020704740F20440704700BF6A
:102CC0000080E00F30B5002485B002A8F2F7AAFB1F
:102CD00001A8BDF8085001940EF036FA00B1019435
:102CE0000E48019C12F0EBFDA8B1002343718371E3
:102CF000C371037243728372C372012383746FF0D2
:102D00002103C3746FF047030A2203755323027132
:102D1000C4600582437505B030BD00BF60EC020899
:102D20001046044A1368591E033102D8002111606D
:102D300018477047182F0020034B1868034B0028D2
:102D400008BF1846704700BF002000208CEC020826
:102D5000014815F058BD00BF0820002013B50B4CEA
:102D60000229226005D10A4815F04DFD002002B06D
:102D700010BD0A4600930146064B054815F025FD97
:102D8000003818BF01204000F1E700BF182F0020D5
:102D900008200020212D0108014815F045BD00BF85
:102DA000082000200021014815F060BD0820002007
:102DB00008B5064B1B68013305D0FFF7EDFF80F027
:102DC0000100C0B208BD0020FCE700BF182F0020A2
:102DD000F0B50D4604468BB018B9002420460BB060
:102DE000F0BD1A4E3768002FF7D12022394602A8CD
:102DF00016F00FF9236801A80193154B1B88ADF855
:102E00001430144B1B68079300F0C4F804460028E4
:102E1000E3D0306000F0E4F82046394615F09CFB22
:102E2000204615F0DFFA38B10020306000F0D8F805
:102E3000204615F0D2FAD0E7204600F07FFA0028AD
:102E4000F2D1002DCAD02046A847C7E704200020B1
:102E5000C0EC0208C4EC0208024B1868003818BF26
:102E6000012070470420002038B50C4602F034F8E9
:102E7000A3780B4A13705A1E55425541A8420CD0F4
:102E8000012B04D02846BDE8384002F007B82046A0
:102E900001F0D6FF0028F5D038BD0020FCE700BFC8
:102EA000442C0020002108B5024B08465B68984777
:102EB000002008BD2C2F002010B5FFF73DFF0D4B63
:102EC0000C461A1A534253418B4201D1002010BDC7
:102ED000094B1B683BB9094A064B002C08BF134637
:102EE000074A1360F2E715F0CEFD0028F3D0022068
:102EF000EDE700BF64EC0208042000208CEC02081F
:102F000000200020431E033306D8044B984228BFFC
:102F10001846642838BF6420704700BF40420F0045
:102F200038B5194B05461B680C4603B1984744B1A8
:102F3000236833B11B68013303D0E3680BB1A36886
:102F40004BB915F05DFF00204FF4C172412100F034
:102F500029FA212038BD204602F0EEFF00230B4A5B
:102F600085F83C31C5E93743C2E9003363694BB1A9
:102F7000074A422110684FF4D272C31A584258418E
:102F800000F010FA0020E5E794220020402E0020F7
:102F9000C8220020F8B5044619F0FEFC00260746BA
:102FA0000E4B1B6893B19E68AEB196F82420D207F1
:102FB00011D435460FCC0FC50FCC0FC523682B603D
:102FC00096F8243043F0010386F82430384619F08F
:102FD000DEFC3046F8BD1B68E4E700BF202F002070
:102FE00010B5044618B9054B054A136010BD00F032
:102FF0007BFED4F8E830002BF6D1F4E7C383020857
:103000001C2F002008B502460868FFF77BFF086008
:103010004868FFF777FF48608868FFF773FF8860AC
:10302000C868FFF76FFF0B69C860581C03D00B48D6
:10303000834228BF03460B614B69581C03D00748E5
:10304000834228BF034688694B61FFF75BFFBDE8F9
:1030500008408861104601F073BE00BF40420F0077
:10306000D0F8E0302DE9F04105460C4613B1C38D90
:103070008B424CD0D5F8DC30002B4BD09E68002E14
:1030800048D0D868002845D0013800B200281ADBA3
:10309000002106E0128A591CA24217D209B28842C6
:1030A00011DB0B1803EBD3735B1003EBC30206EBCE
:1030B0008202B2F80EC003F1FF3EA445EAD90FFA2E
:1030C0008EF08842EDDA2120BDE8F0814FF6FF72E4
:1030D00099B29142F7D09BB203EBC30306EB830690
:1030E0002846B6F9122095F83011D5F8F080F2F79D
:1030F000C7F90746B8F1000F04D00023324628462E
:103100001946C047EC85C5F8E06085F839710020A4
:10311000BDE8F0810E20BDE8F08100BF2DE9F04749
:1031200082B004460F46164602F038F8002863D1F4
:103130004F4D2B68D4F8DCA0D4F8E0800BB1534598
:1031400076D04FF00009AF6002F09EF801280746E4
:1031500065D1204615F0C1FD002851D12B68DAF861
:103160000010D8F8002013B1186888426BD02046B0
:1031700015F068FDC5E900A8D4F8F0508DF8076097
:10318000002D67D00022204611460DF10703A84705
:10319000204601F0BDF90546B9F1000F0FD076B910
:1031A000D4F88C300BBB012F05D025B1314B002159
:1031B00003205B689847284602B0BDE8F087B5FA5F
:1031C00085F040F2F3423321400900F0EBF831463C
:1031D000204601F00FFC284B05461B68414620465F
:1031E0009847D4F88C30002BDDD000224FF40073C8
:1031F000204600F089FDD6E700231D4D6B6098E75F
:1032000094F825309A07A9D5D4F894305B05A5D554
:103210001A4B0122002120461B6898479EE7002197
:10322000012000F0A9FD02F02FF80128FBD190E762
:103230006B68002B85D0434583D1AB689F4215D086
:103240004FF001097FE7696811B10968914291D097
:1032500059688CE794F82A1094F83931324699422B
:1032600028BF1946204601F0A5F891E70025A2E7FE
:10327000402E00202C2F00201C2F00209822002000
:10328000F8B50F46054619F087FB3946064628462D
:10329000FFF7E6FE044620B1304619F078FB2046E1
:1032A000F8BD01F05DFF224639462846FFF736FF9C
:1032B00004460028F0D1284615F00FFD0028EBD079
:1032C00095F8253013F002030DD0D5F894305B0546
:1032D0000DD5B5F82A31BB420BD0B5F82C31DB1B2C
:1032E000B3FA83F35B09044A82F8DC30D4E723465F
:1032F000F9E70123F7E700BF003E00B013B504462D
:10330000694615F0F7F9204615F0E5FBFF2802465F
:1033100006D020469DF80010F2F730F902B010BD3B
:103320000048FBE70080FFFF0029034B08BF002394
:10333000C0F8F030002070476F8502084FF400732A
:1033400007B50A490DF10602ADF8063015F009FA85
:10335000BDF80630B3F5007F05D1022808BF002074
:1033600003B05DF804FB2120FAE700BF2020002015
:10337000024B1860024B1960FEE700BF20220020BC
:10338000242F002038B5044D044C054B28602160E3
:103390001A60FFF7EDFF38BD20220020242F002007
:1033A0002422002010B550B90548064B016006489C
:1033B00002601868054B18601868FFF7E3FF10BD3E
:1033C000242F00200420002024220020202200207E
:1033D000054B1B680BB918467047834201D01B6927
:1033E000F8E70120704700BF2C220020094A13682B
:1033F0000BB918467047834207D11B69012013603F
:10340000054A1368013B1360704703F110021B6902
:10341000EEE700BF2C220020282200202DE9F74FE4
:10342000064619F0C2FADFF82881012398F800B0A7
:10343000DFF820910190BBF1000F06D089F8003031
:1034400003B0BDE8F04F19F0ABBA3F4F88F8003039
:1034500089F800B015F058FA08B115F053FA3D6834
:103460003A495DB9DFF8F0A0DAF800200024AA425A
:103470003B682FD84FF0FF3134483BE06B7D8BB178
:103480002B68B34202D09A1B8A420BD96A68134454
:103490002B60AB68003A18BF0122003B18BF012324
:1034A0006A75AB752D69DCE7907D20B1107D88428F
:1034B0009CBF014614461269002AF5D1002CD9D0D0
:1034C000D4E90001A275411AD4E902322046984796
:1034D0000135C9E71A46FF21EEE75A7D4AB11A685D
:1034E000B24224D0921B824221D8914201D311468C
:1034F0001C461B69002BF0D15CB12046FFF776FF1C
:1035000038B13B683C602361DAF800300133CAF817
:1035100000303B685A7D6AB915F0F2F9064699F811
:103520000030002B94D1019888F8003088E71C46C1
:103530000021DEE7186800F0D3F8044615F0E0F942
:103540000646002C84D1EAE72C220020FCFFFFBFB6
:10355000462C0020452C00202822002038B50546A6
:1035600008B31822002115F054FD19F01EFA024686
:103570002846FFF72DFF20B1104619F011FA02205E
:1035800038BD0A4B1C6854B909491D600B681046C8
:1035900001332C610B6019F003FA2046F0E704F1C7
:1035A00010032469EFE72120EAE700BF2C22002066
:1035B0002822002038B50446FFF70AFF19F0F5F974
:1035C00005462046FFF704FF637D23B9284619F01E
:1035D000E7F90E2038BD00236375064B1B68A34234
:1035E00003D115F08DF9FFF719FF284619F0D8F926
:1035F0000020EFE72C2200202DE9F84FDDF828907D
:10360000984604460D469246FFF7E2FEDDF830B0DC
:1036100019F0CBF9074615F073F906462046FFF777
:10362000D7FE637D23B12046FFF7C4FF0023A375B7
:10363000BAF1010F23D175B9B8F1000F21D1B9F159
:10364000000F03D05A4631462046C847384619F085
:10365000A7F9002019E035440D4BAA1B9A4210D857
:10366000012363759DF82C303046C4E90058C4F836
:1036700008902375C4F80CB0FFF7D0FEE6E7AE4221
:10368000EAD1384619F08CF92120BDE8F88F00BF47
:10369000FCFFFFBF2DE9F04107468846FFF798FE83
:1036A00019F083F93D68064615F02AF97B7D7BB158
:1036B00085420DD0094B2C1A9C4209D8304619F08E
:1036C0006FF9B8F1010F08BF25462846BDE8F08123
:1036D000304619F065F90025F7E700BFFCFFFFBF92
:1036E0000023024A194600F03FBD00BFCB88020804
:1036F0000C232DE9F74F13700F46144602210022C8
:10370000064615F0C6F8DFF8648010B1164BC8F80D
:10371000003000254FF00609EBB209FB03F3D8F89F
:103720000010CA185079012804D923780C2B14D121
:10373000212013E031F903B01179B2F902A030462B
:103740000022019115F0A5F858B101992170B7F93F
:1037500000305B4505DB534503DC002003B0BDE8CA
:10376000F08F0135D8E700BFD4EC0208282F0020E5
:10377000014915F0CBB800BFB9540108014915F053
:10378000C5B800BF8D54010870B5164E0328044615
:103790000D4633781ED023FA04F202F00102AA4249
:1037A0001DD053B10122A240A54023EA02032B43BE
:1037B000DBB233704BB1012070BD2DB10A4B01203B
:1037C0001B6898473378EDE73570074B00201B687E
:1037D0009847F0E79A07DED003F0FC03E9E7002002
:1037E00070BD00BF482C00206C220020F8B50546B3
:1037F0000C4619F0D1F8104F06463B7833B1012D35
:1038000004D01CB90D4818F045FE3C7021462846EE
:10381000FFF7BAFF0A4B04461B783BB93B782BB93C
:1038200015F041FA10B1074B1B689847304619F064
:10383000AEF82046F8BD00BF492C002040220020F1
:10384000482C00202C2F0020054A0B46117831B15E
:1038500000211170034A01215268187810477047FF
:10386000492C00202C2F002038B5074D04462B781A
:10387000834207D001F0F2FC20462C70BDE83840AE
:10388000F3F76ABE38BD00BF472C00201B4B02294E
:1038900010B5187002D0032904D010BD184B1B7846
:1038A000002BFAD1FFF7D8FA0028F6D04FF00052DB
:1038B000144BC3F88020BFF34F8FBFF36F8F01F01D
:1038C00083FC0028E9D001F0CBFA0028E5D10E4BAB
:1038D0001C6834B123689847BDE81040002001F00F
:1038E000B1BC14F06EFF094B186019F049FA084B8F
:1038F0001860204601F070FCEEE700BF1231002096
:10390000472C002000E100E09022002068220020E7
:103910006422002038B504460D46FFF79DFA80B1B9
:103920004FF00052124B1A6001F04EFC48B9012DC5
:1039300007D8012001F086FC0E4B1B6823B15B68A1
:1039400098470D4B1C7038BD19F01AFA0B4B1A68CA
:10395000801A186018F06CFE4FF47A72084B1B68DE
:1039600002FB003014F02FFF012001F035FCE8E7E6
:1039700000E100E0902200201231002064220020AB
:1039800068220020F0B585B019F006F8344D0446E1
:103990002B7823B1334818F07DFD002852D118F060
:1039A00011FE02AA03A915F068F90346002838D0D1
:1039B00015F077F9029B98421CD100202A4B0399FD
:1039C0001B682A4E9942307020D90027C91A01235A
:1039D00024482B70264A3346CDE9007719F0ACF91C
:1039E000002837D1234A1378D90701D53178F9B1A6
:1039F000204611E015F053F9029B984228D000238D
:103A000018461949194A0968137003910121FFF7F3
:103A1000BBFE002320462B7018F0B9FF002005B034
:103A2000F0BD20462B7018F0B2FF212005B0F0BD8C
:103A300003F0FE031370002BDAD10F4B1B6898477D
:103A40002046E9E7204618F0A2FF0E2005B0F0BDA1
:103A50000220B3E7032320462F703370F3E700BF43
:103A6000492C00204022002060220020113100203B
:103A700049380108482C00206C22002038B518F085
:103A80008BFF144D04462B78EBB9134A134913707E
:103A9000134B144A14481A60144A5A60F3F704FD91
:103AA00013491448F3F700FD134A144B1A60144BE2
:103AB0005B6F03F44073B3F5007F02BF0222114B2A
:103AC0001A6001232B70F3F759FE204618F05FFFB0
:103AD000002038BD4A2C0020492C0020E8EC0208C8
:103AE0002C2F00208539010830220020ED370108F5
:103AF000F0EC020838220020693801086C2200200E
:103B0000004000506022002037B50C46264D69B9B0
:103B10000A46012106F054F8244BEC645C6006F080
:103B20006DF82022224B5A6603B030BD01221146A7
:103B300006F046F807221E4B0121DA60237901A81E
:103B400085F84C306379019315F025FA019BC2B2D8
:103B5000D34000F00F0040EA031085F84D00A27931
:103B600085F84E20E27985F84F202068286501937A
:103B7000BBB1012102888B420CD821794B1E134422
:103B80000C4A1362C2F8CC1020220B4B5A6606F086
:103B900035F8C9E730F811500131AA4228BF2A464A
:103BA000E9E71A46E9E700BF003F00B04C3F00B02C
:103BB000006000B8004000B8005000B810B5054CD7
:103BC000237823B103F0E0FD0020207010BD0E200B
:103BD000FCE700BF4C2C002008B503F0A3FD012238
:103BE000014B00201A7008BD4C2C0020D0F8E430A6
:103BF00013B11A68032A10D8094BDB6BC3F3C20256
:103C000013F0380F03F0070018BF504313F4E07FA0
:103C1000C3F3821203D050437047986A400E704736
:103C2000008001B8431C07D06FF0FF02034B104027
:103C30005A62A3F580535862704700BF00E000B895
:103C400010B504234FF03A4101240A4AD1F8180173
:103C5000C2F81831C2F814314C634FF400511163AB
:103C6000410742BFC2F81431A2F58052C2F81831A0
:103C700010BD00BF002000BAF8B504460F46164636
:103C800018F08AFE0546A047044620B1284618F0E1
:103C90007EFE2046F8BD05F02BF904220549D1F837
:103CA000F03E23EA07033343C1F8F03E024B5A6467
:103CB000ECE700BF003000B0002002B800F01803AD
:103CC000182B0AD003070AD440F2011310F0100099
:103CD00018BF1846034BD86770470020FAE7012049
:103CE000F8E700BF003F00B038B10368044A002B7A
:103CF00008BF1346034A13607047014BFAE700BF41
:103D0000D98902083C2F002010B4D0E95441224048
:103D10000B4052EA030104D003495DF8044B0968E3
:103D200008475DF8044B70473C2F00200F2938B539
:103D300005460C460ED801F0A7FA01280CD1074A17
:103D40002846936E23F00F032343936614F0C8FFB5
:103D5000002038BD2120FCE70220FAE7003F00B038
:103D6000014BD86E704700BF003F00B0014B0020F0
:103D7000D9667047003F00B003282DE9F347884615
:103D800064D8344B13F80090334B1E5C334B13F85C
:103D900000A018F001FE074604F0BEFE054640B143
:103DA00000230022CDE9003301200023002104F08C
:103DB000E1FC04F0B9FE48B100230022CDE9003354
:103DC000002000234FF4004104F0D4FC002E3BD02F
:103DD000234BDC6C04F00804224B3146DC6448467B
:103DE00005F0E4F852463146484605F06DF91E4BA1
:103DF000DC64DDB11D4B1868D0F89410F83003F086
:103E0000BFFA1B490868FFF70DFF4FF0FF330B6047
:103E1000184B1A68511C06D06FF07E401649C863D3
:103E2000A1F58051CA634FF0FF321A60B8F1000F5C
:103E300004D0124B002103205B689847384602B03B
:103E4000BDE8F04718F0A3BD3446C5E702B0BDE8B1
:103E5000F08700BF00ED0208FCEC0208F8EC020855
:103E6000004000B8006000B8005000B804200020F6
:103E7000382F0020342F002000E000B82C2F002025
:103E80000F4A536C13F0A00F15D1906C10F0040082
:103E900013D10C4BD3F8F03E23F07F4323F0FF0304
:103EA0005BB1D368C3F30362092A07D0B2F10C00F7
:103EB00018BF01207047002070470120704700BFE5
:103EC000000002B8003000B0074A084B30B10221B0
:103ED000C2F864120422C3F8642270470421C2F8B5
:103EE00064120222F7E700BF006001B8005001B879
:103EF00070B50D46064620B91C4B1B68D3B10E2089
:103F000017E001F0C1F901282DD1194B93F90040B8
:103F1000D6F8E430C4F11C040BB193F92630E41A4E
:103F2000641BC4F12B03002BB8BF5B42232B0CDDB9
:103F3000212070BD01F10F03002BB8BF5B42232B82
:103F4000F6DC0B4B19700020F3E786F8285018F0C8
:103F500023FD084A136A23F4FF2343EAC4231362B0
:103F600018F015FDEFE70220E3E700BF0420002072
:103F70004B2C002000C000B8094B08461A6D910276
:103F80000BD4D3F84021D20708D4D3F8803013F4EF
:103F9000706F14BF0120002070470120704700BFE0
:103FA000004001B8F8B50D46D0F8943002EA01049B
:103FB00023EA01032343C0F894304D4A01F00B0378
:103FC00023EA0401D1642340A2F580526F0706461C
:103FD000D36410D50121FFF7CFFF60B104F088FF53
:103FE0004FF4007314F0040F14BF424A424A1365A1
:103FF0000422424B5A64E90606D514F0100F14BF90
:1040000000221B223E4B5A652A0618D5230611D5DD
:104010004FF40012374BDA6418F0BEFC0E2107464D
:10402000032003F035F940F20122354B3846DA62BD
:1040300018F0ADFC214606F1F80003F0A1F9EF05F8
:1040400003D5E0053DD503F011F9A90503D5A20577
:104050003AD503F017F915F48C6F1DD014F4806273
:1040600037D096F825309B070CD5F28DB6F82A315B
:1040700093422CD0B6F82C319F1A7B427B41214AC7
:1040800082F8DC30D6F8E410304614F0A6FC80222A
:104090001D4B98671D4B1A612B0510D504F028FFA6
:1040A0001B4A14F4006FD2F8F03E14BF43F00063D3
:1040B00023F00063C2F8F03E0422104B5A64002043
:1040C000F8BD03F0CDF8C0E703F0D6F8C3E701234D
:1040D000D5E76805D6D596F825309907D2D5094B8E
:1040E000114683F8DC200B4B30461B689847C9E724
:1040F000006000B8005001B8006001B8002002B8AC
:10410000004000B8003E00B0003F00B0000002B820
:10411000003000B098220020014B1868704700BFA3
:104120008022002037B518F037FC0024012300223C
:10413000CDE90034002305461946104604F01AFB69
:10414000052002F0C7FB064B21461C60054B0220F0
:104150005B689847284618F01AFC204603B030BD2B
:10416000882200202C2F00202DE9FF4102290D4636
:1041700016469846039004D1FFF7D4FF04B0BDE87B
:10418000F08118F009FC1E4F04463B683BB1B34276
:1041900005D018F0FCFB002321203B60EEE7194B13
:1041A0000022C3F800803E60002301264FF0000883
:1041B00010461946CDE9006604F0DCFA124B0520E2
:1041C00083F8008002F086FB43462A46052003A9B7
:1041D00002F09EFB0D4B039A1A6008B92046D8E7FF
:1041E0000B4D2B689847212804D0204618F0CFFBB0
:1041F0000020C3E731466B6802209847F5E700BF0F
:1042000088220020842200204E2C002080220020C2
:104210002C2F0020044B5B6E9B044EBF0120034BF0
:10422000187800F00100704700C001B84E2C002043
:1042300090F827305A1F012A01D9082B05D14B7C51
:104240002BB1012B05D0022B05D014F01FBC034865
:104250007047034870470348704700BF20A107001C
:1042600048E8010040420F000A78022A11D0101FCE
:104270004242424152004B781201022B0BD0191FCF
:104280004B424B415B000549054842EA8312FFF768
:10429000F3BC0122EFE70123F5E700BFF0FFFF00C9
:1042A000D15201080B78022B10D0181F4342434112
:1042B0005B004A78022A0BD0111F4A424A41520041
:1042C0000F21044843EA8202FFF7D6BC0123F0E73E
:1042D0000122F5E7FD5201082DE9F8430E78044666
:1042E000042E0D4690F830810BD100275FFA87F934
:1042F000484601F0C3FE08B14E4602E00137042FE4
:10430000F4D1304601F0BAFE002849D094F830319B
:10431000B34209D1AA88D4F8A4309A4204D16A8859
:10432000B4F832319A4238D084F83061AB883046E4
:10433000A4F834316B88A4F83231AB8804F5987551
:10434000C4F8A430FF2384F82B3014F062FD84F805
:104350002A00284601F022FE18BB284601F084FE00
:10436000F8B9D4F8E03053B194F83011414506D093
:104370002046B3F91220F1F783F884F8390120467A
:1043800001F0FAFE0949A4F834010123084AD1F8E2
:10439000FC1004F1F80003F0FBFF0020BDE8F883F7
:1043A00021200C2384F83031F8E700BF004F00B023
:1043B000A43F00B070B5054690F830010C460C28BB
:1043C0001FD0FF2901D1212070BD1AB14FF0FF325B
:1043D0000D4B1A6014F01DFD064695F8300101F0F2
:1043E000BDFE844228BF0446E4B2B44238BF34461E
:1043F000E0B285F82B0001F0DDFFFF28E3D00020BC
:10440000E2E70220E0E700BF442F002010B590F85B
:10441000303104460C2B44D0D0F8E03080F82A101C
:10442000DBB3D0F8F020D2B990F839318B421CD3ED
:1044300000222046FFF7BEFF48BB1B4B1B7813F042
:10444000FD0F23D1204601F097FE18490123184A99
:10445000D1F8FC1004F1F80003F09AFF16E0B0F96F
:104460004220B3F912309A42E2DD0022204694F84D
:104470003911FFF79FFF50B9C4F8E000204614F04F
:104480001FF84FF6FF739842014601D1002010BD7E
:104490002046BDE81040FEF7F3BEFF2380F82B3026
:1044A000F4E70220F3E700BFEE300020004F00B039
:1044B000A43F00B0F0B51D46144B04461B780F46D0
:1044C000164685B05BB1D0F8E030E3B102AAB3F98B
:1044D0001230009200220BF07FFB05B0F0BD02A964
:1044E00014F008F99DF808103A462046F0F7C8FF86
:1044F000014626B92A462046FFF75CFFEDE7204635
:10450000FFF784FFE9E71846E7E700BFE1D50208B7
:10451000F0B504468FB001F0CDF8D4F89C300546D4
:10452000012B00D010B128460FB0F0BD6C492046D9
:1045300014F0C5FCD4F8E0600146E58DC4F8E40051
:104540003EB133682BB15B681BB11A68032A00F2D5
:10455000A48018F021FA01462046FFF747FB0746E2
:10456000084618F014FAD4F8E410B3898DF80E70E8
:10457000EB1A9BB2D6E9012000FB03225948ADF8A3
:104580000C3003680292994207D0204614F025FAB5
:1045900080225549554B88671A61554D534E00F09E
:1045A00073FE0128FBD12B6CDB07F8D4736CDF01A1
:1045B000F5D4D4F8E41020460D919DF80E20029910
:1045C00008AB03F0DBFB002847D100F05DFE0128BB
:1045D000FBD1464A4649536CD801FCD40B6CDB072F
:1045E000F9D408A901A803F04FFD0546002834D1ED
:1045F000E28D404B5A6494F8243060F3410384F810
:10460000243001F04DF9D4F8E0305969431E0E68AA
:10461000DBB2FD2B049624D84B680128059330D1DA
:104620000126DF1C06D90133334B5B6846D0DA1C08
:1046300041D80593024604A9204601F0F3F8002E64
:104640007FF471AFD4F85431990529D494F824300B
:1046500043F0020384F8243065E7022528460FB0B2
:10466000F0BDF71C13D9244B01361B6818BF012677
:10467000DA1C1BD804934B68FF280593D1D0002087
:10468000D8E70246204604A901F0CCF84BE74B6876
:10469000FF280593C4D02A46F4E79F6A7F0E64E79B
:1046A00020464FF4803114F029F83CE7FF284B688E
:1046B00013D00593C3E7FF28C1D1E0E7DE1C06D87D
:1046C0000246204604A9059301F0ACF8BAE7FF289A
:1046D000B8D10022204604A9F6E701200593A0E7FF
:1046E000FC4F00B074220020003F00B0000002B870
:1046F00000C002B8008001B84C2F002038B590F8F7
:104700003C510446002D37D018F046F91F221B4BB0
:10471000013D1A651540A3F580531D65D4F840216D
:10472000A3F580539A67D4F84421DA67D3F840316F
:10473000DB071AD5D4F8E430DBB11A68122A18D98D
:10474000196D4FF0FF3320290A4628BF202219B1E6
:10475000C2F120029340DB43084AC2F84431D4F846
:10476000A0201340064AC2F84431BDE8384018F092
:104770000EB94FF0FF33EFE738BD00BF006001B85E
:10478000005001B82DE9F0410B460646154611B917
:104790002120BDE8F081002AFAD0032905D80022A3
:1047A00001F018FB03460028F2D01C889A78B4F573
:1047B000804F02F0070180F08680A1F1070C187984
:1047C000DF88DCF1000343EB0C0305292B7394BF56
:1047D0000023C2F30013C2F3801C6B73930985F8A6
:1047E00010C003F00203C2F3C00C43EA0C03C2F38F
:1047F0004012E8746B74AA74D6F89430AF82D8066D
:104800004DD4063901294AD8B6F81280F76908F163
:10481000FF38083C04EA0804395D2C4B80295B6DA5
:1048200008BF6FF07F014FF000031CBF323949B25F
:10483000A973AB6096F82700013404EA080460BB52
:104840003B5D5B0103F47E63FF2B9CBFDB43D8B26F
:10485000D6F8EC3003B19847631CE87303EA080309
:10486000F95C013303EA0803FA5C013303EA080345
:1048700041EA0221FA5C013303EA0803F85C41EAE9
:104880000241002341EA00616A7C304603F0FCFDEE
:1048900006232860AB7100207BE71846DCE7002385
:1048A0000020EB730A4BDA69C2F30723120448BFF6
:1048B00063F0FF035AB212F1800F1CBF323B5AB2B1
:1048C000AA730346E5E7022063E700BF004000B893
:1048D00000C000B8F8B507460E468C88FFF7A8FC64
:1048E00097F827700546082F737C0CD1012B0AD846
:1048F0000146012003F0BCFD421C01D10220F8BD9D
:10490000E30003330EE0053FFFB2012F8CBF002010
:104910000120294603F0ACFD431CEFD0012F4FEAE4
:10492000C403EED90E4A0344D2F8AC10326801F049
:104930001F01A2EBC10203213260B171002DDDD055
:10494000B3F5803FDAD84FF22440690900FB031326
:104950002D09B3FBF5F3D21A00203260CFE700BF78
:10496000003E00B0F8B507460D4614468BB1FFF780
:1049700067F929463846BE8A00F0E8FEB44228BFEF
:104980003446A4B222462946044800F0F3FF2046EC
:10499000F8BD14F0ACF80646F0E700BF0C0000BA12
:1049A00070B54FF03A434FF480640A4DD3F8186164
:1049B0000020C5F81841C5F8144104F05DFB4FF420
:1049C00000532B67730542BF034BC5F81441C3F86E
:1049D000184170BD002000BA001000BA082310B1C1
:1049E000024A53647047024AFBE700BF001002B856
:1049F000002002B82DE9F04104460E4619B990F89E
:104A000024305A064AD44FF6FF73618ED4F8E4700E
:104A1000994204D0334B1B680BB120469847324D66
:104A20002B68BB4256D0314B1B6833B1002F54D09A
:104A3000396801B1B968204698474FF00708204609
:104A400001F09AFB002E3AD0294B93F90030C3F1C4
:104A50001C0317B197F926209B1A062094F92860A9
:104A600024499B1B0A6ADB0222F4FF2203F4FF2382
:104A700013430B62D4F8E4201F4B2A60986701F0BF
:104A800035FD002501211D4A1D4B1170204683F87C
:104A9000845014F025F92846BDE8F0814FF6FF71E7
:104AA000114DD0F8E4702A6866F38613BA42418645
:104AB00080F82430B7D101F05FFB4FF00108114AB4
:104AC0004346D2F8FC1004F1F800A2F65C7203F041
:104AD0005FFCB9E74FF00108B1E739462046984737
:104AE000ABE700BF7C220020742200207822002047
:104AF0004B2C002000C000B8006000B84D2C0020F6
:104B0000003F00B0004F00B0054A12681AB190F89B
:104B10001E1119B91047084602F0CCBB0148704776
:104B20007022002000FEFFFF3A4B2DE9F7431C687E
:104B300001F4007900F00103174653EA0902064622
:104B40000D4640D04FF0000893B30023002201200F
:104B50000021CDE9008803F00DFE41462046FFF715
:104B6000D3FF012241462086104613F076FCD4F88C
:104B7000941004F1F80002F003FC27490868FFF7DD
:104B800051F84FF0FF330B60244B1A68511C06D0CC
:104B90006FF07E402249C863A1F58051CA634FF08F
:104BA000FF321A6094F8243043F0040384F8243070
:104BB000B9F1000F07D00121204613F09FFD25F425
:104BC000007506430D432B4632462046FFF79CF8FE
:104BD000FB070FD51349144A0868002113681160B8
:104BE0000121124A117003B19847114B0021022094
:104BF0005B68984717F00E0F08D04FF409723B21FD
:104C0000002003B0BDE8F043FEF7CCBB03B0BDE825
:104C1000F08300BF04200020382F0020342F002014
:104C200000E000B884220020882200204E2C0020C2
:104C30002C2F002008B558220021064814F0E9F96D
:104C40001022FF21044814F0E4F904F0D7FF0020FB
:104C500008BD00BFF43E00B0383F00B073B58621F8
:104C60006F22A0F814118221C0F80021C0E941127E
:104C700064220C23C0E9432207224FF0FF350026AF
:104C800080F830314FF6FF730446C28700F14C02C2
:104C90008264204AC385A0F8403080F82C304386D7
:104CA0004263038780F82860C0F8A450458580F8E7
:104CB000265003F041FF2046FFF7BCFF0122164BB0
:104CC0002046C3F8382294F92810FFF711F9602321
:104CD000124A41F6FF71D3644FF03A4211631167F3
:104CE0000F4A2946D36440220E4B20465A64D4F81A
:104CF0009420FFF757F90E230022CDE9003340F24C
:104D000002231046194603F035FD01F0D1F9304673
:104D100002B070BD4000FFFF005001B8004000B875
:104D2000005000B8002002B8044BD3F8F03E13F056
:104D3000806F14BF23200020704700BF003000B0F8
:104D40000246F8B5B0F8344100F1F805FFF7ECFF82
:104D50000B688E68013304BFD2F800310B604B68DA
:104D6000013304BFD2F80C314B60771C3BD1D2F831
:104D70000831CF688B607E1C3CD1D2F804610F698A
:104D8000CE60013704BFD2F8F8700F614F69013768
:104D900004BFD2F8FC704F618F69013704BFD2F8AD
:104DA00010718F618F6967BBC0F1640408688C6102
:104DB00010B16F2838BF6F20C2F808314B68C2E9C4
:104DC0004006C2E943340B692846C2F8F8304B6903
:104DD0000F49C2F8FC30D1F8FC1007230D4A03F04C
:104DE000D7FA0020F8BD04F16F031B1AB34238BF95
:104DF0003346BEE704F18606361ABE4238BF3E4649
:104E0000BDE76F34241ABC4238BF3C46CEE700BF32
:104E1000004F00B0A43F00B038B50446074D21460E
:104E20002868621C003818BF012002F045FC2B687E
:104E30000020003B18BF0123A37038BD8C22002046
:104E400038B5054C054B417800782568236002F0A1
:104E5000B1FB00B1256038BD8C2200200CED0208AA
:104E600070B517F099FD05460B4E00F00DFA0128BC
:104E700005D0284617F08BFD0224204670BDF3684C
:104E800013F0706FF1D1F46814F08054EDD128461E
:104E900017F07DFDF1E700BF000002B80A4B10B526
:104EA0001B68044673B1094B48B10121084A1A60D6
:104EB000022003F057F90020064B1C7010BD01467C
:104EC0001860F5E70220F9E78C22002090220020EC
:104ED00004ED02084F2C0020014B1878704700BFEA
:104EE0004F2C002038B517F057FD4FF6FF710A4AD6
:104EF00013888B4203D117F04AFD0E2038BD074CB2
:104F0000074D1B046567A4F580546367118017F093
:104F10003EFD0020F2E700BFEC300020006001B849
:104F20000000FFFF2DE9F74304460F4615461E46D5
:104F3000FEF7A6FF38B3A38A2BB3204613F027FC55
:104F400078B97A4BD3F8F02E1EB10E2003B0BDE82D
:104F5000F08302F03003102BF7D002F0C002402A99
:104F6000F3D0DFF8F88103F0E7F8D8F81430D90768
:104F7000EBD517F011FD0646032001F0A9FD20B185
:104F8000304617F004FD0220E0E7D8F8142012F0B4
:104F90000608F5D1304617F0FAFC644B4FF4006177
:104FA0002046D3F8F09ED3F8C86E04F01DFE40B141
:104FB0004FF4007201215E4B08465A64424613F0DA
:104FC0004CFA94F825309A0707D5D4F894305B054D
:104FD00042BF4FF40022574B5A6439462046FEF731
:104FE0004FF9524BC3F8F09EC3F8C86E0028ADD1FC
:104FF00094F82430980601D4002D58D0C5F3400011
:1050000003F03CFF022315F4807F1FBF494A0021B3
:1050100053644FF03A420BBF454A91615364536366
:1050200003F066FF4FF4806315F0040F14BF424A8B
:10503000424A15F0400F13654FF004023C4B2846DE
:105040005A644FF0400314BF3D4A3E4AC2F8B8309C
:10505000FEF734FE204613F046FD38B14FF480735E
:1050600015F0010F14BF334A314A5364A90647D5DE
:105070004FF6FF72B4F8403093420FD0324A3349B2
:10508000526F100CC2F301120132B3FBF2F308802D
:10509000294A2A492E481B0448675367003D18BF18
:1050A000012594F8243065F3451384F82430204614
:1050B00013F013FEF0B1204613F015FDD0B14FF4FC
:1050C0000031204604F090FD431C03229BB221488E
:1050D00001A913F05BFE9DF8042002F00703052BE5
:1050E0009DF8053015D112070DD443F480731A4A88
:1050F000C2F8D030002003B0BDE8F04313F084BE06
:10510000FFF7F0FECAE713F0040F09D19DF806304F
:10511000EBE703F03002202A05D113F0010FF4E78A
:105120004FF48073E3E79DF80630E0E7003000B00D
:10513000002002B8001002B8005001B8006001B8A9
:1051400000D000B800E000B8004001B8EC3000200A
:105150000000FFFF0C0000BA003E00B000C001B824
:1051600008B50B4BD3F84C114B1C10D011F08041FB
:105170000DD1084B1B6813B10320FEF7FDFD4FF066
:105180008062054B1A6501225A6102229A6208BDAB
:105190000080E00F04200020001002B84FF400222D
:1051A000034B586C03F500535A64C0F3C04070477A
:1051B000000002B8024B034A00201A60704700BF8B
:1051C00078220020093B0108024B586900F00100D9
:1051D000704700BF00C001B808B50D4B5A69D10730
:1051E00010D518B9BDE8084001F050BB5B69DA077B
:1051F0000DD401F03DFB0323064A1364A2F580524F
:10520000536404E05B69DB0701D40028F1D108BDD9
:1052100000C001B800A0095090F92430002B0CDA2E
:105220004FF08053064A29B19360A2F58052D360B3
:1052300000207047D3609360FAE70E20704700BFEC
:10524000006001B84FF0806310B1024A53617047AB
:10525000014AFBE7001002B8002002B8202350B139
:10526000064AC2F8F433064B196C11F0010104D15F
:10527000032002F077BF034AF3E77047001002B83B
:1052800000C002B8002002B80F4BDB68C3F3036311
:10529000013B0B2B0FD8DFE803F006060C060606D1
:1052A00006080A08080802207047042070470520F5
:1052B000704703207047054B5B6913F0060F0CBF66
:1052C00001200420704700BF000002B800C001B8F0
:1052D000094AD368C3F303630B2B08D06FF49050D3
:1052E000184100F0010080F0010040007047506C50
:1052F00010F48030EDD17047000002B80C490D4A1F
:10530000CB68C3F30363062B07D8042BD8B20BD8A2
:10531000C31E5842584140007047072B06D1D1F8B0
:1053200068011040ECD170470220704700207047A0
:10533000000002B85FFFF9FF094BDB68C3F30363AA
:105340009A1E012A8CBF00220122012B02701EBF6F
:105350004FF4026222FA03F303F001030B7070476B
:10536000000002B811F0010311D09AB9552391FA47
:10537000A1F193FAA3F34A081B0F490042EAC37252
:1053800001F00203C0F8A02080F82930704722B94C
:10539000AA23ECE70023024AF4E7014AF2E700BF40
:1053A000B75635120F2370B51B4C11F0010F636710
:1053B0001A4B14D09AB901225A674FF0FF32C4F841
:1053C0004421D0F8A020C3F844214FF07042C4F823
:1053D000482190F829201207C3F8482170BD4FF0EA
:1053E000FF3602255D67C4F84461D0F8A060C3F8B9
:1053F00044614FF07046C4F8486190F82940240792
:10540000C3F84841002AE9D0836C19604FF03A4351
:10541000C3F8F450E2E700BF006001B8005001B8E3
:1054200013B590F827300446033BDBB2072B96BF39
:10543000134A0021D15CFEF799FC012001F08CF9A0
:105440004FF4F0620F4B0020DA644FF40072A3F5C2
:105450008053DA6494F8273001905A1F012A0AD841
:105460000421094B0DEB01009B6F0193012200F019
:1054700047FB02B010BD093B012BFAD80121F5E72B
:105480001CED0208006000B8004001B8012310B50F
:1054900080F816312823C0F8FC300423044680F835
:1054A0002730044B196812F0E7FF2046FFF7B8FFDA
:1054B000002010BDA0220020012310B580F8163175
:1054C0002823C0F8FC300223044680F82730044B20
:1054D000196812F0D1FF2046FFF7A2FF002010BD8F
:1054E000BCE70208012910B5044604D90239012994
:1054F00015D90E2012E00C4B19680523012284F8FF
:1055000016214FF4BC7284F82730C4F8FC202046E2
:1055100012F0B2FF2046FFF783FF002010BD034BBF
:1055200019680623EAE700BFB4E70208B0E70208FB
:10553000012310B580F816314FF4BC73C0F8FC306D
:105540000823044680F82730044B196812F094FFB2
:105550002046FFF765FF002010BD00BFACE7020842
:1055600038B5194B04461D6845B1EB6833B128685E
:1055700001F0BAFDAB68186801F0B6FD134B144A90
:105580001B6813602BB1DA681AB19B68186801F0C8
:10559000ABFD104B1B682BB1DA681AB19B68186819
:1055A00001F0A2FD0C4B1B682BB1DA681AB19B68A5
:1055B000186801F099FD2046FFF77EFF2046BDE800
:1055C0003840FFF72DBF00BFBCE70208B8E702086C
:1055D000A0220020B4E70208B0E70208F8B5D0F82E
:1055E000403104468B420D46164603D190F83C31BB
:1055F000202B0ED0324629462046FFF7B3FE20234B
:1056000084F83C310023C4F84051C4F84431FFF71A
:1056100075F84FF00077074B32465F642946204605
:10562000FFF7C0FE8022044B1A6103F500535F644C
:10563000F8BD00BF001002B8000002B8072330B563
:10564000144CE363144B61B94FF480424FF4804132
:10565000C3F80811C3F80C21C3F81021C3F81421B2
:1056600030BD44250D4940F040004D638863012161
:10567000D9634FF480414AB1C3F80811054BC3F810
:105680000C11C3F81011C3F81411E9E7C4F808119C
:10569000F4E700BF006000B8005000B8004000B858
:1056A000034BD3F8F80780F00070C0F340607047F8
:1056B000000002B810B590F82730022B08D11C4B1F
:1056C000D3F89C1031B9C28D272A0ED90E2002E0E2
:1056D000042B01D0002010BD154BD3F89C30002BBB
:1056E000F8D1C28D272AF1D80121124B12481B682C
:1056F000834219D031241148181A434243415B00B8
:105700000B48A0F8B64050246343282404FB01331F
:105710000B491944895CFA31A0F8BC1009490B44C3
:105720009A5C094B1A70D5E76FF003040123E7E791
:10573000003E00B0C822002000F04902005A620278
:1057400014EE020824ED0208502C002010B590F849
:105750002700A0B1304BD3F8A42012F0060F01D0DF
:1057600004280DD94FF470622C4BDA604FF480722C
:10577000A3F58053DA600022274BC3F8A02010BDA8
:1057800002F0020412F0040202D00B789B0637D418
:10579000002C39D00B7803F00F03072B34D14B7852
:1057A000022B31D98B7813F03E0F2DD0CC7814F02A
:1057B000040F29D014F0010F0CBF04230A23A407FF
:1057C00048BF0633CB5CFBB1002A14BF0222012282
:1057D000042840F6FF7003F01F0108BF490001399B
:1057E00040EA01310E4801654FF470600B49120226
:1057F000C860A1F58051CA60074AC2F8A030BEE770
:10580000002CC7D18B7823B90023054A13650122E8
:10581000EAE70222DCE700BF003E00B0006000B80B
:10582000004000B810B5124B0C68C3F87842C3F8BA
:105830007C42C8B1D0F8E030B3B15B69A3B1501E6F
:10584000C0B2FD2812D9013404BF6FF00100086016
:105850000868FF2A186007D14A68013202D16FF048
:1058600001024A604A685A60002010BD012AF2E72E
:10587000004001B8FF2818BFC3434FF0180108BF0C
:105880001023064A18BFDB00C2F8FC1318BF03F050
:105890000803A2F58052C2F8FC337047002002B81A
:1058A000024BD3F8F807C0F3C0407047000002B8BD
:1058B0004FF03A43D3F81421D2031ED54FF480326F
:1058C0000E49C1F81421A1F58051C1F818215A6D73
:1058D000D1B2C2F30722C3F8A410C3F8A420042253
:1058E000C3F8A4200022C3F8A420C3F8A420C3F85E
:1058F000A420C3F8A420C3F8A4207047002000BA55
:10590000F0220B4B01219A64A022A3F580539A64E4
:105910004FF03A43826CC3F8F410FC21C3F8CC106A
:10592000C3F8D0204FF40052C3F8F020704700BFF6
:10593000006000B8F8B54FF03A440D4617460646E9
:1059400017F02AF8012304226363084BE7602661FD
:105950006561C3F814214FF00042054BC3F8802164
:1059600017F015F80DB102236363F8BD002000BAEB
:1059700000E100E02DE9F04105460124006800F057
:105980000700063004FA00F3A868EC685E1EA04227
:1059900062D000EA060E6C6810441E430640A3EB7A
:1059A0000E000EEB040C8242644618D9D31A0EEB9B
:1059B000030298B1431E052B04D94B1CACEB030327
:1059C000022B59D80B460844ACEB010E03EB0E0139
:1059D00013F8014B83420C70F8D101466C688AB110
:1059E000531E052B01F1010302D9E01A022812D837
:1059F0000A44611E00E0013313F8010C934201F8E0
:105A0000010FF8D116F0C8FF0223AE60AB62BDE80B
:105A1000F04116F0BCBF0B46204622F0030E8E4428
:105A200053F804CB734540F804CBF9D122F00303BB
:105A3000D01A920701EB030C04EB0307E2D0CA5C17
:105A40000128E254DED09CF8013002287B70D9D0C6
:105A50009CF80230BB70D5E7042A35D90878043A9F
:105A6000A86148780431A86111F8020CA86111F806
:105A7000010CA861A8688CE70B4620F003070F44CF
:105A8000ACEB010E1C684EF803400433BB42F9D165
:105A900020F0030310F0030F01EB030EA0EB03044F
:105AA0000CEB030728D011F80380012C0CF80380BD
:105AB00022D09EF80130022C7B7018BF9EF8023075
:105AC000084418BFBB7088E7013A032A12D8DFE800
:105AD00002F00F1507020B4613F8012B1946AA61B5
:105AE0000A4612F8013BAB61114611F8013BAB616C
:105AF0000B78AB61BDE8F08108446EE70A46F3E736
:105B000038B50B46154601464FF03A4468B10122BC
:105B10001048C4F8F4201A46FFF72CFF25B14FF0C7
:105B20003A430422C3F8F42038BD73B1D4F8D82026
:105B30009A4284BF0122C4F8F4204FF03A42C2F8DE
:105B4000D4300223C2F8F430E8E70123C4F8F4307B
:105B5000E4E700BFCC0000BA38B5044616F01CFFDD
:105B60004FF03A420121638F054651674BB3B3FAB8
:105B700083F3C3F11903DBB2A069C2F8B410C2F811
:105B80008C300723C2F89000C2F8B0304FF4A02345
:105B900002F50052C2F81431A2F58052C2F8183151
:105BA00000220C4B1A600C4B5B6C5B0209D54FF466
:105BB00080020A4B04F1F8005A64D4F8941001F002
:105BC000DFFB4FF4E0232846E363BDE8384016F0DE
:105BD000DEBE00BFA4220020000002B8002002B8F0
:105BE0002DE9F84305460C46B1B1D0F81880478F2F
:105BF00016F0D2FEB5F83CC0791E01EA0C0323F082
:105C00000702032C0646DFF8F8E042445FD1DEF8D5
:105C1000004024B916F0BBFE0E20BDE8F88324F046
:105C20000104DEF8000020F00100A04254D100235E
:105C3000CEF80030238894426FEA43436FEA53431F
:105C400023803FD1EB8F08EB07091846083880B254
:105C500002F108044C4528BF4446082804D9B4F88A
:105C600000E0BEF5804F41D263440F431B1A3B4016
:105C70009BB2AB87E887947811884FF03A42C1F322
:105C80000C019165C2F89830C2F8B0004FF4802240
:105C9000174B04F00704C3F814214FF00042154BD2
:105CA000C3F88021FFF704FE042C0BD14FF48002CF
:105CB000114B05F1F8005B6C104B5A64D5F8941049
:105CC00001F05EFB304616F062FE0020A5E7601E84
:105CD000012898BF1446A4E7E88F4344E31A48BF5D
:105CE000DB1908389842A5DC304693E72246ADE739
:105CF000002000BA00E100E0000002B8002002B875
:105D0000A4220020154B10B51968CA8F8B8F488FBD
:105D100013440138073B8C69034023F007031C44FC
:105D200002F108034FF03A429BB2CB87C2F8B03081
:105D30004FF480220A4BC3F814214FF00042094B64
:105D4000C3F88021A07800F00700042803D1064A98
:105D5000D3681B03FCD4054B1C6010BD042000203D
:105D6000002000BA00E100E0000002B8A4220020F8
:105D700010B5064C216839B1CB0703D4044B186821
:105D8000FFF72EFF0023236010BD00BFA4220020D8
:105D9000042000204FF480320C4B0D49C3F8182129
:105DA0004FF03A43C1F81421D3F8AC10D3F88C204B
:105DB000012302F0070206329340C1F30C01083BB5
:105DC000994201D8FFF774BD704700BF002000BAA8
:105DD000001000BA2DE9F04780460C461646876948
:105DE000458F16F0D9FDB8F83C2005F1FF3C02EADA
:105DF0000C0323F00701032C82463944B8F83E0017
:105E000019D14A4C24689CB90244073A02EA0C02B0
:105E100022F00702BC183B44E31A48BF5B198342D7
:105E200010DB504616F0B3FD00242046BDE8F08795
:105E300024F00104EFE7012C02D0022CEBD108384A
:105E40000C46E8E7002E3FD08C4241D14FF03A4259
:105E5000D2F858904FF03A41D1F8AC20B8F812700F
:105E6000C2F30C02934247DA2588B5F5804FD8D2A9
:105E7000A378C5F30C0503F007037A1EA5EB09050B
:105E80003A43052B337005EA02052DD82DB2E843BD
:105E900040F241420421C00FFDF784FA7580E37897
:105EA0003374D8F81C207B1E03EA0903D118B160B3
:105EB000A9B213FA85F5AF422FBF0023FF1AB780AE
:105EC000F26024BFB180F360504616F060FDACE78D
:105ED000A4F10802974284BFED0802EBC502B2F8B4
:105EE0000090C9F30C09B5E7114B5B6D003B18BF7F
:105EF0000123A5EBC305C9E74B6D7A1EA3EB09038C
:105F00003A431A400B4915B2002DCB680BDCC3F3A2
:105F10000363D81E43424341DB003370CB6C728075
:105F20001B0A3374BDE70823F7E700BFA422002053
:105F3000004000B8000002B8054BA822D3F84C017D
:105F40003121431C0CBF0120C0F38070FDF72ABA39
:105F50000080E00F10B50F4B1C78ACB90E4BD3F896
:105F6000F8375B0309D490B10F23441EB4FBF3F45C
:105F700010300444E4B2204610BD40F61D023F211B
:105F80002046FDF70FFAF6E70001C4B2F3E710244C
:105F9000F1E700BFEE300020000002B838B5294D0F
:105FA0000446297819B92022274813F032F82378BB
:105FB000264A6188137051804FF2F0022449C1F8DB
:105FC000C821244A4BBBA1F50051D1F8F81711F4B0
:105FD000002F4FF0FF011CBF1F48C0F8DC301170CC
:105FE0004FF040731A4AC2F834311C4BD3F8F837DB
:105FF00013F480230BD14FF47F01C2F830111849FC
:10600000C1F8303148F2C801164BC3F8F410072329
:10601000C2F8FC330122124B0DE000240E48022B83
:10602000C0F8DC404FF0FF001070D9D107230422E4
:10603000C1F8FC330A4BC3F8FC23012300202B706A
:1060400038BD00BF512C0020E03F00B0EE300020F2
:10605000002002B816310020004001B8000002B84C
:10606000001002B8003F00B0034B1A6802609B8822
:1060700083800020704700BFEE30002010B504463A
:1060800000F044FF094BD3F8F80734B900F440207E
:10609000B0F5402018BF012010BD022C0ABF80F4CB
:1060A00000300020C0F34040F6E700BF000002B817
:1060B0002049D1F8FC37FF2B31D01F48C3F303121E
:1060C0000270D1F8F81703F00F0309035BBFC2EBAE
:1060D00002120F3B02F1FF32D2184ABF03EB021348
:1060E000D3B2DBB2154A164913700978154B1A68FA
:1060F000E9B1B2F1A06F1AD3D3F85012124A134B80
:10610000B1F1FF3F18BF1346114A136041F66A020E
:10611000104B1B68B3FBF2F30F4A13607047D1F8C2
:10612000F83713F4002F0CBFB4235A23DAE7074BD8
:10613000EAE700BF000002B817310020532C00200E
:10614000153100200080E00F5082E00F04EF0208BC
:10615000A8220020C8220020AC22002020B1022862
:1061600004D1034B18787047024BFBE700207047BF
:1061700017310020532C00202DE9F74FD0F8A44010
:106180004C22022C38BF02247B49013CCB6CD1F855
:10619000DC507A49C3F38213DA400B680646A34207
:1061A00090F83071764BDFF800A2DFF80092DFF84C
:1061B000008202F0010216D11878904213D19AF8A9
:1061C0000000B8420FD1D6F8A80060B1A8420AD1A9
:1061D00096F82B5099F80000854204D1B8F80400D5
:1061E00003B0BDE8F08F98F800001A700C60FFF75C
:1061F000B5FF0346002A00F0918004234FF07F4151
:10620000604AC2F8BC30604BC3F8BC1096F82B3023
:106210001B06C2F8BC30002040F271225B4B1921F2
:106220001B68B3FBF2F36343182BB3FBF1F14FEAA6
:10623000004400F29380002C00F09B80B4FA84F2BA
:10624000C2F12002C2F10F03012B38BF0123D44059
:10625000A14201D2013B6408421C03F01F0152001D
:106260008A40121BDFF838B19208CBF8B0201A022E
:1062700042EA03121343019300EB002300EB0325D2
:10628000434B40F6970218682B21003818BF0120B5
:10629000FDF788F8FA223E4B02FB04F01B6840F63B
:1062A000FF72B0FBF3F00A2358433A4B00F57A74BF
:1062B000C3F8D820019AA3F58053C3F8D820364AF2
:1062C000A3F58053C3F8DC50D2F8F827520308D462
:1062D000D3F8DC3003F47F02C3F303531343CBF84A
:1062E000FC30C6F8A8502D4D00F6B8302C6001F0F7
:1062F000C9FF4FF47A722A4BC3F8A400C3F8F80020
:106300002B68B4FBF2F0B3FBF2F3A8F8043096F874
:106310002B308AF8007089F8003061E796F82B007E
:10632000984228BF1846C0B22FB1022F7FF473AF36
:10633000FFF710FE70E7184BD3F8F8371903F7D4BE
:1063400050B10F230138B0FBF3F00130154B1B683F
:10635000034413F8010C5FE70120F7E7B1FA81F27B
:106360003CB1B4FA84F3D21A002A3FF76BAF0F2383
:106370006EE70F2370E700BF004001B8442F0020F4
:10638000522C0020001002B8002002B8C8220020C1
:10639000AC220020006001B8000002B8B02200204A
:1063A000003F00B0A822002014310020133100204B
:1063B000EE30002038B5254B05461A78244C0C2ABF
:1063C00002D1FF20207038BD104612F022FD014698
:1063D0001046FFF7C3FEA84228BF2846C0B2884235
:1063E00038BF08462378C0B28342ECD020703ABB55
:1063F000184BD3F8F83713F4002321D14FF2F001F2
:10640000154AC2F8C811C8B10F230138C0B2B0FB99
:10641000F3F3591CC3EB0313C01A431C0D4A1B01B1
:10642000D2F8C80143EA01330343C2F8C831D2F8B5
:10643000C8210A4BC3F8FC202078C4E70121EDE70E
:10644000074B1868FFF798FEF6E700BFEE30002014
:1064500016310020000002B8002002B8003F00B052
:1064600004200020014B1870704700BF1531002038
:1064700010B50446FCF7F0FC78B1154B1B786BB9EE
:1064800064B1144B1B784BB1134B1B78013B012BB0
:1064900004D84FF40042114B1A6510BD104B1B6D10
:1064A0001B04FAD416F078FA044602F021FD4FF4EA
:1064B00000420C4B2046BDE810401A6502220A4BF0
:1064C000C3F8D4240422054B5A6416F060BA00BF06
:1064D000542C0020552C0020B4220020002002B8AB
:1064E000000002B8001002B800D00350054BD3F8EA
:1064F000843013F0030F4FF4802314BF024A034A81
:1065000093647047004000B8005000B8006000B8C5
:10651000F7B50646534C00F0F9FC01213A20EDF79F
:10652000B5F8514B2578514F1E7085BB2846FFF7B3
:106530009FFF2378013B012B19D8E37B01A88DF83D
:106540000430237C8DF80530EBF766F9C7F8D45496
:106550004FF6FF72464BC3F88420F822A3F5805310
:10656000C3F884200022414BC3F8D4240DE04FF639
:10657000FF723F4BC7F8D454C3F88420F822A3F528
:106580008053C3F88420C7F8D4543A4B5BE0002012
:10659000FFF76EFF2378013B012B08D8E37B01A8AE
:1065A0008DF80430237C8DF80530EBF735F90023A6
:1065B000C7F8D434002ECBD062685AB32E4B1B6878
:1065C00003EB5203B3FBF2F3013B1B0243F0F8036E
:1065D00026782749022E294A1ED0032E4FF6FF7532
:1065E000224826D0012E36D143F00203C1F8845050
:1065F000C2F884300723C0F8D434E37B01A88DF8B7
:106600000430237C8DF80530EBF7DEF80120FFF72E
:106610002FFF17E0F823DBE74FF6FF7043F001038D
:10662000C1F88400C2F884300622104BC3F8D42489
:10663000E3E743F00503C1F88450C2F88430042333
:10664000C0F8D4340E4B4FF080421A650020FFF79B
:106650004DFF03B0F0BDC1F88450C2F88430002370
:10666000EEE700BFB4220020552C002000C00350EC
:10667000006000B8002002B8C8220020005000B816
:10668000001002B8F0B52B4F06463D4604460FCE2B
:106690000FC5336885B02B6000F038FC01213A202B
:1066A000ECF7F4FF0022244BC3F8D424A17A627AD9
:1066B00042EA0142C3F8E024217CE27B42EA014243
:1066C000C3F8DC24217B627B41EA0240C3F8D80492
:1066D0003B78032B2AD8DFE803F022020C178DF851
:1066E000041004218DF805200DEB01000022EBF7CA
:1066F00037F8E37B00228DF80830237C042102A8C0
:106700008DF80930EBF72CF8637A01228DF80C3004
:10671000A37A042103A88DF80D30EBF721F8074B7D
:10672000187805B0BDE8F040FFF7F2BE212005B0B3
:10673000F0BD00BFB422002000C00350552C002043
:10674000034B1B6D002BBCBF024BC3F88800704786
:10675000000002B8004000B84FF0006338B1064AAC
:106760001365064B4FF40032C3F884207047044A87
:106770001365044BF6E700BF001002B8005000B8E4
:10678000002002B8006000B82DE9F04700F018FCC6
:106790004FF47A762D4BB0FBF6F618604FF4FA738F
:1067A000734307462A48190E1B021818294A4FF04E
:1067B000000341F1000103F0F9FE274BA0F58072C0
:1067C00005461A6320B948222B21FCF7EBFD012571
:1067D0004FF47A724FF0000A6A4353465008310270
:1067E00003F0E4FE1C4B1D4AB7F57A7F9A601C4B00
:1067F0004FEA056819601B4B8946044618604FEA4A
:10680000152505D29B222B215046FCF7CBFD0126F6
:106810004FF47A73A8FB030103FB05117308C0183A
:1068200041F100010023324603F0C0FE0E4B02345A
:1068300019600E4B49F10009A408186044EA8974F4
:10684000054B013C9C63BDE8F08700BFC8220020D7
:1068500020A1070040420F0000C001B80211010052
:10686000D8220020D4220020D0220020CC220020D8
:106870000822044BC3F884215A600122024BDA60DB
:10688000704700BF00E100E000C001B80822064BDD
:10689000C3F88421C3F88420BFF34F8FBFF36F8FF9
:1068A0000422024BDA60704700E100E000C001B84A
:1068B00010B50446A242A2EB0000A3EB010104D2F2
:1068C000034B01399B6B0133184401F0030110BDE8
:1068D00000C001B838B501250A4B02019D504FF4A4
:1068E00080730446084A8340536616F055F8074AF9
:1068F000A540137823EA05031370BDE8384016F06D
:1069000046B800BF00E101B800E001B85E2C0020ED
:106910002DE9F84F164605468A461F4616F03CF804
:10692000022E00F09180804616F03FF85A4B5B4AE9
:10693000D3F8209092F86D405A6EE4B2520744BFEB
:10694000D3F82090013404F0030416F029F84846E7
:10695000214600F013F98446DAF80000012E04BF46
:1069600001306044ACEB000C08BFCAF80000BCF179
:10697000804F7DD300F014F98145A1EB040188BF5D
:10698000454BDFF838C188BF01F1FF3101F0030149
:1069900088BF9B6BA0EB090E0CF80510A1B1F9079D
:1069A00042BF41F61F723E4B5A67BA0742BF3C4B8B
:1069B0003C4A5A677B0742BF0022374B9A673C0725
:1069C00042BF0022344B9A6511244FF0010A324B2A
:1069D00005F11002120103EB051BCBF80C01324943
:1069E0009C501A6A0AFA05F4586E0B78A2EB090259
:1069F000E4B2234372450B7025D34FF48073AB4050
:106A0000034220D11CF80520002A40D10EB3274AAA
:106A1000F807536607D541F61F7140F20110204B6D
:106A2000596750675967B90706D51D4B1D4A1F495D
:106A30001F485A6748675A677A0742BF01221D4BB1
:106A40001A613B071AD4404615F0A1FF0120BDE8AA
:106A5000F88F194A2D0142F805A042F89C3C15F028
:106A60009BFF11490B7823EA04030B7015F08FFF8D
:106A7000404615F08CFF0020BDE8F88F2120FFF77D
:106A80005FFE4FF48032044B4046DA60DCE7074A91
:106A900040465366D8E700BF00C001B8003E00B0D2
:106AA00000E001B800001F1F5E2C002000D001B8DC
:106AB00000000101000002B800E101B8562C0020DE
:106AC000024B1878003818BF012070475E2C002058
:106AD000034B10300001185800F00100704700BF50
:106AE00000C001B870B50646FEF76EFB044608B15B
:106AF000FFF7CCFE00230A4D3046AB61EB612B6201
:106B000000F04EF8074BC9B283F86D1028622CB123
:106B1000FFF7AEFE4FF08062034B5A64002070BD59
:106B200000C001B8003E00B0002002B838B515F032
:106B30003CFF084B084A1D6A92F86D405A6EE4B259
:106B4000520744BF1D6A013415F02AFF284604F09D
:106B5000030138BD00C001B8003E00B00346064A3C
:106B6000103302EB00111B01D1F80C01D158C1F315
:106B7000400112F068B900BF00C001B8064B1B68A5
:106B8000434303EB8171054B1B68A3FB003013F1FA
:106B9000004341EB00007047D0220020CC220020AF
:106BA0000C4A20F04043014610B5002014684FF015
:106BB0000042E4FB0320084A890F126802FB03002D
:106BC000064B9B6B984204D901330131C01A01F086
:106BD000030110BDD4220020D822002000C001B83B
:106BE000044B01F0F071103041F003010001195025
:106BF000704700BF00C001B808B52220FFF7A0FD14
:106C00004FF48022014BDA6008BD00BF00C001B81C
:106C100040B1836833B10649C268096803F1304363
:106C2000032A00D8704743F8041B043AF8E700BF72
:106C30000C23002070B51646054600B3F9B1F2B139
:106C40004268104B006803321B68920800F1304024
:106C50009847044688B9EA68A86803323146920822
:106C600000F1304012F00FF9044630B9D5E90402C2
:106C7000214600F1304012F0CCF9204670BD2124AD
:106C8000FBE700BF482F002070B50C68651C15D0CD
:106C9000C4F302669E42C4F3074530D1A4B29442C5
:106CA0002DD804EB8506B24229D2141BA50824F086
:106CB00003040E59340F04D0012C08D000222124E3
:106CC00002E06B1C51F82320C0E9002470BD0E4C7B
:106CD00034F8133042EA03431A686B1C51F823401E
:106CE00001EB83014B6822405E4036F0704404D1D2
:106CF0001B0F032B04BF8B681A430024E4E7013504
:106D000001EB8501C1E700BF18EF020807B501A834
:106D1000EEF702FA254B2649D3F86022D2B2FF2AB9
:106D20001DBFD1F87801130243EA0213D1F878317C
:106D30001CBF20F47F621343C1F8F8331C4BD3F817
:106D4000F837190354BF09200C20EDF7C7FDC822FE
:106D5000184B42F201015A654FF4C02203F510436B
:106D6000C3F868214FF48032C3F86C21124AC2F88C
:106D7000701202F52042D2F8F827120308D44FF41B
:106D800070610E4AC2F8A0104FF42062C3F8A02030
:106D900001220B4BC3F8002403F53043D3F86821DC
:106DA000084B1A6003B05DF804FB00BF0080E00FE1
:106DB000000002B8008001B8006001B8002002B8ED
:106DC000005001B89C220020134B1B78002B20D0D0
:106DD000124B134A00201A60124B134A1A60134BCD
:106DE000134A1A60134B1A68134B1A60134B144A58
:106DF0001A60144B144A1A60144B154A1A60154B4A
:106E0000154A1A60154B164A1A60164B164A1A6034
:106E100070470220704700BF5F2C0020182300201D
:106E20000CF802081023002074EF0208142300203D
:106E300094EF02085C2F00200C2300203023002058
:106E40005CEF02082823002014F302082C23002002
:106E500090EF02082423002044EF02081C230020A6
:106E600098EF0208202300208CEF02080022012165
:106E700038B51E4B5A649A64DA641D4A5161022186
:106E80009162DA68C2F303620D2A01D0002AF8D1B8
:106E900011220124174DDA634FF0FF302C7008F0F7
:106EA0009FFE00232B70144D4FF4E8622868542194
:106EB000C01A18BF0120FCF775FA104B28681A6831
:106EC0000F4B1968FFF7B6FE01F0FAFA0D4B186880
:106ED000FFF79EFE0C4B1868FFF79AFE4FF080629A
:106EE000034B5A6103F580535C6138BD000002B862
:106EF000001002B85F2C0020102300201423002073
:106F000018230020302300202423002001230D4AD1
:106F10000D49C2F8803291660C4A53600C4A5360A6
:106F20000C4A5360A2F580425360A2F54042536080
:106F300002F5C032536002F580425360A2F5004270
:106F40005360704700900050FF0B001600D000B84F
:106F5000001000BA005001B838B50324FFF7D6FF7F
:106F6000114A124B124D1A65FFF7D0FE114BC3F8B0
:106F7000104101232B6501F0DFF84FF460736B6162
:106F80004FF400732B65FEF78BFC0021FEF772FCBB
:106F90004022094B1C64A3F580535C64074BC3F883
:106FA00084215A6038BD00BF0048F000000002B8DC
:106FB000001002B8005001B800A0095000E100E044
:106FC00008B514F03DFB044B1B6FC3F300430133C2
:106FD000B0FBF3F008BD00BF008000502DE9F04F7A
:106FE000044687B00290894659F8043B5A1C06D1E2
:106FF0002360029BE01A801007B0BDE8F08F37488D
:10700000C3F301615FEA137B30F8110008BFC3F3DB
:1070100007429BB218BF012243EA004011F03CFF37
:107020004FEAC20A05460AF104032D48234483426D
:107030001BD807230127C846CB4003F00103019367
:107040009300049307FA0BF705EB8203039307F011
:10705000940304F108060593039B08F10408AB426E
:1070600008D1049954444944BDE71E4B9C42E0D8E2
:107070000020C1E7059B53B917F0420F19D117F053
:10708000280F0BD146F8085C58F8042C21E04FF487
:10709000206232210020FCF785F9F3E740F6042254
:1070A00032210198FCF77EF905F5805246F8082C4C
:1070B000EAE740F60D2232210198FCF773F905F555
:1070C0000052BBF1010F46F8082CDDD158F8042C12
:1070D000D24346F8042C04350836BDE710EF020809
:1070E000DF4F00B0E04F00B0F8B50646E0B1002435
:1070F000144B25461F46144953F8042BAAB91348CC
:10710000314600EB8500FFF769FF30B940F6AE323B
:107110003621BDE8F840FCF745B90D4B013528187C
:1071200047F8246023F81400F8BDB242FCD00134C3
:107130000C2C02D031F81450DEE740F6C83236216C
:107140000020E6E7DC2200203A240020404000B086
:107150003C24002070B5044698B1B1B13A4A52F8C7
:10716000043B834213D10023384A116CC907FCD475
:10717000374800EB830011F08FFE364B1060012280
:107180001A6470BD01330C2B02D1334D2CE0012366
:1071900052F8041BA142F5D1304A32F81330E3E72C
:1071A000C2F3016335F81300110C93B211F0FE0F16
:1071B00043EA0043606820D00434CAB2022A21683E
:1071C00008D9D4E90160033AC3E9001698600C3489
:1071D0000C33F3E704D16268C3E90012083403E01A
:1071E000012A01D1043419602268531CD8D100222D
:1071F000164B1A6003F58053C1E7120F072AEDD82A
:10720000DFE802F00704090D1013181DC04303F551
:1072100000531860E2E71A6842401A60DEE703F59F
:107220008053F6E711F004FED8E7012203F58053FE
:107230008240F2E7012203F500538240EDE71A682D
:1072400030EA0202FBD1C9E7DC22002000C002B80C
:10725000404000B000D002B818EF02083A240020E5
:107260000122014B1A657047001002B80122014B40
:107270001A657047002002B84022014B1A6570471A
:10728000002002B84022014B1A657047001002B876
:10729000064BDB68C3F30363984206D1044A936E3E
:1072A00023F0F00343EA011191667047000002B831
:1072B000003F00B02DE9F743064611F0B2FD00246F
:1072C0008046DFF8909015F067FB0DF10701054649
:1072D0000DF10600FEF730F89DF806308BB9721CF0
:1072E00029D011F09EFDA0EB0804284615F04FFBB5
:1072F0009DF8063013B99DF807303BB3A642E2D89B
:1073000024E0D9F80C3013F4603FE8D0D9F8180025
:1073100011F015FE731C074603D011F082FDA0EB9F
:107320000804284615F033FB17F5007FE0D03846F7
:1073300003B0BDE8F083284615F029FB9DF8063020
:10734000002BC0D19DF80730002BBCD1004FEEE7D9
:1073500000FEFFFF00C000B80122024B98611A61D5
:10736000704700BF000001B8044BD3F8B03010B133
:10737000C3F30332027003F00F007047000002B83D
:10738000064B01F080015B6C03F480030B4302BFEA
:107390004FF40012024BDA64704700BF000002B8DD
:1073A000006001B80F4B1B788BB1012B11D10E4A35
:1073B000012102F580528B4291600FD80A4A0B4995
:1073C000002B08BF0A4693689B07FCD47047074A06
:1073D000EEE700224FF480539A60FFDE00239B68A3
:1073E000FBE700BF602C0020004003B8000003B89A
:1073F00038B50B4B0B4C002818BF1C46A569E36938
:107400001D4007D0084B1B682BB12846984704F550
:107410000054A56138BD6B05F9D5FFF7C3FFF6E74A
:10742000004003B8000003B8342300204FF60401E5
:107430004FF60502044B01201B6C9BB28B4208BF28
:107440001346024A136670470080E00F00C001B87F
:107450002DE9F74F81460F464FF0FF35FFF766FBEA
:10746000002601908A462C463046DFF8D8B006F157
:1074700010031B015BF8033003F00308B8F1010FA0
:1074800015D13046FFF76AFB02460B46019851467C
:10749000FFF70EFADBF8643006F10802D340DB0791
:1074A00039D5002F40D000252C463E60404601369D
:1074B000082EDCD160B3234A0027D2F808C0916BB4
:1074C0000CF440330131A4FB0141641941F1000186
:1074D000B3F5003F30D1536B0CF4405C013347F1FE
:1074E0000006BCF5805F22D1156B15F5807505FB94
:1074F00006F647F1000203FB0266A5FB03323244A5
:10750000594304FB0212A3FB04341444C9E90034B8
:1075100003B0BDE8F08FA84271EB0403C6D207B1F7
:107520003E6005460C46C1E73D463C46BEE732029A
:1075300042EA13621B02E3E7136B13F5807347F112
:107540000002DDE700C001B8F8B5062011F08CFCA0
:10755000044611F066FC42F21073041B9C4205467F
:1075600018D94FF080624F240B4B5A6441F26F7769
:107570000A4E0BE011F055FC401BB8424FF48372E9
:1075800021468CBF00200120FBF70CFF736C5B01D0
:10759000F0D5F8BD1A24E9E7002002B8000002B8CF
:1075A000034B1A6E596E03F500530A401A66704772
:1075B00000800A50FF28F8B506D1FF294FF00700D8
:1075C00006D0002967D103E0FF2962D10F2862D8D5
:1075D0000026324C324D84F8680084F8696068698E
:1075E00040F25D124B2100F00100FBF7DBFE11239E
:1075F0001022AB662B4B6E66C3F888219A6001217E
:107600003B20ECF743F894F86910274A94F8683067
:107610000A432649063341F82320254B3E201D68A6
:10762000ECF74EF86F08ED07024633462846394618
:1076300002F0BCFF090241EA1061C0F3C05040EA09
:1076400041001C4BA065186B10F5807005D14FF4FC
:10765000D6722B21FBF7A6FE022002460023002053
:10766000012102F0A3FFE0653E20ECF729F840F687
:1076700049435843000DFF2828BFFF20022838BF88
:107680000220002184F86C00012000F06BFD002036
:10769000F8BD0F2895D92120FAE700BF003E00B0C1
:1076A00000800A5000E100E0020D0C000080035051
:1076B000C822002000C001B838B1054B93F868001B
:1076C000087093F869001070704707230B70FAE791
:1076D000003E00B02DE9F34105460F4668461146CD
:1076E000FFF7B6FE0646B0B1AFB1DDE900321B0AC6
:1076F00043EA0263A5FB0384094B120A05FB02441B
:107700001A6812B9FFF75CFC024600234046214686
:1077100002F04CFF3860304602B0BDE8F08100BF97
:10772000C822002070B5FFF70FFF0021022000F0F3
:1077300019FD11F076FB04460F4D104ED5F8F433C9
:107740001B070BD515F028F9BDE8704002220C4B41
:10775000DA6001220B4B1A7015F019B911F061FBB8
:10776000001BB0424FF405724FF045018CBF002062
:107770000120FBF717FEE1E7000002B83F420F00CF
:1077800000C001B8612C0020214910B50B78002BF6
:107790003DD001221F4C94F869300133DBB202FA6C
:1077A00003F31D4A5366136608221C4BC3F8882155
:1077B00000230B7003231A4A39211364A2F5805267
:1077C0005364184B40F2C322586CC0F38060FBF73F
:1077D000E9FD4FF48041144A144BC2F89410144A46
:1077E000216ED26E914202BFD3F86C216266D3F84B
:1077F0006431606E08BFA4F86E30B4F86E1000F00B
:10780000DDF8BDE810400121022000F0ABBC10BD46
:10781000612C0020003E00B000A00A5000E100E012
:1078200000A00950000002B800E001B800C001B893
:1078300000800A5010B504463E20EBF741FF60433C
:10784000034B00F5F42000F59070B0FBF3F010BD91
:1078500040420F002DE9F74FFFF7ECFF0446FFF71A
:1078600073FE15F099F800214B4F054668463970B4
:10787000FFF7EEFD494B80469E69494BDB6813F0EC
:10788000706F1CD1474B5B6913F0060A17D1E0B14A
:10789000454B611D1868A1FB00B93E20EBF710FFB6
:1078A000534602464946584602F080FE009B0902B4
:1078B00041EA106100029842019B994105D3284694
:1078C00003B0BDE8F04F15F062B80021022000F0CF
:1078D00049FC11F0A6FA8146DFF8C4B0DFF8D4A065
:1078E000DBF8F4331B0741D5B8F1000F4DD0DDE9CB
:1078F00000893E20EBF7E4FE4FEA182141EA0961D6
:107900004FEA1923A0FB019800FB0388264B1A6855
:1079100012B9FFF755FB024600234846414602F0E4
:1079200045FE0121214B013493F86930DFF86CC02A
:1079300001331F4A361BDFF880E0DBB201FA03F3A4
:107940000644CEF86030CCF86C605366DCF8182042
:10795000DCF86C60241A921BA24216D2CEF8643076
:107960000220CEF8603000F0FDFBA8E711F059FAD4
:10797000A0EB0900504540F26A224FF045018CBF50
:1079800000200120FBF70EFDAAE70222054BDA607A
:1079900001233B7093E700BF612C002000800A5058
:1079A000000002B800C001B8C8220020003E00B0AC
:1079B00000900A503F420F0000A00A5001232DE919
:1079C000F74F9A4F044697F869208A469340984AA1
:1079D0000E46936697F86820964B0546C3F8D82064
:1079E0004FF40032944B4FF0000B1A610223DFF882
:1079F0005482C8F80C30914B9B6903F1FF39A3EB1B
:107A00000903002B40F3D4800BF1010BBBF1020FF3
:107A100057D9F4220D210020FBF7C4FC4FF080530E
:107A2000874A884F53664FF40031804BC7F86C513A
:107A3000C3E918950025C7F86461A3F86E60116169
:107A40007C4AC2F8D85093F8692001239340784AC1
:107A5000936614F0A1FF2A462B464FF4807E3E6ABF
:107A6000D7F864C002F110010901795801F003014F
:107A7000012910D10EFA02F111EA0C0F0BD107EB1C
:107A80000215B442D5F80C5100F2A580AC4202D2E6
:107A9000AE4280F0A3800132082AE3D16A4D296802
:107AA000012940F29E803BB16049B1F86A201A4337
:107AB000A1F86A20604A536603B0BDE8F04F14F0A5
:107AC00066BF012397F869205C4D9340584A93663E
:107AD00014F062FF4FF08052594B01905A66AB6927
:107AE00003F10109C5F86C90D8F83010D8F80830C7
:107AF000DD036DD53A6EBE6DA9EB0202A2FB062630
:107B0000FB6D01F58071A6FB03E5A2FB03C313EB3C
:107B10000E03A1FB03EC45F1000501FB05CCB2EB24
:107B20000E0266EB0C06120A42EA06625244B2EBFF
:107B3000112F4FEA112603D3013345F10005921BA3
:107B4000043E964228BF1646C8F8186097F86D2084
:107B5000D8F82010E318D2B245F100058C42D8F8CD
:107B6000381084BF02F1FF32D2B2481C0ED04FF061
:107B7000000E01F1010C99427EEB050008D20132A2
:107B8000B3EB0C03D2B265F10005F4E72A44D2B29C
:107B90001D4602F0030287F86D20C8F8203001234B
:107BA00097F8692001989340284A936614F0EFFEF5
:107BB000224B9B6900BF00BF00BF00BF00BF00BFDA
:107BC00000BF00BFD8F86420D2007FF518AF25E7CA
:107BD00056462546E3E7AC42BFF45AAF19438BB291
:107BE00059E71B4A1478142C01BF0024194E147055
:107BF0003470147801341470002B3FF45DAF0B4ED9
:107C0000B6F86A401C43A6F86A400B4C6366114CF8
:107C100023780133DBB2022B23707FF44DAF0023B6
:107C2000013129601370237046E700BF003E00B0A9
:107C300000A00A500080035000D001B800800A5014
:107C400000E001B800C001B86022002000900A5096
:107C5000632C0020622C00204FF00052014B1A6070
:107C6000704700BF00E100E04FF00052034BC3F843
:107C70008020BFF34F8FBFF36F8F704700E100E0AC
:107C800037B50446FFF742F901213A20EBF7FEFC35
:107C9000E17822791B4841EA0243C0F85C35E57976
:107CA000A37943EA0543C0F8603523784BB18DF8DA
:107CB000041004218DF805200DEB01000022E9F7E6
:107CC0004FFD63785BB10421A37900228DF8043065
:107CD000E3790DEB01008DF80530E9F741FD2278DD
:107CE00001235AB1084AC2F85835627802233AB1E2
:107CF000054A0020C2F8583503B030BD034AF2E708
:107D0000024AF6E700C0035000D0035000E00350E1
:107D1000F8B50B46002213F8044B944225D91D6890
:107D2000854224D106245A791D79124B88181E6881
:107D300004FB0503104F33F8063C7B43B3420ED9D6
:107D400000238A5A7A43964202D804FB0300F8BD06
:107D50009D42FAD9013304FB03F2825AF2E740F262
:107D600044423D210020FBF71DFB0020EFE70833D4
:107D70000132D2E73823002040420F002DE9F04FB6
:107D80004FF0000EA2FB016BDFF8F4C2DFF8F482C3
:107D900016EB0C0C1F466BF10003E0457EEB030372
:107DA00083B009D240F23E220E217046FBF7FAFA68
:107DB000022003B0BDE8F08FD7F814A00C4615469A
:107DC0008146BAF1000F04D0DAF80030032B00F23C
:107DD0009A809E4B9E4A9B6BD2F8FCA0C3F314087A
:107DE0009C4B1B6F5A074EBF4FF440039B0503F09B
:107DF000E07348EA0308984BD3F8EC305B0048BFC7
:107E000048F0807848EA456813F054FC012D02469A
:107E1000CED10028CCD0914B984200F0858003F55C
:107E2000122303F5F863984200F090808C4B98423F
:107E300000F0EB80002501902B4600204FF00071F0
:107E400002F0B4FB2B46019A013006FB03F300FB62
:107E50000B33A6FB00600344C8F31300A0FB022110
:107E6000203300FB05119B093B607E4BD20C1C604C
:107E700042EA41317C4B18F4801F08BF4942196027
:107E80007A4B0C441C60BAF1000F5BD000237B607E
:107E9000BB60DAF81C5018F0807F18BF6408002D12
:107EA00046D099F82720093A012A41D9694ED6F8D7
:107EB0003C21D0027FD4DAF80000002C00F0A98029
:107EC000B4FA84F1072900F3A480C1F1080325FA6C
:107ED00003F304FA01F10133B1FBF3F14B004FEA74
:107EE000442C0133E40D01E002330131A5FB0362B0
:107EF000B44574EB0202F7D2C1F30E031B0343F047
:107F00000063BB6016E0042BDAF828807FF47CAFB6
:107F100018F0807F14BF4FF4400308F0E07328F09E
:107F2000E07848EA03086FE7002351481D468CE7D4
:107F3000DAF8000000230628FB603B6102D9DAF87A
:107F400030303BB9002003B0BDE8F08F0023494832
:107F50001D467AE713F0AEFBDAF83010FFF7D8FED3
:107F6000044610B18378002B56D113F063FBDAF886
:107F70003010FFF7CDFE04460028E3D08378002BB5
:107F8000E0D040794FF4AE62003818BF01203D21A7
:107F9000FBF708FA207940F2715200384FF03D01AA
:107FA00018BF0120FBF7FEF9237962791B0243EA2F
:107FB00002133B61C6E781EAE172A2EBE1722E494E
:107FC000C8F3815811F808C019464FEA8C6C600854
:107FD000CCFB0201224602F0E9FA0346DAF800007F
:107FE0000E280ED9194A916BB26CD6F83C61D206B4
:107FF00007D501F4801106F40016314308BFC3F51C
:108000008013C3F313037B6057E700231B481D460F
:108010001BE72B4621025FE7407940F255520038BA
:1080200018BF01203D21FBF7BDF9207940F25652DF
:10803000003818BF01203D21FBF7B4F9237962799C
:108040001B0243EA0213FB608FE700BF008001B808
:10805000004F00B0004001B8000002B800F0490233
:10806000005A6202402300203C23002038230020D5
:108070000A3BB2DF313641DC20EF0208D694BFD68E
:10808000006CCA88807C814A10B5044686B059B914
:10809000214B4168D3F8FC30827A20480593006870
:1080A0006B46FFF76BFE69461D4B0A685A631A4B15
:1080B000D3F8FC3033B34B6843B11A4B1A4AC3F8B8
:1080C0003C214A68A3F58053C3F83C218B6843B137
:1080D000144B164AC3F81C218A68A3F58053C3F8D1
:1080E0001C21134AC868D2F8983123F4EE63034385
:1080F000C2F89831D2F89031096923F4EE630B434A
:10810000C2F89031002022890A4B9A6203F5A0330D
:10811000186406B010BD00BF004F00B0042000205E
:10812000008001B8006001B8FFFF0F0000F0FF0FF2
:10813000000002B8004000B8074BD3F88022D207F5
:1081400007D55B6E002B4FF48043B4BF034A044A4B
:1081500013650020704700BF00800050002002B867
:10816000001002B8064B1A6C9207FCD4022240EAB7
:1081700001205860034B1A640122034B1A707047A8
:1081800000C002B800D002B8642C002040B10368DF
:10819000012B05D90069034B002808BF184670471A
:1081A0000048704728EF020810B590B10468012C10
:1081B0000FD902696AB11168094B102C1960516816
:1081C0005960916888BFD268996094BFD960DA60BD
:1081D00010BD10220021024810F01BFFF8E700BF7D
:1081E00048230020064B586F1B6DC0F30112000C92
:1081F00002FB000003F01F0301331844704700BF67
:10820000004001B81B4B2DE9F0410D4616461C6895
:1082100058B34FF47A7343438A68A3F6AC539B1A5E
:108220004A689B1A144AD8171168144FA1FB0332ED
:1082300001FB002213F1807342F100025B0E43EA5E
:10824000C213803B33620E4BD3F8C43073623B6879
:1082500073B1204610F041FD50B1324629463B68CB
:10826000D4F8D800BDE8F04118474AF6C873D9E7FA
:10827000BDE8F08104200020582300204423002082
:10828000003F00B0084BC1171A68A2FB000302FBB5
:10829000013310F1807043F10003400E40EAC31037
:1082A000803820EAE0707047582300200722194BDD
:1082B00070B51A64184B194A1D68194BEC08E00593
:1082C000C0184FEA153141F10001002302F06EF9A8
:1082D000144B154E18601548FFF7D4FF4042C6F8FE
:1082E000DC0049F65800FFF7CDFFC6F8A80010489B
:1082F000FEF756FC024660B1E301500818184FEA39
:1083000015714FF0000341F1000102F04FF9C6F87A
:10831000B40070BD000002B8C822002065CD1D0069
:10832000B2E60E0058230020003F00B0701101009B
:1083300040420F0048B14FF47A72054BDB6802FBF4
:108340000030A0F5FA50FFF79DBF47F23050FAE732
:108350004823002010B5044698B10B4BD3F8FC001D
:10836000FFF722FF4FF47A7303FB04F0074BA0F6EC
:10837000AC50DA689B681044C01ABDE81040FFF7A3
:1083800081BF4AF6C870F8E7004F00B048230020CC
:10839000F8B50446084615461E46FFF705FF9CB192
:1083A00006F0020716F004060FD16FB14FF47A7091
:1083B00063685843002B4BD1FFF764FF2863606963
:1083C000FFF7B8FFE8623EBBF8BD2069002839D04E
:1083D0004FF47A735843254BA0F6AC509B68C01AF3
:1083E000FFF750FFA862A08B78B34FF47A7358431D
:1083F0001E4BA0F6AC509B68C01AFFF743FFE86124
:108400002A461A49E068FFF7FDFE0021A069FFF740
:10841000A1FF6863002FC9D1A06800BB47F23050AC
:10842000FFF730FF68614FF47A70236858432BB12F
:108430000E4B1B6803F51C5310331844FFF722FF43
:10844000A861C1E74AF6C870CAE74AF6C870D4E71F
:10845000064B1B6803F51C5310331844ACE74FF46C
:108460007A735843A0F5FA50DAE700BF482300209A
:1084700008B9FFF7B7BE034881420CBF2F20BC20CC
:10848000704700BF48E8010038B5054608461C465D
:1084900010F0F1FC0246D5F8E400FFF777FE4368E0
:1084A000A018002B044AA8BF4FF4FA721A44034BD9
:1084B00092FBF3F2104438BD0CFEFFFF18FCFFFFE7
:1084C00070B588B06D46194C0FCC0FC594E80F00FD
:1084D00085E80F00FC220021154810F09AFDAC221F
:1084E0000021144810F095FD20220021124810F0C0
:1084F00090FD10F040FD114B1B783BB16D460B4ECB
:108500000FCD0FC695E80F0084E80F000C4A0D4B05
:108510001068516803C390680B4A18600B4BD3F87E
:108520007831C3F38243536608B070BDE03F00B0BA
:10853000583E00B0543F00B0E04F00B0512C002036
:1085400038EF0208B03E00B0003F00B0000002B8B3
:1085500008B514F021FA0E4B1A78A2B90D4A126828
:1085600012F4843F0FD10C4A102111651B7863B9B6
:10857000084B1B68DB0508D4074B20221A65BDE8B1
:10858000084014F004BA054AEEE7044BF5E700BFD3
:108590006A2C0020A00D0020002002B8001002B8B4
:1085A0000A4B197801F0FF0229B10021197008491E
:1085B0009202C1F80821597801F0FF0229B1002187
:1085C00059709302024AC2F80C317047652C0020A2
:1085D000005000B8064BD3F8F00E064B9B6C1A0106
:1085E00003D4054B9B6E1B0401D500F580707047CA
:1085F000003000B0000002B8004000B810B514F020
:10860000CBF90E2104460320FEF742FE40F2012280
:10861000034B2046BDE81040DA6214F0B8B900BF41
:10862000004000B8064B00201B6893F82430DB099B
:1086300002BF0322034BC3F85022FBF745BC00BF27
:1086400004200020006001B838B514F0A5F94FF0FF
:108650008043244C0546C4F88030BFF34F8FBFF3EE
:108660006F8F4FF00043C4F88030BFF34F8FBFF3DC
:108670006F8F0123C4F88430BFF34F8FBFF36F8F28
:108680000223C4F88430BFF34F8FBFF36F8F0423EE
:10869000C4F88430BFF34F8FBFF36F8FFFF7E4FA56
:1086A0000823C4F88430BFF34F8FBFF36F8F1023BC
:1086B000C4F88430BFF34F8FBFF36F8F2023C4F80B
:1086C0008430BFF34F8FBFF36F8F8023C4F88430A3
:1086D000BFF34F8FBFF36F8F2846BDE8384014F0CB
:1086E00056B900BF00E100E038B514F055F9054671
:1086F0004FF080430B4C23604FF000432360022374
:10870000636004236360FFF7A7FA08236360102304
:10871000636020236360802363602846BDE838409F
:1087200014F035B900E100E0012370B5074C237067
:10873000074B1E68074B3240D3E9005319402840CD
:10874000FCF7F2F90023237070BD00BF682C0020F5
:1087500060230020A00D00200022044B1A70044B5F
:10876000197811B11A70FFF7F3BE7047692C002019
:108770006A2C00202DE9F047DDF820A003EA01086B
:10878000099B06460D4602EA000703EA0A09BAF108
:10879000000F40F04F81031F0B4300F00F810528AD
:1087A00071F1000380F0E58050EA010300F075816B
:1087B000431E0B4300F02581FFF746FFB84AD2E97C
:1087C000004323EA050324EA06043C4343EA08077E
:1087D000B44BC2E900471E6826EA0A0646EA0906C3
:1087E0001E60FFF7B5FE14F02A4F14BF48F20203D3
:1087F0004FF40043AC4AB007D26EAC4848BF43F4D4
:10880000005383EA020122EA0302C266A84A0B402F
:108810008166D366C4F380421203210348BF42F449
:108820008072E30648BF42F40052A24BA50648BF3F
:1088300042F40072600648BF42F480622106D968A3
:1088400048BF42F4006282EA010323F080539A4851
:1088500019401A40C1608360984B17F4007FDA60BA
:10886000974B07F4007200F0048101224FF4802539
:1088700083F88820E30448BF45F48035A00348BF4F
:1088800045F48015A10748BF45F4001514F4001FF6
:10889000DFF8688206D0D8F8000010F08EFB08B927
:1088A00045F40025E20248BF45F40035FB06854B40
:1088B00048BF45F480051A6A834985EA020323F01C
:1088C00001031A400A621D40CB61804B16F0010F74
:1088D0001D627F4B7F4A18BF1A467F4B7D071B6F77
:1088E00048BF42F000627D4882EA030123EA0203A6
:1088F00003677B4B0A4041661A677A4A04F001031A
:10890000D16CA0F5803081EA030221EA0301C16441
:1089100082641A40744B2002DA64D8F8002048BF01
:10892000724B92F8F62058BF714B610748BF43F471
:10893000806322B114F4C06F18BF43F48073320710
:108940004FF03A42BDE8F047D2F8181148BF43F063
:10895000004383EA010222F4A02266481140C0F8D5
:1089600018111340C0F81421634AC2F81831FFF7F8
:10897000BBBEA0F580630B4306D020F48063A3F553
:1089800000730B437FF418AF14F006F84449D1E9A3
:10899000003223EA060322EA050242EA08023B43C8
:1089A000C1E90032554A126892F8F610514A09B3EB
:1089B00013F4C06F1ED04FF4807311E013F0ECFF7E
:1089C000374AD2E9003123F004033B4341EA08016E
:1089D00057EA0807C2E900314FF48063454A0BD0DB
:1089E000C2F81431A2F58052C2F81831BDE8F04740
:1089F00013F0CDBF4FF48073C2F81831C2F81431B0
:108A0000F4E713F0C9FF264AD2E9003123F001034D
:108A10003B4341EA0801C2E900310123384A57EAE1
:108A200008071BBF9364A2F58052D364D36408BFC8
:108A30009364DBE750EA01037FF4BEAEBAF1010FA5
:108A40007FF4BAAE13F0A8FF164A136823F00103AF
:108A500043EA090313604FF40053204AB9F1000FB1
:108A600004D05366A2F580521367BFE713675366BD
:108A7000BCE793F8881071B183F88820214BD3F8B4
:108A8000A41003F50053C3F8A410C3F8A0104FF0CE
:108A90005023C3F8A4200025ECE6BDE8F08700BF12
:108AA000A00D002060230020004000B8006000B846
:108AB000005000B8004001B8006001B8005001B893
:108AC000003F00B0000002B8002002B8001002B859
:108AD000043800030418000300C001B800E001B826
:108AE00000D001B800C000B800D000B80D0A0A09D3
:108AF000090A0A09002000BA001000BA0420002068
:108B000000E000B800400050024B5868C0F3C000BD
:108B1000704700BFA00D0020024B186800F0010054
:108B2000704700BFA00D0020024B5868C0F3C03052
:108B3000704700BFA00D002010B50446FEF70CFAE8
:108B4000FFF782FD2046FCF7DBFEFEF78FF9FDF70D
:108B50001BFEFDF78DFEFFF7A9FB13490723134A00
:108B6000D1F8FC1004F1F800FFF712FC4FF080710F
:108B70000020FEF735F84FF000720D4B4FF4001156
:108B80000120C3F80021FEF72BF8FEF74FFC20B9B7
:108B900040F292321421FAF705FC10F0EAF9BDE830
:108BA00010400120FDF7B4BC004F00B0A43F00B05E
:108BB00000D001B88023074A5364082340B15364AE
:108BC000054AD2F8C03E23F02003C2F8C03E7047E9
:108BD000024AF4E7001002B8003000B0002002B8EA
:108BE00010B513F0D9FE012104460020FFF7E2FF83
:108BF000044B1961044B5B6898472046BDE8104060
:108C000013F0C5BE000002B82C2F00202DE9F04162
:108C100082B014460646FFF78FFAFCF7D5FA002813
:108C200000F0B5805E4B5D6915F0060540F0AF8041
:108C300013F0B2FE23790095022B05464ED1237B1B
:108C4000022B39D00320FDF743FF20B9554BDB68D9
:108C50005B0440F19E80A37B94F80C80003B18BF1E
:108C60000123A2685049B8F1010F01920B7074D032
:108C700000234E4A4E4E13703278002A79D10420D8
:108C8000FDF728FE0420464F42467B6F0DEB0001A6
:108C900023F0F85323F4F81343F0506343F4803384
:108CA0007B670223FDF734FE0446002865D00121CE
:108CB0003022404B31701A653F4E33689847212867
:108CC000044604D1012100207368984700242846F7
:108CD00013F05DFE204602B0BDE8F0810320FDF7F1
:108CE000F7FE002855D12279D6F80031012A2268F2
:108CF00030D0D01A00900020294B304A30495A67B2
:108D00009867637B2F4A23F040000028C3F3801349
:108D10000B700CBF0123002313702B4B2A4AD3F88E
:108D2000C03E4FF003000CBF43F0200323F02003AC
:108D3000C2F8C03EFDF7CEFD194B244A03205A6706
:108D4000694601232279FDF7E3FD20B30122204B80
:108D50001A7074E79A42CDD3CBE72379022B87D0E0
:108D6000009BD6F800114FF000080B441344019308
:108D70007EE73370FFF7ECFB81E70320FDF7AAFDE8
:108D800028460E4A124B7A671C7013F000FE0E2420
:108D9000A0E72846F9E7284613F0F9FD212499E7D2
:108DA00000C001B8000002B86D2C0020692C002022
:108DB0006A2C0020001002B82C2F002000000101B6
:108DC0006B2C00206C2C0020003000B0010C010046
:108DD000672C00202DE9F3410D460024074613F0CF
:108DE000DBFD214B06462046DFF88C801C70FFF728
:108DF000E1FE1E4BC8F87430C8F878406879431E0D
:108E000058425841FBF7EAFD40F60143C8F8783074
:108E10002A792968012AD7F8083101D1994200D36B
:108E2000CC1A042303200DEB03010194FDF770FD20
:108E300050B988220E4B30465A6413F0A8FD212405
:108E4000204602B0BDE8F0810A4D2B6898472128E2
:108E5000044604D1012100206B6898470024304665
:108E600013F095FDECE700BF672C00200000010126
:108E7000002002B82C2F002000C001B8F8B5194C12
:108E80000546207840F2E442B0FA80F03E214009E5
:108E9000FAF788FA55B9607840F2E442BDE8F84044
:108EA000B0FA80F03E214009FAF77CBA4FF44066F0
:108EB0000D4F0E4DD7F8083140F2E442C3F3812341
:108EC0002370C5F8086160783E21B0FA80F040094F
:108ED000FAF768FAD7F80C31C3F381236370C5F849
:108EE0000C61F8BD652C0020004000B8006000B89F
:108EF000F8B5084C084D636C0423084F6B64636C31
:108F00005B0300D4F8BD042602207E640FF090FFBE
:108F10006E64F4E7000002B8001002B8002002B846
:108F2000A82238B51A4B5D6C03F500535A64102221
:108F30009A60A3F5804302F100521A675A66FFF760
:108F40002FFB144B1B7813B90320FDF7C3FC00243F
:108F5000114B9C67FFF7CCFF104A114BD2F8F01E63
:108F60000B40C2F8F03E04220E4B5A640E4BAA0688
:108F7000C3F8C84008D503F580739B6FB3F5817FB4
:108F800022BF8022024B1A61BDE83840FBF7AABF1E
:108F9000000002B8672C002000C001B8003000B00B
:108FA000DF0000FF002002B8003E00B010B551B94C
:108FB00020B3154BDB681B0E13F00E0F1ED1134BA5
:108FC0001B6CD9071AD4FFF719FB0F4C0020FEF7D2
:108FD000CBF9032801D0092805D1A36ADA07F5D413
:108FE000A36CDB03F2D4FFF783FF0122084B5A6125
:108FF00002229A62042203F580535A644FF4C0623D
:10900000044B9A6510BD00BF000002B800C002B852
:10901000001002B8006001B808B503210920FEF76E
:1090200037F92022014B1A6108BD00BF000002B8C9
:109030000D4A10B5D2F8A030D2F8A4100B40B3F10D
:10904000804F0CD34FF040400849094CC1F8A400B0
:10905000D467C1F8A0004FF48021064AD161034AC9
:10906000C2F8A03010BD00BF0040005000600050AA
:109070000000FF01001002B838B5054613F08CFC63
:109080000E4B04461868FCF767FD35B1FFF764FB2B
:109090002046BDE8384013F07ABC094B1B78002B02
:1090A000F6D0084B1D78002DF2D1FFF755FB2A466C
:1090B0004FF480400021FFF737FBE9E70420002050
:1090C000692C0020682C00202DE9F84F594B0646EA
:1090D0000D4614465B6C002A40F0A98013F0A00FE7
:1090E00014BF4FF001094FF00009FBF7FBFEA0236E
:1090F0004FF0000ADFF858810320C8F84430FDF72C
:10910000E9FB0420FDF7E6FB4B4FFFF725FB4B4B3C
:109110004FF0040B7B67C7F878A0FFF7E9FE484BD8
:109120004FF48071D3F8C02E42F02002C3F8C02E55
:10913000FF22C8F808203F4A1161D3F8F02E4149B8
:109140001140C3F8F01EC8F844B0C3F8C8AE7B693C
:1091500013F0060F04D0FDF74FFD5846FDF7BAFB9C
:10916000B9F1000F08D04FF40062374B5A644FF446
:109170000042A3F5E0339A6666B1344BDB6C180706
:1091800001D4FFF73BFAFFF747FF0420FDF7A2FBEE
:10919000FFF706FA274B5A69D10746D5DA6812F06D
:1091A000706FFBD12A4B2B4A5A642B4A936E23F0E3
:1091B000F003936615B12046FFF75EFF274BD3F807
:1091C0004C315A1C01D05B0002D50122204B5A6160
:1091D0005CB31E4BDA6E03F500539A6603F5D03389
:1091E0001B6A1B4A23F00103D3611D4BD96803F5A9
:1091F0000053996003F50053D3F8841003F500532E
:1092000099674FF03A43D3F8181103F50053C3F8A8
:109210001411144BD96C03F500539964124903F5EA
:10922000803359664FF608435364BDE8F88F4FF01A
:1092300000095AE7000002B800C001B800000101AF
:10924000003000B0DF0000FF001002B8004000B89E
:10925000002002B810003000003F00B00080E00F96
:10926000004001B800C000B85000002F9E4B2DE90F
:10927000F04F9A6EDB6E85B002EA03089B4BC3F891
:1092800068804FF03A43D3F81461D3F818311E4088
:10929000974BC3F81461974B9A68DB6802EA030A9C
:1092A000954BC3F808A003F52043DA691B6A02EA6C
:1092B0000309924B09F47702DA61914BD3F8042247
:1092C000110706D4D3F804311A07C3F3C00740F1DD
:1092D000E98013F061FB8B4B5A695F6E1B6F12F0D4
:1092E000060F07EA0307884A27F0007323F4006398
:1092F00014BF4FF0010B4FF0000B53667B0706D5F0
:10930000824A92F86D300133DBB282F86D3013F08F
:109310003EFBB8F1000F00F0E38018F400442BD0BE
:1093200013F03AFB0146FFF755F90446784B1D68E8
:109330002A682B689A42FCD02A689A42FCD0FFF730
:1093400049F9A04240F0B080084613F020FB714B71
:109350001C60714B5D6C15F4E05240F0A78024F066
:109360007F4424F0DF040CB9FFF7DAFD6B4B0120DA
:109370001B6898474FF0807418F0020F4FF00005FB
:1093800014D0654B5D495B6C03F460424A64002A6B
:1093900000F0A0801D0400F1A08013F4005F0CBF5A
:1093A0004FF000534FF0006300251C43C8F34038D2
:1093B0004FEA48085A4B3340002B4BD016F4206F2D
:1093C0000AD040F6A31206210020F9F7EBFF002097
:1093D000FFF752FE26F48026F00506D5FF22474B04
:1093E00044F4C0649A60FFF709F916F0090F0BD036
:1093F00040F6B81208210020F9F7D4FFFFF70CFE61
:109400004FF03A4301225A6316F0106F0CD040F629
:10941000C11209210020F9F7C5FFFFF7FDFD002269
:1094200011461046FCF76CFB16F4202F0AD040F6CC
:10943000C91207210020F9F7B5FF0020FFF71CFE35
:1094400026F48026F10301D5FCF7A4FC002EB8BF5A
:1094500048F0080872070ED54FF03A431B6B13F41F
:10946000005F4FF4005317BF214A2E4A136344F4A0
:10947000000408BF1363730548BF44F0040416F4E6
:109480008023019300F0B780FCF73CFC01380628EC
:109490004AD8DFE810F03B013E013B0141014401A5
:1094A00047014701BB4634E7044641E70192FFF715
:1094B00037FD124B019A5A6415F4805307D115F405
:1094C000806F0CBF4FF080544FF0806454E74FF032
:1094D000804451E74FF0007366E74FF0004363E7C5
:1094E0004446454666E700BF004000B8006000B84B
:1094F000002000BA004001B8006001B8002002B8A6
:1095000000E100E000C001B800E001B8003E00B09A
:1095100018ED02085C230020000002B8402F002054
:10952000090B0B89001000BA40F6FA120321002043
:10953000F9F738FF4FF03A420121D2F88C30D2F8D7
:10954000AC0003F00703063301FA03F3C0F30C0089
:109550001B1A9BB2072B12D97E4B5B6C58020ED4A0
:109560007D48D36CD26E406D58B103F007030633CB
:109570009940C2F30C03C91A89B2072901D844F4EF
:109580000074764B1B78002B35D04FF03A43D3F85C
:10959000143113F4A02F2ED1714B724A1B7893B95A
:1095A000FB0410D4137873B1E3086F4943EA4573A1
:1095B00083F00103D1F8F01E03F001035B0021FAF0
:1095C00003F3980717D10420FDF784F9674B684926
:1095D0005967FFF7C1F8634A137843B9654B1B78A5
:1095E0002BB1654B654A1B682340134201D144F4FB
:1095F000804427F48057BAF1000F27D01AF4805F17
:1096000018BF44F480241AF4807F18BF44F4002467
:109610001AF4005F18BF44F010041AF4007F18BF5A
:1096200044F020041AF4806F18BF44F040041AF488
:10963000006F18BF44F080041AF0805F06D0504BD2
:109640000021186845F48055FBF7E6FDB9F1000FDD
:109650003ED019F4802F18BF45F4007519F4803FEF
:1096600005D0484B03201B6844F48054984719F4F4
:10967000801F18BF44F4003419F4001F18BF44F0D1
:10968000020419F4003F18BF44F4801419F4800F49
:1096900018BF45F0100519F4002F19D0324BD3F83C
:1096A000C03E13F0C00F13D02A4AD368C3F303633C
:1096B000032B01D0072B05D1936CD90602D4D36CB0
:1096C0001A0736D54FF400222F4B29F40029DA610E
:1096D000002F00F019813B0540F190802B49DFF805
:1096E0008CA0CB782A4A002B58D04FF40060013B65
:1096F000DBB25066CB7033B9264B1B78E3B140F632
:109700000142254B5A670023002275E044F480345F
:1097100010E744F400640DE744F480640AE744F47D
:10972000807407E7174B02201B6844F00804984731
:1097300000E744F40014CBE7DAF8783013F4A05FC4
:1097400015BF4FF4807340F60143CAF85830CAF889
:109750007830D8E7000002B8004000B86A2C00203A
:10976000692C00206C2C0020003000B000C001B833
:10977000000001016B2C0020A00D0020088D0100CD
:1097800004200020402F0020002002B8562C00208A
:1097900000E001B8672C002000D001B80320FDF7DD
:1097A00099F8DAF81430AA4813F0060F04BF41F60E
:1097B0001F73A84AA84908BF53674FF40062A54B1E
:1097C0005A66DAF8143013F0060308BFCAF8783086
:1097D000B0F86A3013F400625CD023F40063A0F8A0
:1097E0006A300B7803F0FF0A002B57D1FDF704FA1B
:1097F000FFF796FB534620221C431543B80009D5BA
:109800002E20FCF79DFF4FF00052924B45F00805CB
:109810001A675A66F90606D52B20FCF791FF10222D
:109820008C4B1A675A6617F0306F05D1FA045FD572
:10983000BBF1000F00F0B4803B0111D52920FCF7EB
:109840007FFFFFF761F948B1844B8549814A536630
:109850000B6701F54051C968480422D445F004055E
:1098600017F0007B28D00420FDF734F82720FCF700
:1098700067FFFFF755FB4FF00072764B5A66794B46
:10988000D3F8F02E520674D40222774B9A6045F03A
:10989000020528E00B784FF40053ADE74FF4004386
:1098A00032E7136720205366FCF74AFF2D2045F06E
:1098B0000C05FCF745FFD3E717F0807FDFF8ACA17C
:1098C00042D00420FDF706F82820FCF739FFDAF82B
:1098D0007830002B35D1FFF723FB5E4B5F4A45F014
:1098E00001051A675A66FEF79DFE00225F4B9A65D6
:1098F000BB0409D55E4A5379002B00F0A480013BDC
:109900005371002348EA0308424620462946FEF7E1
:109910000BFF019B0BB1FCF72BFA4FF00042554BAC
:1099200006F00436C3F81461534B19F4002FC3F842
:1099300080211EBF4FF400224B4BDA6105B0BDE819
:10994000F08FCAF878B0C8E7F904CED50420FCF748
:10995000C1FF4A4BCAF87430FDF74EF9DAF86430AB
:1099600013F0407FC1D12A20FCF7EAFEFFF7D8FAB6
:1099700085E7D3F8C03E9B0689D40222404B9A600B
:10998000404B1B6893F82530980780D5304B93F8EF
:10999000DC30002B3FF47BAF80223B4B1A6176E733
:1099A000334A13794BB1013BDBB2137113B92C4B22
:1099B000364A5A6700231C439AE70420FCF78AFFC3
:1099C0000320FCF787FF294B2C4A5A6712F0E4FF6B
:1099D00082460DF10F00FDF7C7FC2D4B83461B7827
:1099E0000BB1FEF70BFEBBF1030F0ED1DFF898B001
:1099F0000020FDF7B9FC032807D1DBF82830D90790
:109A0000F6D4DBF84830DA03F2D49DF80F30032B9C
:109A100006D101221F4B50461A7012F0B8FFC9E759
:109A20004FF03A43D3F8143113F4A02FF1D1FEF7DD
:109A300093FE504612F0ABFF174B03201B6898476C
:109A40004FF48043B7E70520FCF744FF012359E7B3
:109A5000003E00B000E001B8672C0020100000209C
:109A600000D001B8003000B0002002B800C001B83A
:109A7000562C0020002000BA00E100E000000101A7
:109A8000001002B804200020000002B80000010D00
:109A90006D2C0020692C0020402F00200122024B59
:109AA0001A62DA61704700BF002002B8094A08B59F
:109AB000D369116A0B40084923F47F00DB07C861B2
:109AC00006D5D1684FF0FF30C1F303610FF05CFAA7
:109AD00008BD00BF000002B8002002B80C4A08B55B
:109AE000936CD26C13400B4A9364DB070FD50A4B7F
:109AF00040F663421878122100F00100F9F752FC99
:109B0000BDE80840002201200021FEF70DBE08BD7F
:109B100000C000B800E000B8A00D002070B5154DE1
:109B20002C6C6B6C1C40144B24F002021A64E2078C
:109B300005D540F6CA4200202968F9F733FCA3078F
:109B400016D502220C4B1A640C4A6B6814687CB15F
:109B5000DBB2042B07D100220121094B18682346F0
:109B6000BDE870401847052B02D100221146F4E7EA
:109B700070BD00BF0080095000A00950982200204D
:109B80000420002038B50B4C0B4DD4F88430DB0793
:109B900006D4A36FD4F884201340084A936738BDD5
:109BA000D5F804315A06F0D5FFF7B8FF4023C5F8C1
:109BB0008431EAE7008001B800E100E000A001B8CC
:109BC00070B514460D4612F0E7FE064BD3F8C06E92
:109BD00074402C407440C3F8C04E12F0D8FE06EA20
:109BE000050070BD003000B0034BD3F8C03E994370
:109BF0000CBF012000207047003000B0174BD3F895
:109C0000C02E12F0010312D0154B93F84C30154AB8
:109C100043F08073C2F8D0304FF4801302F5005245
:109C2000C2F8B430A2F58052C2F8B83070471106BD
:109C3000EDD40D4B93F84B1121B1D20602D593F818
:109C40004831E4E74FF480120020084B0549C3F87F
:109C5000B820C1F8D000C3F8B4207047003000B07D
:109C6000003F00B0004000B8003E00B0006000B807
:109C700081F0004102E000BF83F0004330B54FEABD
:109C800041044FEA430594EA050F08BF90EA020F2A
:109C90001FBF54EA000C55EA020C7FEA645C7FEABD
:109CA000655C00F0E2804FEA5454D4EB5555B8BFE0
:109CB0006D420CDD2C4480EA020281EA030382EA51
:109CC000000083EA010180EA020281EA0303362DE3
:109CD00088BF30BD11F0004F4FEA01314FF4801CB6
:109CE0004CEA113102D0404261EB410113F0004FC8
:109CF0004FEA03334CEA133302D0524263EB43037F
:109D000094EA050F00F0A780A4F10104D5F1200E1C
:109D10000DDB02FA0EFC22FA05F2801841F1000177
:109D200003FA0EF2801843FA05F359410EE0A5F14B
:109D300020050EF1200E012A03FA0EFC28BF4CF07C
:109D4000020C43FA05F3C01851EBE37101F0004532
:109D500007D54FF0000EDCF1000C7EEB00006EEB3F
:109D60000101B1F5801F1BD3B1F5001F0CD34908C9
:109D70005FEA30004FEA3C0C04F101044FEA445220
:109D800012F5800F80F09A80BCF1004F08BF5FEAA7
:109D9000500C50F1000041EB045141EA050130BD87
:109DA0005FEA4C0C404141EB0101013C28BFB1F599
:109DB000801FE9D291F0000F04BF01460020B1FAE4
:109DC00081F308BF2033A3F10B03B3F120020CDAB7
:109DD0000C3208DD02F1140CC2F10C0201FA0CF095
:109DE00021FA02F10CE002F11402D8BFC2F1200CFA
:109DF00001FA02F120FA0CFCDCBF41EA0C019040B0
:109E0000E41AA2BF01EB0451294330BD6FEA0404F8
:109E10001F3C1CDA0C340EDC04F11404C4F12002E3
:109E200020FA04F001FA02F340EA030021FA04F3F5
:109E300045EA030130BDC4F10C04C4F1200220FA4C
:109E400002F001FA04F340EA0300294630BD21FA8A
:109E500004F0294630BD94F0000F83F4801306BF50
:109E600081F480110134013D4EE77FEA645C18BF44
:109E70007FEA655C29D094EA050F08BF90EA020FDB
:109E800005D054EA000C04BF1946104630BD91EAD3
:109E9000030F1EBF0021002030BD5FEA545C05D1D6
:109EA0004000494128BF41F0004130BD14F5800415
:109EB0003CBF01F5801130BD01F0004545F0FE4189
:109EC00041F470014FF0000030BD7FEA645C1ABFBE
:109ED000194610467FEA655C1CBF0B46024650EAF5
:109EE000013406BF52EA033591EA030F41F4002121
:109EF00030BD00BF90F0000F04BF0021704730B5A7
:109F00004FF4806404F132044FF000054FF000017B
:109F100050E700BF90F0000F04BF0021704730B53C
:109F20004FF4806404F1320410F0004548BF404211
:109F30004FF000013EE700BF42004FEAE2014FEA66
:109F400031014FEA02701FBF12F07F4393F07F4F41
:109F500081F06051704732F07F4208BF704793F044
:109F60007F4F04BF41F40021704730B54FF4607457
:109F700001F0004521F000411CE700BF50EA01025A
:109F800008BF704730B54FF000050AE050EA010203
:109F900008BF704730B511F0004502D5404261EB73
:109FA00041014FF4806404F132045FEA915C3FF4B4
:109FB000D8AE4FF003025FEADC0C18BF03325FEA51
:109FC000DC0C18BF033202EBDC02C2F1200300FA02
:109FD00003FC20FA02F001FA03FE40EA0E0021FA27
:109FE00002F11444BDE600BF70B54FF0FF0C4CF415
:109FF000E06C1CEA11541DBF1CEA135594EA0C0FC7
:10A0000095EA0C0F00F0DEF82C4481EA030621EA01
:10A010004C5123EA4C5350EA013518BF52EA03353C
:10A0200041F4801143F4801338D0A0FB02CE4FF0EE
:10A030000005E1FB02E506F00042E0FB03E54FF01E
:10A040000006E1FB03569CF0000F18BF4EF0010E16
:10A05000A4F1FF04B6F5007F64F5407404D25FEA12
:10A060004E0E6D4146EB060642EAC62141EA5551C5
:10A070004FEAC52040EA5E504FEACE2EB4F1FD0C07
:10A0800088BFBCF5E06F1ED8BEF1004F08BF5FEA85
:10A09000500E50F1000041EB045170BD06F0004637
:10A0A00046EA010140EA020081EA0301B4EB5C04E4
:10A0B000C2BFD4EB0C0541EA045170BD41F48011DC
:10A0C0004FF0000E013C00F3AB8014F1360FDEBF01
:10A0D000002001F0004170BDC4F10004203C35DADD
:10A0E0000C341BDC04F11404C4F1200500FA05F360
:10A0F00020FA04F001FA05F240EA020001F0004201
:10A1000021F0004110EBD37021FA04F642EB060176
:10A110005EEA430E08BF20EAD37070BDC4F10C04A0
:10A12000C4F1200500FA04F320FA05F001FA04F264
:10A1300040EA020001F0004110EBD37041F1000150
:10A140005EEA430E08BF20EAD37070BDC4F120055B
:10A1500000FA05F24EEA020E20FA04F301FA05F2C3
:10A1600043EA020321FA04F001F0004121FA04F26B
:10A1700020EA020000EBD3705EEA430E08BF20EA3B
:10A18000D37070BD94F0000F0FD101F00046400075
:10A1900041EB010111F4801F08BF013CF7D041EAF7
:10A1A000060195F0000F18BF704703F000465200FB
:10A1B00043EB030313F4801F08BF013DF7D043EACC
:10A1C0000603704794EA0C0F0CEA135518BF95EA82
:10A1D0000C0F0CD050EA410618BF52EA4306D1D109
:10A1E00081EA030101F000414FF0000070BD50EA28
:10A1F000410606BF1046194652EA430619D094EAB2
:10A200000C0F02D150EA013613D195EA0C0F05D19B
:10A2100052EA03361CBF104619460AD181EA0301EF
:10A2200001F0004141F0FE4141F470014FF00000A7
:10A2300070BD41F0FE4141F4780170BD70B54FF042
:10A24000FF0C4CF4E06C1CEA11541DBF1CEA1355C2
:10A2500094EA0C0F95EA0C0F00F0A7F8A4EB0504A4
:10A2600081EA030E52EA03354FEA013100F088809B
:10A270004FEA03334FF0805545EA131343EA126364
:10A280004FEA022245EA111545EA10654FEA002619
:10A290000EF000419D4208BF964244F1FD0404F5D2
:10A2A000407402D25B084FEA3202B61A65EB03052E
:10A2B0005B084FEA32024FF480104FF4002CB6EBEB
:10A2C000020E75EB030E22BFB61A754640EA0C006B
:10A2D0005B084FEA3202B6EB020E75EB030E22BFAB
:10A2E000B61A754640EA5C005B084FEA3202B6EBEC
:10A2F000020E75EB030E22BFB61A754640EA9C00AB
:10A300005B084FEA3202B6EB020E75EB030E22BF7A
:10A31000B61A754640EADC0055EA060E18D04FEA38
:10A32000051545EA16754FEA06164FEAC30343EAD8
:10A3300052734FEAC2025FEA1C1CC0D111F4801FA5
:10A340000BD141EA00014FF000004FF0004CB6E79E
:10A3500011F4801F04BF01430020B4F1FD0C88BF3D
:10A36000BCF5E06F3FF6AFAEB5EB030C04BFB6EB48
:10A37000020C5FEA500C50F1000041EB045170BD3B
:10A380000EF0004E4EEA113114EB5C04C2BFD4EB68
:10A390000C0541EA045170BD41F480114FF0000EEC
:10A3A000013C90E645EA060E8DE60CEA135594EA68
:10A3B0000C0F08BF95EA0C0F3FF43BAF94EA0C0F6B
:10A3C0000AD150EA01347FF434AF95EA0C0F7FF4E0
:10A3D00025AF104619462CE795EA0C0F06D152EA34
:10A3E00003353FF4FDAE1046194622E750EA410618
:10A3F00018BF52EA43067FF4C5AE50EA41047FF429
:10A400000DAF52EA43057FF4EBAE12E74FF0FF3C8D
:10A4100006E000BF4FF0010C02E000BF4FF0010C5E
:10A420004DF804CD4FEA410C7FEA6C5C4FEA430CD7
:10A4300018BF7FEA6C5C1BD001B050EA410C0CBF26
:10A4400052EA430C91EA030F02BF90EA020F002088
:10A45000704710F1000F91EA030F58BF994208BFEF
:10A4600090422CBFD8176FEAE37040F001007047AC
:10A470004FEA410C7FEA6C5C02D150EA013C07D103
:10A480004FEA430C7FEA6C5CD6D152EA033CD3D04E
:10A490005DF8040B704700BF8446104662468C4648
:10A4A0001946634600E000BF01B5FFF7B7FF00287B
:10A4B00048BF10F1000F01BD4DF808EDFFF7F4FFA4
:10A4C0000CBF012000205DF808FB00BF4DF808ED2F
:10A4D000FFF7EAFF34BF012000205DF808FB00BF52
:10A4E0004DF808EDFFF7E0FF94BF012000205DF874
:10A4F00008FB00BF4DF808EDFFF7CEFF94BF012029
:10A5000000205DF808FB00BF4DF808EDFFF7C4FF21
:10A5100034BF012000205DF808FB00BF4FEA410274
:10A5200012F5001215D211D56FF47873B3EB6252A5
:10A5300012D94FEAC12343F0004343EA505311F0CC
:10A54000004F23FA02F018BF404270474FF000005E
:10A55000704750EA013005D111F0004008BF6FF09C
:10A56000004070474FF00000704700BF4A0011D212
:10A5700012F5001211D20DD56FF47873B3EB62525D
:10A580000ED44FEAC12343F0004343EA505323FA69
:10A5900002F070474FF00000704750EA013002D1DE
:10A5A0004FF0FF3070474FF00000704753B94AB981
:10A5B000002908BF00281CBF4FF0FF314FF0FF30CB
:10A5C00000F082B9ADF1080C6DE904CE00F006F898
:10A5D000DDF804E0DDE9022304B070472DE9F04F17
:10A5E000099D0C46002B4DD18A420F468446964663
:10A5F000B2FA82F360D94BB102FA03FEC3F1200232
:10A600009F4000FA03FC20FA02F217434FEA1E466D
:10A610001FFA8EF44FEA1C42B7FBF6F106FB1177E6
:10A6200001FB04F042EA0742904208D91EEB020205
:10A6300001F1FF3702D2904200F231813946121AFD
:10A640001FFA8CFCB2FBF6F006FB102200FB04F4B0
:10A650004CEA024C644508D91EEB0C0C00F1FF32A9
:10A6600002D2644500F21E81104640EA0140ACEB84
:10A67000040C002125B12CFA03F30022C5E90032B5
:10A68000BDE8F08F8B4205D90DB1C5E9000100216D
:10A690000846F5E7B3FA83F100294DD1A342C0F093
:10A6A000F380904280F0F080064623460846002D55
:10A6B000E6D0C5E90063E3E7002B40F0A3808A1AE7
:10A6C0004FEA1E471FFA8EF60121B2FBF7F407FB93
:10A6D00014204FEA1C4242EA004206FB04F090427A
:10A6E0000FD91EEB020204F1FF382CBF4FF0010915
:10A6F0004FF00009904203D9B9F1000F00F0CC806F
:10A700004446121A1FFA8CFCB2FBF7F007FB10222A
:10A7100000FB06F64CEA024C664508D91EEB0C0C11
:10A7200000F1FF3202D2664500F2B3801046ACEB76
:10A73000060C40EA04409DE7C1F120068B4004FA74
:10A7400001FE22FA06F720FA06FCF4408A401F4375
:10A750004EEA0C0300FA01FE4FEA17484FEA13498C
:10A760001FFA87FCB4FBF8F008FB104449EA0444E4
:10A7700000FB0CF9A1450ED93C1900F1FF3A2CBFA2
:10A780004FF0010B4FF0000BA14503D9BBF1000FB7
:10A7900000F08B805046A4EB09041FFA83F9B4FB48
:10A7A000F8F308FB134403FB0CFC49EA0444A445FA
:10A7B00006D93C1903F1FF3801D2A4457BD84346A2
:10A7C00043EA0040A4EB0C04A0FB02984445CC46AD
:10A7D000434602D306D1CE4504D20138B9EB020C70
:10A7E00068EB0703002D6CD0BEEB0C0264EB030496
:10A7F00022FA01F304FA06F6CC4000211E43C5E913
:10A8000000643DE702FA03FEC3F1200104FA03F2FB
:10A8100000FA03FCCC404FEA1E4720FA01F11FFA70
:10A820008EF6B4FBF7F00A4307FB1044110C41EA23
:10A83000044100FB06F48C420ED91EEB010100F12D
:10A84000FF382CBF4FF001094FF000098C4202D9AC
:10A85000B9F1000F2CD04046091B92B2B1FBF7F4BE
:10A8600007FB141142EA014204FB06F1914207D9A9
:10A870001EEB020204F1FF3801D291421ED8444679
:10A88000521A44EA004120E7861A64EB03030120D0
:10A890000DE7F44402384AE7023C724431E70239DA
:10A8A0007244CCE6F4440238DFE602383C4472E7F6
:10A8B00002387144D0E7023B3C4481E7023C7244D9
:10A8C000DEE72946DCE600BF704700BF08B5064B4F
:10A8D000044613B10021AFF30080044B1B6803B1A1
:10A8E0009847204604F0FCFA000000006423002092
:10A8F00070B50D4D00260D4C641BA410A64209D165
:10A900000B4D00260B4C12F0ABFA641BA410A642B0
:10A9100005D170BD55F8043B01369847EEE755F870
:10A92000043B01369847F2E7183100201831002027
:10A93000183100201C310020094A5168C84390FAA0
:10A94000A0F048B1B0FA80F0042805DC0123834070
:10A950000B43536040B270474FF0FF30704700BF69
:10A96000902300200021034B28220348C3E9001153
:10A970000EF04FBB902300206823002038B5054619
:10A98000FFF7DAFF04460448294600EBC4000EF046
:10A99000BCFB204638BD00BF68230020C3B2042B97
:10A9A00010B515D804230B4A03EBC003134453E836
:10A9B000002F0A4343E80024002CF8D10122064965
:10A9C000824051E8003F134341E800300028F8D1AD
:10A9D00010BD00BF6823002090230020F7B54FF082
:10A9E000040C01260827184A1849194D106800B3AD
:10A9F0000B7806FA03F420421DD0E04352E8004FE2
:10AA0000044042E8004EBEF1000FF7D117FB03C32C
:10AA10002B4453E8000F43E800E4002CF9D10190E7
:10AA200048B1087801AA0B4905EBC0000EF0A5FB60
:10AA3000012003B0F0BD0B78506883422EBF002385
:10AA40000133DBB20B70D1E7902300206E2C002085
:10AA50006823002078563412024B1868003818BF5B
:10AA6000012070479023002038B505460C4611F0B0
:10AA70009CFF084B1B6853B1D3E9042395429C41CA
:10AA80002CBF0124002411F08BFF204638BD1C464A
:10AA9000F9E700BFA82300202DE9F0414FF0FF3473
:10AAA00025460746884611F080FF144B1E68A6B95C
:10AAB00011F076FFB5F1FF3F08BFB4F1FF3F08D0BA
:10AAC000BC4275EB080316D3E71B65EB08083C4650
:10AAD000454620462946BDE8F0817269D6E9033132
:10AAE0005B1842F10002A34272EB05013CBF1C4619
:10AAF00015467668DBE734463546EAE7A8230020AA
:10AB00002DE9F74F109F0E46DDE90CA915469DF87B
:10AB10003CB008B1026882B93FB129463046B84717
:10AB200040F2034003B0BDE8F08F002DF8D0002EB6
:10AB3000F6DB28460EF00FFFF2E7019011F035FF2B
:10AB40008046584600F0EEF90446404611F028FFD2
:10AB5000019B8CB947B129463046B847032031469E
:10AB600000F0C4FB1A20DDE7002DF7D0002EF5DB46
:10AB700028460EF0F0FEF1E7256200252360DFF89D
:10AB800080800E9BC4E906A9A660E360A762D8F89E
:10AB9000003084F824B0656098471AEB000649EB52
:10ABA000010911F002FF144B0746D3F800E0C4E995
:10ABB000046972462AB1D2E90401864279EB0101A7
:10ABC00011D2A5B9C4F804E01C600C4B1C682CB170
:10ABD000D8F800309847FFF75FFFA047384611F0DC
:10ABE000DFFE00209EE7516815460A46E2E76A68E4
:10ABF00062606C60E9E700BFA82300209823002072
:10AC0000A02300202DE9F74F4FF0000881460D46A4
:10AC100092461E4611F0C9FE4746DFF87CB001900F
:10AC2000DBF800408CB9B8F1000F08D0184B1C6855
:10AC30002CB1184B1B689847FFF72EFFA0470198CF
:10AC400003B0BDE8F04F11F0ABBE22684A4511D108
:10AC50002DB1A268296822F000428A420AD126B9A1
:10AC6000626857B9CBF8002008E05146206AB04727
:10AC70000028F5D027466468D4E77A60D4F80480C9
:10AC800020460EF0EEF944464FF00108CAE700BF37
:10AC900098230020A0230020A8230020014B186047
:10ACA000704700BF9823002070B50E46094904463E
:10ACB0000846154605F0C5FE0023074A30211360FB
:10ACC000064A05201660064A15602246BDE8704017
:10ACD00000F0C2B84C2C0308A8230020A0230020B9
:10ACE0009C23002070B50446164618460022002317
:10ACF00086B0CDE904230B4B0D461B6813B9212008
:10AD000006B070BD04A998470028F8D1DDE90423F6
:10AD10000290CDE900232946324620460EF0DBF9A9
:10AD2000EEE700BF9C230020F8B5054610200F4633
:10AD3000164600F0F1FA044601461022074805F0D5
:10AD400085FE44B101230020E3602B68C4E901764D
:10AD500023602C60F8BD1A20FCE700BF4C2C0308D0
:10AD60002DE9F84F814688460027DFF8B4A0294E28
:10AD700048464146FFF778FED8B911F016FE264B3B
:10AD800006461B689847FFF787FE05460C464FB1FD
:10AD9000B1F1FF3F08BFB0F1FF3F03D01F4B1B686D
:10ADA00003B19847304611F0FBFD28462146BDE827
:10ADB000F88F11F0FAFDDAF8004084B16368CAF840
:10ADC000003011F0EDFDA368346033F000430AD188
:10ADD00030680EF046F9002301273360C8E711F010
:10ADE000DFFD3460C4E72368002BF1D01D68002D1F
:10ADF000EED0A26832F00043EAD0D5E9007B236AA6
:10AE00002168A868D8470028E2D1002FE0D03D464D
:10AE1000EFE700BFA4230020A023002098230020F8
:10AE2000A8230020F8B504460D4611F0BEFD094BDD
:10AE30001B684BB1D3E90667C4E90067DB682B6088
:10AE4000BDE8F84011F0ACBD00260027C4E900675A
:10AE5000F5E700BFA42300202DE9F0474FF6FC786A
:10AE6000002416461B4F03311B4B07EB001501EA6C
:10AE700008084FEA001A1B686A80814627F80A8092
:10AE800002FB08F0EC60984718FB06F39BB2024601
:10AE900068602B81D8B11149284651F8291005F076
:10AEA000D2FD21462A8968680EF0B3F82146234670
:10AEB0009E4204DC002057447E80BDE8F0876A682B
:10AEC000E868541850500133EC604144F0E71A2010
:10AED000F3E700BFB0190020AC230020102D0308B9
:10AEE00038B5094C04EB00156B682BB1284605F00A
:10AEF000ACFD68680EF02FFD2846BDE838401022F2
:10AF000000210EF086B800BFB0190020034B0201EB
:10AF1000C3E90010002102480EF07BB8AC230020EA
:10AF2000B019002038B5094B020103EB0015EC689D
:10AF3000284621469A5A05F089FD24B12368EB6022
:10AF40006B88013B6B80204638BD00BFB0190020E4
:10AF5000024B03EB00139878704700BFB019002034
:10AF600030B4064C04EB0013DD685A880D600132E2
:10AF7000184630BCD9605A8005F069BDB019002070
:10AF8000044A010102EB0013505A10B11B89B3FBB4
:10AF9000F0F07047B01900200020124B10B5187067
:10AFA000114B124C1860124B206018706060A0604A
:10AFB000FFF7E6FF80B2A0F10E036380A0F1140357
:10AFC000013060810B49201DE38005F03AFD2046E9
:10AFD000094905F036FD04F108000849BDE81040B4
:10AFE00005F02FBD702C0020CC230020542400201D
:10AFF0006F2C0020442D03084D2D0308572D030806
:10B0000070B5044680B311F0D0FC637905466FF348
:10B0100082036371237913F0100605D01023237186
:10B02000BDE8704011F0BCBC104903F0030331F8D7
:10B0300023203046013A21F823202146FFF790FFD4
:10B040000B4B0C4E1C681CB90A4B28461C70E7E7DA
:10B05000237A1BB933781BB92468F4E7012BFBD1A1
:10B06000204663689847F7E770BD00BF542400206E
:10B07000CC230020702C002010B5044611F095FC64
:10B08000034B1A6822601C60BDE8104011F088BCB8
:10B09000CC23002010B5064B00F0E0001A78541CB9
:10B0A0001C70044B03F8320003EBC203596010BD5F
:10B0B0006F2C0020B42300200022F8B50E4C0F495D
:10B0C0002378934214D951F83260551C86424FEAD6
:10B0D000C2070ED15E1E0A48B21AD20007F108015B
:10B0E00001449D4288BF002238440DF078FF26704D
:10B0F000F8BD2A46E5E700BF6F2C0020B8230020EA
:10B10000B42300202DE9F04F0446460789B048BF1C
:10B1100000F0F7040492029111F047FC604E04F035
:10B12000030706EB870336F827205B8881469A429F
:10B1300004F0EF0A4FEA870830D20020FFF7F2FE52
:10B14000054638B336F827304846013326F827300D
:10B1500011F026FC28460EF09AFA029B029AAB7177
:10B16000049B85F804A01344EB7111F01EFC80468B
:10B170004C4B1C68002C40F08B80404611F010FCBA
:10B1800006EB87004522294605F060FC284609B0F9
:10B19000BDE8F08F01224846434B1A7011F000FCC5
:10B1A00025071DD51F2C1BD904F0E003B0440393E1
:10B1B00011F0FBFBB8F8023036F827904FF0000B87
:10B1C00099452CBF00230123DFF8E480019311F09F
:10B1D000E7FB06EB87030593344B1B789B4508D3AD
:10B1E00084F004005146C0F3800000F07FF8002591
:10B1F000C6E798F80030039A1A4204D0D8F80490B1
:10B20000D9F8003023B90BF1010B08F10808E3E786
:10B2100007935A79D00708D51A79510705D50199AE
:10B2200041B98AEA0202920704D099461B68002BB2
:10B23000EFD1E5E748460EF090F80579079007A8AA
:10B240000EF06DF82946002000F050F811F0ADFB2B
:10B25000059B36F827205B8805469A4234BF0123B8
:10B260000023019309D20020FFF75CFE079058B13C
:10B2700036F82730013326F82730284611F090FBA6
:10B28000079D002DBCD065E70122074B1A70F4E73B
:10B29000237A012B02D1204663689847246869E726
:10B2A00054240020CC230020702C00206F2C002080
:10B2B000B42300200022014B1A607047D0230020E5
:10B2C00010B5044611F071FB074A13682BB91460DE
:10B2D0002360BDE8104011F063BBA34202D01A46C0
:10B2E0001B68F3E710BD00BFD023002070B50546F2
:10B2F0000E46054B1C6804B970BD6368314628468C
:10B3000098472468F7E700BFD0230020014908468A
:10B3100005F097BB642D0308012838BF012038B51C
:10B32000C41C24F00304204605F0ACFC054601468D
:10B330002246084805F08AFB2DB921460220FFF776
:10B34000D5FF284638BD2246002128460DF061FE73
:10B35000F7E700BF642D030810B5064C237823B926
:10B36000ECF772FE18B901232370002010BD40F2E3
:10B370000740FBE7712C002038B50B4B04461B78C7
:10B380000D464BB12146284606F0BCFB002840F292
:10B39000074008BF002038BD04490548FFF7DCFF1F
:10B3A0000028EFD0F7E700BF712C0020EFBEADDE24
:10B3B000BEBAFECA436A70B55904044616D4154A8B
:10B3C00003F4004392F82620012A10D1826A9204E5
:10B3D0000DD4002B00F101010CBF532014200AF002
:10B3E00054FC18B9636A43F00803636270BD002B14
:10B3F000FCD1094D661C29463046F4F77DFE002835
:10B40000F4D12B68C4F80130AB88A4F80530AB79CF
:10B41000E371E7E71C1F0020271F00202DE9F04102
:10B420001E4E3071C0B3334600224821EBF720FF97
:10B4300038B905464FF0480807463379AB4202DC7D
:10B440000020BDE8F0813468002108FB0544142287
:10B45000A76104F134000DF0DCFDA0224FF4A073CD
:10B46000C4E90723072304F1100084F83130E7739F
:10B47000E7710DF054FF04F114000DF050FF204669
:10B480000EF06FFA40F20113E3857F23A76284F880
:10B49000323067620135D0E73060D1E7D423002035
:10B4A000084A03461179814209D9106840B103EB7B
:10B4B000C30300EBC300406A00F0010070470020A6
:10B4C000704700BFD423002038B504460D46FFF76F
:10B4D000E7FF034640B10020044B04EBC4041B68A3
:10B4E00003EBC4032B6038BD2120FBE7D4230020ED
:10B4F0002DE9F04F0446344A93B0106851680FAB01
:10B5000003C3906812AA1860E37B94F82E7002EBD4
:10B51000430333F80C1C636A94F82F60DA0444D4B4
:10B520000126374641F0100194F80E80C3F34049DC
:10B530005B0348BF49F002098BB288F00808012F6D
:10B5400094F800A094F831500B9304F1080BD4E95F
:10B550000723C8F3C00894F9324005D0022F03D066
:10B56000042F14BF00270327012E05D0022E03D07D
:10B57000042E14BF002603265046CDE90C230EF0FE
:10B5800094FADDE90C230121CDE90760CDE90051F2
:10B590005046CDE90547CDE903B90B99CDF80880B0
:10B5A00000F0FEFC13B0BDE8F08FA26A950648BF1C
:10B5B00041F02001500648BF41F04001DA0348BF86
:10B5C00041F00401B0E700BF6E2D030837B5044613
:10B5D00048B104782046FFF763FF10B9002003B09C
:10B5E00030BD0134E4B2074D2B79A342F6D9204691
:10B5F00001A9FFF769FF08B90198F0E70134E4B247
:10B60000F2E700BFD42300202DE9F04F054600F1FA
:10B61000100A87B0504605F1140B0C4617460DF082
:10B620007EFE58460DF07BFE00200EF03CF80646EC
:10B63000002800F00381012F40F2726818BF4FF01C
:10B640001F08012C60D0022C0CBF06240424022108
:10B6500030460EF090F9012130460EF08CF921466B
:10B6600030460EF088F930460DF0DEFE012384B23C
:10B67000A8EB04010A22009389B242F60723304660
:10B680000EF0C9F904230444A4B2A8EB040100930A
:10B69000122242F60423304689B20EF0BCF9071993
:10B6A000BFB2A8EB0709B9F1010F04962EDC002404
:10B6B000644F97F82630002B00F0A08050460DF024
:10B6C0002EFE6B6A2E6143F080026A62DB0400F199
:10B6D000A78097F82600002840F0A2800DF0E3FF35
:10B6E0000590002800F09C8041460EF04FF900289C
:10B6F00000F0A0805846059C0DF011FE6B6A6C614D
:10B7000043F480736B628BE00524A0E700200DF00A
:10B71000CAFF05900028CAD00221F5F763F8A8F106
:10B720000204E41BA4B28442074611D224F00101B2
:10B730008BB2411A05A803930DF018FF039B1F4617
:10B7400002233FB90598E0B905A80DF0E8FDAEE782
:10B750000323F6E7791C0498C9B203930EF00BF9A2
:10B76000039B049819460EF006F9059904A80DF0FC
:10B7700076FF00200DF097FF0590002832D0E41BE3
:10B78000A4B2022C38BF0224A31E9BB20F2B30D9C7
:10B7900010210393F5F726F8039B044683421ED23B
:10B7A00023F00F018BB2411A05A803930DF0DEFEC2
:10B7B000039B1C460623611C0498C9B203930EF038
:10B7C000DAF8039B049819460EF0D5F8059904A8F9
:10B7D0000DF045FFBB1C1C44A4B23FB968E740B163
:10B7E0000723E8E705A80DF09AFD3C460234A4B211
:10B7F0005EE705A80DF093FD3C46EEE7A9EB0401DA
:10B8000089B230460EF0C2F8044650460DF087FD6E
:10B810006B6A2E6143F080026A62002C3FF456AFDF
:10B82000686A10F010000AD0284607B0BDE8F04F53
:10B830000EF076B905A80DF072FDF1E71A2007B0F9
:10B84000BDE8F08F1C1F002070B5144B0546197918
:10B8500018680023994201DC1A201AE0426AD607D0
:10B8600018D490F83940640714D4DCB203460C496C
:10B8700003F8014BD1F80B6042F00902C0F80160F7
:10B88000B1F80F60497C9E8099714262FFF730FEEB
:10B890002C7070BD01334830DCE700BFD42300209A
:10B8A0001C1F00208378F7B5122B0D4632D10B6890
:10B8B00001A99A790C3213441E79DF783046FFF7DC
:10B8C00003FE88B9019C636A23F0100363628FB999
:10B8D0003146A069621C104B00F06CF922223946F7
:10B8E0000D48A7610DF095FB284603B0BDE8F04078
:10B8F0000DF015BD20460EF034F8636A5A0603D5E4
:10B9000023F040036362EFE7304604F13401F6F7B9
:10B9100011FAE9E703B0F0BD441F002073B5144DE0
:10B92000144C2A68236802F0400103F002030B4321
:10B930001BD093064CBF0126A67AF4F777FB01963D
:10B94000837983F00803C3F3C0030093E388A288DC
:10B95000217A607A00F0E0FA40B9236823F002030C
:10B9600023602B6823F040032B60002002B070BDE1
:10B970001C1F0020DC23002001210020054BA3F127
:10B980000802C3E9000043F8081C4FF0101351727D
:10B9900053607047E4230020014B187B704700BFC1
:10B9A000DC230020024BD87A003818BF01207047F2
:10B9B000DC23002070B51F4D2B68590707D50021E7
:10B9C000084600F0CFFA2B6823F004032B601A4ED0
:10B9D0002B68326803F0080302F00202134310D010
:10B9E000F4F724FB83791A071FD5F6F71FF80446EE
:10B9F000C8B92B6823F008032B60336823F00203D7
:10BA00003360FFF78BFF044668B9EB7A5BB12B68B4
:10BA10005B0708D40121084600F0A4FA40B92B685E
:10BA200043F004032B60204670BDF5F7E3FFDEE72B
:10BA30000446F8E7DC2300201C1F0020032805D162
:10BA40000A4A136843F00803136008E0012808D18C
:10BA5000064BDA7A42B11A6842F008021A60FFF720
:10BA6000A9BF10F0FD0FEBD000207047DC230020B1
:10BA7000A0F11B03E02B10B5044618D8042142F2B4
:10BA800024000CF0FDF86FF06F0343714223A0F81F
:10BA9000034083710748EEF7E5FA0CF01FF940798F
:10BAA00020B10CF01BF9407940F4805010BD2120EA
:10BAB000FCE700BF853C020837B504460D460EF092
:10BAC000B0F96988204609F068FF6A7E2B7E20461F
:10BAD00043EA0223A4F862306A7F2B7F43EA022301
:10BAE000A4F86430EA7EAB7E43EA0223A4F8663011
:10BAF0001B23A4F86C302D4B5A8B9B8BA4F8682029
:10BB0000A4F86A30022384F872300CF073FB2046EC
:10BB10000EF080FA94F87330022B15D100F06CFB14
:10BB200070B194F9753001330AD105212046A3681C
:10BB300043F48053A36003B0BDE830400EF0C6B9B3
:10BB40000021204609F02CFF00212046F4F724FBB9
:10BB50004FF6FF73288C984225D000F0C7F9009467
:10BB600000F0B2F96A46ADF8040040F20621104830
:10BB70000DF003FB002240F2022120460DF0B9FA3D
:10BB80002046F4F7CFF920460EF050FA2046F6F79B
:10BB900065F8A368012123F480432046A3600EF0DA
:10BBA00099F903B030BD0020D9E700BF1C1F002069
:10BBB000181F0020F7B504460F46164668465A7906
:10BBC000991D1D46F4F776FA2CB969463046F4F70C
:10BBD000A9F80446A0B140F2032384F87670A4F8D3
:10BBE000723033682946C4F85A30B3882046A4F826
:10BBF0005E30B37984F86030FFF75EFF03B0F0BDCC
:10BC0000032140F206400CF03BF86B88A0F80330AB
:10BC10000D2343710148EEF725FAEFE7693B02086F
:10BC200007B590F870304FF4887101AA03488DF879
:10BC300004300DF0A2FA03B05DF804FB181F0020D9
:10BC40002DE9FF4103780446302B0E4639D006D843
:10BC5000052B25D0082B41D004B0BDE8F0813E2B48
:10BC6000FAD183780C2B4BD8022BF5D9033B092B47
:10BC7000F2D801A252F823F011BD010851BE01080B
:10BC800059BC010859BC0108E9BD010859BC0108AB
:10BC900059BC010859BC010859BC01083DBE010846
:10BCA000B0F80300F4F77CF828B1617909B141F4E8
:10BCB00080510EF08FF8304604B0BDE8F0410DF031
:10BCC0002EBBB0F80300F4F76BF80028F3D0A1788E
:10BCD00009B141F480510EF0D6F8ECE7B0F803005A
:10BCE000F4F75EF80028E6D0627990F8743022B15B
:10BCF00043F0010380F87430E9E703F0FE03F9E74D
:10BD0000212B00F0BA80292B1FD0202BD3D0A3E702
:10BD10008088F4F745F80028CDD0E278002ACAD10F
:10BD2000E179A27942EA0122A0F86220E17AA27ABE
:10BD300042EA0122A0F86420227A617A42EA0122D2
:10BD4000A0F86620F4F7EEF8B5E7C778851C3C2F1D
:10BD500002D10EF023F8AEE790F80680B8F1000F9C
:10BD600023D1564A146AC2F82080CFB12946204612
:10BD700047F480570EF055F8E76084F8728040F27F
:10BD80000121204601AACDE901470DF0F6F9A3688B
:10BD9000414643F480632046A360F4F74DF88AE7F8
:10BDA00029462046FFF788FE85E74FF6FF73408C53
:10BDB00098420BD000F09AF840B1F4F737F92B46CF
:10BDC0000246FF210020FFF7F5FE74E72B463C4AB0
:10BDD0002234154618685968083303C5A3422A4619
:10BDE000F7D11B882B8066E7B0F80300F3F7D8FF84
:10BDF00000283FF460AF40F20911B4F8053090F824
:10BE00007020A0F86C308DF80420ADF80630227A4E
:10BE1000E37943EA0223ADF80830A27A637A43EA71
:10BE20000223ADF80A30227BE37A43EA0223ADF81D
:10BE30000C3001AA23480DF0A0F93CE78088F3F705
:10BE4000AFFF00283FF437AFA179F4F78DF832E760
:10BE50008088F3F7A5FF00283FF42DAF90F87030ED
:10BE60000E218DF80430D4F8063001AACDF8053043
:10BE7000D4F80A30CDF80930DCE78088F3F790FF7A
:10BE800000283FF418AF90F870304FF403718DF82C
:10BE90000430E37801AA8DF80530A3798DF80630D7
:10BEA000E3798DF80730237A8DF80830637A8DF8BE
:10BEB0000930A37A8DF80A30BCE700BF1C1F0020B0
:10BEC000441F0020181F002050B11422064B1B688D
:10BED000C31AB3FBF2F3007C40EA032080B2704740
:10BEE0004FF6FF70704700BF602F002002460949DF
:10BEF0000B7A0968FF2B01D10020704703EB830305
:10BF000001EB830031F82330C3F30B039342F4D0E9
:10BF1000437CEFE7602F0020F8B507460E4642F25B
:10BF20004100082115461C460BF0AAFE9DF818306A
:10BF30004771C3709DF81C3086710371A0F80750DB
:10BF4000A0F809400648EEF78DF80BF0C7FE4079DF
:10BF500020B10BF0C3FE407940F48050F8BD00BF23
:10BF600065A1000838B505460C4642F2420006219C
:10BF70000BF086FE0023C57043718371C371037299
:10BF800004710648EEF76EF80BF0A8FE407920B178
:10BF90000BF0A4FE407940F4805038BDCDA10008DC
:10BFA0002DE9F041154606460F4642F236001921AA
:10BFB0001C46DDF824800BF063FE2B0AC371230AB4
:10BFC00083729DF81830857103739DF81C3044729C
:10BFD00043739DF820302D0C240CC67087800572A9
:10BFE000C4728373D8F80030C0F80F30B8F804304A
:10BFF0008676A0F813309DF8283043759DF92C30D3
:10C0000083759DF83030C375002303769DF8343076
:10C0100043769DF83830C3760648EEF723F80BF0E8
:10C020005DFE407920B10BF059FE407940F480501C
:10C03000BDE8F0816DA2000838B505460C464FF604
:10C04000194005210BF01CFEC57044600548EEF751
:10C0500009F80BF043FE407918B1BDE838400DF007
:10C060005ABF38BD9138020838B505460C464FF620
:10C070001A4005210BF004FEC57044600548EDF739
:10C08000F1FF0BF02BFE407918B1BDE838400DF000
:10C0900042BF38BDC138020870B50D4606460121C1
:10C0A000DAB1FFF7C9FF0446A8B9072142F235000B
:10C0B0000BF0E6FDC6702B684360AB88038108482F
:10C0C000EDF7D0FF0BF00AFE437923B10BF006FE2B
:10C0D000447944F48054204670BDFFF7C5FFE2E781
:10C0E000FD3902080A4610B50421044642F2370021
:10C0F0000BF0D1FD032303710023C47043718371DE
:10C100000548EDF7AFFF0BF0E9FD407918B1BDE848
:10C1100010400DF000BF10BDF13802080A4610B5FE
:10C120000421044642F238000BF0B5FD03230371ED
:10C130000023C470437183710548EDF793FF0BF042
:10C14000CDFD407918B1BDE810400DF0E4BE10BD42
:10C150003D390208F8B506460F4642F2390006217D
:10C1600014461D460BF08CFD01238471240A0371D3
:10C17000C7704671C47105720548EDF773FF0BF087
:10C18000ADFD407918B1BDE8F8400DF0C4BEF8BD72
:10C19000893902080C4B01461A789AB95B689B07EB
:10C1A00010D490F97520013218BF012291F8523055
:10C1B00013F0400005D091F8600010F0400018BF67
:10C1C000D0B270470122F1E7EC230020024B5868FF
:10C1D00000F00200704700BFEC230020024B5868BB
:10C1E00000F00800704700BFEC230020014B1B68E3
:10C1F000184700BF6C2F002008B509F075F9012819
:10C2000009BF034B0020586800F0100008BD00BFB4
:10C21000EC23002007B502460846042802F001017D
:10C2200013D9B1B903200C4B5A6002F0800301937B
:10C2300002F04003009302F0200302F0040200F039
:10C24000ABFB002003B05DF804FB0029EBD0032812
:10C25000E9D12120F6E700BFEC23002038B50D49D5
:10C260000D48FFF779F80446054688B90B4B0C4A90
:10C270001A600C4A5A600C4A9A600C4ADA6000F064
:10C28000F7FB032104462846FFF7C4FF084B1D7047
:10C29000204638BDEFBEADDEBEBAFECA6C2F002010
:10C2A0008DC90108EBA30208D9C90108E9E1010819
:10C2B000EC23002038B504460320FFF72DF805468F
:10C2C000D0B194F87030037094F875304370204604
:10C2D000F3F71AFE2A46A87040F2026107480CF0F4
:10C2E00008FF074B2046DB680121984794F9750049
:10C2F000BDE83840F2F72CBF38BD00BF181F002042
:10C300006C2F002070B5054608200E46FFF704F894
:10C31000044680B195F8703000210370064B4660EA
:10C32000DB68284698472246BDE8704040F201612C
:10C3300002480CF0DEBE70BD6C2F0020181F0020DC
:10C3400038B5054608200C46FEF7E6FF024638B130
:10C35000C0E90054BDE838400D2102480CF0C9BEC8
:10C3600038BD00BF181F002038B5054608200C4610
:10C37000FEF7D2FF024650B195F8703040F20561E9
:10C38000037044600248BDE838400CF0B2BE38BDCE
:10C39000181F002013B504460191114612B301A9DC
:10C3A0000420FEF7E9FF019B104A2046B3FBF2F19F
:10C3B00002FB113345F218020021019301AB0DF08D
:10C3C0007FFF0820FEF7A8FF024648B194F87030BE
:10C3D00040F204610370019B436005480CF089FE44
:10C3E00002B010BD45F2180201ABE8E740420F0071
:10C3F000181F002010B504460120FEF78DFF0246ED
:10C4000048B194F8703040F203610370BDE8104009
:10C4100001480CF06EBE10BD181F002038B505464F
:10C4200008200C46FEF778FF024650B195F87030B0
:10C4300040F20761037044600248BDE838400CF0E8
:10C4400058BE38BD181F0020014B5B68184700BF5D
:10C450006C2F002010B50F4C2368D3B10022D3F805
:10C46000A0001A7783F83D2083F85E2005F071F86C
:10C470002068442160300DF064FA206821211D30CD
:10C480000DF05FFA20682121BDE810403E300DF02C
:10C4900058BA10BDF8230020F0B5062087B0E9F7A0
:10C4A00087FC0DF056FA054640B901461A20FFF701
:10C4B00047FF6FF08C04204607B0F0BD2F4E306868
:10C4C00005F047F8044640B110F1880F05D0014649
:10C4D00040F20740FFF734FFEDE709F005F80328C5
:10C4E000074622D10024346003F064FE0002686035
:10C4F0006C6140F2011128460DF0DFFD204B6946CA
:10C50000EB60204B2B6000230093EBF769FD0446A2
:10C51000E0B1014640F20740FFF712FF284605F060
:10C52000E0FB28460DF017FAC5E732686B686A61D0
:10C53000DAB222B923F0FF0343F001036B6003F08A
:10C5400039FE000240F001006860D2E7032FE5D118
:10C5500001AB102202A9009805F066F810210446EC
:10C5600002A80DF0E0F902A910200DF0F7F9102152
:10C5700002A80DF0E6F9009B3360CFE7F42300201A
:10C580000044400400248000FF282DE9F84316BF32
:10C590001C4D1D4B45EA002581464FF0060088469C
:10C5A000174608BF1D68E9F703FC0DF0D2F90646EF
:10C5B00018B30146284604F0F1FF0446304605F062
:10C5C00090FB30460DF0C7F914F1880F0FD1B9F187
:10C5D000FF0F0ED1FFF760FF044660B90A4B1D68DC
:10C5E0000020C8F8005007B13C60BDE8F883002C7B
:10C5F000F6D02120F7E70025F2E71A206FF08C042F
:10C60000F1E700BF06800400F42300202DE9F0418B
:10C610008AB006AC884615460346264600F1100748
:10C62000224618685968083303C2BB421446F7D142
:10C63000102130460DF077F9002306200593E9F725
:10C64000B7FB0DF086F9044610B310274FF4807144
:10C650000DF033FD194B1A49036005ABC16032463A
:10C6600028460293CDE900873B46EBF7F7FB0546EA
:10C67000F0B9394640460DF056F9394630460DF0CE
:10C6800060F9204605F02DFB20460DF064F90BE023
:10C690006FF08C0140F20740FFF752FE1021304648
:10C6A0000DF04FF96FF08C0528460AB0BDE8F08117
:10C6B000014640F20740FFF743FEDEE7002480001A
:10C6C000004440042DE9FF410546062088461646F1
:10C6D000E9F76EFB0DF03DF9044648B901461A2012
:10C6E000FFF72EFE6FF08C05284604B0BDE8F08100
:10C6F00003F060FD2A466D4600232F46000260606D
:10C700006361204606F580710DF0D7FC144BE360A1
:10C71000144B236002F110032E4610685168083252
:10C7200003C69A423546F7D1102138460DF0FBF882
:10C73000434610223946204605F000F8054620B150
:10C74000014640F20740FFF7FBFD102138460DF08F
:10C75000F8F8204605F0C5FA20460DF0FCF8C3E7CE
:10C7600000444004002480002DE9F0434FF000090C
:10C7700087B0044606200E4617469846CDE9049930
:10C78000E9F716FB0DF0E5F8054670B303F012FD6E
:10C7900000024FF480516860C5F8149028460DF0EF
:10C7A0008CFCDFF874901B4B21462B601022C5F8DF
:10C7B0000C9004AB04F0C2FF044628BB05AB029307
:10C7C00010233246CDE9008349463B46049805F0E4
:10C7D0001FF90446C0B9049804F0BBFE284605F0D2
:10C7E00080FA28460DF0B7F80AE06FF08C0140F2AD
:10C7F0000740FFF7A5FD049804F0ABFE6FF08C0432
:10C80000204607B0BDE8F083214640F20740FFF71D
:10C8100097FDE0E7002480000002C003F0B50E465B
:10C820000446154693B02022304643490CF0C7FB1E
:10C8300068B92022284641490CF0C1FB38B9404B69
:10C840001B681B7D002B64D040F203401BE0246C6E
:10C850002022304604F151010CF0B1FB38B92022FE
:10C86000284604F171010CF0AAFB0028ECD0062048
:10C87000E9F79EFA0DF06DF8044630B901461A202A
:10C88000FFF75EFD1A2013B0F0BD0027009703F0FC
:10C8900091FC000260604FF48041204667610DF01A
:10C8A0000CFC284B3046E360274B06F12002236046
:10C8B00004238DF804300DF1050350F8041B904259
:10C8C00043F8041BF9D10DF1050020210DF02BF8E0
:10C8D00028460DF1250305F1200250F8041B904273
:10C8E00043F8041BF9D120210DF125000DF01BF8B0
:10C8F00001A96B464122204604F020FF014650B9B1
:10C90000204605F0EEF920460DF025F8009804F0D9
:10C9100020FE0020B7E710F1870F03D040F2074058
:10C92000FFF70EFD204605F0DCF920460DF013F868
:10C93000009804F00EFE87E78C2E03086C2E030887
:10C94000F8230020000002091241000100F0C0039A
:10C95000402B07D1094B1B6873B100F03F0053F81F
:10C9600020007047802B01D1054BF4E7054A0648AB
:10C97000C02B08BF104670470348704700240020B2
:10C98000FC230020EDA402087DCE0108014B1B68AA
:10C99000187A7047F8230020003918BF0121003BA6
:10C9A00018BF012310B50B4C003A246818BF0122B0
:10C9B000A3749DF808302070003B18BF0123E37476
:10C9C0009DF80C302174003B18BF0123627423755D
:10C9D00010BD00BFF823002001280AD002280ED085
:10C9E00098B90B4B1A68936943F0010300209361D7
:10C9F0007047074B1A68936943F00203F6E7044B4C
:10CA00001A68936943F00403F0E72120704700BFE0
:10CA1000F823002038B5094D2C6854B9A4200CF037
:10CA200098FF286038B1224605490648FEF77CF990
:10CA300038BD0020FCE71A20FAE700BFF8230020E9
:10CA400009A1020804240020024B034A00201A60B6
:10CA5000704700BF00240020282E0308024B034A21
:10CA600000201A60704700BFFC230020002E03083E
:10CA700010B5144CFFF7EEFC2068A4210CF061FF08
:10CA800003224FF0FF3123681A70D9600022102171
:10CA90001A7783F83D2083F85E201A829A741972FF
:10CAA0009A61EBF7D1FA044648B908F01DFD032856
:10CAB000054B08BF00232046044A136010BD40F216
:10CAC0000740FBE7F823002037000400F423002090
:10CAD0002DE9F04383680446590687B040F1B180E0
:10CAE00023F0400383600DF0B0FB802802D0402883
:10CAF00040F0AA8094F9758004F13409B8F1FF3F41
:10CB00001DD108F0F1FC012871D1636B04201A8853
:10CB10008DF808201A4632F8021B090A8DF8091010
:10CB2000D3F8023002A9CDF80A3053680A22CDF8B2
:10CB30000E30F2F79BFAB0F1FF3F804657D0A56860
:10CB400015F4807553D10620E9F732F90CF001FF96
:10CB5000074698B901461A20FFF7F2FB204641F23A
:10CB60000601FFF7CFFB20460021F4F77BFF04F11D
:10CB7000340007B0BDE8F0430DF0B7BB20460DF020
:10CB800064FB802828D1494D394645EA08252846C6
:10CB900004F004FD0646384605F0A3F816F1880FA8
:10CBA0001BD1434D394645EA0825284604F0F6FCDA
:10CBB0000646384605F095F838460CF0CCFE96B996
:10CBC000606B2A4602A90A30FFF720FD70B31021DE
:10CBD00002A80CF0B6FEC1E72E4620460DF035FB4C
:10CBE0004028E9D1DDE7314640F20740B4E794F848
:10CBF0007430DA0702D4A368DB05AFD5002201A99F
:10CC000004F118000192FFF75DFD18B1019804F0DE
:10CC1000A0FCA3E7606B019A02A90A30FFF7F6FCBB
:10CC20000546019804F095FC002DD0D1204602A9BC
:10CC3000F4F718FF02A810210CF083FE48460DF00F
:10CC400054FB07B0BDE8F083636B1A88002A85D1D6
:10CC5000882801D04B2881D10021013313F8012FFE
:10CC6000002A7FF47BAF01310829F7D1206C01A99C
:10CC700000F598700192FFF725FD0028C6D1606B82
:10CC8000019A02A90A30FFF7C1FC0546019804F099
:10CC900060FC002D9BD1204602A9F4F7E3FE02A818
:10CCA00010210CF04EFE04F13400C8E705800400AA
:10CCB000038004002DE9F043804693B006200F4620
:10CCC00016469946E9F774F80CF043FE044648B955
:10CCD00001461A20FFF734FB6FF08C05284613B08D
:10CCE000BDE8F08303F066FA002300026060636130
:10CCF0004FF4804120460DF0E0F95A4BE3605A4B67
:10CD000023605A4B1A68137F022B21D102F1600372
:10CD100002F1800153F8040B8B4247F8040BF9D160
:10CD200002F1A00153F8040B8B4246F8040BF9D131
:10CD3000D2F8A0302046C9F8003004F0D2FF2046D7
:10CD40000CF009FEB8F1000F40F085800025C5E722
:10CD50009369DB072DD5464B03F1200253F8041BE2
:10CD6000934247F8041BF9D1424B03F1200253F8D8
:10CD7000041B934246F8041BF9D14B4620223E493E
:10CD8000204604F0DBFC0546204604F0AAFF2046BE
:10CD90000CF0E1FD002DD5D0294640F20740FFF709
:10CDA000CFFAB8F1000F99D0082140460DF07CFB76
:10CDB00094E74946EBF714F9054690B1014640F275
:10CDC0000740FFF7BDFAB8F1000F03D00821404635
:10CDD0000DF06AFB204604F084FF20460CF0BBFDFA
:10CDE0007CE76B46412201A9D9F8000004F07BFCE6
:10CDF0000546204604F075FF20460CF0ACFD4DB111
:10CE0000294640F20740FFF79BFAD9F8000004F0EA
:10CE1000A0FBC6E73A460DF105030DF1250153F8D5
:10CE2000040B8B4242F8040BF9D132460DF1450157
:10CE300053F8040B8B4242F8040BF9D101A84121AD
:10CE40000CF07FFD384620210CF06DFD202130468E
:10CE50000CF069FD76E7002245F2160140460DF020
:10CE60001FFA73E70000020912710001F823002085
:10CE70007A2D03089B2D0308AC2E030845F2060308
:10CE8000994210B5044637D01FD840F20323994287
:10CE900007D045F2020399423FD040F20123994264
:10CEA0001FD1244894F870100CF0FAF894F87330FD
:10CEB0004FF4A041012B14BF80204020FFF746FD16
:10CEC00000220346204698470BE045F2170399429B
:10CED0002ED045F21A03994205D045F20C0399422F
:10CEE0001FD0482007E0C0210DF0BFF907212046E0
:10CEF000FFF708FA002010BD93791A44517C41F4E1
:10CF00009051FFF7FFF994F873302046012B14BFBE
:10CF1000802140210DF0A9F9ECE705210DF0C4FABC
:10CF2000E8E70DF092F94128E4D005212046F5E725
:10CF30000220E0E704240020B1F5A04F2DE9F041E4
:10CF40000446164600F01481A1F5A043DD1F042D10
:10CF500000F215819279083B0C321644026C92F86B
:10CF60005021032B05D8DFE813F043009B00B900E4
:10CF70000001D10719D5771D1022394682480CF0DF
:10CF80001EF8002862D008F0AFFA0128206C0ED1FC
:10CF900003213A4690F95E01F2F706F810210546A2
:10CFA00038460CF0CEFC002D4CD100276BE03B4600
:10CFB0001022032190F95E0108F098FA94F873307A
:10CFC0000546012B0DD13B4604F11802153653F8E6
:10CFD000041BB34242F8041BF9D1A36843F48073E5
:10CFE000A360102138460CF0ACFC002DDDD011E020
:10CFF00012F00107D9D008F077FA01282DD1236C5F
:10D00000062093F95E81E8F7D3FE0CF0A2FC0546FA
:10D0100018B91A250021284612E001465B4840EA6B
:10D02000082004F0BBFA8046284604F05AFE284641
:10D030000CF091FCB8F1000F0FD0414640F20740D0
:10D04000FFF77EF9082120460DF02EFA2046082130
:10D050000DF02AFA40F2034020E0206C06F10508AA
:10D0600043460A22022190F95E0108F03FFAD6F801
:10D0700005300546A362D6F80930E362B6F80D30F4
:10D0800023860028C6D1226C92F8503123EA070388
:10D0900082F8503120460DF0C5FA0020BDE8F0813D
:10D0A000920782D508F020FA012806F10506206CC7
:10D0B00009D10621324690F95E01F1F775FF102182
:10D0C000054630466DE706213346102290F95E0191
:10D0D00008F00CFA10210546304684E793077FF5E7
:10D0E00064AF08F001FA01281AD1236C062093F9E5
:10D0F0005E71E8F75DFE0CF02CFC0546002888D038
:10D100000146234840EA072004F048FA074628462B
:10D1100004F0E7FD28460CF01EFC0FB139468DE700
:10D12000717989B90A46731D13F8010F60B901328C
:10D13000062AF9D194F85210206C81F0080104F10C
:10D140004C03C1F3C00106E000394FF0060218BFDE
:10D150000121206CB31D90F95E0108F0C7F9054666
:10D1600000287FF457AF02278DE702F004078AE713
:10D170000CF0D7FF0022236C83F85C218AE7BDE81E
:10D18000F041FFF77BBE00BF5C2E03080380040064
:10D1900006800400F0B5B1F5A04F05468DB008D06B
:10D1A00045F21304A14244D00DB0BDE8F040FFF7B2
:10D1B00065BE0023046CCDE90833CDE90A3394F849
:10D1C0005D310DF1200C042B2CD11F4B1B6893F803
:10D1D0005E205AB1674603F13E024E333E46106868
:10D1E0005168083203C69A423746F7D104F5847372
:10D1F000069305F15303059305F15A03049323792C
:10D2000028460393637904F1C8020293A37904F1D9
:10D21000F801CDE900C304F1B8030DF07AFC002059
:10D220000DB0F0BD013B022B9CBFD4F82C3108930C
:10D23000DCE7016C01F584710CF08FFF4A21284670
:10D240000DF013F8EBE700BFF8230020F0B545F22E
:10D250000E06B142044613468DB00BD045F21303BF
:10D26000994260D0B1F5A04F77D10CF05AFF002061
:10D270000DB0F0BD9979026C0C310B44591D02F5CB
:10D280008C72153351F8040B994242F8040BF9D112
:10D29000256C102205F58C7105F584700BF08FFE5E
:10D2A00020B90B2120460DF0FFF8E0E70023CDE97F
:10D2B0000833CDE90A3395F85D310DF1200C042BCC
:10D2C0002AD1284B1B6893F83D205AB1674603F1D9
:10D2D0001D022D333E4610685168083203C69A423B
:10D2E0003746F7D105F5A073069304F15A03059369
:10D2F00004F153030493EB7A204603932B7B05F14F
:10D30000B80202936B7B05F1F801CDE900C305F18A
:10D31000C8030DF0FEFBAAE7013B022B9CBFD5F82A
:10D320002C310893DEE7056C102205F5A07105F598
:10D330008C700BF044FE0028B3D1D5F858314B2146
:10D340009B0748BF94F87430204644BF43F0020363
:10D3500084F874300CF089FF89E70DB0BDE8F04027
:10D36000FFF78CBDF823002073B545F21406B142D7
:10D3700004461AD045F21906B14221D0B1F5A04FAA
:10D3800028D10CF0CEFE216C204601F59473019358
:10D3900001F1B803009301F1110201F1C803513109
:10D3A0000DF058FC002002B070BD036CD3F82821AA
:10D3B0000B4BB2FBF3F103FB1121FEF7D5FFF1E7B5
:10D3C00013781BB90C210DF06FF8EBE749210CF035
:10D3D0004CFFE7E702B0BDE87040FFF74FBD00BF6C
:10D3E00040420F002DE9F04F97B01546DDE9209837
:10D3F00004AA06468C4692461C46524B229F03F1D5
:10D40000100B9646186859680833AEE803005B4570
:10D410007246F6D16B46202261465046FFF7A4F9CA
:10D420008346002871D1484B05F11002089365230B
:10D430008DF824300DF12503184655F8041B95424C
:10D4400043F8041BF9D110210CF06DFA0DF13503EE
:10D45000184604F1100254F8041B944243F8041BCC
:10D46000F9D110210CF05FFA99F80630062183F00B
:10D470000803C3F3C0038DF84530D9F800300DF12F
:10D480004600CDF84630B9F804300124ADF84A30F2
:10D490000CF049FA98F80630062183F00803C3F32C
:10D4A000C0038DF84C30D8F800300DF14D00CDF8A8
:10D4B0004D30B8F80430ADF851300CF034FA002398
:10D4C00035228DF854306846239B08A98DF85340C7
:10D4D000FFF74AF98346C0B9102123980CF023FACC
:10D4E0003B463522684608A98DF82040FFF73CF9F5
:10D4F000834650B9B27C0146C2F1100238460BF0A7
:10D5000088FD102138460CF00EFA102168460CF008
:10D5100018FA352108A80CF014FA102150460CF026
:10D5200010FABBF1000F06D0082130460CF0BCFF0A
:10D5300017B0BDE8F08F5A4645F2120130460CF0A4
:10D54000AFFEF5E7BC2D03080062746C70B51E4693
:10D550000423054696B014468DF8143001F12002DC
:10D560000DF1150351F8040B914243F8040BF9D166
:10D5700020210DF115000CF0D6F922460DF13503EE
:10D5800004F1200152F8040B8A4243F8040BF9D14C
:10D5900020210DF135000CF0C6F904AB02932023D5
:10D5A00001931A9B314600930E48412305AA04F0CB
:10D5B00042FA0446412105A80CF0C3F954B12146B2
:10D5C00040F20740FEF7BCFE082128460CF06CFF35
:10D5D00016B070BD224645F2150128460CF060FEDB
:10D5E000F6E700BF0000020945F20D039942F7B5C6
:10D5F000044627D00DD8B1F5A04F1DD045F2040345
:10D60000994200F08F80204603B0BDE8F040FFF75C
:10D6100035BC45F21103994200F0A68045F215038E
:10D620009942F0D1006C90F85D31052B06D8DFE807
:10D6300003F0503A423A55500CF073FD002738463B
:10D6400003B0F0BD93790C331A44561D02F1250541
:10D650002A463146FFF7E2F8074620B10B21204663
:10D660000CF022FFEBE73146236C113351F8042B09
:10D67000A94243F8042BF9D1236C01F12002313384
:10D6800051F8040B914243F8040BF9D1216C204668
:10D6900001F1D8030093D1F8943001F13102113136
:10D6A000FFF754FFCAE7204645210CF0DEFD204677
:10D6B000FEF7A0FEC2E7204645210CF0D6FD364B12
:10D6C00020461B68D9684B1C5A425A41FEF762FE3D
:10D6D000B4E7462120460CF0C8FDAFE72E4B1B688F
:10D6E00093F85E5065B1002100F1110200F5A070C1
:10D6F00001900091204611463E330CF023FF9DE738
:10D700001021C8300CF0E7FD00283DD0082120464C
:10D710000CF0CAFE294640F20740FEF711FE40F227
:10D7200007478CE79179036C0C310A44511DA833EB
:10D73000153251F8040B914243F8040BF9D1256CD2
:10D74000102205F1A80105F198000BF038FC20B972
:10D75000042120460CF0A8FE70E7D5F8583143F0BC
:10D760000103C5F8583169E70B4B056C19681022A5
:10D770004E3105F5A0700BF022FC0028E8D11021F5
:10D7800005F1C8000CF0A7FD216C2046C8310CF053
:10D7900000FD47219EE700BFF823002045F2160355
:10D7A0009942F7B5044600F0B0810CD8B1F5A04F0E
:10D7B0000FD045F20303994210D0204603B0BDE8D4
:10D7C000F040FFF75BBB45F217039942F5D1022009
:10D7D00002E00CF0A6FC002003B0F0BD9379056CCC
:10D7E0000C33D618F379DF070CD4FEF7EFFC18B929
:10D7F00094F97530013305D0052120460CF054FE14
:10D800002120E9E7A24F337A3A68127A9A4202D885
:10D81000A27C9A4201D90621EFE7D6F80530C5F877
:10D820000B30B6F80930A5F80F300223AB7294F92B
:10D83000523094F85210002BB2BF012381F008033C
:10D84000C3F3C003AB7094F8603083F00803C3F3F4
:10D85000C0036B70337A102B28BF1023A374F379A5
:10D86000D8072BD5AB79DA0728D5737A2A7A1340F3
:10D8700085F85131B37A6A7A134085F8503195F9B9
:10D880005E3101331ED0206C90F850319B0719D4C3
:10D8900081F00801062290F95E0104F14C03C1F306
:10D8A000C00107F023FE68B140F21B412046FEF79D
:10D8B00029FDA3685907A3D508219EE7002385F811
:10D8C0005131DAE73B68F079597C00F0080229B160
:10D8D00012B1AA79120703D403218EE7002A73D06C
:10D8E000AA79110770D5D5F8581141F00401C5F88F
:10D8F0005811B5F8501121F4807121F00101A5F8FB
:10D90000501193F81CC0B179BCF1020F03D000296B
:10D9100037D0022171E729B3012283F83D20DA7C58
:10D9200052BB042385F85D3194F91330022B03D1E7
:10D93000D5F858315B07CFD507F0D6FD01285CD16B
:10D9400094F97500461C58D0002201A9C0B2FEF718
:10D950001BFE002851D1236C93F85021900748D426
:10D960000A214AE793F85E20002AD2D083F83D10BE
:10D97000DB7C002BCDD1D4E793F85E30002BD0D1E7
:10D98000C7E7024312F0040209D185F85D211B7C30
:10D99000002BA1D194F8743098079DD4C4E7727914
:10D9A0001878052A28BF03223A4902EB82020A446A
:10D9B000125C85F85D211B7C1BB994F874309907C3
:10D9C000B2D5002AB0D187E71A7F012A02D1B279F5
:10D9D000002AA6D1420703D4AA7912F00402D4D0B7
:10D9E00072791878052A28BF03222B4902EB82029C
:10D9F000DDE793F851319907B2D594F97500421CCF
:10DA000018D0226C0821D2F8583143F04003C2F8F4
:10DA1000583107F082FD052194F9750007F051FD9A
:10DA2000032194F9750007F04CFD062194F9750067
:10DA300007F047FD95F85D31206C042B00F59870D8
:10DA400021D13B6803F11D022D3352F8041B9A4289
:10DA500040F8041BF9D1D5F8583195F85D2103F051
:10DA60000401DAB923F00203C5F85831E274002941
:10DA700046D0216C204601F1940301F1710251312D
:10DA8000FFF718F9A7E6102200210BF0C2FAE2E72F
:10DA9000F8230020CD2D0308E62D030843F00203F0
:10DAA000C5F8583149B90123013AE374032A3FF616
:10DAB00092AEDFE802F010181025A37C0F2B89BF6F
:10DAC00094F87430012343F0080384F8743088BF5D
:10DAD0000223E374CDE7204645210CF0C6FB204627
:10DAE000FEF788FC77E6204645210CF0BEFB3B683C
:10DAF0002046D9684B1C5A425A41FEF74BFC6AE655
:10DB0000432120460CF0B1FB65E60CF07AFB422184
:10DB1000F7E700BFF8B50446FEF73CFB266C054668
:10DB200028B394F975305F1C0BD086F85E31FEF790
:10DB30004DFB072101200CF004FB024638BB1A21E3
:10DB400011E02046F1F7E8FB86F85E01236C93F9BB
:10DB50005E310133EBD1FEF739FB60B1A3685D079D
:10DB60000FD441F205212046FEF7CCFB0DE0FF2348
:10DB700086F85E31EFE794F975300133EED1002578
:10DB8000D7E7052120460CF08FFC0020F8BD324974
:10DB9000867909680C3691F800C0831983F801C0B2
:10DBA00091F81CE0281E18BF0120BEF1010F0DD115
:10DBB00083F802E0D870487C00B3D87800071DD401
:10DBC000A3685B07DDD441F20321CCE78F69BEF186
:10DBD000020F07F002070ED191F85EE0BEF1000FD0
:10DBE00009D04FF0010E83F802E0D870002FE2D187
:10DBF00040F00800DEE74FF0000EF4E7BCF1030F41
:10DC000007D0096911F0FF1F1EBFD97841F0040148
:10DC1000D97094F874108F0708D5D978480705D4BF
:10DC2000BCF1030FCFD041F00401D970002D18BF13
:10DC3000032510215D7119719D71216C9059C1F8F6
:10DC400003009888A1F807009B7920464B720621B3
:10DC50000AF07AF8012099E7F8230020F0B545F2A0
:10DC60000E06B142044615468DB00ED045F213069D
:10DC7000B1425CD0B1F5A04F40F0BD800CF051FA3C
:10DC8000236CD3F85831190757D5236CD3F8582192
:10DC900012070CD4AA7903F584730C3215446A1D5B
:10DCA000153552F8041BAA4243F8041BF9D100238E
:10DCB000256CCDE90833CDE90A3385F85C3195F858
:10DCC0005D310DF1200C042B2AD14D4B1B6893F8CC
:10DCD0003D205AB1674603F11D022D333E461068C0
:10DCE0005168083203C69A423746F7D105F5A0734A
:10DCF000069304F15A03059304F1530304932B791B
:10DD000005F1C80203936B790293AB79CDE900C3A7
:10DD100005F1B803204605F1F8010CF0FAFE0CE01D
:10DD2000013B022B9CBFD5F82C310893DEE7056C34
:10DD300095F85C3123B1012B54D000200DB0F0BD1B
:10DD4000102205F5A07105F584700BF038F920B1AB
:10DD50000B2120460CF0A8FBEFE7D5F858310DF168
:10DD6000200C9B0742BF94F8743043F0020384F800
:10DD70007430012385F85C310023CDE90833CDE907
:10DD80000A3395F85D31042B25D11D4B1B6893F8A0
:10DD90005E205AB1674603F13E024E333E4610689C
:10DDA0005168083203C69A423746F7D105F58C739D
:10DDB000069304F15303059304F15A030493EB7A99
:10DDC00005F1B80203932B7B02936B7BCDE900C373
:10DDD00005F1C8039EE7013B022B9CBFD5F82C310F
:10DDE0000893E3E705F58C710CF0B7F9882120461C
:10DDF0000CF03BFAA1E70DB0BDE8F040FFF73EB8EC
:10DE0000F823002045F21403994213B504462BD0A1
:10DE10000CD8B1F5A04F13D045F20E03994232D081
:10DE2000204602B0BDE81040FFF728B845F21903BC
:10DE30009942F5D1137813BB0C210CF035FB10E09F
:10DE40000CF06FF9216C204601F59473019301F1F8
:10DE5000B803009301F1510201F1C80311310CF034
:10DE6000F9FE002002B010BD036CD3F82821114B3D
:10DE7000B2FBF3F103FB1121FEF776FAF1E78721FC
:10DE80000CF0F3F9EDE79179036C0C310A44511D64
:10DE900003F58473153251F8040B914243F8040BD7
:10DEA000F9D1226CD2F8583143F00803C2F8583146
:10DEB000D7E700BF40420F0045F2100330B599424A
:10DEC000044685B000F0A6800CD8B1F5A04F27D04D
:10DED00045F20503994228D0204605B0BDE8304000
:10DEE000FEF7CCBF45F21103994200F0B08045F235
:10DEF00012039942F0D1016C91F85D3113B1043BEA
:10DF0000012B03D82046B8310CF043F9236C93F869
:10DF10005D31042B40F2DF80052B03D1862192E096
:10DF20000CF0FFF8002005B030BD9179036C0C3186
:10DF30000A44511DC833153251F8040B914243F87D
:10DF4000040BF9D1206CD0F8583113F0040354D0ED
:10DF500090F85D31042B22D1604B1B6893F85E5022
:10DF600065B1002100F111020091114600F5A07089
:10DF700001903E3320460CF0E5FAD3E71021B8308B
:10DF80000CF0A9F958B1082120460CF08DFA40F2A6
:10DF900007402946FEF7D4F940F20740C3E7216C59
:10DFA00091F85D3101F1C80213B1043B012B12D885
:10DFB00001F1F803039301F59873029304F15A03F6
:10DFC000019304F15303009301F1B8032046D831C3
:10DFD000FFF708FAA6E701F5A073019391F85C0139
:10DFE000D1F82C31C34003F0010343F080030093C8
:10DFF000134601F151021131BCE780F85C3100F1A8
:10E00000C802009300F5987100F5A07320460CF04B
:10E0100095FE87E7056C102205F1980105F5A070C3
:10E020000AF0CDFF20B1042120460CF03DFA79E73B
:10E030008821D5F858319B0742BF94F8743043F0DB
:10E04000020384F8743020460CF00FF96AE7056C7F
:10E0500095F85D3105F5A070042B1ED11F4B1022E1
:10E0600019684E310AF0ABFF0028DCD1102105F110
:10E07000B8000CF030F9216C01F1F803039301F5BD
:10E080009873029304F15A03019304F1530300932C
:10E0900001F1C80201F1B80398E70146102205F129
:10E0A00098000AF08CFF0028BDD105F1B801204688
:10E0B0000CF06FF8216C91F85C310133DBB2142B5A
:10E0C00081F85C31D8D0D1F8583123F00103C1F880
:10E0D00058318421B7E78721B5E700BFF823002036
:10E0E00045F215039942F7B5044651D00CD8B1F565
:10E0F000A04F19D045F20D0399421BD0204603B022
:10E10000BDE8F040FEF7BABE45F216039942F5D1DC
:10E11000016C01F1D8030093D1F8943001F1310280
:10E120001131FFF713FA01E00BF0FBFF002738462F
:10E1300003B0F0BD93790C331A44551D02F1250646
:10E1400032462946FEF76AFB074620B10B212046DE
:10E150000CF0AAF9EBE72946236C113351F8042B94
:10E16000B14243F8042BF9D1236C01F12002313381
:10E1700051F8040B914243F8040BF9D1216C20466D
:10E1800001F1940301F171025131FEF793FDCDE7E6
:10E190000CF037F8236C93F85D31052BC6D8DFE817
:10E1A00003F0190311111E19204682210CF05DF8AD
:10E1B0000C4B20461B68D9684B1C5A425A41FEF74B
:10E1C000E9F8B3E7204682210CF04FF82046FEF72D
:10E1D00011F9ABE7832120460CF047F8A6E785212B
:10E1E000F9E700BFF8230020204B10B51B68044658
:10E1F0009B6913F0040310D141B180F8773090F897
:10E200007010BDE810401A480AF04ABF90F8733009
:10E21000012B03D18368580705D410BD022B02D10E
:10E2200083685907F9D494F9772094F87730002A55
:10E23000F3DBB3B9012384F8773094F877305B08C7
:10E24000EBD04FF47A7294F87010534308480022D0
:10E25000FCF748FD94F8773063F07F0384F877305B
:10E26000DBE75A06E9D45B00E5E700BFF8230020AE
:10E270000424002045F21E0330B599420446154699
:10E2800089B010D845F21603994213D845F201031C
:10E29000994200F0828145F20C03994222D0B1F5F7
:10E2A000A04F00F080812A46204609B0BDE83040EA
:10E2B000FEF7E4BDA1F5A043173B072BF3D801A25D
:10E2C00052F823F0A9E30108A7E20108A7E2010838
:10E2D000A7E2010855E50108A7E2010821E50108C8
:10E2E00095E3010890F97730002B02DB8268530731
:10E2F00007D5204609210CF0D7F841F2092009B0D2
:10E3000030BDAB792B44914D5B7C2D6803F0080147
:10E310006D7CD5B121B903210CF0C6F82120EEE7C0
:10E3200013F0040F03F0010308D042F008028260EA
:10E3300093B9A36843F02003A36013E0002BF8D047
:10E34000836843F010038360F3E7580744BF42F04B
:10E350000802A260DB0703D5A36843F01003A360A3
:10E360000029E6D1A368224643F00403A36078495C
:10E370002046FCF7D9FC0221204607F011FB47F2AA
:10E380003053002245F21A012046FCF7ABFCA3688B
:10E390009D054AD5A368580747D594F8700009B081
:10E3A000BDE830400BF0CBBD90F87430D90745D5AF
:10E3B00090F9753001333AD094F9131001291DDC1E
:10E3C000A26893060DD5614B15071B6801D4187C14
:10E3D00038B1187F10B91878032802D09B699807C4
:10E3E0002CD501290AD0594B11071B6801D41A7C7E
:10E3F00022B11A7F12BB1B78032B1FD10023CDE95A
:10E400000433CDE9063307F06FF8012801AB2DD0B6
:10E41000A06AE16A228E03C31A802046BDF8042058
:10E4200004AB0DF10601F3F7CDFB002067E783682D
:10E43000DA0616D4FDF7CAFE0028BDD0434B1B6890
:10E44000197F022929D1DA7C3AB393F85E3023BBD5
:10E45000A3685A0717D520460CF026F841F202208F
:10E460004DE7FDF797FE0028E4D0E7E70A220221F6
:10E4700094F9750007F07BF80028CED1CDE90100B2
:10E48000ADF80C00C9E7204641F20221FDF73AFF42
:10E4900001212046FFF7A8FEE0E720460BF013FE1F
:10E4A000A56860B96B0705D5082120460BF0FCFF75
:10E4B0001A2024E71A212046FDF724FFF8E715F07B
:10E4C000040508D0FDF78AFEC8B1204694F97510FE
:10E4D000FDF7A4FFA9E722461D492046FCF724FCCE
:10E4E0000221204607F05CFA47F230532A4645F2F3
:10E4F0001A012046FCF7F6FBA3685D07E2D4226C04
:10E50000D2F8583143F020032046C2F85831FFF7C3
:10E5100001FB002889D0412120460BF0A6FE84E7AC
:10E52000FDF75CFE002868D0226C002A65D0A36845
:10E53000580762D5D2F8583199065ED42978002957
:10E54000E0D1052120460BF0AFFF6EE7F823002055
:10E55000C1A2020890F87430D80707D440212046A1
:10E560000BF083FE29462046FDF7CCFEA368590731
:10E570007FF55BAF204645F21A010AF091FD204677
:10E5800022461F490AF0C5FDA368022123F03C037F
:10E590002046A360F1F750FC47E7024618491948A6
:10E5A000FCF7C2FB41E745F21A010AF079FDA368C6
:10E5B00023F03E03A360236C6BB193F95E01421C10
:10E5C00009D094F97520013203D0D3F858315B0695
:10E5D00001D5F0F7C7FD2246204609490AF099FD0A
:10E5E0002246074907480AF094FD20460221F1F728
:10E5F00023FC20460BF0B8FE17E702207FE600BFA1
:10E60000C1A20208181F002045F21E0399422DE9FD
:10E61000F3410446154611D845F21603994214D821
:10E6200045F20103994200F0438345F20203994207
:10E6300000F09C80B1F5A04F00F040832A462046B0
:10E6400002B0BDE8F041FEF719BCA1F5A043173BAD
:10E65000072BF3D801A252F823F000BF7DE6010892
:10E660003DE601083DE601083DE601086BEC0108C6
:10E670003DE601083DE8010803E80108874E3368DC
:10E680001A7F022A11D1DA7C7AB193F85E3063B92D
:10E6900041F20221FDF736FE20460121FFF7A4FDDD
:10E6A00041F2022002B0BDE8F081A368590701D50C
:10E6B0000220F7E72046FDF76DFD3368051E1A7846
:10E6C00018BF0125032A07D019696AB211F0FF1F8C
:10E6D00028D042F0040503E094F87420920729D46E
:10E6E0009A69960723D41A7F012A20D045F008059D
:10E6F00002210B200BF025FD024600B38379034471
:10E700005D7394F97530013303D094F87430DD07EC
:10E7100003D5A36843F00203A3600621204609F055
:10E7200013FB0CE094F874108F07D2D4D8E75B7C0D
:10E73000002BDDD041F203212046FDF7E3FDA36865
:10E74000224643F00403A36055492046FCF7ECFA47
:10E750000221204607F024F947F23053002245F207
:10E760001A012046FCF7BEFA00209BE78368580791
:10E7700003D494F97730002B05DB236C53B1D3F825
:10E780005831D90606D5204609210BF08DFE41F2FD
:10E79000092087E720460BF096FC28B9082120467F
:10E7A0000BF082FE21207DE7206CD0F8583143F039
:10E7B0001003C0F85831AB790C332B445A68C0F8B9
:10E7C00003201A89A0F8072001229B7A4372236C48
:10E7D000DA70A26812F0040610D1224630492046B1
:10E7E000FCF7A2FA0221204607F0DAF847F230538C
:10E7F000324645F21A012046FCF774FAA3689A05DE
:10E80000B2D5236C002BAFD0D3F85831DB06ABD593
:10E81000FDF7E4FC94F9751030B1A3689F0703D4A9
:10E820002046FDF7FBFD9FE70846F0F79FFB28B168
:10E8300094F87430DE0701D40521B0E7236C002B77
:10E840003FF436AFD3F85831D8067FF531AF99068B
:10E850003FF52EAFFDF7C2FC48B1A3689A0706D476
:10E860002B7823B9052120460BF01EFE7CE7A36818
:10E87000256C23F00203A360D5F85831074F43F00D
:10E880002003C5F858313B68EA791B7A934202D8D5
:10E89000A37C934206D9062181E700BFF82300201C
:10E8A000C1A2020894F9521094F852300029B2BF64
:10E8B000012383F00803C3F3C003102A28BF1022EA
:10E8C0006B7094F86030204683F00803C3F3C003F4
:10E8D000AB70A274AE79FDF75DFC90B3F30730D551
:10E8E00094F97530D4F84080581C20D088F85E31F7
:10E8F00006F00D063B689A69910704D41A7F012A35
:10E9000001D0320701D406F0F7061A78032A1BD08B
:10E910001B6913F0FF1F01D046F0040607210220F7
:10E920000BF00FFC0190A8B940F20340BAE6204674
:10E93000F0F7F2FC88F85E01236C93F95E31013345
:10E94000D6D106F00C06D5E71B7F002BE6D106F0EA
:10E95000FB06E3E790F806C03A680CF10C0C13785C
:10E9600000EB0C014B70137F012B06D0022B45D11D
:10E9700092F85E30003B18BF01238B701023CE70DD
:10E9800016F0010608BF32460B711FBF2B7A6A7A58
:10E9900003F003034B71236C14BF02F003024E71AA
:10E9A0008A7183F851214A7983F8502150F80C205C
:10E9B000C3F80A208A88DA818A791A7406B3206C2F
:10E9C00090F8501111F002061AD194F85210062254
:10E9D00081F0080190F95E0104F14C03C1F3C0011C
:10E9E00006F084FD60B13146FDF7AAFC20460821FF
:10E9F0000BF05AFD01A80AF092FC95E70023BCE752
:10EA0000019E002E90D0FDF7E1FB95F806C018B9E5
:10EA100094F9753001330FD01CF0010F04D0236C32
:10EA200093F95E31013307D1052120460BF03CFDFF
:10EA30003046FCF7E5FAB5E63B680CF00802597C75
:10EA400029B112B16A7B100703D40321EDE7002A34
:10EA500070D06A7B11076DD5D5F8581141F00401CB
:10EA6000C5F85811B5F8501121F4807121F0010159
:10EA7000A5F85011187F697902280FD091B942EAA0
:10EA80000C0212F0040240D185F85D211B7C002BA2
:10EA9000DBD194F874309807D7D40DE021B993F8FE
:10EAA0005E203ABB0221C0E7012283F83D20DA7CD8
:10EAB00032BB042385F85D3194F91330022B03D166
:10EAC000D5F858315A07C0D506F00EFD01284DD1B2
:10EAD00094F97500431C49D0002201A9C0B2FDF78A
:10EAE00053FD002842D1236C93F85021910737D46D
:10EAF0000A219AE783F83D10DB7C002BD2D1D8E7BE
:10EB000093F85E30002BD4D1CCE72A791978052A06
:10EB100028BF03227C4801EB810101448A5C85F80F
:10EB20005D211B7C1BB994F874309907C4D5002A69
:10EB3000C2D18AE71A7F012A02D16A79002AB8D1A4
:10EB40001CF0040F03D16A7B12F004029CD02A79D6
:10EB50001978052A28BF03226C4801EB8101DCE704
:10EB600093F851319A0701D40A2118E694F97500F7
:10EB7000431C18D0226C0821D2F8583143F04003CE
:10EB8000C2F8583106F0C9FC052194F9750006F069
:10EB900098FC032194F9750006F093FC062194F982
:10EBA000750006F08EFC32460621204609F0CCF8AE
:10EBB00095F85D31206C042B1DD13B6800F59870F1
:10EBC00003F11D022D3352F8041B9A4240F8041B36
:10EBD000F9D1D5F8583195F85D2103F004018AB9CF
:10EBE00023F00203C5F85831E274B9B181212046FF
:10EBF0000BF03BFBB8E51022002100F598700AF0FD
:10EC000008FAE6E743F00203C5F8583141B9012399
:10EC1000032AE37412D9042A7FF4A6AD8421E6E71F
:10EC2000A37C0F2B89BF94F87430012343F00803B1
:10EC300084F8743088BF0223E374D7E7012A07D031
:10EC4000204682210BF011FB2046FDF7D3FB8BE51C
:10EC5000204682210BF009FB3B682046D9684D1CF9
:10EC60006A426A41FDF796FB7EE590F87430D8075A
:10EC700007D4802120460BF0F8FA29462046FDF7FC
:10EC800041FBA36859077FF56FAD45F21A01204695
:10EC90000AF006FA224620461D490AF03AFAA3680D
:10ECA00023F00403A36002212046F1F7C5F85BE5D9
:10ECB000024617491748FCF737F855E545F21A019F
:10ECC0000AF0EEF9A36823F03E03A360236C6BB156
:10ECD00093F95E01421C09D094F97520013203D0EA
:10ECE000D3F858315B0601D5F0F73CFA22462046AE
:10ECF00007490AF00EFA2246054906480AF009FAC1
:10ED000020460BF031FBCEE7CD2D0308E62D03089E
:10ED1000C1A20208181F002007B506480AF01DFB13
:10ED2000042101900DEB01000AF0F9FB019803B0FA
:10ED30005DF804FB08240020F7B5186810F0020005
:10ED400003D0164E316811B9012003B0F0BD002484
:10ED5000042223460DEB020001940AF0CFFABDF81D
:10ED60000630DB0702D4FFF7D7FF044600250C4F1F
:10ED700057F8043B23B12146BDF80400984748B139
:10ED80003368002BE0D0074B022193F90000FBF71A
:10ED900005FED9E70135062DEAD1F1E70824002068
:10EDA0000C240020722C002010B50948FBF7E6FD6A
:10EDB0000024084B0849187020200C60FCF76AF901
:10EDC000064BC3E90044C3E90244C3E9044410BD4F
:10EDD0007C2F0020722C0020082400200C2400200E
:10EDE00010B501213A20E4F751FCBDE810400023A2
:10EDF000042203210220E5F79DBD08B502F05EF96B
:10EE0000E2F7DAFA02F082F9E2F7F2FA0CF0FEFF2A
:10EE1000F8E710B50446E2F779FB2046E1F788FCF5
:10EE200010BD0120704700B5C3B0F3F737FD09F0FE
:10EE300057FA48B1FFF7F5FF30B101A809F0FCF926
:10EE400010B901A8FFF7E5FF43B05DF804FB704778
:10EE50007047E8F79FBD704708B501F0DEFD01F08F
:10EE6000E7FDBDE80840E4F70FB8E2F739BBE2F789
:10EE70005BBC08B5E8F76EF801F09AF9E9F7E4F839
:10EE800000F0B0FE01F098F901F0C2FDBDE80840C5
:10EE90000DF062BE08B5E6F7D3FB00F09FFEE6F783
:10EEA000DFFBBDE8084002F04BB970477047704780
:10EEB000FFF7B9BF7047FEE700239A4200D17047C1
:10EEC00010B550F8234041F8234001339A42F8D15D
:10EED00010BD00230360704703680B60016070473A
:10EEE000FEE74369406CDA1C1438B2FBF0F203EB26
:10EEF000C203CA1DB2FBF0F20333B3FBF0F30132DD
:10EF0000023301EBC20100FB0310704738B5054620
:10EF100044692146FFF7E5FF6A6CE31D143AB3FB31
:10EF2000F2F3013304EBC304204438BD73B5064645
:10EF30000D460024F36B01225B6901A9281998474B
:10EF4000019B013309D1736C043462196A405B423E
:10EF50001A42EFD0204602B070BD0024FAE770B527
:10EF600005460C46E3F79AFFEB6B2046BDE8704080
:10EF7000DB68184770B50025044686B00562E36972
:10EF8000AB4202D8206A06B070BD666C2068E36BA5
:10EF900005225B6901A906FB0500984701A800F05E
:10EFA00030FC00F053FC10B1236A013323620135B9
:10EFB000E5E738B50446456C006804F1400305FBFD
:10EFC0000101E06B00F04FFC05462046FFF7D2FF41
:10EFD000284638BDF0B50546002687B0EC69013CEF
:10EFE000B44203D80C46204607B0F0BD01B14C1E18
:10EFF0006F6C2868EB6B05225B6901A907FB0400B5
:10F00000984701A800F0FDFB00F020FC0028EAD1A1
:10F0100021460136E2E7F0B504460D46466CE36B47
:10F02000006887B005225B6901A906FB05009847C7
:10F0300001A800F0E6FB00F009FC20B101A800F0F7
:10F04000B7FB07B0F0BD29462046FFF7C3FF0646D1
:10F05000676C2068E36B05225B6901A907FB06006A
:10F06000984701A800F0A4FB431CEAD0B54238BF82
:10F070000130E6E72DE9F0434FF6FF79D0F8248020
:10F0800004460E46C84514BF45460025002787B0F4
:10F09000E369BB4202D807B0BDE8F083E26B2368A6
:10F0A000606CD2F814C000FB0530052201A9E047CE
:10F0B00001A800F0A6FB022806D0C8450CD1721C9E
:10F0C00029462046FFF775FFE3690135B5FBF3F2EA
:10F0D000013703FB1255DBE729462046FFF79BFF6C
:10F0E000B0F1FF3F14BF024632460132E8E7036841
:10F0F000F0B5CC1A436C0646B4FBF3F4002587B098
:10F10000F36937685A1E9542706C08D3706C336887
:10F1100000FB043007B0BDE8F04000F0A2BB0134B2
:10F12000B4FBF3F203FB1244F36B05225B6901A904
:10F1300000FB0470984701A800F063FB00F086FB19
:10F140000028E3D10135DBE710B423F003042244A7
:10F150009B070A44436C18BF04325B4282EA0104F5
:10F16000234203D05DF8044BFFF7C1BF10465DF8A2
:10F17000044B70472DE9F041D0E90A369E4204461F
:10F1800086B028D11422C369456802FB135528466E
:10F1900006B0BDE8F0812068676C331AB3FBF7F363
:10F1A000E26B07FB0300D2F8148001A90522C047D7
:10F1B00001A800F026FB012804D0636C1D44013B2C
:10F1C0003340ED1A31462046FFF791FF0646A36A09
:10F1D000B342E0D1DBE70025F9E708B50830134674
:10F1E000D1E90012E3F7E0FD012008BD13B50C469C
:10F1F000002121760093616813462246E2F754FB12
:10F2000018B1E37D03B1A07EA075A07D02B010BD52
:10F2100073B5164600F108050C46284609680DF13D
:10F22000070200F0A1F9032E06D16368834203D1DF
:10F230002846216800F07FF9012002B070BDD01E81
:10F24000009B42424241187E824211D11A688A4292
:10F250000ED85A688A420BD35A6901325A61D3E9EF
:10F26000030282423FBF986840F8221001321A61BF
:10F270000120704710B5032A029C07D1A26A5340AF
:10F28000626C5242134201D100F055F9012010BDC9
:10F2900008B5C36800209847BDE80840E3F706BEFC
:10F2A000012814BF0420022070B5002442431C70C2
:10F2B000CC7D101D02F002024CB91AB1012220F0DF
:10F2C00003001A7000F108034868184470BD1AB1B1
:10F2D000012220F003001A7000230C7E01F12005AA
:10F2E000DAB2944201D80020F0E735F833205E1CF2
:10F2F000824206D901EBC30300F10802D869104429
:10F30000E4E73346801AEBE773B5054690F84260B0
:10F310001C4630460DF10303FFF7C2FFEB6B012ED5
:10F320005B690DD1324601A998479DF8033013B1AE
:10F33000BDF806300193BDF80430236002B070BD03
:10F340000122214602B0BDE870401847F0B50546DD
:10F3500000244868EB6B87B00E4601225B6902947B
:10F3600002A908309847274695F84230012B40F013
:10F370008480632C02D9029807B0F0BD612C08D8B4
:10F3800005AB224631462846FFF7BEFF9DF81430F4
:10F390001BB305AB2246314628468DF81070FFF7A7
:10F3A000B3FF95F84230012B059B55D14FF6FF7204
:10F3B000934200F09680082205A904A800F06DFA97
:10F3C000059B9DF81010C3F30722914240F08980FD
:10F3D000DBB2029A1A44029283E095F84230012B84
:10F3E00030D122463146284603ABFFF78DFF314628
:10F3F000284604AB621CFFF787FF3146284605AB61
:10F40000A21CFFF781FF102208230DEB02010DF172
:10F4100007008DF8073000F040FA102205A90DF121
:10F42000070000F03AFA039BDAB2002A52D19DF8A5
:10F430000720B2EB132F4DD1DDE9043203EB024379
:10F44000029347E0302C2BD944E09DF80720B2EB23
:10F45000134F3FD1049BF3E7013342D0102205A99B
:10F460000DEB020000F019FA059B9DF81010C3F394
:10F470000742914235D19BB2ABE7312C3FF67BAFCF
:10F4800087D005AB224631462846FFF73DFFBDF841
:10F490001430002B7FF47DAF95F84230012BA0D0C3
:10F4A00022463146284603ABFFF72EFF3146284659
:10F4B00004AB621CFFF728FF102320220DEB030191
:10F4C0000DF107008DF8073000F0E7F9039B9AB2C1
:10F4D000002ABAD095F84230012B14BF0123022331
:10F4E0001C44013440E713B500240194049C0094AB
:10F4F000E2F768FD02B010BD13B501240194049C2D
:10F500000094E2F75FFD02B010BD00234FF0FF3220
:10F5100030B544689C4202D10023037230BD0168BB
:10F5200001EBC30541F833206A600133F2E7C0E91B
:10F530000012FFF7EABF0023F0B545689D4210D0E6
:10F540000468DF0054F8332004EBC306B2F1FF3F38
:10F5500008D0C2F31302914204D14FF0FF33E351BC
:10F560007360F0BD0133E9E70023F0B545689D42C3
:10F5700002D14FF0FF300EE00468DE0054F8334053
:10F58000671C09D0C4F31307B94205D1240D1470C8
:10F59000036833445868F0BD0133E8E7704770B53D
:10F5A0009400224605460E460DF066FC431C0AD028
:10F5B00058B922463146284609F001FD002814BFFB
:10F5C0003D20002070BD6E20FCE77120FAE713B5E6
:10F5D000044601A8E5F7A0FD9DF8063023804FF40E
:10F5E00080736380E5F7B0FD6060002002B010BD5D
:10F5F000E5F758BD08B5E5F745FD002008BD10B595
:10F60000044644EA010313F00303084609D1934278
:10F6100001D1002010BD54F8231040F8231001330D
:10F62000F5E72146920009F0FCFCF2E710B504462C
:10F630000DF026FC431C10D088B9E5F785FD234664
:10F6400020F003002044984201D1002010BD53F85F
:10F65000042B0132F7D03E20F8E76E20F6E7712048
:10F66000F4E70A4601390144E7F794BE13B50023D5
:10F67000044601461B220DF107008DF8073000F00B
:10F680000CF922689DF80730B3EBD26F0CBF012054
:10F69000002002B010BD13B500230446014620220D
:10F6A0000DF107008DF8073000F0F7F80DF10700B5
:10F6B0001A22211D00F0F1F862689DF80730B3EBC3
:10F6C000926F0CBF0120002002B010BD0068431CE7
:10F6D000584258417047006810F07E0F0CBFC0F3CD
:10F6E000C160002070470068C0F3D3107047006805
:10F6F00000F07F0001288CBF0020012070470368C4
:10F7000013F07E0F14BF042008207047036813F025
:10F710007E0F03D1406820F07C40704713F07800E2
:10F720001CBF03F07F03D81F7047006800F07F0004
:10F730007047032809D0022803D1C1F10201C8B2E1
:10F74000704700290CBF07200020704737B50546D9
:10F7500001F10C0443696946012220469847BDF82F
:10F760000030012201932046AB6901A9984703B0FC
:10F7700030BD37B501F10C044369012269460546E5
:10F78000204698474FF6FF72009B99B291420DD1E7
:10F790001B0C1B0443F4254343F0A50301930122F2
:10F7A0002046AB6901A9984703B030BD0020FBE7B4
:10F7B00037B5044600251B22011D0DF107008DF809
:10F7C000075000F06AF860689DF80720B2EBD06F30
:10F7D00003D120F0784003B030BD0DF107001B22AB
:10F7E00004F108018DF8075000F057F8A0689DF863
:10F7F0000730B3EBD06F01D1C043EAE74FF0FF30E1
:10F80000E9E74BF29A22036810B5B2EB134F0446B6
:10F8100013D19BB2012B13D1FFF7CAFF01300CD0DB
:10F820004FF6FF72E068B2EB104F4FEA104309D178
:10F8300080B2C01A18BF012010BD2368013303D065
:10F840000420F9E70220F7E70320F5E701288CBF41
:10F85000002001207047033801288CBF00200120C0
:10F860007047143070472DE9F0410546984603690A
:10F8700008460E4617469847044638B943463A4666
:10F8800031462846E3F782FB044618B13146284644
:10F89000FFF75CFF2046BDE8F0811F2A0B689EBF82
:10F8A0004FF0FF3191408B43590801F055315B1AFD
:10F8B00003F033319B0803F033330B44017803EB3F
:10F8C00013130A444FF0013103F00F334B43A2EB03
:10F8D00013620270704770B5054614460E460DF06F
:10F8E0005BF82B685C4034405C402C60BDE87040A5
:10F8F0000DF04DB808B50BF0D5FEBDE8084000216D
:10F90000E3F798BE0029CCBF01210021E3F792BEA6
:10F9100002214FF42070E4F783BA704770477047B4
:10F920007047704770B5054614460E460DF034F822
:10F930002B685C4034405C402C60BDE870400DF0AA
:10F9400026B8022A10B54FF0000405D9033A022A5E
:10F950000CD90360047110BD11F4000218BF4FF000
:10F960007F4221F07F4313430C0EF2E721F0FF03A7
:10F97000CCB2EEE708B5D1F88020D1F8841002F0BF
:10F980000702FFF7DEFF08BD036C0B42FCD1704796
:10F9900010B50C460121FFF7F7FF846110BDB0F1EF
:10F9A000B24F04D1012907D829B9C2617047002993
:10F9B000FBD0012900D10262704710B50C466021CE
:10F9C0000246FFF7E1FF14B10123136110BD0223CA
:10F9D000FBE70A46012138B5157800F58053044647
:10F9E00059603DB94369D90704D54021FFF7CCFFE1
:10F9F0000223036153789078D1681B0320B939B191
:10FA000043F40073616203E043F400730029F9D109
:10FA1000D17809B143F48073117909B143F04003FF
:10FA2000517909B143F08003D17990790901127AB3
:10FA300041EA80010A431343E36045B16369DB0790
:10FA400005D420212046FFF79FFF0123236138BD05
:10FA500010B50C460421FFF797FFC3689B055EBFF6
:10FA60004FF4007100F58053D960446210BD034625
:10FA7000142B084604D00AD8012B08D0122B06D12B
:10FA8000022803D0032808BF0120704700207047D8
:10FA90003AB122F0030202F1A04202F5603209B944
:10FAA000106070470002FBE70369002BFCDB436832
:10FAB000DB071AD50223C3610369D907FCD42023CD
:10FAC000C36103699A07FCD40369002BFCDB4FF484
:10FAD0004073C361036913F00C4FFBD1012200F5A1
:10FAE00000535A6043689B07FCD470470369002B9E
:10FAF000FCDBA9B92AB10123C3610369D907FCD58D
:10FB000070470223C3610369DA07FCD40369002B41
:10FB1000FCDB4FF48073C36103695B01FCD4704765
:10FB20002AB11023C36103699907FCD570472023CC
:10FB3000C36103699A07FCD40369002BFCDB4FF413
:10FB40000073C36103691B01FCD4704738B50D46CF
:10FB5000FFF7AAFF2B682A791B0703F0E04343EA6B
:10FB6000C2632A7D13436A7943EA8263AA7943EA2E
:10FB70004263EA7943EA02632A7A43EA02536A7AE1
:10FB800043EA0243EA68D20102F47E5213432A7C1C
:10FB900043EA02136A7C43EAC203AA7C43EA820373
:10FBA000EA7C43EA4203C36038BD11B1012902D0A7
:10FBB000704782627047C262704770B5054614464E
:10FBC0000E460CF0E9FE2B685C4034405C402C6033
:10FBD000BDE870400CF0DBBE00207047F3F74EBF6D
:10FBE00008F0F4BE0020704708B10CF012BF2120CD
:10FBF000704708B9212070470029FBD0036813F033
:10FC0000704209D1C3F30E030B601BB94368002B8C
:10FC1000F0D00B6000207047B2F1004F07D182682E
:10FC2000D2040ED5C369002BE4D01B68ECE7B2F117
:10FC3000204FF4D0B2F1304FF1D0B2F1404FEED0BE
:10FC4000D8E703F07F03DFE737B50C46054610B968
:10FC5000212003B030BD0029FAD0002301A901936F
:10FC6000FFF7C7FF0028F4D1296811F0704102D1D5
:10FC7000019B2360EDE7AA68B1F1004FC2F3803326
:10FC8000C2F34035C2F3003207D1062103EB45032E
:10FC900001FB0233019A5343EBE7B1F1204F04D14A
:10FCA0002B4402EB82021344F4E7B1F1304F02D04F
:10FCB000B1F1404FCCD12B44ECE72DE9F3470D4691
:10FCC00090469A460446F0B1E9B106680F6806F01E
:10FCD0007049BE422AD0B9F1004F11D186EA07031C
:10FCE000B3F1805F13D3BAF1000F36D1B8F1000F32
:10FCF0001FD0A368AA68534013F4E04F19D002E064
:10FD0000B9F1404FEAD0212002B0BDE8F0870023CE
:10FD1000204601A90193FFF76CFF0028F3D1019A57
:10FD2000C2F30E0216431743BE42ECD1B9F1000FE5
:10FD3000D9DB0023694620460093FFF75AFF0028CD
:10FD4000E2D1019001A92846FFF753FF0028DBD13B
:10FD5000DDE900239A42D7D0D5E7AA68B8F1000FB1
:10FD600003D0A3685340D904CDD49304E1D4CAE7A7
:10FD7000F7B50C46054648B141B100230B60036856
:10FD800003F070430B60C268032A02D9212003B03C
:10FD9000F0BD012A70D812B143F000632360D5E9A9
:10FDA0000223900102F0407169D5B1F1407F69D022
:10FDB000002BEBD04FF00072236823F04073134305
:10FDC0002360EA68022A07D12A69032ADED823F4CD
:10FDD0007F0343EA02432360EB68032B03D12B69C3
:10FDE000F62BD3D9A370AB681A0442BF236843F43F
:10FDF00000432360EB68032B09D023682A6823F4AF
:10FE0000FF4323F07F03C2F30E02134323602B68EA
:10FE1000AE68002B06F4805740DB16F4E84FB5D1EE
:10FE20002B6806F4806603F0704303F10043B3F1DE
:10FE3000804F04D21EB1236843F480632360002303
:10FE4000284601A90193FFF7D4FE00289FD12B6813
:10FE500013F070413BD12368019A23F4FF4323F050
:10FE60007F03C2F30E0213432360002F8FD0EB6990
:10FE7000002B8BD00F208AE743F080638EE7B1F12F
:10FE8000407F04D1002B81D04FF0407294E702F004
:10FE90008072002B90D1002A8ED077E7730406F48D
:10FEA00000520DD4002A3FF471AF236843F400538D
:10FEB0002360002FB4D0236843F480532360AFE75E
:10FEC000236843F480432360002AF2D0EDE703F077
:10FED0005043B3F1004F06D0B1F1304F03D0B1F130
:10FEE000404F7FF453AF019B2268013B03F07F0337
:10FEF00022F07F0213432360002F3FF448AFEA69EA
:10FF0000002A3FF443AFB1F1004FB3D1117F71B17B
:10FF1000002E3FF43CAF43F400732360537F002B6B
:10FF20003FF435AF236843F4807323602FE7537F9A
:10FF3000002B3FF42CAF002E3FF429AFF2E773B54E
:10FF40000C46054608B921201AE00029FBD0012300
:10FF5000C6684B609E4217D8002301A90193FFF7A2
:10FF600073FE68B9019B06B11C336A699A4209D3D2
:10FF70002A69002AE7D0226043F000530020A360E2
:10FF800002B070BD1D20FBE7023E012EDBD800232E
:10FF9000F4E72DE9F0410D46044698B0002869D0F9
:10FFA000002967D000234FF000728360C0E900236E
:10FFB000036215A92846FFF7DBFE002857D120462B
:10FFC00015990CF030FDAB68DB043CD52B68002B99
:10FFD00052DA4FF00108EE696946376873682046C7
:10FFE000CDF804800093029700F0D8F8B36820465B
:10FFF00003A9CDF810800393059700F0CFF8F368BC
:020000040802F0
:10000000204606A9CDF81C800693089700F0C6F894
:100010003369204609A9CDF8288009930B9700F091
:10002000BDF8736920460CA9CDF834800C930E9767
:1000300000F0B4F8B36920460FA9CDF840800F93C3
:10004000119700F0ABF8284612A9E5F72DFE70B91C
:10005000204600F0A3F8284615A9FFF770FF30B935
:10006000204615A90CF005FD20460BF0F1FB18B059
:10007000BDE8F0812120FAE70F20F8E770B50E46C1
:10008000154604468AB000283ED000293CD0002AFC
:100090003AD00023012229463046FFF70EFE88BBE6
:1000A000F3688BBBEB68013B012B2DD84FF08073BD
:1000B000A060C4E90030206207A92846FFF758FE77
:1000C00000BB204607990CF0AEFC304601A9FFF7B3
:1000D00036FFB8B9204601A900F060F8284604A907
:1000E000E5F7E2FD70B9204600F058F8284607A968
:1000F000FFF725FF30B9204607A90CF0BAFC2046CF
:100100000BF0A6FB0AB070BD2120FBE770B50D46D1
:10011000164604468AB000283ED000293CD0002A6A
:100120003AD00023012231462846FFF7C6FD88BB9E
:10013000F3688BBBEB68013B012B2DD84FF081732B
:10014000A060C4E90030206207A92846FFF710FE2E
:1001500000BB204607990CF066FC284601A9E5F78C
:10016000A3FDB8B9204600F019F8284604A9FFF706
:10017000E6FE78B9204604A900F010F8304607A939
:10018000FFF7DDFE30B9204607A90CF072FC2046CF
:100190000BF05EFB0AB070BD2120FBE7436813B98A
:1001A000416070475B685A68012AFBD1596070470B
:1001B000FFF718BD012070470020704770B5064654
:1001C0000D4614468CB0CAB11022002108A808F0D0
:1001D00020FF002207AB029305AB019306AB00930F
:1001E0003046294608ABCDE90522E5F729FE18B9C6
:1001F000099B6360059B23600CB070BD6FF08600A7
:10020000FAE708B5FFF7EEFC002814BF6FF0920084
:10021000002008BDFFF7F5BFF0B51C4600238BB0EA
:1002200023600F461646FFF7DDFC70B968460CF0F8
:10023000F0FB054648B9324639466846E5F726FCE4
:1002400010B926600BB0F0BD25606FF09200F9E7A1
:1002500020F00803102B05D0202814BF6FF0860073
:10026000002070470020704720F0FF03B3F5824F55
:1002700006D14138C0B2012894BF00200120704748
:100280000020704710B50024436814601B0A04D096
:10029000012B0AD06FF0850010BD0088FFF7E4FF46
:1002A00000B1013100201160F6E72C31FAE7406817
:1002B00010B5000A029C04D0012807D06FF08B0013
:1002C00010BD934209D96FF08C00F9E703F12C00BF
:1002D0009042F8D8103103F11C020020C4E9041246
:1002E000EEE72B2A03460AD9012200200A80488023
:1002F0001A684A605A689B688A60CB6070476FF0E2
:10030000890070472DE9F0470F4692469946054609
:1003100094B078B171B16AB14288D31D072B4FEA0E
:10032000D3085AD0038803F4E043B3F5805F04D1C7
:10033000530708D06FF0860427E0B3F5005FF7D0CD
:10034000B3F5804F49D002AE20220021304608F09C
:1003500060FE324641462846E6F76CF90446A0B9ED
:1003600043465246394628460096FFF7A0FF04460A
:1003700058B9282201460DEB020008F04AFE0AA8EF
:100380000CF047FB28B16FF09204204614B0BDE892
:10039000F08731460AA8FFF7FCFD58B1482814BF82
:1003A0006FF092046FF085040AA8FFF71DFC002887
:1003B000EBD0E8E76B681B0A06D14A46414628465F
:1003C000FFF760FF0446EFE7524639463046FFF735
:1003D00088FF04460028F0D0E6E76FF08504D4E7F4
:1003E0002DE9F0439DB00D46DDE9248916461F46F0
:1003F0000446002868D0002966D0002A64D0002B6B
:1004000062D0B8F1000F5FD0B9F1000F5CD02022AC
:10041000002102A808F0FDFD20463246294602AB25
:10042000E6F786F90446F8B90AAD02AE0FCE0FC55D
:1004300096E80F0085E80F000C9A7B1C22F0807272
:100440000E9322F4804208F1020323F0030342F4E6
:10045000005201A90AA80D940F930C920194FFF782
:10046000F3FB28B16FF0920420461DB0BDE8F08385
:10047000019B01334345019329D82822214612A824
:1004800008F0C7FD12A80CF0C4FA0028EAD10AAAA5
:1004900002A912A8E5F722FC012812D058B1482879
:1004A00014BF6FF092046FF0850412A8FFF79CFB55
:1004B0000028D9D0D6E704233B70019BC9F800304F
:1004C000F3E76FF08B04F0E76FF08604CCE76FF092
:1004D0008904C9E7FFF716BFFFF782BF2DE9F04F88
:1004E0009FB01546DDE928AB0F46994606462A9A85
:1004F000002800F09F80002B00F09C80BAF1000FD4
:1005000000F09880002900F09580002D00F0928086
:10051000BBF1000F00F08E80002A00F08B800023DA
:10052000B0F80080CBF8003008F44F41EB00B1F593
:10053000824F13605FD15FFA88F112290ED128F043
:10054000FF01B1F5824F02BF083B5B0813601368DF
:10055000B3F5047F04BF40F20923136000232A4649
:1005600003933946304603ABE5F7AEFF0446002857
:100570003DD1039C40460734E408FFF775FE08B1FF
:10058000013D01370DF1100820220021404603945F
:1005900008F03FFD214642463046E6F74BF8044658
:1005A00028BBC6460DF1300CBEE80F00ACE80F00CA
:1005B0009EE80F008CE80F00EB1C214623F003039C
:1005C000282214A8CDE90F47119308F022FD2B46ED
:1005D000524649463046CDF80080FFF768FE044693
:1005E00028B914A80CF015FA38B16FF0920420461F
:1005F0001FB0BDE8F08F2C46C4E742460CA914A8F2
:10060000FFF73CFD98B9524649464046FFF769FE60
:1006100004460028EBD15A4629463046FFF732FE01
:10062000044614A8FFF7E0FA0028E0D0DDE76FF0F9
:100630009204F6E76FF08604D9E72DE9F0479CB005
:100640000C46DDE9249A15461F468046002866D0F0
:10065000002964D0002A62D0002B60D0B9F1000FCD
:100660005DD0BAF1000F5AD08368DB075AD520223B
:10067000002102A808F0CDFC21462A46404602ABE4
:10068000E6F756F8044638BB0AAD02AE0FCE0FC5EA
:1006900096E80F0085E80F0001A90AA8B8F80050F5
:1006A0000194FFF7D1FA01462846FFF7DDFD012846
:1006B00004BF042307F8013B4FF0000308BF09F112
:1006C000FF39CDE90D3709F1030323F00303054694
:1006D0000F9329B16FF0920420461CB0BDE8F0875B
:1006E000019B4B4521D8282212A808F092FC12A8A1
:1006F0000CF08FF90028EDD10AAA02A912A8FFF781
:1007000005FD48B9019B2B44CAF8003012A8FFF739
:100710006BFA0028E0D0DDE76FF09204F6E76FF0A7
:100720008604D9E76FF08404D6E76FF08904D3E735
:1007300010B4048804F4E044B4F5805F06D0B4F546
:10074000005F03D05DF8044BFFF7DCBD6FF0850060
:100750005DF8044B704770B40488DDE9035604F477
:10076000E044B4F5804F04D0CDE9035670BCFFF7E8
:1007700037BE6FF0850070BC7047F8B51E46038821
:100780000F4603F44F43B3F5824F154610D1089B33
:10079000E5F79AFE044648B9069B9D420BD82A46C7
:1007A0003946304608F03DFC079B1D602046F8BDE9
:1007B0006FF08504FAE76FF08904F7E7E5F768BDA5
:1007C000F0B5044617461E460D468DB0D1B1C8B1EE
:1007D0002022002104A808F01CFC3A4629462046A5
:1007E00004ABE5F7A5FF58B9169B31460293159B5C
:1007F00004A80193149B0093DDE91223E6F7A6F801
:100800000DB0F0BD6FF08600FAE7E6F7BFB910B49F
:1008100013460C46014640B104B932B9224601F1F3
:1008200060005DF8044BE6F71FB96FF086005DF8D5
:10083000044B704713B50C46014650B14CB142B160
:100840003BB10093603013462246E6F74BF902B005
:1008500010BD6FF08600FAE708B528B19822002194
:1008600008F0D7FB002008BD6FF08600FBE7E5F736
:100870008FBDE5F70DBDF0B5044615461F460E4683
:100880008DB019B96FF086000DB0F0BD0028F9D019
:100890002022002104A808F0BCFB2388CDE90865CC
:1008A000B3F5105FEED16388C02B16D0B3F5807F0F
:1008B00015D0802B15D110208542CDE90400E1D35D
:1008C000169B39460293159B04A80193149B009331
:1008D000DDE91223E6F73AF8D6E71820ECE7202006
:1008E000EAE76FF08500CFE7F8B50E4614461D46DF
:1008F000074600283DD0E1B302B9D3BB5C220021FA
:10090000384608F086FB31463846069AE6F788F8FE
:10091000A0B97288D208182ABA6510D0202A1BD034
:10092000102A26D10F2D24D907F1380304F1100223
:1009300054F8041B944243F8041BF9D1F8BD172D59
:1009400017D907F1380304F1180254F8041B944234
:1009500043F8041BF9D1F1E71F2D0AD907F1380339
:1009600004F1200254F8041B944243F8041BF9D10B
:10097000E4E76FF08600E1E7FFF7B6BF70B50D461C
:100980001646044688B098B101B98AB900212022E0
:10099000684608F03EFB21466846E6F733F928B979
:1009A00033462A4669462046E6F75EF808B070BD31
:1009B0006FF08600FAE7F0B50D4616461F4604466E
:1009C0008BB0A8B1A1B19AB193B10021202202A8A5
:1009D00008F01FFB214602A8E6F714F930B93346A8
:1009E0002A462046009702A9E6F77CF80BB0F0BD36
:1009F0006FF08600FAE708B528B15C22002108F004
:100A000008FB002008BD6FF08600FBE7E5F7C0BCDF
:100A100008B50CF0A1F8002008BD00F005B809B138
:100A2000E6F712B92220704700207047E6F756B962
:100A3000E6F738BBE6F772BBE0F736BE40B2E6F742
:100A40009FBB0E2070470E2070477047704770475D
:100A5000F8B50C468D18073552421540A5F1080728
:100A60000646384600F03AFAA188381B628801EB46
:100A7000E00189B2A2EBE00225F8041C25F8062C5F
:100A8000A288C310AAB1A4EBC202B2F802C0D180FE
:100A900003EB0C015180E28892B1D31A9BB204EBB4
:100AA000C20425F8023CA380B3680344B36038460F
:100AB000F8BD15F8082C42F0020205F8082CEAE708
:100AC00025F8022CF0E72DE9F04F4FF0000887B031
:100AD0009946531C109B0546174614BF144608241C
:100AE000CDF81480002B00F0C580C3F800800029E9
:100AF00000F0C28042688A4240F2BE80073121F095
:100B000007060BF052FF05AACDE9008282463A465D
:100B10004B463146284600F0E5F9059F834607B16C
:100B200030B950460BF03CFF192007B0BDE8F08FFC
:100B3000B7F8028029694FEAC802C0EBC80801393A
:100B4000B8F1270F29617AD9B9F1000F51D1864246
:100B500006F1080848D0224639462846FFF778FFB4
:100B600004460590059B9844404600F0B7F9059966
:100B700006F10F004A88C308A2EBD002A8F80220B1
:100B8000CA88A8F80430002A30D0D31A9BB201EBEF
:100B9000C202A8F8063093808B88F608A380B8F8C4
:100BA00004303A46E380414600232846668000F040
:100BB00006FAAB680833AB60237843F00103237077
:100BC0002B6901332B616288AB68504603EBC2038B
:100BD000EA68AB60934288BFEB600BF0E1FE109BCC
:100BE000083400201C60A0E73C46BBE7A8F80620BC
:100BF000D2E707EB08042046039200F06FF90BF1EF
:100C00000703DB080599638008F10703DB08A3806D
:100C1000CB8893B1DB00039AD81D821A5A44C2F3E1
:100C2000CF020B44E2809A80A38808F1FF384FEA94
:100C3000D808A1F80280CB80BBE7E380F4E7B9F1E4
:100C4000010F1BD107F10803B3FBF4F204FB1233CD
:100C5000B3B1224639462846FFF7FAFE0446237808
:100C60003A4643F00103237021460123284600F051
:100C7000A6F9A8E7222058E7212056E78642E8D1C6
:100C80003C46ECE707B500224FF0FF3101AB019283
:100C9000E6F7E0FA019803B05DF804FB07B50093AE
:100CA00013464FF0FF32FFF70EFF03B05DF804FB71
:100CB0002DE9F74F05460C46002900F0DC80D0E90D
:100CC00005680BF072FE14F8087C34F806CCFB07BC
:100CD000009002D5BCF1000F06D100980BF060FE29
:100CE000012003B0BDE8F08FAB68D5F8109034F860
:100CF00004ECA3EBCC0B09F10103A4F108010CF106
:100D00000102C5F808B02B61BEF1000F39D0A1EB8C
:100D1000CE03D888B3F802A00190187807F0020734
:100D2000C00723D41FBB0198A0EB0A07012F28D1CD
:100D30000CF10202ABF108075244C5F81090AF6005
:100D400034F802ECBEF1000F1DD114F8081C24F891
:100D500006EC6EF3000104F8081C013A5A801A7878
:100D60006EF300021A700022DA8040E04FB114F8EE
:100D7000087C72446FF3410704F8087C00279F80C9
:100D8000DEE70B46DCE701EBCE0AD5E9007007EBA6
:100D90000009CA450ED314F8081C013A6FF300018C
:100DA00004F8081C002124F8061C5A801A7861F304
:100DB0000002D7E711F83E10574611F001012FD07D
:100DC00014F8081C013A6FF3000104F8081C002114
:100DD00092B224F8061C5A801A7861F300021A7045
:100DE000C3F107023A44C2F3CF02DA80BA80002E80
:100DF0003FD0B3423DD37288002A08BF1E46B8F1E7
:100E0000000F06D0434504D8B8F80220002A18BFC6
:100E100043460098C5E905630BF0C2FD002060E77A
:100E2000AEEB0C0EBEF1010FCAD1BAF802C0AAF89F
:100E300002109444BAF80620CAB10AEBC207002196
:100E40002A69013A2A61AA68083AAA6014F8082CAB
:100E500024F8061C6FF3000204F8082C1A78A3F893
:100E600002C061F300021A70002FB9D17BE7174668
:100E7000E5E71E46C3E7222033E710B50446E6F750
:100E80000FFA2146BDE81040FFF712BFFFF7F5BF8C
:100E900070B5049E15461A4696B1002333608DB195
:100EA00081B14D4333462946FFF7F8FE044628B981
:100EB000306818B12A46214608F0ABF8204670BDCC
:100EC0002224FBE72124F9E707B5002201AB0192B8
:100ED000E6F7CEF9019803B05DF804FB0023036048
:100EE00043607047F0B5D0E90540551C08BF0822A3
:100EF000002B4FF0000518BF0446DDF818C0CCF8F1
:100F00000050002C37D09DF814706588FF0007EB67
:100F1000C505C2F1000E2078C00708D51BBBE088CC
:100F2000A0B104EBC004658807EBC505F3E78D426B
:100F3000F4D363B904F10806B6FBF2F002FB1066C5
:100F400070180EB1A842EAD8CCF80040F0BD082ACB
:100F50000FD06088013004EBC000461A06EA0E0686
:100F6000801B8542F0D2A0880028EFD0A4EBC004FB
:100F7000D9E70846E8E72046E8E7034610461A693D
:100F8000DAB108B921B918680378DB0702D47047D1
:100F90009869F9E739B9C3887BB100EBC3000378DE
:100FA000DA07F8D47047012907D183882BB1A0EB69
:100FB000C3000378DB07F8D47047002070472DE9A1
:100FC000F041D0E90545074688461646F3B19442FC
:100FD0000FD042B1954215D1424601213846FFF764
:100FE000CCFF05460EE00A463146FFF7C6FF044631
:100FF000F2E70A460021FFF7C0FFB5420446EBD0F6
:10100000002EE9D0C7E90545BDE8F081944208D03B
:101010008C4228BF0C46B54205D0454538BF4546F1
:10102000F0E70C46F7E74546ECE770B500261C46AE
:10103000C3E90001C3E90266C3E905001E611A772E
:101040005E62FFF74BFF23690139C9080133418014
:101050002361A36830460833A360E3680833E36084
:1010600070BD08B5E6F70EFA08BD002307B568465F
:1010700000938DF80430E3F707FB03B05DF804FB41
:1010800010B50BF089FC04460AF00AFE2046BDE8C4
:1010900010400BF07CBC4FF4C870E6F785BA70477F
:1010A000704708B5FDF7D8FEFDF7E1FEFDF7E1FE5C
:1010B000FDF7F0FEBDE80840FDF7F7BE08B5E6F71E
:1010C000B9F8FFF7ECFFE6F76FF8E5F72DFFFFF74C
:1010D000ADFCE6F701FAE6F757FBE6F7F9F8FFF79C
:1010E000DFFF00F007F8FDF7C0FEBDE80840FFF79E
:1010F000D8BF704708B5FDF7AAFEFDF7A9FEFDF7BA
:10110000A8FEFDF7A8FEFFF7F4FF08BD08B5FDF740
:10111000CDFEFDF7CCFEFDF7CBFEBDE80840FDF7A8
:10112000C9BE00F000B807B513200DF10601FFF7A6
:1011300076FCBDF8060003B05DF804FB704770470D
:10114000F1F7A0BDF1F74CBC002303600E207047FF
:10115000704710B5044608B1E6F75CFC2046BDE8D0
:101160001040FFF793BE00F4E040B0F5805F04D07C
:10117000A0F50053584258417047012070472DE9AF
:10118000F0411F4600F0FE4386B0B3F1106F1646E3
:10119000DDE90CCEDDF838800BD120F01F6424F49B
:1011A000702434B9D1E908234C68240A04D0012CF6
:1011B0000CD06FF0850006E0CDE903E8CDE9017CB5
:1011C0000096FFF723FC06B0BDE8F081CDE903E807
:1011D000CDE9017C0096FFF74AFBF4E73AB100291C
:1011E00018BF00232121D21A184407F012BF7047FC
:1011F00038B5037904460D464BB9636900202B606E
:10120000237E012B0AD028606FF0960005E0D0E91C
:10121000081200F0C2FE0028EFD038BD022323766A
:10122000FBE72DE9F04F9B46002389B08DF81B307A
:10123000159B9246DDE91278002B89460B460CBFC0
:101240004FF400624FF4806207A9149EE6F728FD70
:10125000044620BB079D484629880DF11B02E6F78E
:101260008DFD0446D8B99DF81B00404541D8D5E90D
:1012700008126B681B0A012B30D0022B12D0002BF6
:101280003AD1CDE903064B462846CDE901B7CDF862
:1012900000A0FFF7F0FA10F1860F04460DD1C6F852
:1012A00000800CE0CDE903064B462846CDE901B7A6
:1012B000CDF800A0FFF7DFFA0446002CEFD142463C
:1012C000214638463368FFF789FF079800F034FE5F
:1012D000002C18BF204609B0BDE8F08FCDE9030609
:1012E0004B462846CDE901B7CDF800A0FFF768FAD4
:1012F000E2E76FF08904D2E76FF08604CFE70023BE
:101300002DE9F3414668D0F8148004460F46304674
:101310001146136000F012FE054688B9304600F011
:101320000FFE054660B9F6B276B9B8F1000F05D1E7
:10133000A06820F47F4020F0030060B16FF08605C4
:10134000284602B0BDE8F0810146606900F0CEFD9C
:101350000028EDD1F2E74FF6F87362889A4219D867
:1013600094F80480B8F1000F00D101A83946E6F7DF
:1013700005FF05460028E3D10FCC3F683E460FC667
:1013800094E8030086E80300B8F1000FD8D1019B70
:101390007B61D5E76FF08505D2E741F205239842DE
:1013A0001AD8B0F5905F09D241F2010398420CD0EF
:1013B000B0F5885F09D06FF0850070472923A0F54C
:1013C000905080B2C340DB07F5D511F0070F0CBF7A
:1013D00000206FF086007047B0F5105FEBD121F070
:1013E0004003802B06D0B1F5807F0CBF00206FF04A
:1013F000860070470020704770B5046A05460E46A7
:101400003CB90120FFF760FD286228B120466E62DA
:1014100070BD6FF08A00FBE76FF08C00F8E7F8B55D
:101420000F46114606461546FFF7E6FF044620B96B
:101430002A463946306A07F0F4FD2046F8BD2DE90A
:10144000F041089D88461F46048802B32046FFF7F6
:101450008AFEE0B12B680BB9D3002B6020462968C7
:10146000FFF79BFF044678B9CE1DB2EBD60F11D122
:10147000069B9A4211D84146384607F0D2FD2B68A8
:10148000079A0733DB0813602046BDE8F0816FF050
:101490008504F9E76FF08604F6E76FF08904F3E757
:1014A0002DE9F04F456885B02D0A0446DDE90E6749
:1014B000894692469B46DDF8408006D0012D18D023
:1014C0006FF0860005B0BDE8F08FCDE90178009699
:1014D000FFF753F910F1860FF4D15B4652464946A7
:1014E0002046CDE90F780E9605B0BDE8F04FFFF726
:1014F000A6BFCDE90F780E9605B0BDE8F04FFEF718
:10150000EDBF10B50446006A10B1616AFFF721FE15
:101510000020C4E9080010BD38B50546FFF7F1FF0B
:101520002B7E0446012B0ED0023B012B0ED8EB691B
:10153000012B18BF6FF0960428220021284607F0DF
:1015400068FD204638BDEB69002BF2E76FF096048A
:10155000F2E713B50446C0B101A9E6F74FFE044611
:1015600098B9019B1A7E022A12D103221A761A799F
:10157000FF2A10D01AB1586900F0F4FC0446019813
:1015800000F0C5FC002818BF0446204602B010BD7C
:101590006FF09604F3E76FF08404F0E773B5054647
:1015A00008460C4600F09DFB002328461A4601A978
:1015B000E6F776FB50B9019E35460FCD0FC495E88E
:1015C000030084E80300304600F0B6FC02B070BDB2
:1015D00070B5144602881D461046049EFFF7C3FDF1
:1015E00068B944F2010322F44050984207D002F453
:1015F0004F42B2F5824F02D0B2F5844F0ED1B442C1
:101600000FD82246284607F00CFD0021321B28196E
:1016100007F0FFFC0020059B1C6070BD6FF085008B
:10162000FBE76FF08900F8E7F0B50F461E46154658
:1016300085B04AB300230122336003A9E6F730FBEB
:10164000044658B903984368D0E908121B0A08D029
:10165000012B13D000F070FC6FF08604204605B01B
:10166000F0BD3B46CDE90056FFF7B2FF04460398B4
:1016700000F062FC002C08BF0446EFE73B46CDE9D2
:101680000056FEF7DAFFF1E76FF08904E6E770B580
:1016900014460288049D02F4E040B0F5804F1CD14E
:1016A00044F2010022F44056864207D002F44F4231
:1016B000B2F5824F02D0B2F5844F0ED1AC420FD8B2
:1016C0001846224607F0ADFC00212A1B204407F0F3
:1016D000A0FC0020059B1C6070BD6FF08500FBE73F
:1016E0006FF08900F8E7F0B50F461E46154685B045
:1016F0000AB3002303A91A463360E6F7D1FA044679
:1017000038B9039803885B0406D400F015FC6FF029
:101710008604204605B0F0BDCDE900563B46D0E931
:10172000081200F0ABFB0446039800F005FC002C07
:1017300008BF0446EDE76FF08904EAE72DE9F041C0
:101740001F46002388B0054688461646CDE9043377
:1017500007923B60002A60D0B2F1005F60D205AA18
:1017600004A9FFF7CCFD0446A0B9049B1A6ABAB1DC
:10177000049B41465A882846069206AA029203F123
:10178000240201925A6A00921B6A3246FFF788FED1
:101790000446F8B10498002835D0FFF7BDFE32E0CA
:1017A0006B681B0A07D107990498FFF725FE0446CA
:1017B0000028DDD0EEE7012B03D007926FF08604FE
:1017C000E8E7284607A9079600F08FFA04460028A4
:1017D000E9D0DFE70498069B4288C2B943804FF600
:1017E000F872934216D82B8813B102889A42E5D139
:1017F0006B8813B142889A42E0D13946FFF7F8FC72
:1018000004460028C6D1204608B0BDE8F0819A42BF
:10181000D4D1E4E76FF08504BCE76FF08604F2E70B
:101820006FF08504EFE710B50446006868B104283E
:101830000CD005280FD06FF0860000232360A3880A
:1018400023F4FF7323F00103A38010BD04F108000B
:10185000FFF7D1F8F1E704F10800FEF7FDFFECE730
:101860002DE9FF4105469846002303932B6808465F
:101870001746002B52D1B8F1000F134603A914BF2D
:101880004FF480624FF40062E6F70AFA044600283B
:1018900046D1039E384631882A1DE6F76FFA044682
:1018A00000283DD16B7968F300036B717168D6E94C
:1018B0000823090AB8F1000F1DD0012911D002290F
:1018C00000D0B9BB3146009705F10800FFF70CF8CE
:1018D000044628BB042303982B6000F02DFB04462C
:1018E00024E03146009705F10800E5F74FF904467A
:1018F000B0B90523EFE7012909D0022900D0C9B901
:101900003146009705F10800FFF736F8E0E7314669
:10191000009705F10800FEF778FFE8E76FF088040C
:101920002846FFF780FF039800F006FB204604B02E
:10193000BDE8F0816FF08604F2E70123FFF790BF66
:1019400038B505462B68D3B112B90024204638BDFE
:10195000042B07D0052B0DD06FF086042846FFF727
:1019600062FFF3E705F10800FFF708F804460028D6
:10197000EBD0F3E705F10800FEF749FFF6E76FF05B
:101980008804E3E72DE9F041054600680E46174656
:10199000984648B36A79D20726D52A7922B3BA4243
:1019A00025D804280ED0052819D06FF0860400230E
:1019B000C8F800702B71EEB92846FFF734FF2046B7
:1019C000BDE8F08105F10800FEF7F5FF04460028A8
:1019D000EDD17EB92846BDE8F041FFF724BF05F1FF
:1019E0000800FEF727FFF1E76FF08804DFE76FF0EC
:1019F0008904DCE721463A463046D8F80030FFF744
:101A0000EDFB2846FFF70FFF002C08BF0446D6E782
:101A10001FB501240394089C0294079C0194069C22
:101A20000094FFF7FEFB04B010BD036819430CBF20
:101A30000120002070472DE9F04707469A46002311
:101A400086B0059307F0FE43B3F1106F0846DDE959
:101A50000E589146109E0BD0002D48D12846356077
:101A600000F06AFA6FF08604204606B0BDE8F08701
:101A70003B464FF4804205A9E6F712F9044628B127
:101A800075BB3560059800F057FAEDE705990B88AE
:101A900023F0FF03B3F5E24F02D0B3F5E44F0CD1CE
:101AA0004B880733B8EBD30F07D21DBB0846356010
:101AB00000F042FA6FF08904D6E753464A463846AA
:101AC000CDE901860095FFF75AFB04463DB905981C
:101AD000356000F031FA002C08BF0446C4E760B15D
:101AE00041462846E6F7BEF8C6F80080CAE76FF020
:101AF0008604F5E76FF08904F2E7059800F01CFA18
:101B00000446B1E7E6F7AEB808B50088DDE9022182
:101B1000FFF729FB20B1BDE808401046E6F7A2B860
:101B20006FF0850008BD2DE9F04F1F46002389B0F6
:101B30009046129ACDE905331360438805460E4658
:101B4000002B00F0CB80038803F4E043B3F5804F13
:101B500000F0C48039463046FFF767FF002800F0E8
:101B6000BD80284606AA05A9FFF7C9FB0446002840
:101B700040F08180059A6B68126A8AB1059B9A468B
:101B8000D3F820B06B685AF8249F1B0A78D0012B39
:101B900000F09D806FF086040598FFF7B2FC6AE0C4
:101BA0001A0A61D1B5F800A069885046FFF7DBFA40
:101BB00080B15046FFF7F1FB044600285BD10AF4E0
:101BC000E043B3F5805F02D0B3F5005F0AD107317F
:101BD000CA0817E02AF0FF03B3F5E24F37D06FF0E1
:101BE000850448E00AF44F43B3F5844FEFD047F241
:101BF00001039A450FD149080131C90801EBC10120
:101C000001F13B02079207990598FFF7F5FB04469F
:101C10000028B3D02FE044F201039A4503D1C9084C
:101C200001F11002EEE747F202039A4505D1C90817
:101C300001EB410101F15A02E4E744F202039A4543
:101C400005D1C90801EB410101F14A02DAE72AF0A6
:101C5000FF00B0F5E24FBAD0B0F5824F01BFCC1D06
:101C6000E4086400621CCDE7284607A900F03DF8AF
:101C700004460028C7D0059828B3FFF74DFC22E0A2
:101C80002B885B040BD43B46424631462846CDE9BF
:101C9000019ACDF800B0FFF737FF044609E053463C
:101CA0004A4659462846FEF743FD10F1860F044682
:101CB000E9D00598002C7FF46FAF1299FFF798FADE
:101CC00004460028D7D1204609B0BDE8F08F53461E
:101CD0004A4659462846FEF7FDFBDEE76FF08604CC
:101CE000F1E71822002107F094B9426870B5120A92
:101CF0000588438806D0012A56D000236FF086005D
:101D00000B6022E005F4E042B2F5805F02D0B2F54C
:101D1000005F05D10733DB0840D16FF0850014E088
:101D200005F44F42B2F5844F03D10733DB080AD1E3
:101D3000F3E747F20102954208D15B080133DB0863
:101D400003EBC3033B3300200B6070BD44F2010280
:101D5000954202D1DB081033F5E747F202029542C3
:101D600004D1DB0803EB43035A33ECE744F20202ED
:101D7000954204D1DB0803EB43034A33E3E725F044
:101D8000FF05B5F5E24FD0D0B5F5824FC5D1073389
:101D9000DB085B000133012BD5D1BEE725F0FF0541
:101DA000B5F5824FCFD1F6E705F4E046DC1DB6F578
:101DB000805F25F0FF024FEAD40002D0B6F5005F45
:101DC00006D100284AD0B2F5824F07D1034640E041
:101DD00005F44F46B6F5844F02D190B3C31C32E0F0
:101DE00047F20106B5420DD15B080133DB0803EB76
:101DF000C3033B330333800723F0030335D1072CA0
:101E000023D132E044F20106B54202D1DB0810339F
:101E1000F0E747F20206B54204D1DB0803EB4303C7
:101E20005A33E7E744F20206B54204D1DB0803EB7C
:101E300043034A33DEE7B2F5E24FCED0B2F5824F2C
:101E400005D00B68033323F003032C337BE74300F7
:101E50000133012B00D10B68013BCBE7B2F5824F78
:101E60000B6806D0033323F00303B2F5824FECD1A5
:101E700002E0023323F003030433E6E72DE9F347DE
:101E800045680446DDE90A672D0A884691469A4668
:101E900006D0012D16D06FF0860002B0BDE8F087A5
:101EA000CDE90067FEF757FC10F1860FF5D15346D8
:101EB0004A4641462046CDE90A6702B0BDE8F047F0
:101EC000FFF7E5BBCDE90A6702B0BDE8F047FEF7D2
:101ED00003BB037E022B06D1C3695A1C03D0013316
:101EE000C361002070476FF09600704703466FF0A3
:101EF00040420846591E914207D338B103F140438E
:101F000093428CBF00200120704701207047034698
:101F100068B1017E8A1E012A0BD80329C26903D148
:101F2000012A01D1FFF7F8BA1AB1013ADA610020AB
:101F300070476FF096007047FFF7E9BF00207047C9
:101F4000C0B2FF280CBF6FF086000020704707B5B5
:101F500000216A46FEF732F98C3018BF012003B029
:101F60005DF804FB13B500216A460446FEF726F926
:101F70008C3002D1002002B010BD00212046E4F7D1
:101F800045F9014610B16FF09800F4E76A46204623
:101F9000FEF714F98C30EDD0F5E72DE9FF41074647
:101FA0001446884600293FD0002A3DD0B2F5005F94
:101FB0003DD202F1240631460120FEF785FF054699
:101FC000C0B303463A4621464046E6F775F97F69B5
:101FD00000243846FFF7BBFF01281FD021462B46BF
:101FE000324638460094E4F74FF80146C8B93846FF
:101FF00002AAFEF7E3F8044620B9029B9E4205D0F0
:102000006FF0980438460021E4F700F9314628467D
:10201000FFF79FF8204604B0BDE8F0816FF08A0416
:10202000F4E76FF09804F1E76FF08604F2E76FF0E1
:102030008D04EFE76FF08C04ECE7FFF78AB82DE929
:10204000F047D0F814A086B081468846174650461F
:10205000002104AAFEF7B2F8044610BB049E01203A
:102060003146FEF731FF0546002837D0214650465D
:1020700004AA0394FEF7A2F8044670B903AB024623
:102080002146CDE9005350463346E4F769F8039BF7
:1020900004469E4209D06FF0980431462846FFF767
:1020A00058F8204606B0BDE8F0870028F5D13B4639
:1020B000424631462846CDF80090E6F71BF9044623
:1020C0000028EAD1D8F800302BB13B68002B08BFBC
:1020D0006FF09104E1E76FF09104DEE76FF08C049C
:1020E000DFE78B69184700207047704770474FF053
:1020F000000070470020704770477047002070470D
:102100000020704700207047002070470020704773
:1021100070477047002070477047112070470020BB
:1021200070477047704750E8003F0B4340E800326B
:10213000002AF8D17047C94350E8003F0B4040E8FF
:102140000032002AF8D17047431E032B06D8DFE87F
:1021500003F0020402040320704704207047704714
:10216000002070470020704770477047002070477C
:1021700000207047704770477047704700207047D5
:10218000002070477047704770470020704700205C
:1021900070477047002070470020704770474FF02D
:1021A000FF3070470020704770477047002070472D
:1021B000002070474FF0FF3070471120704700201B
:1021C00070470120704700207047002070470020B2
:1021D000704770477047704701F059BB38B50446E7
:1021E0000AF0E3FBD4E90A1205462046E6F7CCF8EC
:1021F000B4F84C10B4F84E20E060521A40F271214D
:1022000001FB020303F59C53083328462361BDE814
:1022100038400AF0C5BB08B52030FFF784FFBDE8A1
:1022200008404FF08050F0F7E7BB38B50D46044644
:102230000830E7F753FE85F001010025204602F043
:102240008DFEE06BA56110B1E7F754F9E56304F189
:102250004000BDE8384007F062B810B5044619B335
:1022600090F856208AB190F857300133DBB29A4289
:1022700080F8573009D10121FFF7D7FF4FF0807167
:102280002046BDE81040FFF7C6BF236ADA030BD52E
:10229000636A62689B1A002B06DA01212046FFF769
:1022A000C4FF4FF08061EBE7236A1B0424D402F0E3
:1022B000BFFF1123B0FBF3F394F9682003EB031382
:1022C000C01A83B212FA80F0102888BFC3F110033D
:1022D0005BB2083A1A4484F8682040F27121B4F8DD
:1022E0004C2020461A44636801FB023301216360DD
:1022F000BDE8104002F043BE0023EEE72DE9F74FA2
:1023000016461D4682699DF85830044688460E9F41
:102310009DF840909DF848B09DF850A00193002A88
:1023200040F0D28005F01C021C2A04BF0626B046ED
:10233000EB0600F1A98005F00302032A08BF05F0AF
:10234000FD0505F0F70505F01402142A40F0A08001
:10235000A80600F1AA80BDF844209DF85C00A4F80E
:102360005420FFF7F1FE00221BF0020F84F86900F1
:10237000A26740F09D801BF0040F00F09B8000F0EE
:10238000FD00012814BF0323042384F874309DF852
:102390006000FFF7D9FE00231AF0020F84F88E00C8
:1023A000C4F8883040F088801AF0040F00F086806E
:1023B00000F0FD00012814BF03210421606C84F8A3
:1023C0008410FFF7A9FE49F6FF7104F12000FFF722
:1023D000B2FEFF2384F85A30019B1BB1236A43F4F9
:1023E0008053236205F01803182B02BF236A43F4BD
:1023F00000432362236A6A0723F4C04323620CD498
:1024000019F0010F1CBF43F400532362236A19F033
:10241000020F1CBF43F480432362236AA4F8505088
:102420002B43236204F16203002F49D03A68C4F8B9
:102430006220BA889A809DF83430012B03D14FF482
:102440008061FFF770FE236A9DF8302023F440730B
:1024500043EA0223236202F0EBFE9DF85430C0F3FE
:102460000B0040EA03309DF83C30A4F88C00A4F83F
:102470004C802046A4F84E6084F85830FFF7AEFE3A
:10248000002003B0BDE8F08F4FF0010AD3465AE7B1
:1024900000222046A16AE5F777FF40F271227243DD
:1024A0008242BFF455AF4520EBE705F0FC0552E74B
:1024B00002236AE7012368E702217FE701217DE724
:1024C000C4F862709F80BEE70C20DAE72DE9F7437D
:1024D000894617460446019330B901A806F01FFF4C
:1024E000422003B0BDE8F083012920D0022910D09A
:1024F00089B98369C3B900F128054FF40036236A0E
:10250000D9061ED55A0726D501A806F008FF0020D7
:10251000E7E7406C20B901A806F001FF0C20E0E7D6
:102520001946FFF7FAFDDCE700F13005E5E78369BE
:1025300023B900F12C054FF48026E0E700F13405C3
:10254000F9E79B0707D5B9F1000F04D101A806F000
:10255000E6FE1220C5E704F1200840463146FFF7A9
:10256000EAFDF80702D5284606F0D9FE019921B107
:10257000284606F0BBFF00230193286806F054FFAD
:10258000236AD90605D51F2801DC032F16D028465B
:10259000DDE740F27262904204DD284606F0BFFE9D
:1025A00007209EE7B9F1000F08D1BF2806DD9A0782
:1025B00004D0284606F0B3FE452092E72046D4E931
:1025C0000C12E5F7E1FEA36983B140F27122B4F881
:1025D0004C305343984209D9B4F84E308342E8D383
:1025E00000F51C70B0FBF2F0A4F84C000AF0DDF925
:1025F000A36905467BB1BB070DD531464046FFF7C1
:1026000092FD6368C3F57A7602F053FEF04202D57C
:102610002046E9F785FE28460AF0C2F977E708B5B3
:1026200048B1CB0701D4002008BD4FF48011203001
:10263000FFF779FDF7E74220F6E708B548B1CB0789
:1026400001D4002008BD4FF480112030FFF773FD46
:10265000F7E74220F6E7E6F77FB938B58369044625
:102660000D463BB1036A13F0010011D194F85930C3
:10267000FE2B0CD004F120004FF40011FFF753FDA6
:1026800001202B68C4F85B30AB88A4F85F3038BDFC
:102690000020FCE7036A10B5044613F4602025D03F
:1026A0009A0307D504F1280006F039FE236BA362D4
:1026B00000232363236A5B0307D504F12C0006F093
:1026C0002EFE636BE362002363634FF4602104F129
:1026D0002000FFF730FD2046FFF780FD0120B4F811
:1026E0008C305A1C62F30B03A4F88C3010BD10B56B
:1026F0000446403006F0FAFE2046BDE810404FF098
:102700000071FFF788BD012313B54189009304468A
:102710008389C289084601F01DFDE0B1E279531EAC
:10272000072B1AD86389934217D922899A4214D861
:10273000237C43B9637C33B9A37C23B9E07C10B913
:10274000237D0F2B07D9607D1B3000F01F000B2865
:102750008CBF0020012002B010BD0020FBE7F8B5BF
:102760008D790C460C354B5D4F1903F0400343F057
:1027700004034B550623B91C7B70164600F00FF876
:10278000635D002E60F386136355A3797A7803F1B5
:1027900002031344E371A4BF06367E70F8BD37B55B
:1027A0000246136A084603F4007403F48015DB053F
:1027B00005D47CB902F0C6FC204603B030BD4CB94C
:1027C000B5FA85F4D2F85B1064090160B2F85F20B5
:1027D0008280F1E7019092F95A30B5FA85F40093BE
:1027E00000231A4619461846FFF7E7FC6409E3E799
:1027F00050E8003F0B4340E80032002AF8D1704710
:10280000C94350E8003F0B4040E80032002AF8D1AD
:10281000704738B505460C4602F02DFE20B149F64A
:1028200040439C4228BF1C46EA68A2420BD240F2B9
:102830007121B5F87A304B43934238BF1346A34217
:1028400028BF23461A462A6138BD03469A6A443097
:10285000920404D5D3F82821998FECF715BB93F88F
:102860006F10ECF707BB0020704701207047002075
:102870007047704700207047002070470120704764
:10288000C82070470020704700207047704770478D
:102890001120704770477047002070477047002034
:1028A00070477047012070477047704790F8852047
:1028B00010B5531C03F00F03072B28BF0023044659
:1028C00063F30302034480F8852083F87E1090F8B8
:1028D00085306F2B4FEA13129EBF013262F307134C
:1028E00080F88530FFF7E1FF204694F83011FFF7BC
:1028F000CEFF10BD70477047704710B101F1B000B6
:10290000704701F1D4007047F8307047806A704713
:102910002830FFF76DBF2830FFF772BFC06A7047DD
:102920002C30FFF765BF2C30FFF76ABF00F59C70B5
:10293000704708B50B79DB0702D4FFF7DBFF08BD52
:1029400091F90510BDE80840FFF7B0BF70B540F23F
:10295000712606FB01F345685643826A1D4412073F
:10296000044645600ED500F14005294600F13402C9
:10297000E7F7CEFD334629462046BDE870400122E8
:1029800001F0DEBB05EB5605456070BD836A590555
:1029900005D4D0F8A03013B15B799A0708D4D0F8E9
:1029A000A40000B9704743799B0701D40068F8E799
:1029B0000120704780F87710704738B504460D46FF
:1029C000E6F78CFA80B2FFF7CDFB78B14288022D92
:1029D000A08F11D0032D0BD0012D06D1238F626B58
:1029E0001B01B3FBF2F3184480B238BD0122EEE7BD
:1029F0004FF47A43626BF4E7638F5B00073313FB9A
:102A00000200F1E738B5044601F085FD04F1A400A9
:102A100006F085FC04F1A80006F081FC04F1AC008E
:102A200006F07DFC04F1A00006F079FC2046E6F7F4
:102A300055FAC4B22046FFF761FB05462046FFF772
:102A40005FFB01462846FFF758FB38BD38B5836A5F
:102A500004461B0713D50246B0F87C3052F8341FE9
:102A60004B4340F271214B4300F14001E7F750FD29
:102A7000236C20469D08E6F789F92844E06040F27F
:102A80007125616B204601396943FFF7C2FE636B14
:102A9000B4F87C2020465A436368012105FB0233C9
:102AA0006360BDE8384002F06ABA38B5D0F8343116
:102AB000044600F5947543B3B3F90030A4F83231FD
:102AC0002046E6F70BFAC0B2FFF7DAFE94F8303191
:102AD00094F8312104F1440102F0C6FC0146284675
:102AE000EBF778FFD4F83431B4F9322183B1B3F97C
:102AF00000309A420FD0A36A9B030CD52046BDE854
:102B000038404FF40041E6F7FFB947F6FF73D5E7C9
:102B100047F6FF73EDE738BDFFF7C7BF836A0A4684
:102B200000F14401C3F34030ECF75AB938B504461C
:102B30000D463AB94FF4C0212830FFF761FE9DB928
:102B4000002038BDFFF7A8FE98B128344FF4C0210B
:102B50002046FFF755FE1DB14FF40031FFF748FE48
:102B60004FF48021204601E04FF40031FFF740FE92
:102B7000E6E71120E5E72DE9FF41836A04469B0360
:102B80002CD5D0F8343163B3B3F900500020B4F938
:102B90003281EBF7E1FDA842B4BF0026012602F026
:102BA00068FCC82294F83011EBF7E4FD0746204694
:102BB000E6F794F9AF42CCBF00270127A5EB080840
:102BC0000FFA88F30293002346EA4706CDE9005640
:102BD0001A4694F8301180B200F00BFE04B0BDE844
:102BE000F08147F6FF75D1E7FFF7C5BF8630704724
:102BF000F8B504460E4600295AD040F27123476BBF
:102C000030465F43A7F28A277F08394602F0DFF992
:102C100094F88E30851FADB29D4239463046A8BF2C
:102C20001D4602F0D4F994F88F20831F9BB2934283
:102C3000A8BF1346F21E012AB4F88610B4F8882003
:102C40002BD8B1F5296F44F29020B8BF4FF4296119
:102C50008142A8BF0146B2F5296FB8BF4FF429627F
:102C60008242A8BF02461B2DB8BF1B251B2BB8BF35
:102C70001B23304684F8913084F89050A4F88A10D1
:102C8000A4F88C2002F0A3F9831F9BB2AB42A8BF2B
:102C90002B46DBB284F89230F8BDB1F5A47FB8BF03
:102CA0004FF4A471B2F5A47FB8BF4FF4A472DAE771
:102CB0001B23EFE72DE9F341476B490089B28F42AF
:102CC000044616461D4639D040F2712243684163DE
:102CD00002FB073302FB11334360E6F7FFF84FF0C6
:102CE000000887B233464246012138460195CDF8A7
:102CF0000080FFF73FFA3846FFF744FA414638466E
:102D0000FFF739FA0123618F228FB14218D0954223
:102D1000668700D02587238F626B1B01B3FBF2F31C
:102D2000204694F83011A4F89C30FFF761FF04218D
:102D3000204602B0BDE8F041E6F7E6B80023E2E73E
:102D40009542E7D1A26A1207E5D5002BE3D102B084
:102D5000BDE8F081F0B585B004460E466A4600F144
:102D6000860300F18E07154618685968083303C5B5
:102D7000BB422A46F7D11868314628609B88204616
:102D8000AB80FFF735FF9DF80B2094F891309A4205
:102D900011D1BDF80620B4F88C309A420BD19DF8C1
:102DA0000A2094F890309A4205D1BDF80420B4F876
:102DB0008A309A4207D04FF48141204605B0BDE8E1
:102DC000F040E6F7A1B805B0F0BD37B5044694F879
:102DD0008E50BDF818008D420BD1B4F88650954244
:102DE00007D194F88F509D4203D1B4F888508542A2
:102DF0001BD08DF80610ADF80420019D84F88E10CC
:102E000084F88F30A4F8880094F830112046C4F874
:102E10004051A4F88620FFF79DFFB4F88A30A4F84B
:102E20008630B4F88C30A4F8883003B030BD70B56B
:102E3000044616460D4690F83031B1B1994214D08F
:102E40000122FFF727FD294600222046FFF720FD3B
:102E50002946204684F83051FFF77CFF2046BDE824
:102E600070404FF48441E6F74FB819462046FFF70B
:102E700071FF002EF2D170BDF8B51D46C36A04463D
:102E80005B070F46164610D404212C30FFF7B0FC28
:102E900084F89A702046A4F89660A4F898504FF4ED
:102EA0000061BDE8F840E6F72FB8F8BD10B511B1E4
:102EB00090F89A400C7012B1B0F89610118013B1CE
:102EC000B0F898201A80C06AC0F3800010BD4FF49B
:102ED00000412830FFF78CBC00F5A270704790F8D5
:102EE00030017047F8B5044609F05FFD6568064695
:102EF00002F0DFF92B1AB3F5FA7304D53046BDE8BA
:102F0000F84009F04DBD40F27122616B94F87050A9
:102F10005143B3FBF1F3A28F98B2121AA28794F82F
:102F20006F2000FB1522252592FBF5F705FB1722E4
:102F3000002AB8BF521984F86F20B4F89C20121AE6
:102F4000A4F89C20626800FB1122002120466260E8
:102F500002F015F8D2E700232DE9F3474E79044635
:102F6000B20758BF06F00106084648BF0326ADF871
:102F7000043058BF01360D46FFF7B9F8074607F091
:102F80001F03002BE36A15BF4FF001084FF0000844
:102F90004FF003094FF002099B050CD59DF8043052
:102FA000294666F3010368F345138DF80430204683
:102FB000019A00F019FB284606F036FA8246494687
:102FC000284606F0ECF99DF80430AA7966F301036F
:102FD00068F345138DF804308DF805A0BDF8043072
:102FE0000C32AB529DF80430A91898066B7948BF93
:102FF0008F7043F001036B7109F0D7FC0646204641
:10300000294650F8A47F06F071FA94F8463120461C
:10301000013384F84631E5F761FF80B2FFF7A2F88B
:1030200080B14388A26A12070ED5B4F87C209A4278
:1030300002D92046FFF756FF304602B0BDE8F04700
:1030400009F0AEBC0123EDE7656802F032F9804675
:10305000E9F760F98442EFD1A5EB0805B5F57A7F71
:10306000EADD1FB1D4F8A030002BE5D1E9F7A0FCD0
:10307000E2E7F0B5036B0446990790F8775087B004
:1030800001D5FFF7BFFC236BDA0733D5A76A3B07EF
:1030900023D517F4002F14BF032601262046E5F799
:1030A0001DFF94F89B30314605930023049394F858
:1030B0003E30C7F380020393238F80B20293638F65
:1030C0000193636BC3F34F03009304F1710300F0AA
:1030D00010FE30B9002007B0F0BDBE0C06F00206AD
:1030E000DCE7012104F13000FFF78AFB4FF40051C7
:1030F000FFF77EFB236B980410D52046E5F7EEFE24
:10310000A16AC0B2C1F3403100F058FB0028E1D001
:103110004FF4005104F13000FFF772FB236BD90428
:1031200009D500212046E6F7FBFB4FF4805104F15E
:103130003000FFF765FB236B5A0512D52046E5F7F3
:10314000CDFE002394F89B60C2B21946304600F0D1
:1031500073FC0028BED04FF4806104F13000FFF70B
:103160004FFB236B5B0711D52046E5F7B7FE616B7C
:10317000238F628FC1F34F0180B200F09AFD0028C7
:10318000A8D0042104F13000FFF73AFB236B1F079E
:1031900009D5204601F0AEFB00289BD0082104F1A0
:1031A0003000FFF72DFB236BDE0618D52046E5F730
:1031B00095FEE16A80B211F4805100F0DB800021BD
:1031C00000F00CFE002885D04FF4805104F12C0053
:1031D000FFF716FB102104F13000FFF711FB236B02
:1031E000580613D52046E5F779FE94F8773080B27B
:1031F0000093D4E9082300F0D4FD00283FF46AAF1F
:10320000402104F13000FFF7FBFA0025236B19057C
:1032100016D52046E5F762FE00230093B4F89830F7
:10322000B4F8962094F89A1080B200F07AFA002848
:103230003FF450AF4FF4006104F13000FFF7E0FAC3
:10324000236B13F480462FD19A0513D52046E5F75A
:1032500045FE94F8772094F8301180B2E7F706F92C
:1032600000283FF437AF4FF4007104F13000FFF74E
:10327000C7FA3546236B1B0616D52046E5F72EFE0A
:10328000B4F88C3080B2009394F89130B4F88A206E
:1032900094F8901000F0D4FD00283FF41BAF80217B
:1032A00004F13000FFF7ACFA236B9F0610D52046DF
:1032B000E5F714FE94F8771080B200F0A6FD002820
:1032C0003FF408AF202104F13000FFF799FA002500
:1032D000236BDE0508D504F130004FF48071FFF751
:1032E0008FFA204601F031F9236B180408D504F158
:1032F00030004FF40041FFF783FA2046FFF774FCDB
:10330000236BD90308D504F130004FF48031FFF767
:1033100077FA2046FFF7BAFA236B9A0308D504F12F
:1033200030004FF40031FFF76BFA2046FFF7BCFA8C
:10333000236B9B071AD5002220461146FFF7B2FAED
:103340002046FFF7B1FA2046E5F7C8FD94F877105C
:1033500080B200F010FE00283FF4BCAE04F1300053
:103360000221FFF74DFA2046E6F7C4F8012084F861
:103370007750B0E600F049FD24E708B5022006F0DA
:1033800092F910B100F0DDFD012008BD10B5044632
:103390004FF440712830FFF733FA2046BDE8104063
:1033A0000021E6F7BDBA012310B5A1F12002C1F159
:1033B000200423FA04F403FA02F222438B40D0E9FA
:1033C000084123400A40134314BF0120002010BDD0
:1033D000C36A10B5044613F0080012D00123A1F10E
:1033E0002002C1F1200023FA00F003FA02F20243A6
:1033F0008B40D4E9080103400A40134314BF012065
:10340000002010BD10B50C46C9B2FFF7E1FF70B146
:10341000EAF7E2F9C4F12002A4F12003E04001FA46
:1034200002F2104321FA03F3184300F0010010BD2B
:1034300070B504460E46E7F7C3F909F0B6FA05463B
:103440000221204684F87760E5F75EFD20460121E1
:1034500001F084FD2846BDE8704009F0A1BA70B5BE
:1034600004460D4609F0A1FA0646E8F753FF8442E8
:1034700001D1E9F77DFA304609F092FA2946204653
:10348000BDE87040FFF7D4BF0B68C0F8403170470B
:1034900038B540F64805D0F840310C460B609BB279
:1034A000AB4204D90B21FFF7ADFF08B9258038BD29
:1034B00044F290232380FAE708B5E5F7CDFE00F04B
:1034C000DDFA00F008F8E7F77BF8E7F7A5FEBDE8BE
:1034D0000840E7F721BF704770B515460E461C46F9
:1034E000FFF712FA2B684EB103606B6843602368E4
:1034F000C0F825302368C0F8153070BD83606B6854
:10350000C3602368C0F829302368C0F81930F4E795
:1035100070B50546FFF7F8F9044609F046FA064685
:103520004FF480712846FFF7F3F94FF40061284605
:10353000FFF7F6F9304609F033FA002328462361F5
:103540002375236284F82430FFF7E0F9802310F01C
:10355000080F14BF237584F8243070BD10B50446DD
:10356000FFF714FF2046BDE810401021E5F7CCBC62
:1035700010B504464FF46061FFF7D5F92046BDE869
:103580001040FFF703BF7FB506460C46FFF7BCF9B6
:103590004FF4C06105463046FFF7C2F94FF40061B1
:1035A0003046FFF7C0F94FF48060EAF78FF8224603
:1035B00070B969462846EBF74DFB6B4605F11002E2
:1035C00013F8011B02F8011DAA42F9D104B070BD25
:1035D0006C4602F11006234610685168083203C396
:1035E000B2421C46F7D1E8E737B50D46ADF80420E6
:1035F000FFF78AF9044600F12003024601992846A4
:10360000EBF758FA236A0133236223B994F8243084
:10361000013384F8243003B030BD37B50D46ADF822
:103620000420FFF771F901990446024600F11003E6
:103630002846EBF7A3FA30B123690133236113B9AC
:10364000237D0133237503B030BD41F0004141F4C7
:10365000E0210160704707B501A8019105F05FFE08
:10366000002003B05DF804FB7047704700207047EE
:1036700010B5DC1D043383734379C47123F0030355
:1036800043F003030E244371012344738371C37316
:103690000182827410BDD31CC371FF23437343792D
:1036A000827323F0030343F0030343710123C173C7
:1036B00083717047D31CC3713E2343734379827374
:1036C00023F0030343F0030343710123C1738371A8
:1036D00070470F234373042383734379A0F81110B9
:1036E00023F0030343F00303437140F20173C380EB
:1036F0000123C27303747047D31CC37143794173B0
:1037000023F0030343F003034371012382738371A6
:10371000704708B50023FFF7ABFFBDE80840E6F7A8
:103720003FBC2DE9F84380460220894617461E46D5
:1037300005F0B9FFD0B10C2343730823837340F61F
:1037400001334579C38025F003059DF8203045F00D
:1037500003054571A0F8108080F81290A0F813704E
:10376000A0F81560C373E6F71BFC0120BDE8F883E1
:1037700008B5022005F097FF30B101221121FFF7B3
:1037800099FFE6F70DFC012008BDF8B504460F4689
:10379000164613211D460922FFF78CFF83790C334F
:1037A0001C44A170E77026712B68C4F80530AB8803
:1037B000A4F80930BDE8F840E6F7F2BB70B506465C
:1037C00002200D4605F06FFF044668B11421042263
:1037D000FFF770FF83790C331C44A170A4F80360D9
:1037E0006571E6F7DDFB012070BD08B504F0A3FDAF
:1037F00008BD2DE9F041074602200D4690461E46C1
:1038000005F051FF0446E0B109222121FFF752FFE4
:103810000A2283790C331C44BDF9183084F80380E4
:1038200093FBF2F323729DF81C30A7806372BDF9FD
:103830002030A67193FBF2F3E571A372E6F7B0FBBB
:103840000120BDE8F08137B5044605F0EDFD3E22CC
:10385000A379C0B20C33E518E254831E6B700D23BC
:10386000AB70AB791C38012BE8768DF8073009D1A5
:103870000023E91D1A460DF10700FEF795FC9DF89F
:103880000730AB712046E6F78BFB03B030BD7047C5
:1038900010B5E6F7BFFB837900210C33C418E0783C
:1038A000E4F7E0FD6168FEF7BAFE0446E6F7B8FB10
:1038B0002246BDE8104000234FF61941FFF7D8BE5D
:1038C00010B5E6F7A7FB837900210C33C418E07824
:1038D000E4F7C8FD6168FEF7B0FE0446E6F7A0FB1A
:1038E0002246BDE8104000234FF61A41FFF7C0BE44
:1038F0002DE9F041E6F78EFB837900250C33C418DF
:10390000E678E6F787FB0768E6F784FBA6F1FE0397
:103910005942594105603046E4F7A4FD3B4629462B
:103920002279FEF7D3FD0446E6F77AFB2B462246C2
:10393000BDE8F04142F23701FFF79ABE2DE9F041B0
:10394000E6F768FB837900250C33C418E678E6F7C0
:1039500061FB0768E6F75EFBA6F1FE035942594199
:1039600005603046E4F77EFD3B4622790121FEF7F3
:10397000ADFD0446E6F754FB2B462246BDE8F04178
:1039800042F23801FFF774BE2DE9F047E6F742FB3B
:1039900083790C33C418277994F8038027B9B8F1D8
:1039A000010F27D0E4F7C0FF00260534BE420ADB32
:1039B0000025E6F735FB2A46BDE8F047002342F232
:1039C0003901FFF755BE2078B4F80150A0F1FE038D
:1039D0005942594194F803900434E4F743FD58B137
:1039E0002A464B464146E4F799FE05460028E0D1B9
:1039F0000136DBE71225DCE74225DAE710B5E6F70A
:103A000009FB837900210C33C418E078E4F72AFD20
:103A100080B1211DFEF721FE00280CBF0C240024DC
:103A2000E6F7FEFA2246BDE81040002342F23501D7
:103A3000FFF71EBE4224F3E7FE282DE9F8430646B1
:103A4000894690461F4616D0022005F02CFE0446FB
:103A500090B106221221FFF72DFE1223A5792046F0
:103A60000C352544AB7085F803902E71A5F80580C0
:103A7000EF71E6F795FA0120BDE8F883704710B5BD
:103A8000E7F76AFE0446FEF787FB2043C0B210BD8D
:103A900038B5E6F7BFFA8379C17903F10C02024425
:103AA000CB1A02200021B2F8035005F027FF04468C
:103AB00040B9E6F7B5FA0722BDE8384042F21901ED
:103AC000FFF707BE2846E5F7F5F938B12146E7F7D5
:103AD000B7FB0446E6F7A4FA2246EDE72046F7F7DF
:103AE0008FFA0224F6E770B5E6F794FA8379184462
:103AF000B0F80F60B0B2E5F7DDF980B1002100F059
:103B0000A1FE0546E6F78CFA044602232A4642F255
:103B10001B01FFF7ADFDA3791C44668270BD022531
:103B2000F0E770B5E6F776FA83790C33C418B4F889
:103B300003502846E5F7BEF9A0B1611D00F082FEF2
:103B40000646E6F76DFA04460223324642F21A01AF
:103B5000FFF78EFDE37923449D72E3792D0A1C441F
:103B6000E57270BD0226ECE710B5E6F753FA8379EB
:103B70000C3318444479B0F80300E5F79BF960B1C1
:103B80002146E7F739F90446E6F74AFAE2B240F28D
:103B90000641BDE81040FFF79CBD0224F4E770B574
:103BA000E6F738FA83791844B0F80F5008F0FDFEB4
:103BB00004462846E5F77EF980B11621FFF74FFC51
:103BC0000025204608F0ECFEE6F72AFA2A46BDE872
:103BD000704000234FF60441FFF74ABD0225F0E78D
:103BE000F8B5E6F717FA847905460C340444B4F8BE
:103BF0000300E5F75FF9064640B9E6F711FA02223D
:103C0000BDE8F84042F21301FFF763BDAB79E979F3
:103C100003F10C020220CB1A2A44002105F06EFEAB
:103C2000014618B9E6F7FCF90722E9E7837903337F
:103C300083713046B4F80D50B4F80F70E7F782F88E
:103C400004463A4629463046E5F7A0FCE6F7E8F98F
:103C50002246D5E738B508F0A8FE0446FFF70FFF67
:103C600000280CBF0C250025E6F7DAF92A4642F2B7
:103C70000E01FFF74EFDE8F7E7F82046BDE83840B3
:103C800008F08EBE10B5E6F7C5F983790C3303440E
:103C9000B3F80300B3F80510C0B2E5F7D9FCE6F7B6
:103CA000BFF9BDE81040002342F224011A46FFF795
:103CB000DFBC2DE9F84381460220884617461E46A0
:103CC00005F0F1FC044690B10A220321FFF7F2FC53
:103CD0000023A57920460C352544EB70A5F8049007
:103CE000A5F806802F816E81E6F75AF90120BDE81C
:103CF000F8832DE9F043814685B002200E461F4629
:103D00009DF844808DF80F2005F0CDFC0546002875
:103D100044D022222921FFF7CDFC0022AC79304685
:103D20000C342C4404F10E0304F11401C4F80E20E9
:103D30009A806261228300913A460DF10F01FEF7ED
:103D400034FA9DF84030A4F80490E37006F00103C3
:103D5000A3719DF80F3016F0FD0FE3713B68A3606F
:103D6000BB88A3814FF6FF7304D0032E08BF4346E0
:103D70004FF0FF08BDF8302028466283BDF834209C
:103D800084F82180A283BDF838206384E2839DF803
:103D90003C2084F82020E6F703F9012005B0BDE8B7
:103DA000F083F8B50746022016461D4605F07BFC59
:103DB000044690B10C220421FFF77CFCA1799DF808
:103DC00018300C31214420468F80C1F80660C1F8BC
:103DD0000A50CB70E6F7E4F80120F8BD70B506464E
:103DE00002200D4605F05FFC044668B10322302135
:103DF000FFF782FCA37920460C332344A3F8036029
:103E00009D70E6F7CDF8012070BD70B50646022022
:103E10000D4605F048FC044688B104220821FFF74E
:103E20006BFCB5FA85F2A37952090C332344204682
:103E3000A3F803605A719D70E6F7B2F8012070BDD7
:103E40002DE9F84381460220884617461E4605F0B4
:103E50002AFC0446B0B10B220721FFF72BFCA57901
:103E6000BDF820300C3525442046A5F80390A5F870
:103E70000580A5F80770A5F80960A5F80B30E6F7EE
:103E80008FF80120BDE8F883F8B5074602200E46FA
:103E9000154605F008FC0446A0B10D220521FFF7E8
:103EA00009FCA37920460C332344A3F80370A3F83C
:103EB0000D602A68C3F805206A68C3F80920E6F790
:103EC0006FF80120F8BD2DE9FF4116466A4680468D
:103ED0000F4615460A9C03F1100E9446186859685F
:103EE0000833ACE8030073456246F6D124B90220DA
:103EF00005F0D9FB044608B31D22ED212046FFF74B
:103F0000CAFBA3790C332344A3F80380A3F80D70F4
:103F10002EB13268C3F805207268C3F809200F3348
:103F200004AE2A4603CAB24218605960154603F12E
:103F30000803F6D12046E6F733F8012004B0BDE8C7
:103F4000F08113B51321827901900C3284188154C9
:103F50004FF44072C280E5F713FEA07020B901A8AB
:103F600005F0DDF902B010BD8000013060700198ED
:103F7000E6F716F8F6E770B5064602200D4605F09E
:103F800092FB044678B104220521FFF7B5FB00221D
:103F9000A37920460C332344A3F803605D719A7023
:103FA000E5F7FEFF012070BD13B5837901900C3356
:103FB000C418C05CE4F77EFF20B901A805F0AFF992
:103FC00002B010BD6378019913F0300F0CBF0122CD
:103FD00000228B7904338B714B7962F300034B71B0
:103FE000E5F79EFCECE72DE9F041E6F713F883795D
:103FF0000C33C418B4F803801FFA88F0E4F75AFFB2
:10400000054600B3A2796179FEF790FD0646E6F712
:1040100007F807460223324642F27A01FFF728FBEF
:10402000BB7938463B44A3F81280E5F7B9FF46B99F
:10403000A37933B12846FEF752FF01462846FEF722
:104040002DFCBDE8F0810226E1E700F09EBE70473E
:1040500038B5044601F00DFA054658B9C820EAF70C
:10406000DBFCC82202212846EAF784FB8442A8BF71
:10407000044624B22046EAF7CFFC01F0FAF9BDE885
:104080003840C8220221EAF775BBB0F90020B1F927
:1040900000302DE9F0479A4204460D4648DC08F00E
:1040A00084FC8046E5F7BCF900283ED1EAF754FBD2
:1040B000824601F0DEF9C8220221EAF75BFB47F6EF
:1040C000FF73B5F9002081469A4202D1EAF76EFBF0
:1040D000288047F6FF73B4F900209A4202D1EAF72C
:1040E0005DFB2080B5F90000FFF7B2FFB4F90030A6
:1040F00007468342C8BF2080B4F90000EAF776FC87
:10410000FEF7C0FB064658B15046EAF76FFC48463A
:10411000EAF782FC404608F043FC3046BDE8F087F1
:10412000EAF71AFB20802F80F4E741F20C06F1E752
:104130002126F2E74368143B4360A0230B607047DD
:104140001AB94268A2EB530242600A6802EB83028A
:104150000A607047884210B51BD8052819D9B1F5F7
:10416000486F16D8B3F5FA7F13D240F67644A2F121
:104170000A0080B2A0420CD8BDF8080001339BB2FF
:1041800043434B435B00B3EBC20F94BF01200020BD
:1041900010BD0020FCE7C94350E8003F0B4040E859
:1041A0000032002AF8D17047002070472DE9F04115
:1041B00004460E4600250127214685F00100FEF742
:1041C0009CFB4FF48051FFF7E6FF8368804633B9CC
:1041D00038460DB1BDE8F08101250746ECE7028ABB
:1041E000B24206D100220121204698470028EFD193
:1041F000EFE70268D10502D500221146F4E79307E4
:10420000E6D52046FEF7C2FB02460028E0D1052194
:10421000D8F80830E8E708B5FEF788FB00230380EC
:10422000436008BD70B506460C4608F0BEFB054667
:104230003046FEF77BFB30B103781C4304704FF42B
:104240000070EEF7D9FB2846BDE8704008F0A8BB27
:10425000E5F766BB07B542798DF8071022F0030237
:1042600042F00302427140F203320DF10701C280B5
:10427000012205F030F803B05DF804FB70B50C4680
:104280000546072120461646FFF7E4FF2046E6F7DD
:1042900007FA214646702846BDE87040E5F740BB66
:1042A00038B50C4600210546FEF787FB47F6FE733E
:1042B000241AA4B29C4205D928462821FFF7B8F851
:1042C000002038BD0120FCE738B504460D46014604
:1042D0000020FEF712FB03689B0505D42946204603
:1042E000BDE83840FFF7DCBF002038BD2DE9F041C4
:1042F00015461F469DF81880FEF7FFFA044608F0A1
:1043000054FBB8F1010F064623D154E8003F43F4B3
:10431000807344E80032002AF7D105B354E8002F37
:1043200042F4007244E80023002BF7D1FF2120461D
:10433000FFF731FF54E8002F48EA020244E8002367
:10434000002BF7D13046A5602782BDE8F04108F088
:1043500027BB4FF480712046FFF71DFFDDE74FF4C8
:1043600000712046FFF717FFE0E773B5064601200E
:104370000C46FEF7C2FA002305461A460093214672
:104380003046FFF7B3FF6B6863B14FF4807120468E
:10439000E4F7BAFD55E8003F43F4007345E8003206
:1043A000002AF7D108F001FB05462046FEF7BEFAC9
:1043B00028B103881BB14FF40070EEF71DFB2846AF
:1043C00002B0BDE8704008F0EBBA38B505460C46BF
:1043D000FEF793FA83684BB10221204600229847EA
:1043E00021462846BDE83840FFF7BFBF38BD012948
:1043F00038B505460C4608D0CC1E012C03D8014622
:104400000120FFF7E2FF012038BD2221FEF7D2FA9A
:1044100020462946FFF7D9FF0020F5E708B5FEF74B
:104420006CFA006800F0F00008BD10B501460446C3
:104430000120FFF7F3FF20B92146BDE81040FFF748
:10444000EDBF10BD70B506460C4601460120FEF7D3
:1044500054FA314605460020FEF74FFA2B680268F1
:10446000014643EA0200C0051ED49B0502F4007217
:1044700003D49AB94FF0FF3070BD2B8A1B1B98B242
:104480007AB1098A091B89B28842A8BF08464FF64B
:10449000FF73984208BF4FF0FF30EDE74FF6FF7013
:1044A000EFE74FF6FF71EFE70120E5E72DE9F34174
:1044B00004460191014601201546FEF71EFA2146E9
:1044C00006460020FEF719FA80462046FEF71EFA3F
:1044D000810606D501A804F022FF0C2002B0BDE839
:1044E000F08108F062FA336807469A0503D4D8F8D9
:1044F00000309B0509D50199301D8D6004F0F6FF51
:10450000384608F04DFA0020E8E708F049FA20465E
:104510000199A847E2E738B5014604460120FEF7B5
:10452000ECF905460C3004F0FAFE281D04F0F7FE05
:1045300021460020FEF7E1F904460C3004F0EFFEBE
:10454000201DBDE8384004F0EABE70B501460546BE
:104550000120FEF7D2F90646043004F05DFF044660
:1045600070B14FF400713046FFF715FE2146284622
:10457000A368984720B12046BDE87040F6F740BDDB
:1045800070BD00238260C0E90031704708B50B465A
:1045900001461846FEF7B1F90068C0F3402008BD97
:1045A000FFF725BFCB1E012B70B504460D461646FE
:1045B00006D81A21FEF7FEF940212046E4F7A4FCB4
:1045C000324629462046BDE87040FFF710BF38B597
:1045D00004460D46FEF7DAF928B1012D04D1222157
:1045E0002046FEF7E7F9002038BDF8B50C468B7978
:1045F00007460B44D3F80D60D3F811303246E5F787
:1046000071F909212046FFF725FE2046E6F748F814
:10461000A579E9F7E1F80C3566F0FF062544064078
:10462000C5F80160E9F7D8F83846C5F80510214605
:10463000FFF70EFE02213846FFF7F4FDF8BD70B516
:104640000E46054601460020FEF757F9012E0446A6
:1046500003D0022E11D0012070BDC16828468B798D
:1046600019440D31FEF75AFAE068F6F7C9FC00204C
:104670002946E060FFF779FEEDE7C068F6F7C0FC79
:104680000023E360E7E738B50D4604460146012004
:10469000FEF733F9012D08D100F112012046FEF793
:1046A0003DFA21462846FFF760FE012038BD08B5D7
:1046B000FEF72CF9C0F3C00008BD08B5FEF72EF9CF
:1046C00000F0010008BD38B50C4602210546FEF792
:1046D00027F90C212046FFF7BDFD2046E5F7E0FF56
:1046E0004FF0FF3383700223C3700E2343706FF0CB
:1046F0002F0303710523214643712846BDE8384046
:10470000FFF7A6BDF8B504460D46E4F7E7FB4FF00A
:10471000FF3180B2FDF737FD2046FFF7C8FF80F07C
:104720000107FFB221463846FEF7E7F80646C068A3
:10473000012D837903D0022D20D00120F8BD0C3348
:10474000C5182B892046EA88A988FEF7B3FA69883C
:104750006A7849005200204689B2FEF7F7F8F068FF
:10476000F6F74EFC002320464FF48031F360FEF74D
:10477000DAF821463846FFF7F8FDDEE7F6F740FCA9
:1047800000234FF480312046F360FEF7CCF8D4E7E5
:10479000042910B5044601D0002010BDFFF787FFA3
:1047A000C0F10200E8F792FF0028F5D104F07BFF8A
:1047B000014608B90220F0E72046E6F7E7FA0028AC
:1047C000F8D10120E9E708B5FEF7A0F8C0F3C00072
:1047D00008BD2DE9F0410F4604469046FFF7F3FF70
:1047E00080F00105EDB221462846FEF786F8012F3C
:1047F000064603D0032F0FD001200BE02046FEF722
:10480000B7FE22212046FEF7D5F828462146FFF7BD
:10481000DCFD0020BDE8F081C068F6F7F1FB002365
:104820002046F360FEF7A4FE20465FFA88F1FEF70B
:10483000C1F820462021E4F767FB21462846FFF710
:10484000C4FDD9E737B504460D46FEF767F8030502
:104850004CD5022004F027FF0190002848D02046C4
:1048600045B3FFF7B0FF50B105210198FFF7F2FC07
:104870000198E5F715FF20460199FFF7E9FC20466E
:104880002946FEF780FE2046FFF79DFF78B94FF4DA
:1048900000612046FEF73FF806210198FFF7DAFC99
:1048A0000198E5F7FDFE20460199FFF7D1FC0020B5
:1048B00003B030BDFFF787FF68B1019903230622DB
:1048C0002046E5F7FFFE2046FEF752FE2146284629
:1048D000FFF77BFDEBE701A804F021FD20463D2119
:1048E000FEF7A6FD2046FEF743FEE0E70C20DFE7DB
:1048F0000720DDE7F7B5014604460020FDF7FDFF80
:10490000054600F112074FF48060E8F7DFFE50B96A
:104910002046E4F7E3FA3A46698B80B203B0BDE87B
:10492000F040FFF7B1BA2046E4F7D8FA0646204631
:104930006D8BFDF7E9FF00220346009229463A46B7
:10494000B0B2FFF7C0FA03B0F0BD83781A2B09D8D4
:104950001B2383700288B2F5A47F07D24FF4A4739F
:10496000038007E0FB2BF5D9FB23F2E744F2902309
:104970009A42F5D87047F0B50446CA798B7987B06A
:1049800043EA0223ADF80C308B8803A88DF80E3073
:10499000CA788B7840F6480543EA0223ADF8103018
:1049A0000B8805A98DF81230FFF7CFFF04A8FFF799
:1049B000CCFF2046FEF76CFD0B212046FEF722FDC2
:1049C00044F29023002818BF1D46BDF80C709DF8D6
:1049D0000E30BDF81460BDF810209DF816009DF84B
:1049E0001210AF42D4BF00970095FB2BA8BFFB234A
:1049F000B242A8BF32468142A8BF01462046FEF718
:104A0000E4F907B0F0BD37B5144605461046FFF788
:104A100021FC2046E5F744FE01A904462846FEF79E
:104A200037FD0B212846FEF7EDFC6FF004036370A1
:104A3000002344F29022A37040F64803002818BFD8
:104A40001346A4F803309DF80630A4F80530BDF8ED
:104A50000430A4F8073003B030BDFFF7C8BC02290A
:104A600073B505460C4603D00024204602B070BD45
:104A70000521FEF798FC0028F6D0E4F7EFFD1B288F
:104A8000F2D94FF40040E8F721FE0028ECD104F001
:104A90000AFE06460028E8D0284601A9FEF7F8FCE1
:104AA000314628469DF80630BDF80420E6F74AFC5A
:104AB0000028D9D10124D8E730B190FAA0F0012321
:104AC000B0FA80F08340D8B2704770B50646FDF763
:104AD00025FF80F0400402060546C4F3801406D486
:104AE00008213046FEF78EFC08B144F00204EB05C5
:104AF00006D40B213046FEF785FC08B144F00404CF
:104B0000204670BD4B1E032B10B50C4602D9002366
:104B1000184610BD0329FAD0FFF7D7FF04EA0003B7
:104B20008443F4D1F4E72DE9F843044691460F4657
:104B3000FDF7F4FEC0F340152046FEF7CDF92146FF
:104B400080462846FDF7D9FE494606462046FDF731
:104B500031FF98F80110384601F00F0100F022FAF9
:104B6000062814BF014600212A462046FEF75FF9B9
:104B700021462846FFF7F9FB20212046FDF7D3FE0A
:104B800056E8003F43F4805346E80032002AF7D14C
:104B9000BDE8F883F8B50E4604461546FDF7BEFE9F
:104BA000032EC0F340170DD0042E16D0012E12D1C3
:104BB00022212046FDF7FEFE38462146FFF705FC80
:104BC0000020F8BDEAB200212046FFF7ACFF2146E5
:104BD0003846FFF7FAFB0120F3E70C22F3E701293F
:104BE00010B504460BD1FDF799FE2146C0F34010E5
:104BF000FDF783FE0022817C2046FFF794FF012011
:104C000010BD2DE9F7430F460546FDF787FE00F07E
:104C10002009C0F340182846FEF75EF9BB790C3333
:104C20003B445E789B781E400378C3F3030000EAA0
:104C300013103040FFF740FF044648B9B9F1000FA8
:104C400006D12846FFF741FF3040FFF735FF044605
:104C50002846FEF744F9E7F701FCA04223D01CB335
:104C600002212846FDF7A9FE002106462846FDF749
:104C7000BFFF18213846FFF7EDFA3846E5F710FD7B
:104C8000B6B2394644708470A0F803602846FFF736
:104C9000DFFA23462246294640460096E6F78CFB7B
:104CA00003B0BDE8F08300242646E2E770B5044671
:104CB0000D46FFF7BAFB28B929462046BDE87040EB
:104CC000FFF79FBF402829462046BDE870404FF0BF
:104CD000160314BF2A222322E5F7F4BC38B5054693
:104CE0000C46FDF71BFE830604D42046BDE8384081
:104CF000F6F786B921462846BDE83840FFF781BF60
:104D00002DE9F3418C7906460C340C440D46FDF731
:104D100005FEA17807463046FFF7F4FE617880462D
:104D20003046FFF7EFFEB4F8032003460092C7F3C6
:104D3000401042463146E6F73FFB284602B0BDE848
:104D4000F041F6F75DB908B58B790B441B7B162B48
:104D500003D0172B05D0002008BDFFF7A7FF0120C7
:104D6000FAE7FFF7BBFFFAE708B58B790B441B7B2B
:104D7000162B03D0182B05D0002008BDE6F746FB04
:104D80000120FAE7FFF7BCFFFAE770471FB54A1E9C
:104D9000042A03460C465FD8012902D1008804B0DA
:104DA00010BD022905D100885B88984238BF18469B
:104DB000F5E74A00014601A804F033F9032C07D1B6
:104DC0000023ADF80A304FF6FF73ADF80C3001E068
:104DD000042CF8D0BDF80620BDF80430934284BFFF
:104DE000ADF80630ADF80420BDF80A30BDF80C204F
:104DF000934288BFADF80A20BDF80A2088BFADF8FD
:104E00000C30BDF80430934288BFADF80A30BDF8CD
:104E10000620BDF80C309A4288BFADF80630BDF8C8
:104E20000820BDF80630934284BFADF80830ADF8D5
:104E30000620BDF80A30BDF808209A4288BFADF8B8
:104E40000830BDF80820BDF806309A4238BFADF8EA
:104E50000830BDF80800A2E74FF6FF709FE7830710
:104E600005D410F0040F14BF032001207047022066
:104E70007047022805D0032805D0012806D1E7F79E
:104E80009BBFE7F789BF0020E6F7A4BF704710B1CA
:104E9000012803D070470120E6F79CBF0020FBE704
:104EA000F7B51F468B1E012B05460C46164613D838
:104EB000FDF775F90023CDE90005F01A18BF0120B0
:104EC0001A463946FDF779F980B1022C0BD12846F4
:104ED00000F038F9002004E00029F8D0012902D0C0
:104EE000FF2003B0F0BD284600F03CF90120F8E7B0
:104EF00070B50D4600219DF810600446817106F1E1
:104F00000C014173111E18BF012103F00F00237B18
:104F100040EAC11003F04003184320732B469DF86C
:104F2000141004F10E00FFF7BBFF237B0E3660F375
:104F3000861323732B686361AB882383A37933447F
:104F4000E37170BD10B50446E7F714F86168E069D5
:104F5000E7F794F8BDE8104000F032B938B50C46D8
:104F6000C94301F001010546E7F7C8F8A30702D4D9
:104F7000E869E7F7ADF8BDE8384000F021B910B5B1
:104F80000446E7F7BBF82046E6F7F4FFBDE810401B
:104F900000F016B9007D00F00100704700F0F4B891
:104FA000FFF773B8022808D0042803D0012818BFDF
:104FB0000620704701F00101C81C704710B50C466F
:104FC000E7F762FA0279408804FB020010BD10B5D1
:104FD0000C46E7F759FA4388A3429BBFE41A0379CA
:104FE0000020B4FBF3F010BD08B5E8F7E1FFBDE821
:104FF00008400020E8F7EAB9C94350E8003F0B40F9
:1050000040E80032002AF8D170472DE9F0410F4600
:105010000446242118461E4615469DF8188000F0C7
:10502000C8F9C319B8F1000F37D1033E012E94BF60
:105030000322022240F27126520006FB023342F2A2
:105040001072608941007143A1F2E2469642A8BF06
:1050500016466A1A921BD21A002AC2BFB2FBF1F29C
:1050600002FB0112AD1AEA1A09D55242B2FBF1F75E
:1050700007FB011C01FB1722654402B96D1AEB1AEC
:105080008B4240F2E2470AD8B3FBF7F3022298B210
:10509000E27120812846BDE8F0810122CAE75B1A4F
:1050A000BB42B8BF3B46B342A8BF3346B3FBF7F1A0
:1050B00007FB1133CAB2002BEAD00132D2B2E7E7C4
:1050C000E8F73EBC37B50546E8F758FC04462DB175
:1050D0002B680360AB88A38003B030BD00F0DDF81F
:1050E0000322CDE900010DF105010DEB020003F0F3
:1050F00076FF0098BDF804302060ECE738B505462F
:10510000E8F73CFC044607F050FC2B68C4F8063076
:10511000AB886381237B43F00103237307F040FCDA
:10512000012038BD38B50C460546E8F727FC014696
:1051300005B106310622204603F041FFB0FA80F0A7
:10514000400938BD10B50446E8F718FC0368236031
:105150008388A38010BD08B5E8F710FC007B00F041
:10516000010008BD10B50446E8F708FCD0F8063089
:1051700023604389A38010BD50E8003F0B4340E803
:105180000032002AF8D1704770B50E461546E4F794
:105190008DF8044648B93046E3F790FC044620B940
:1051A0002846E9F7DBFD044640B10020E4F77EF82D
:1051B0000020E3F783FC0020E9F7D0FD204670BD16
:1051C0004FF40010EDF718BCFFF77CBF112808B5AD
:1051D00002D0122805D008BD1320BDE80840E8F72A
:1051E00071B9E8F75FFB00F004F8E8F7D3F9142091
:1051F000F3E7704708B5E8F7D5F8BDE80840112097
:10520000E8F760B9132808B502D0142809D008BD02
:10521000E8F7B4FBFFF754FFBDE808401220E8F7B9
:1052200051B90020E8F7EEF8BDE80840FBF787BF6A
:10523000E9F774BE0A2802D80130C0B270472428AA
:1052400001D80230F9E7252805D0262805D02728DF
:1052500018BFFF207047002070470C20704708B52A
:10526000E9F762FE20B1BDE808402020E9F7F4B874
:1052700008BD7047704770477047704770470020FF
:105280007047704770477047704770477047EEF738
:1052900075BA03F04BBB03F050BBDFF74FBF70474D
:1052A00008B5E8F71DFC18B1BDE80840E9F7E0B81B
:1052B00008BD03F086BA1046194670471FB5002393
:1052C000CDF80A30ADF80E30D0E90023CDE9002347
:1052D0000389C068ADF80830E9F7B6FB6846E8F71F
:1052E00047FF05B05DF804FB1FB5002300F00F0079
:1052F0008DF80A0001A801918DF808308DF8092079
:105300008DF80B300393FFF7CBFF05B05DF804FB7E
:105310001FB50023CDE901330393012300F00F00F3
:105320008DF80A0001A88DF808308DF80910FFF7F4
:10533000B7FF05B05DF804FB1FB5CDE900120022F0
:105340008DF80B308DF8082000F00F03C0F34012E9
:105350008DF809208DF80C30C0F3001243068DF84B
:105360000A2001D5E8F732FC6846E8F771FC05B081
:105370005DF804FB1FB50023CDE9003101238DF852
:105380000830C0F340138DF80930C0F300138DF8D6
:105390000A3000F00F038DF80C3043068DF80B2017
:1053A00001D5E8F713FC6846E8F752FC05B05DF854
:1053B00004FB10B50C4608B9E9F746F82146BDE8EC
:1053C0001040FFF7FBBDF0B587B00D4616468DF8CF
:1053D000070002B9A3B329469DF80700FCF7F3FEC6
:1053E0000446B8B929469DF80700FCF7F0FE40BB1B
:1053F00016B39DF80710003918BF012128460DF19A
:105400000F02E9F76BFCF8B99DF80F40013418BFA3
:10541000012416E004AF012239460DF10700FCF724
:10542000D4FE04464EB19DF80730191E18BF012165
:10543000002818BF3D46E1E70124FCF7B3FE00B9A0
:105440000124204607B0F0BD4FF0FF34DEE7CB0863
:10545000C25C012301F007018B401A4214BF0120F6
:105460000020704770477047024619460020E9F750
:1054700081B9002070470020704707B500214FF028
:10548000FF336A46084600938DF80430E9F7A8FC1C
:1054900003B05DF804FB38B50546006803F0CEFDA7
:1054A0000446287900F01F0003F0C8FD2044C0B274
:1054B000012894BF0020012038BD01207047816081
:1054C000704741EA002008B540F49020FCF741F80D
:1054D000014640B110F1880F05D0BDE8084040F208
:1054E0000740F6F72DBF08BD0120704770B50C4688
:1054F000064611461D46E9F739FD58B144EA062033
:105500006FEA40406FEA50402A46BDE8704080B2E2
:10551000EDF7E8BA40F2064070BD10B50446E9F771
:1055200025FD50B141EA04206FEA4040BDE810403B
:105530006FEA504080B2EDF70DBB40F2064010BD5F
:10554000837901461A0703D506220020E9F78EBDAC
:105550009B0602D506220120F8E74FF0FF30704786
:105560008379532B01D1E9F7B3BDFFF7E9BF70B5DC
:10557000064614461D46E9F7F9FC10B900242046FA
:1055800070BD41EA06206FEA40406FEA50402A466B
:10559000214680B2EDF7C2FA0028F0D0EEE708B558
:1055A000EBF724FE002008BD00207047014608B537
:1055B00000F03800EAF736FA78B1D0E901324078E5
:1055C000C1F3074110F0020F08BF1346043B53F824
:1055D000040F10B102788A42F9D108BD10B500F16C
:1055E000080454F8083C0BB9184605E054F8040CBC
:1055F000984708340028F4D010BD37B5837901905E
:1056000003440446D86800F03800EAF70BFA054670
:1056100028B901A803F083FE022003B030BD204664
:1056200003F087FE07F0C1F90446019905F10C006B
:1056300003F05CFF204607F0B3F9EDF765F90020B1
:10564000EBE72DE9F04107463C681D4614F4004F96
:105650004FF6FF7308BFFF23AB420846114604D242
:105660004FF000084046BDE8F08124F400431E02DC
:1056700006F4E066C3F3062324F47F441E4324F0BB
:10568000C704731944F08004827944EA13241B028E
:105690009BB20C321C43845000EB0208FFF7ADFFB5
:1056A0000028DDD13A6808F10403334412044CBFEA
:1056B00023F8025C03F8015CD4E77047704770B5CB
:1056C00005460C30F5F7F8FC6E689EB9334606EBDC
:1056D0008304B44210D12B69ABB900236B806B7883
:1056E00023F00E036B7070BD013356F82320002A9F
:1056F000FAD1ECE70023F8E754F8043DDB68002B0F
:10570000E7D09847E5E7DC68002CE6D0043C54F885
:10571000043F002BE1D09847F9E738B543780446B9
:1057200023F00C0343F00203437003690BB11868C4
:1057300010B90025284638BDFFF750FF0546002860
:10574000F7D02046FFF7BBFFF4E7036970B50546C5
:1057500053B1586840B1FFF741FF044620B12846D5
:10576000FFF7ADFF204670BD6E68043E56F8044F4B
:105770002CB9202005F10C01F5F78CFCF2E7A368A9
:10578000002BF3D0984704460028EFD0E7E7407895
:10579000C0F340007047437813F00E0F0CBF012098
:1057A000002070470368186802F01EBD38B5054632
:1057B000EAF7FCF904462846FFF7F4FF204638BD17
:1057C000052B07D920F47F4020F0C70040F400707B
:1057D00010609180704708B5EAF724F9C068003876
:1057E00018BF012008BD08B5EAF71CF920B1BDE8D3
:1057F0000840C06803F0C4BD08BD38B5EAF712F927
:10580000044650B107F0D1F8054604F10C0003F04E
:10581000A4FD0446284607F0C3F8204638BD20F40E
:1058200000432DE9F3411D0205F4E065C3F30623AF
:105830001D43002390466A18019313020746C2F3E2
:1058400002229BB220F47F40134320F007000C4655
:10585000184301A9EAF702FA064690B1031D2B444A
:10586000B8F1000F07D0434505D0184622464146FF
:1058700003F0B5FB03463A044CBF23F8024C03F88F
:10588000014C304602B0BDE8F081026810B501F06D
:10589000040022F40044C2F306220021043240F046
:1058A000290003F0C1FF10B183790344DC6010BD0F
:1058B0000346002200681A600179FFF79EBE10B50A
:1058C0000021FFF7E2FF044608B9002010BD01796E
:1058D000FFF793FE0028F8D1A3790C33E018F5E721
:1058E0002DE9F04117461A46036801F0040123F43C
:1058F00000431C0204F4E064C3F306231C4341F09C
:105900002905043406463B462146284603F0F6FFA7
:10591000804650B1E1B203F042FD3B462A46414683
:105920003046BDE8F041FFF78CBEBDE8F0812DE9BF
:10593000F341002401F004010668074641F02905FF
:10594000106829461460019003F0F3FC019803F0FD
:105950006BFD26F40046310201F4E061C6F3062631
:10596000314380460122043101A803F0D9FE30B151
:1059700001A803F0D4FC204602B0BDE8F081434604
:105980002A4638460199FFF75CFEF5E707B501A9FD
:10599000EAF764F903B05DF804FBA0F86E107047F5
:1059A00001238B4090F87110194380F871107047F3
:1059B00008B50120F5F7E4FAC0B208BD83790C33CD
:1059C0001844704710B50446A1F1140003F02CFDF3
:1059D000201A20EAE07080B210BD70B51C460D465A
:1059E0001646FFF7EFFFA04207D322463146A5F146
:1059F000140003F056FF012070BD0020FCE770B5D5
:105A000006460D4614467AB90A462046082103F098
:105A10000BFF044690B92A460821292003F004FF11
:105A2000044658B9204670BD104603F078FC204665
:105A300003F02DFE08231D44A371E571A3790C33F7
:105A40001C442670EEE72DE9F0411646069A0746FB
:105A500088461D46FFF7D3FF0446F0B114382A46A6
:105A60003146069003F01DFF854217D9069B06A814
:105A70001C7904F0200403F052FC74B9424608215A
:105A8000292003F0D1FE2A463146069003F009FF93
:105A9000854206D906A803F042FC00242046BDE852
:105AA000F081069A93790C33D418D754F6E711B1E4
:105AB0001439EAF76BBA1A20704738B50022044649
:105AC0000D4602200321FFF79AFF014608B1A0F816
:105AD00001502046BDE83840FFF7E9BFF8B504465D
:105AE0000F46164605210120069A1D46FFF787FF3F
:105AF000014638B14770468005712046BDE8F84040
:105B0000FFF7D5BFF8BD38B50D460321044608465A
:105B1000FFF775FFA0F8015001462046BDE8384068
:105B2000FFF7C5BF73B50546084611466C891A468E
:105B3000641ABDF81830A4B29C4228BF1C46079BCB
:105B4000089E00932346FFF77EFF014630B12846AA
:105B5000348002B0BDE87040FFF7A9BF1A2002B040
:105B600070BD012110B5002204461320FFF747FF46
:105B7000014620B12046BDE81040FFF798BF10BD98
:105B8000F7B54489054618460F461646019303F0BB
:105B90004BFC053CA4B2844203DA011B01A803F0CC
:105BA000E5FC0521019803F082FD014628B901A812
:105BB00003F0B5FB1A2003B0F0BD83790C33C21893
:105BC0001720C8542846A2F80170A2F80360EAF72B
:105BD000DDF9F0E7012110B5002204461920FFF796
:105BE0000EFF014620B12046BDE81040FFF75FBF21
:105BF00010BD73B50E46002144890546033CA4B28E
:105C0000A342009128BF234603211B20FFF71BFF5F
:105C1000014670B1012210F80F3CA0F8016062F358
:105C2000071300F80F3C284602B0BDE87040FFF7AC
:105C30003EBF1A2002B070BD73B50E4600214489E4
:105C40000546033CA4B2A342009128BF234603218A
:105C50001D20FFF7F8FE014638B1A0F80160284684
:105C600002B0BDE87040FFF722BF1A2002B070BD3D
:105C70004B88042B07D1836C08885B8998428CBFC2
:105C800000200120704700207047532838B5054692
:105C90000C4604D1BDE838400846F6F7D5BB0620CF
:105CA000F5F76AFB68B96379142D03F03F0363715C
:105CB00004D0722D08D163F03F0363710020A571F9
:105CC00038BD40F20740FBE72120F9E700230360DD
:105CD00083808371704710B5044660B1806C50B109
:105CE000EAF728FAA06C0028FAD12046BDE8104057
:105CF0000321EAF7A1B810BD438907B58B420CD048
:105D000050F80C2B40F2014192F87020ADF80630AB
:105D10008DF8042001AA03F030FA03B05DF804FB0B
:105D2000436943F0040343617047436923F004036C
:105D3000436170474069C0F38000704747F23053B9
:105D400000220068F4F7CEBF006803F0A9B938B5A7
:105D5000436904469B070D4603D540F20941FFF70E
:105D6000F3FFEAF731F908B1A3691D702046BDE8D9
:105D7000384040F20941FFF7E1BF07B5027C012A34
:105D800009D00122027440F20942914206D040F249
:105D90000A4291420ED003B05DF804FB4FF48161DA
:105DA00050F80C3B01AA93F870308DF8043003F0E2
:105DB000E4F9F0E750F80C3B01AA93F870308DF845
:105DC0000430F4E738B522F000430D46114640F2A6
:105DD0000322934204461AD0B3F5017F09D240F260
:105DE0000122934213D040F20222934209D00020B4
:105DF00038BD6FF481621344012BF8D8FFF7BDFF63
:105E0000F5E700F01AF9204601F011F9EFE76369B0
:105E10009B0704D540F209412046FFF795FF28462D
:105E2000FFF759FFE3E708B500B10068E9F7D4FFD1
:105E300008B9034602E0836C002BF7D0184608BD72
:105E400010B5044642F62A3000F03BFB031B5842D3
:105E5000584110BD022806D142F62A330888C31AD9
:105E60005842584170470020704710B5044642F62A
:105E7000293000F026FB031B5842584110BD90F812
:105E8000200000F0010070471FB504466846EAF79D
:105E900075FA1022694604F1210003F090F8B0FA77
:105EA00080F0400904B010BD08B5FFF7EDFFB0FA6F
:105EB00080F0400908BD70B5044600F1210591B994
:105EC0002846EAF75BFA236893F97500E9F74EF87C
:105ED00078B120682B46BDE8704010220D2190F962
:105EE0007500FFF703BB10220021284603F091F84C
:105EF000E9E770BD38B50446002390F8202041FA48
:105F000003F0C50703D442FA03F0C0071ED40133DF
:105F1000082BF4D101F0010523682A4384F82020DE
:105F200093F97500E9F722F840B1234653F8200BA6
:105F300001220C2190F97500FFF7D8FA0DB9002065
:105F400038BD00212046FFF7B6FFF8E71320F7E73A
:105F500068B13F290AD800EBA10090F8310001F0A8
:105F600003014900084100F003007047002070471A
:105F700010B50368044693F97500E8F7F7FF50B1D0
:105F80002346BDE8104053F8310B10220B2190F945
:105F90007500FFF7ABBA10BD10B590F87430DB0791
:105FA00006D490F97530013314BF0F20052010BDC1
:105FB000847CF6F71BF9844234BF0C200020F6E7FE
:105FC00030B5044685B06846EAF7D8F9102168462E
:105FD00003F0A9FC2046EAF7DFFB6B46C26804AD7C
:105FE00006321C4603CCAC4210605160234602F1DD
:105FF0000802F6D105B030BD08B5EAF7CDFB08B10F
:10600000EAF79EFBC0B208BD013810B580B2EAF7CE
:10601000C3FB044608B9002010BD408800F083FB94
:106020000028F8D0207BF7E708B5EAF7B5FB18B1F0
:10603000007AC31F5842584108BD70B5054655F84F
:10604000213B044693F97500E8F790FF20B92846F4
:10605000BDE87040EAF792B9234653F8310B10229D
:106060000B2190F97500FFF782FA234653F8200BB5
:1060700001220C2190F97500FFF779FA20682B4670
:10608000BDE8704010220D2190F97500FFF76FBA3E
:1060900001302DE9F04185B228460E46EAF77CFB37
:1060A00042F60217044642F603089CB12046EAF77E
:1060B00047FB78B1204600F045FBB84205D10EB150
:1060C00023883380607BBDE8F081204600F03AFBF6
:1060D000404502D14FF0FF30F5E70135ADB228461B
:1060E000EAF75AFB0446E0E72DE9F04707460E467B
:1060F00090460D4642F6021942F6030A0135ADB24A
:106100002846EAF749FB044678B1EAF719FB60B183
:10611000204600F017FB484505D1237A072B04D110
:106120000320BDE8F0875045E8D141463046FFF7EF
:10613000AFFF431C014604D03846BDE8F047FFF7E7
:1061400007BF0020EDE770B5054608461646EAF79A
:1061500023FB044608B9012070BDEAF7F1FA0028D4
:10616000F9D0F00713D4B10734D4720702D5A3884D
:106170005B0732D516F0060F31D116F40060EBD074
:10618000A38813F4006F14BF00200620E4E7A3885F
:10619000DA0743D513F0700F0AD1980610D45806C9
:1061A000E1D52B6893F975300133DCD10820D3E7B2
:1061B0002868FFF7F1FEA388990608D50028CBD1FF
:1061C0002A6892F874209207E9D40520C4E70028D1
:1061D000C2D1E4E7A3889907C7D40320BCE7A3880A
:1061E00013F4E06F09D198050FD45B05C5D52B6872
:1061F00093F975300133C0D1D8E72868FFF7CCFE9A
:10620000A388990507D50028A6D12A6892F874209A
:106210009207EAD4D9E700289ED1E6E702209BE75F
:1062200038B504460846EAF7B7FA054608B901202A
:1062300038BDEAF785FA0028F9D0AB8813F4E04FAF
:106240000CD1980412D413F48040F1D0236893F950
:106250007500431C58425841C000E9E72068FFF729
:106260009BFEAB88990408D50028E1D1226892F8FA
:1062700074209207E7D40520DAE70028D8D1E2E7B6
:106280002DE9F0474FF00009044683F800900846D6
:10629000A2F80090884616461D46EAF77DFA0746A2
:1062A00020B9012300202B70BDE8F08774B1EAF714
:1062B00047FA0028F5D04046FFF7D7FD30B101235B
:1062C00085F8009004F120003380EDE72B4632463C
:1062D00039462046BDE8F047E9F7DCBF2DE9FF412C
:1062E00007460846884616460393EAF755FA0446D9
:1062F00038B903A803F013F80125284604B0BDE817
:10630000F0811FB1EAF71CFA0028F2D0237A072B9C
:1063100005D8DFE803F017262F381C17172126BBF6
:106320000398002835D13246257A022D62D0032DFC
:1063300064D0012D3BD0002F7FD1002503A802F0AF
:10634000EEFFDAE703A802F0EAFF0325D5E703A88A
:1063500002F0E5FF0625D0E703A802F0E0FF802564
:10636000CBE7E3685D88B54209DA03A802F0D7FFFE
:106370000725C2E7E3689A88B242F6D35D8803989E
:1063800040B9024609E0022EEFDC039868B90246E4
:10639000CAE7354603F048F882B29319AB42C3DD31
:1063A00003A802F0BCFF0D25A7E70225F2E7E0688D
:1063B000063000230399304402F0A0FF002FBCD028
:1063C000237A032B39D103A802F0A9FF002120462C
:1063D000EAF79EF968B30588617B3846FFF7B8FD98
:1063E0000122034629463846CDF8008000F073FCB0
:1063F000002582E7E068B3188380D9E7039B9A7988
:10640000D979891AC9B2481E012810D81344022923
:106410001A7B04BF5B7B42EA0322237B32EA03033D
:106420008CD101233846617BE9F70AFFC6E70D25C9
:1064300084E708F1FF35ADB2CEE7039B41460093F8
:10644000384633463A7F00F02CFCD1E7884270B5DD
:1064500004460D46164611D8012838BF01242046AF
:10646000EAF79AF910B14388B34208D00134A4B2D4
:106470002046EAF775F908B1A542F0D2002420467B
:1064800070BD70B50C4616461D460146B8B1B3B195
:10649000022C01D0102C12D1E0B2EAF7B5F84FF679
:1064A000FF718842024602D141F20A1070BD3046A7
:1064B000FFF7CCFF0028F7D028800020F6E7212046
:1064C000F4E7002307B50122ADF80400ADF806306B
:1064D00002210DF1060301A8FFF7D3FFBDF8060066
:1064E00003B05DF804FBF8B50F461646441CA4B291
:1064F0002046EAF751F910B9013CA0B2F8BD00F00E
:1065000021F90546304600F0F9F820B1284600F0A0
:10651000F5F80028F0D1304600F0E9F820B128461F
:1065200000F0E5F80028E7D10134A4B22046EAF7EC
:1065300017F908B1BC42DBD94FF6FF70DEE72DE951
:10654000F04F9A4687B08B880D460C88814604A987
:106550000220ADF810309046EAF756F8AB6800908C
:10656000A888AF89059300F0C2F838B1102F05D183
:1065700005A8EAF72FF8022808BF02279DF840B0C7
:106580000BF0010B38E02046009AFFF75FFF06464C
:10659000A8B3AA886988FFF7A6FF04463046FFF72C
:1065A0002BFD40EA0B00C0B200B30DF10F033146E2
:1065B00048460DF11202FFF763FE9DF80F302BB134
:1065C000A8F80060184607B0BDE8F08FBDF81220AB
:1065D000BA420BD13A460599019302F0F0FC019BB7
:1065E00020B9A8F80060AAF80040EBE74FF6FF7367
:1065F0009C4201D00134A4B26988A142C3D20A23CB
:10660000E0E708B5EAF7C8F8BDE8084000F09AB836
:1066100038B505460846EAF7BFF8044610B94FF604
:10662000FF7038BD0DB96088FBE7EAF789F80028EC
:10663000F9D1F4E770B5044642F60520FFF741FFB3
:10664000B0B10021FFF724FD054601462046FFF7C3
:106650007FFC06461022002104F1310002F0D9FC33
:10666000324629462046BDE870400023E9F7E8BDE0
:1066700070BD7FB504460D4610220021684602F029
:10668000C8FC0026AB575A1C1BD031462046FFF7EA
:106690005FFC1946002BB8BFD91C04AA02EBA1016C
:1066A00000F00302584200F0030003F0030358BF58
:1066B00043425B0002FA03F311F8102C134301F874
:1066C000103C0136402EDDD16B4604F1310504AE9D
:1066D0001A4603CAB24228606960134605F10805EC
:1066E000F6D1204604B0BDE87040FFF741BCA0F5EC
:1066F000205001288CBF00200120704742F6030380
:10670000C31A58425841704708B5030409D4E9F741
:1067100047FFA0F5205080B201288CBF0020012047
:1067200008BD0020FCE7020408B507D4E9F738FFEC
:1067300042F60303C31A5842584108BD0020FCE743
:10674000C00B70470346B3F902304088002B01DBD1
:10675000E9F726BF0020704708B5FFF7F3FF42F6C0
:106760000303C31A5842584108BD08B5FFF7EAFFB2
:10677000A0F5205080B201288CBF0020012008BD68
:106780001FB550F80C4BADF80A3094F87040069BDA
:10679000ADF806108DF8082040F2035101AA8DF8DB
:1067A0000440039302F0E9FC10B906A802F0B7FD1B
:1067B00004B010BD2DE9F0414FF0000886B004464A
:1067C0000E461546CDF80C8000F1440712B303A81D
:1067D00002F0A5FD384602F0A2FD84F81C800023DB
:1067E0003246009318212B462046FFF777F905F52E
:1067F0008855204650F80C3B40F2055193F8703014
:1068000004AA8DF81030059502F0B7FC002006B000
:10681000BDE8F08143691A0710D4A846384602F053
:106820009CFD03460390C0B903A802F078FD3846EA
:1068300002F075FD0023237755B1D0E723F008035C
:10684000436103A802F06BFD384602F068FD25772E
:106850002046FFF7BFF90025CBE79979204601F1E3
:106860000C021A44B2F801600531B2F803209971A4
:106870003146FFF733FDCDF80C800028CED0054619
:10688000D2E72DE9F047089C0E4617469846054684
:1068900010B1037C012B61D02846FFF741FA14F0B8
:1068A0008009304614BF4FF0200A4FF0100AFFF75E
:1068B000ABFB1AEA000F4DD03046FFF7A2FE42F6BE
:1068C000052398420FD114F0010219D03146284611
:1068D000FFF7A6FC08B300F588542846FFF725FA11
:1068E0002046BDE8F0872846FFF7C9FA0028EAD01D
:1068F0002846FFF7D9FA0028E5D041F21214ECE758
:10690000B9F1000F3146284614BF02240124FFF7D5
:10691000EBFB2042DAD10224DFE7B9F1000F11D0FE
:10692000EB8BCBB943463A4631462846FFF784F90C
:1069300004460028D1D140F20A412846EE83FFF7F1
:10694000FDF9CAE743463A4631462846FFF751F972
:106950000446C2E72124C0E70524BEE70724BFE7B9
:106960002DE9F047002586B09DF8389090F81CA0DE
:1069700004460F4690460F9E0577B9F1000F09D0E7
:106980000A464B4651460096FFF7A8F8284606B03F
:10699000BDE8F087BAF1080FADF8169026D1458909
:1069A0003246043DADB29D424FF002014FF0090066
:1069B000A8BF1D46FFF723F80222814605A93046ED
:1069C000ADF8147002F06DFF2A464146304602F0E1
:1069D00068FF0546831C3146204689F80130E9F7F7
:1069E000D5FAADF81650BDF81600D0E7BAF10A0F87
:1069F0000DF116020CBF0B210D21CDE901620093B0
:106A000001224346FFF78EF81A28ECD111233A46AB
:106A100051462046CDF80090ADF81690FFF75EF88D
:106A2000E1E7F0B5002589B01746012204460E467D
:106A30000393ADF81650FFF786FB8DF8150000287C
:106A400046D13046FFF7FCF910B13046FFF7B8FAEF
:106A50003046FFF7E9FAB8B103A802F060FC20461F
:106A600050F80C2B237F92F8702040F202518DF8E1
:106A7000182006AAADF81A608DF81C30ADF81E700B
:106A800002F07BFB09B0F0BD0DF115030DF116020C
:106A900031462046FFF7F4FB9DF8153002465BB9FE
:106AA000BDF81630BB4235BF0723DB1B8DF8153010
:106AB000D21928BFADF81630039B314601939DF8DB
:106AC000153020460093BDF81630FFF749FFD9E78F
:106AD0002A46F1E72DE9F04F89B002901846154695
:106AE00005930C46FEF76AFF8046059802F09CFC71
:106AF0000023B0F1010AB5F80A908DF81D3000F0BE
:106B000089801AF0010740F085805046F4F704FCB4
:106B10000646002800F08480524608F1010102F088
:106B200080FA01212046059AFEF769FFB8460AEB74
:106B3000DA7A09F1FF3B03904FEA6A0ABA4544DD6D
:106B400036F81740012221462846FFF7FCFA8DF857
:106B50001D0068B92046FFF773F910B12046FFF712
:106B60002FFA2046FFF760FA78B180238DF81D30A8
:106B7000304602F0F0FE059B2246009328469DF821
:106B80001D300299FEF7AAFF26E00DF11D032146F4
:106B900028460DF11E02FFF773FB9DF81D3004908F
:106BA000002BE5D1029B202B1BD1ABEB0803012B63
:106BB0000BDD0DF11E010222059802F072FE012884
:106BC00001460CD805A802F0D1FC304602F0C3FE05
:106BD00028460399FEF76BFF09B0BDE8F08F08F176
:106BE0000208BDF81E20ABEB08039A42C2BF09F1B0
:106BF000FF33A3EB0803ADF81E30BDF81E20DDE91E
:106C0000041002F04EFEBDF81E309842DDD39844C9
:106C1000013793E7042300248DF81D302646A7E7AB
:106C20001123F8E7F7B51E460023136033800446AE
:106C30000D461746FFF704F910B12046FFF7C0F9DB
:106C4000214600200DF105030DF10602FFF718FBA8
:106C50009DF8054024B9BDF806402CB9002001E09C
:106C600004F5885003B0F0BDAC4204D32844641B43
:106C700038603480F2E741F20710F3E770B504465C
:106C80000D461646FFF7DCF840B933462A46214642
:106C9000FFF724FB08B100F5885070BD41F20310E6
:106CA000FBE71FB550F80C4BADF80A3094F8704074
:106CB000069BADF806108DF8082040F2015101AA9C
:106CC0008DF80440039302F058FA10B906A802F0B8
:106CD00026FB04B010BD1FB550F80C4BADF80A30C0
:106CE00094F87040BDF81830ADF806108DF8082003
:106CF00040F2045101AA8DF80440ADF80C3002F0C6
:106D00003CFA04B010BDF0B5122785B003920777A6
:106D1000022205460E46FFF716FA044668B103A89C
:106D200002F0FDFA00232B77002332460093122154
:106D300023462846FEF7D2FE0FE0039A30469379A9
:106D400003339371FFF770F948B1039B3A46009300
:106D5000314623462846FFF713FD05B0F0BD42F645
:106D60002930FFF7AEFBB04220D1039830B903A819
:106D700002F0D5FA00230D242B77D5E702F054FB5F
:106D800080B20128F3D1039B28469A791344197BDA
:106D9000FFF7B0F8044603A802F0C1FA00232B77EE
:106DA000002CC1D12846FEF7DCFED6E7224631464C
:106DB0002846039BFFF792FA0446EFE72DE9FF41CF
:106DC0000392042204460D46FFF7BDF9074628B199
:106DD00003A802F0A4FA04B0BDE8F0814FF0520815
:106DE000039A284693790333937184F81C80FFF744
:106DF0001BF9064640B1039B4246009329463B4699
:106E00002046FFF7BDFCE6E742F62930FFF759FBC5
:106E1000A842039B0BD19A7920461344197BFFF7B4
:106E200069F803A802F07BFA00232377D3E7324600
:106E300029462046FFF752FAF6E72DE9FF418B7904
:106E400004460C330B44B3F801700E463846B3F8D1
:106E50000380FFF7D1F8002858D002223946204697
:106E6000FFF771F90546E8B93846FFF7DDF868B174
:106E700016222277B37939460533B371204643464B
:106E80000096FFF77DFC04B0BDE8F081F4F760F8F0
:106E900033461B680135EDB2002BFAD10635A84206
:106EA0001DDC092504F1440002F039FA2B463A466C
:106EB000162120460096FEF711FE092DE3D120464B
:106EC00050F80C3B40F2055193F8703002AA8DF84F
:106ED000083041F20913039302F04FF9D3E701217F
:106EE000304602F0A9FC01460028DAD004F1440043
:106EF00002F0FCFAB37942460533B37139463346A2
:106F0000204604B0BDE8F041FEF73ABE0125C9E7CE
:106F100013B5044641B9443002F001FA204602B0EC
:106F2000BDE81040FEF756BE18224369027713F001
:106F3000080306D0002319460093FFF721FC02B096
:106F400010BD1A46194602B0BDE81040FFF732BC2A
:106F50007FB5C58B04462DB342F60520FFF7B1FA85
:106F6000A84207D100212046FEF7A5FF636923F060
:106F700001036361002640F20A412046FEF7E4FE69
:106F800029460DF10E022046ADF80E60FFF7ACF871
:106F9000BDF80E2003460092294602222046FFF744
:106FA0009AFEE68304B070BD2DE9F74305460F460F
:106FB0009046FFF721F898B32846FFF725F810F020
:106FC000300F30D02846FFF71FF806460020FEF7A6
:106FD0002AFF044606F010091CB9204603B0BDE89C
:106FE000F083002229462046FFF77EF8B9F1000F12
:106FF00001D0C10712D4B20617D5830715D5802357
:1070000000933A46434629462046FFF73AFC1A28A1
:10701000E4D02046FEF707FF0446DDE70023EFE754
:1070200041F20110DAE72120D8E70220D6E72DE966
:10703000F041054688B042F60520FFF742FA0646C1
:1070400004A8E9F79BF9102205F121010DEB0200DC
:1070500001F0B5FF50B101212846FEF72CFF28466C
:10706000FFF7E8FA6B6923F001036B6142F6030353
:10707000022003A9ADF80C30E9F7C6FA012407464F
:107080004FF0000820463A464FF6FF71FFF7DEF951
:10709000044610B908B0BDE8F081FEF7ADFF013439
:1070A000A4B20028EED0A64203D131462846E9F723
:1070B000CFFB214628460DF10E02ADF80E80FFF7FA
:1070C00013F803460028DDD0BDF80E2021460092BB
:1070D00028460122FFF7FFFDD4E708B5E9F73CF9A0
:1070E0000020E9F7EFFF002008BD10B504468069D5
:1070F000143002F014F9A069BDE81040183002F015
:107100000EB92DE9F0410F46144605461E46FFF71D
:10711000ECFF23463A4608210020D5F8188002F0FB
:10712000EDFBAA69C8F81400536923B1002054810B
:107130001682BDE8F0811A20FBE770B504460846C8
:1071400002F072F9A16986B28A894D8912B1521B87
:1071500096420CDA6389581E80B225B90A78082A4B
:1071600004BF043B98B2831B5842584170BD0020B5
:10717000FCE730B5044654F80C0B8DB09DF8405038
:1071800090F8700042EA01428DF80400194602921C
:1071900003A82A46079501F044FF40F20241204629
:1071A00001AA01F0EAFF0DB030BD10B550F80C4B4C
:1071B00086B094F87040ADF80E10ADF8102040F293
:1071C000064103AA01938DF80C40059301F0D5FF09
:1071D00010B901A802F0A3F806B010BD37B50446F7
:1071E0000D46FFF782FF204640F20941FEF7ACFD55
:1071F00000222046A36940F207411A7050F80C3B68
:107200006A4693F8703001958DF8003001F0B5FFB3
:1072100003B030BD13B501910021044600F033FFE7
:107220000422002320460DEB0201FFF76AFF02B0A3
:1072300010BDF0B504460F461E46154685B052B93E
:1072400083691B78072B30D0082B14BF15460925FE
:10725000002E18BF0D250A9802F0E6F8A3699A8956
:107260004AB15B8981B2D21A914204DD92B2891A85
:107270000AA802F07BF9204650F80C3B40F2054189
:1072800093F8703001AA8DF804300A9BADF80670AF
:107290008DF80850ADF80A60039301F06EFF10B945
:1072A0000AA802F03CF805B0F0BD0B25D0E7B0F815
:1072B0000AC02DE9F041ACF1020C9C4505460E4692
:1072C00017461C4603DDBDE8F04100F089BE836926
:1072D0002246198100233946FFF713FF044658B9A7
:1072E000AB690246314628460E3300F092FE044652
:1072F00010B12846FFF7F9FE2046BDE8F0812DE9E0
:10730000F043202A8FB0054617461C4603910BD93F
:1073100041F2041421462846FFF760FF03A801F05C
:10732000FEFF0FB0BDE8F083002B46D10846A2F166
:10733000060802F079F84FF6FF765FFA88F81FFA30
:1073400080F94C4510D3AB69DA88B24239D942F69C
:107350000203ADF814300223711C0093284605ABDC
:1073600089B200F0E6FD25E023463A46039906A8D7
:1073700001F0C4FFAB69BDF818609A88B242C7D863
:10738000DA88B242C4D3BDF81A10BDF81C20B8F197
:10739000000F09D02846CDF800800DF11E033C44B3
:1073A000FFF7E7FEA4B2CCE728469E8019815A81F8
:1073B00000F0D8FD04460028B0D041F20A139C42E8
:1073C000A8D10024A6E72DE9F0471C4696B08369B2
:1073D00001921B780646062B03D0112B60D001A822
:1073E0001CE00129104614BF4FF010084FF00208AE
:1073F0000392002C4CD102F017F84FF6FF7508F1FC
:10740000020987B2A7420ED8B369DA88AA4237D8F0
:10741000002421463046FFF7E1FE03A801F07FFF7C
:1074200016B0BDE8F08723464A46039904A801F048
:1074300065FFB369BDF810509A88AA422DD8DB8841
:10744000AB422AD39DF81330282BE1D0B2465AF82C
:107450000C3B424693F870300DF112010DA88DF8E7
:107460003030ADF83250CDF844804C4401F0D9FDB5
:1074700040F2044150460CAA01F07FFEA4B2C1E7DD
:10748000691C304689B200F024FD04460028C4D0AF
:1074900041F20A139C42BBD0BBE741F20414B8E7A7
:1074A0000129104614BF12270427049284BB01F05F
:1074B000BBFF42F602184FF6FF7185B2A5420DD808
:1074C000B369DB888B4221D901314FF6FF72304618
:1074D00089B200F0FEFC0446A0B119E023463A460A
:1074E00004990CA801F00AFFBDF83220BDF8301055
:1074F00042459DF8333007D1B269022330460A3243
:10750000FFF7D5FE04A889E7282B06D141F20A141B
:1075100021463046FFF762FEF4E73C44A4B2CDE7D3
:10752000F0B5836987B003911B780546022B14469A
:1075300053D108460491002A47D101F075FF4FF658
:10754000FF7687B2A7420DD8A869C288B2422BD86D
:10755000002421462846FFF741FE04A801F0DFFE83
:1075600007B0F0BD04220499234605A801F0C6FE29
:10757000AA69BDF814109088BDF81660814229D31D
:10758000D388994226D8864224D39E4222D8506975
:10759000927A837904340C330092034432462846AD
:1075A000FFF7E7FDA4B2CDE743694089711C019064
:1075B000987989B20C300344009328464FF4205345
:1075C00000F09BFC04460028C7D041F20A139C42FD
:1075D000BFD1BDE741F20414BBE703A8BEE7F0B595
:1075E00087B0054617461C46039153B9FFF7A5FD22
:1075F00038B1012322462846039900F084F807B0E9
:10760000F0BDA9690B78082B05D8062B44D8032BAD
:107610000FD003A83DE00F2BFBD1039B0593002C5B
:107620006DD1002B6BD0224628460989FFF7BDFD9E
:1076300059E00398059018B3ECB9102683794A896C
:107640000C330989034400962846FFF792FDAB6985
:107650009988DA88914217D242F60203ADF81030C9
:1076600002230131009328460DEB060389B200F096
:1076700060FC044660B141F20A139C4204D101E06F
:10768000002CF8D141F21F0421462846FFF7A6FD41
:1076900005A801F044FEB2E7039805907CBB70B3E7
:1076A00001F0C2FE0FB386B2B7421ED2394605A81A
:1076B00002F096F838B905A801F031FE1A212846E3
:1076C000FFF78CFD9BE78379F61BC2180233918983
:1076D0008371AB6900225B89B6B200902846FFF740
:1076E000A8FDB742E2D92146E9E7AA6928465389AD
:1076F0001189059A00920022FFF79BFDF3E705A888
:1077000001F00DFEEFE7F0B585B006461F461446C2
:10771000039132BB084601F087FE054608B3B16904
:107720000B784A89082B0BD8062B0BD9039B0989A8
:107730003046009313462246FFF77BFD039401E099
:107740000F2B19D0B1694B89EA1892B2B2F5007FBC
:107750004A8117D82FB13046098900F014FC04463D
:1077600028B10022234611463046FFF738FF03A810
:1077700001F0D5FD05B0F0BD3046039B0989FFF748
:1077800014FDDBE741F20414EBE773B58369019163
:107790001B780446082B15460ED8062B0ED9019EE1
:1077A00020463146FFF7C9FC2A46034631462046AB
:1077B000FFF7A9FF02B070BD0F2BF0D001A801F0B8
:1077C000AEFDF7E730B5836987B003911B780546B6
:1077D000092B144611D105915AB9134600910F2275
:1077E0002146FFF726FD21462846FFF7F7FC07B0A4
:1077F00030BD05A801F093FDF5E703A801F08FFD6A
:10780000F5E770B5836986B003911B7805460A2BAE
:10781000144631D1059132BB059801F005FE08B937
:10782000044620E00023022205A90DF1120001F018
:107830006FFD012815D9BDF8126096B1059801F0C9
:10784000F3FD86420FD8BDF8121005A801F0C8FF5D
:1078500048B100230090212219462846FFF7E9FC91
:10786000DAE741F20D1405A801F059FD214628463A
:10787000FFF7B4FC06B070BD03A801F050FDF9E7B6
:107880002DE9F04F87699FB003913F780546052F9A
:1078900016461C4604D8032F16D810D003A867E05C
:1078A000082FFBD108461391002B00F0C28013A8CB
:1078B00001F035FD21462846FFF790FC01E0FFF777
:1078C0001EFD1FB0BDE8F08F202A0846049148D85D
:1078D000002B40F0A880571F01F0A6FD4FF6FF785F
:1078E000FFB21FFA80FA0DF11C0BA24506D8AB6956
:1078F000DA88424500F28780002434E0234632468D
:1079000004990BA801F0FAFCAB69BDF82C809A88A9
:10791000424526D8DA88424523D35969F1B9A946A8
:1079200059F80C1BBDF82F2091F870109DF82E30DF
:107930008DF84C10ADF84E200DF131013A4615A8E6
:107940008DF85030199701F06CFB40F20341484626
:1079500013AA01F012FC3444A4B2C6E75A89102AD3
:1079600009D941F2041421462846FFF737FC04A840
:1079700001F0D5FCA5E70023584601F0BFFCAB6938
:107980000DF13101102FCDE9051B93F80A902BD191
:10799000B9F1020F34D105A8E8F71CFE0228DAD1AC
:1079A0004A46DDE9051001F00AFB0028D3D12B4639
:1079B00053F80C0BBDF82F1090F870009DF82E2096
:1079C0008DF84C00ADF84E108DF8502059464A46BF
:1079D00015A80293CDF8649001F023FB029B40F2BE
:1079E0000341184613AAB4E7022F09D1B9F1100FC9
:1079F00006D106A8E8F7EEFD0228ACD13A46D0E75A
:107A00003A465846CFE742F60303ADF84C3002231E
:107A100008F101010093284613AB89B200F089FAFE
:107A200004460028A3D041F20A139C423FF464AFFD
:107A300099E759B900210023AA6928469381538107
:107A4000118113993246FFF7CAFD3AE701F0ECFCC9
:107A500016B180B28642EDD1139A9379D1180233D0
:107A600089899371E7E72DE9F0431C468FB083695C
:107A700003911B780546012B17465BD108460591FB
:107A800001F0D2FC202F0BD941F2041421462846E4
:107A9000FFF7A4FB05A801F042FC0FB0BDE8F0839E
:107AA000002C42D1059801F0BFFC4FF6FF76A7F1FC
:107AB00004081FFA88F81FFA80F95FFA88F8A145D0
:107AC00005D8AB69DA88B24220D80024DEE7234625
:107AD0003A46059906A801F011FCAB69BDF81810EB
:107AE0009A88BDF81A609142CED3DB889942CBD8F0
:107AF0009642C9D39E42C7D832462846CDF8008068
:107B000007AB3C44FFF735FBA4B2D8E74FF4205352
:107B1000ADF810300223711C0093284604AB89B2E3
:107B200000F045FA04460028B4D041F20A139C4202
:107B3000CBD0ABE703A8AEE783691B780B2B02D051
:107B4000103B012B01D8FFF749BB7047F0B585B05A
:107B50000193836917461A7804460B3A0A9E072A4E
:107B600042D8DFE802F00441304141044129019844
:107B7000039001F059FC85B203A801F0D0FB26B1B7
:107B800031462046FFF746FB0FE0A1697A194B8981
:107B900092B293420BD90A8201F10E032046098961
:107BA00000F037FA01460028EBD105B0F0BD012105
:107BB000204600F068FAF5E72EB91A8A0198BA4211
:107BC0000BD04FF48166019B03A8039301F0A7FB40
:107BD00031462046FFF702FBE7E7DA89596901F0F1
:107BE0002EFC0028EDD1EEE701A801F098FBDCE7C0
:107BF00038B58269044613780D460E2B12D0102B2F
:107C000001D00B2B12D1536933B1997902F11400D1
:107C10000B44DD6801F083FB29462046BDE838406F
:107C2000FFF78ABFBDE83840FFF7D8BA38BD07B5BF
:107C3000002300921B22FFF7FCFA03B05DF804FB5F
:107C400007B583695980009200231D22FFF7F1FADE
:107C500003B05DF804FB70B506460D461446E2F726
:107C6000D9F94379C57523F0030343F00303437146
:107C700040F60943C380A0F815602060153070BD40
:107C800013B50C4601AAFFF7E6FF019BDA7914440D
:107C9000DC7102B010BD73B5064610460C461546A1
:107CA00001F0C2FB211801AA3046C9B2FFF7D3FF89
:107CB000019B0646DA791444DC712B4633B901A8DE
:107CC000294601F013FC304602B070BD5C7924F007
:107CD000030444F002045C711B68EFE708B5E2F7A7
:107CE0009FF983790C33184408BD4B88052B05D1C7
:107CF00008880E288CBF00200120704700207047A4
:107D0000F8B505460F46164604210A22002001F068
:107D10008BFD0246B8B1847905210C3403194FF06C
:107D2000060C00209970D87002F804C013241C714E
:107D300002245F715870D8719C7128461E81BDE87D
:107D4000F840E9F75FBAF8BD73B5054610460192F1
:107D50000C4601F069FB042186B2019801F0A7FCF2
:107D6000024628B901A801F0DAFA1A2002B070BD63
:107D7000837901900C33C1184C80C65221462846A5
:107D8000E9F740FA0020F1E72DE9F0410646884680
:107D9000174604210A22002001F046FD0246B8B130
:107DA000857900240C354319052106209970DC7073
:107DB00050550120187102205C70987183F805807D
:107DC0003046DC711F81E9F71DFA2046BDE8F081DD
:107DD0001A20FBE7002070470020704707B501A874
:107DE000019201F09CFA03B05DF804FB704708B5FE
:107DF000E9F74CFDE9F794FAE9F79AFBE8F794F90B
:107E0000BDE8084000F0B8B938B505460C46E9F7BA
:107E10007BFA28B928462146BDE83840F2F7A0BFD2
:107E200028462146F2F79CFF00F0A3F9EFE737B5AB
:107E3000044642F60720FEF744FB0546C0B10A237C
:107E4000002CCBBF0534053CB4FBF3F494FBF3F4F6
:107E50000123002118460DF1070264B28DF8074096
:107E600001F04CFD0022034629461046FEF736FA83
:107E700003B030BD430803F05503C01A00F03303CC
:107E8000C0F3850000F03300184400EB101000F040
:107E90000F007047002110B5421D441E14F8010F59
:107EA000FFF7E8FF94420144F8D1084610BD10B531
:107EB000F3F778FD044628B10124204610BD436A3B
:107EC000DB06F9D4F3F782FB0028F8D1F5E70020B0
:107ED000704770B504460E46154605210022042061
:107EE000FDF78DFD014618B1A0F80160A0F8035020
:107EF0002046BDE87040FDF7DABDF7B51D4600230A
:107F0000044600930F46164607210620BDF824308C
:107F1000089AFDF798FD014628B1A0F80170A0F875
:107F20000360A0F80550204603B0BDE8F040FDF71F
:107F3000BEBD73B515461A460023044600930E468F
:107F4000082005219DF81830FDF77DFD014618B188
:107F5000A0F80160A0F80350204602B0BDE87040D0
:107F6000FDF7A5BD38B5002204460D460A200321C1
:107F7000FDF745FD014608B1A0F801502046BDE8D7
:107F80003840FDF794BD70B504460E4615460521F0
:107F900000220C20FDF733FD014618B1A0F8016066
:107FA000A0F803502046BDE87040FDF780BD73B5D2
:107FB00015461A460023044600930E46102005215C
:107FC0009DF81830FDF73FFD014618B1A0F801609B
:107FD000A0F80350204602B0BDE87040FDF767BD31
:107FE00073B50E46002144890546033CA4B2A34262
:107FF000009128BF234603211220FDF724FD0146EE
:1080000008B1A0F80160284602B0BDE87040FDF755
:108010004EBD2DE9F3410546984683690F465869E0
:10802000164601F001FA6C8980B2053CA4B2844284
:1080300028BF0446A8692146143001F0D1FB009006
:1080400048B105220821002001F0EEFB019030B973
:10805000684601F064F91A2002B0BDE8F081009989
:1080600001A801F043FA1620019A93790C33D11834
:10807000D054A8F800402846A1F80170A1F8036088
:10808000FDF715FDE8E738B5002204460D46182037
:108090000221FDF7B4FC014600B145702046BDE861
:1080A0003840FDF704BD70B5857904460C35461996
:1080B00001F0BAF9625D431E013A9BB2202A12D840
:1080C000DFE802F0131118111A112B1131114211AE
:1080D000421142113511271111113B112711401185
:1080E000401111114200002070BD042B14BF01206B
:1080F0000320F9E7022BF9E743B37278022A0AD08A
:10810000012A23D10222013B0232B3FBF2F102FB2E
:108110001133002BEAE71022F5E713F0030F14BF29
:1081200001200320E0E78BB17278013BEDE76BB1F2
:108130007278032A0AD9013BE7E7042B34BF0120F8
:108140000320D1E7022BF9E70320CDE70120CBE79D
:1081500008B5FFF7C3FD407940F4805008BD022800
:1081600001D1E9F715BC704710B90120E9F734BC1B
:1081700070470220E9F726BC0020E9F723BC08B5C8
:10818000FFF7ACFD407940F4805008BD0078F3F76C
:1081900045B913B50C460DF107020DF1060101F0CA
:1081A000A1FC30B19DF80600031B5842584102B0B3
:1081B00010BD0120FBE77047F3F7DEBB704701F00D
:1081C000B8BEF4F74BB8EAF7CDB901F0B4BE01F090
:1081D000B4BE70477047704708B503F0C3FA002873
:1081E00014BF1420002008BD7047704770477047C7
:1081F0000020704770477047704770B504460E46C0
:1082000015680A46002100F004FF25F400452046C9
:108210002122314600F0CAFF290A04312046C9B2A2
:1082200001F04DF8A3791C44E56070BD70477047BC
:10823000704770477047704713B5044601A9202066
:10824000E7F73AFD20B9224620200199E7F744FDDF
:1082500002B010BD13B50C4601A904F0CBF910B95A
:10826000019BC4E9003002B010BDFD20704738B555
:108270000D4604462022002100F0CBFEF8F751FF06
:10828000AB68A080A360EB68E360EB8B23822B8C50
:108290006382FFF7EAFF2076AB8CA382EB8CE3824C
:1082A0006B682360A36843F48063A360FFF7A0FFBB
:1082B00018B1A36843F00403A360A36843F48032B9
:1082C000A2602A6892055CBF43F41023A36038BD06
:1082D00008B52020FDF77FFA003818BF012008BD3F
:1082E00008B5FFF7F5FF20B1BDE808402020FDF7F5
:1082F0007ABA08BD08B5F2F7AFFB08B1012008BD96
:1083000004F046F9F2F7B0FB0028F7D1E7F7C6FC16
:10831000003818BF0120F2E708B5EAF7E7FA0028AD
:108320000CBF0420012008BD08B5FCF74DFF00205C
:1083300008BDEAF7ABBBEAF7B9BB7047022070474C
:1083400002207047002070470120704700207047CE
:10835000704737B504460D4601A8ECF75DFD01A84E
:10836000FFF7F6FF204601A98DF80650EAF77CFDDD
:1083700003B030BD08461146012200F06EB8014638
:1083800008B54FF0FF30EAF797FDB0FA80F04009EA
:1083900008BD00F08ABC00F092BC7FB56C46054673
:1083A0000E460FCA84E80F009DF80D30224643F0B8
:1083B0004003314628468DF80D3000F0B8F804B07F
:1083C00070BD7047431E012B03D9031F584258410B
:1083D00070470120704700F015BD4FF4D87200219E
:1083E00000F017BE70B50446ECF738FC0546A8B996
:1083F000A169F1B1238AD3B1204604F1100200F043
:10840000F7FB38BBE16919B3638AA3B1204604F1D5
:10841000120200F0C2FB78B1054603E00023A3611D
:108420002361E361002328466361236270BDA0617C
:10843000E8E72082E6E7E361216A0029F2D0A28A18
:10844000002AEFD02046E38ABDE8704000F064BB0C
:108450006182F1E76582E561DEE710B50C46114601
:10846000EBF78AFCECF710FF012801D1002010BDCA
:10847000002CF7D10520FAE7F8B506460D46EAF7D5
:108480004FFDD8B94FF6FF734FF0240CEF68C1B21F
:108490008F4208D81C4621463046EAF7F1FE00F02C
:1084A000B7FC2046F8BDAA680CFB0122D4899C4287
:1084B00002D2002CEFD023460130E8E70024F0E799
:1084C000C08D70470A7838B505461046FFF77AFF29
:1084D00060B14C782046FFF775FF38B1224353074F
:1084E00004D42846BDE83840EBF7BEBE212038BD95
:1084F000FFF7E8BF10B504460878FFF763FF58B1EF
:108500004A781046FFF75EFF30B1042A04D02046B7
:10851000BDE81040EBF7C6BE212010BDFFF7EABF53
:1085200000F074BA084600F0E8BBEBF73BBD70B54D
:1085300004460D46164600F02AF958B12946204651
:10854000EAF79EFE38B9324629462046BDE870401B
:10855000F0F75CBB0E2070BDECF72CBE08B5EAF757
:108560007BFC18B1BDE80840EFF7E6BD08BDF0B5EB
:1085700087B004460E4615461F46ADF80610D3B127
:1085800090F83831ABB9D0E94C0194F83631049009
:10859000C0B29842ADF8141005D0204604A98DF859
:1085A0001030EBF799FE20463A7894F83711EBF744
:1085B00001FF002020E00ABBD0E94C01D4F8E030F4
:1085C0000490ADF814102046A4F8426004AA0DF1FE
:1085D0000601EBF78DF878B9204604A9EBF77CFE8D
:1085E00050B9034601222046BDF90610EBF762FFA1
:1085F000BDF80630A4F8443007B0F0BDB2F912302F
:10860000B0F942200DF10E019342A8BF134604AA0F
:10861000ADF80E302B46EBF76BF8BDF90E30B5F91F
:1086200012209A42A8BF1A469DF81030ADF80E20CD
:108630000C2B0FD1212384F83831B4F94430934204
:108640000DDDD4E94C0100230490ADF8141084F83A
:10865000383104E0C0B284F838010028EDD19DF82B
:1086600010102046A4F8442084F83611DCF708FFE7
:1086700084F837019DE738B5044600200D4600F028
:10868000C3FBD4F8F0302BB929462046BDE838406A
:10869000EBF7BCBE022038BD00F01DBA70B5044631
:1086A00000200E4600F0B0FBD4F8F0503DB100239E
:1086B00031462046AC46BDE870401A4660472B461E
:1086C000012231462046EBF7F5FE284670BD38B54D
:1086D000044648880D4600F097FBD4F8F0302BB9DB
:1086E00029462046BDE83840EBF7F6BD022038BDEC
:1086F00000F08CBB00F0E6B9EDF7B4BE38B5054626
:108700000C4604F049F9D5F890301C40D5F88C306F
:108710002343C5F88C3004F03AF9211E18BF01211B
:108720000020490238BDECF71DB93F2B10B502D827
:108730000024204610BDB3F5805F9BBF4FF000447E
:10874000B3FA83F34FF48054DC4098BFA4B2A24242
:10875000134628BF2346224600F0DEF90028E7D161
:10876000E7E700F01ABAEDF735BBECF70BB8ECF71A
:10877000B1B8FFF7FCBF38B50446154609B100F0A3
:108780005FFA15B12046ECF70BF9002038BD03461F
:10879000408A18B1188A003818BF0120704700F0CD
:1087A0005DBA00F067BA0846EDF76CBF10B5044635
:1087B00000F089F820B92046BDE81040EAF7CEBEA7
:1087C00010BD00F02EBBEEF78DB92DE9FF419846A4
:1087D00004460E46174604F0E8F805462046FFF723
:1087E000E5FF0A9B3A46029300233146CDE9008318
:1087F0002046EAF701FF0446284604F0D1F8204657
:1088000004B0BDE8F08138B5044604F0CEF8054662
:108810002046FFF7CBFF2046EAF7CCFE0446284669
:1088200004F0BEF8204638BD38B5044604F0BDF863
:1088300005462046FFF7BAFF204600F053F80446ED
:10884000284604F0ADF8204638BD38B5044604F09B
:10885000ACF805462046FFF7A9FF204600F048F88F
:108860000446284604F09CF8204638BD70B50446FE
:108870000E4604F09AF805462046FFF797FF31466A
:108880002046EAF707FF0446284604F089F8204608
:1088900070BD134607B500228DF807100DF10700D3
:1088A000194600F07CFA03B05DF804FB0846114657
:1088B0001A4600F074BA0020704701207047ECF7A8
:1088C000EFBE00F017BAEAF783BD10B504F06DF8FB
:1088D000044600F015F8EAF7A1FD2046BDE8104077
:1088E00004F05EB8024608B5EAF772FD507D08BD97
:1088F000024608B5EAF76CFD507D80F0010008BD26
:1089000000F08FBAEBF70EBC00F0BDB890F827303E
:1089100003B108470220704710B50446ECF720FE6B
:108920002046BDE810400321EBF700BA90F827304D
:108930000BB1ECF7D7BD0220704790F827300BB190
:10894000ECF7F6BD0220704738B590F827400D4689
:10895000BCB1053C012C8CBF00240124496822468F
:10896000ECF73CFE286890FAA0F0000AEEF7F4FC61
:10897000A97A2889224681F00101ECF75FFE0020E8
:1089800038BD0220FCE730B585B005460FC96C46FE
:1089900084E80F0021462846FFF7D6FF05B030BD1A
:1089A0001FB5ADF808309DF81830CDE900128DF8EC
:1089B0000A3000236946ADF80C30FFF7E4FF05B03C
:1089C0005DF804FB0020704700207047013001D1A2
:1089D000EEF7FAB9212070477047D0F8943003F0D1
:1089E0006003402B0DD0602B03D0203B58425841F0
:1089F000704749B10B68012B06D9486940F0010066
:108A0000704740F20110704700207047F7B50446E8
:108A10001046D4E954C7DDE908268CEA020587EA46
:108A200006010540194085EA0C057940C4E9545116
:108A3000002523F4004106EA010320F0010043F47D
:108A40000073024043F00203CDE90055EFF792FEB8
:108A500094F824309A0713D5D4F854319B050FD5D8
:108A60004FF488112046FFF749FE94F8243002465F
:108A700065F3410384F8243020460B46EBF744F9B4
:108A8000002003B0F0BD0520EEF722B8D0F8E420B6
:108A900008B57AB11368022B0CD9536A13F47F4FCF
:108AA000C3F3072106D0126ADBB253438B42B3FBF8
:108AB000F1F006D2002040F67F424C21EAF772FC2A
:108AC000002008BD0346D0F830010860B3F8343107
:108AD00000208B80704790F830310C2B14BF90F839
:108AE0002B00FF2070474FF48071F1F77DB838B547
:108AF0004FF03A430546DC6A808AC4F30C04A04276
:108B000034BF0020012041F666020821EAF74AFC42
:108B1000A88A001B80B238BD2DE9F041884618F0C4
:108B2000030706461546194633D1B2F5805F30D8A3
:108B30009A422ED33F2A28D9B2FA82F40122012088
:108B4000C4F11F03DBB29A4092B2AA422CBFC4F117
:108B50001904C4F11A04E2B2931DDBB2984080B24A
:108B6000A84214D096F8F530ABB9012096F825301C
:108B700060F3000386F825304046ECF7DBFEC6F8CC
:108B80002080B5823846BDE8F0813A46EAE7002009
:108B9000ECE72127F6E70E27F4E7F8B511F0030616
:108BA00007460D46144621D102B313883F2B1DD929
:108BB000B3FA83F3C3F11901C9B2062901D8192BFD
:108BC00012D0062928BF062101238A1DD2B2934064
:108BD0002846238000F0D0F823883846FD617B8248
:108BE000ECF7BAFF3046F8BD3146EDE72126F9E74C
:108BF00038B5148811F003054FEAC4041ED13F2C88
:108C00001CD9B4FA84F4C4F11903DBB2052B01D8E2
:108C1000192C11D0052B28BF052301240633DBB204
:108C200004FA03F3C3F3CF04148081610482438701
:108C3000ECF792FF284638BD2B46EEE72125F9E7F1
:108C4000EAF7FEBF10B5144608460121EEF782FA96
:108C50002046BDE810400121EEF77CBA10B50A01AC
:108C60001021F0F7ADFF0446F0F7C8FF201E18BF33
:108C7000012010BD1021F0F7B7BFF8B504460E462D
:108C8000174603F089FE3A46054631462046EEF780
:108C900021FD0446284603F07AFE2046F8BD052053
:108CA000704703207047EDF70BBF10B50023ECF7BA
:108CB00039F9044608B9EFF793FF204610BD38B5DF
:108CC0001D4600230446ECF72DF928B92946204615
:108CD000BDE83840F0F77EB838BD8021F0F784BF9A
:108CE00010B50446EBF73CF801462046BDE81040BD
:108CF000EBF73CB8ECF7D4BC704710B5EEF7C0FF0B
:108D000004460021ECF7CCFDECF7B4FD204610BD85
:108D10002DE9F74F01251C469DF83030064601939A
:108D20000368174603F0070306339D4005F1FF383B
:108D30000B46A1B1416804EA080BA5EB0B0A41F010
:108D40000059524509EB0B0114D95246184600F060
:108D500068F949467A1B5A44504400F062F9019B75
:108D60002BB13C4448EA050804EA0804F46003B067
:108D7000BDE8F08F1846F0E74FF03A4301225A67FA
:108D800041F6FF72D96418651A67704737B5002538
:108D900014460095FFF7BCFF204603B030BD70B508
:108DA0000E461546044608B9002070BD0378042B12
:108DB00018D02078EDF762F9B0B923780C2BF3D1F5
:108DC0000EB1FF233370CDB1FF232B7016E0207856
:108DD0000130C0B203282070EBD8EDF74FF900281E
:108DE000F5D0E6E70020F5E71EB12078EDF7B6F9FB
:108DF00030701DB1207800F00CF828700120D4E705
:108E0000ECF7AEB900207047002070470020704793
:108E1000704710F0FD0F14BF4FF0FF300020C0B2BC
:108E2000704708B5EDF782FEBDE80840EDF7A6BE35
:108E300038B50446FFF7F5FF0546FFF7F2FF431B81
:108E4000A342FAD338BD38B50D460446EDF76EFEA1
:108E500035B1844200D90139204601F0030138BD03
:108E6000844238BF0131F7E708B5EDF777FEBDE87A
:108E70000840EDF783BE08B50121FFF7E4FFBDE828
:108E80000840EDF77BBE08B521B1920000F0C9F8AB
:108E9000002008BD2120FCE700F06F43B3F1804FB4
:108EA00002D0B3F1204F02D120F07040704700F0A3
:108EB0006043B3F1204F08BF20F0805070470B0C87
:108EC00023F48053B3F5284FF7B50D468FB206460D
:108ED00099B216D04AF60103994214D04AF6020319
:108EE000994212D0B1F5204F14BF04240324D6F8C0
:108EF000E0300BB1196851B9D6F8DC3093B9286865
:108F00000EE00024F3E70124F1E70224EFE7234613
:108F100068463A46EDF7B8FEDDE90003002BEBD1D9
:108F200003B0F0BD19680029E9D0234668463A46E7
:108F3000EDF7AAFEDDE90003002BE0D1F0E7020423
:108F4000C0F3891307D56FEA83536FEA935313F580
:108F5000007F18B206D0A3F1C8006FF4FF739842E7
:108F6000B8BF184670470020EEF742BA0120EEF76E
:108F70003FBA0E2070477047F0F778B9F0F776B92E
:108F8000F0F774B9F0F772B908B50846F0F786FD46
:108F900008BDF0F76BB900228A4202D14FF0FF30D2
:108FA000704750F8223093FAA3F30BB90132F3E77C
:108FB000B3FA83F000EB421070470020704701398C
:108FC000024410B5904201D1002005E0037811F869
:108FD000014FA34201D0181B10BD0130F2E78842B7
:108FE00010B501EB020402D98442234607D8431E80
:108FF000A14208D011F8012B03F8012FF8E7024431
:1090000001468A4200D110BD13F8014D02F8014D0E
:10901000F7E702440346934200D1704703F8011B6F
:10902000F9E70A44431E914200D1704710B511F888
:10903000014B914203F8014FF9D110BD430803F0F1
:109040005533C01A00F03333800800F03330184431
:109050004FF0013300EB101000F00F305843000EBA
:10906000704710B5044688B1836A016A7BB1806895
:109070009847002394F8240023620C28636005D8E5
:109080002146F1F76DFF0D2384F8243010BD00292F
:10909000EFD08368002BECDB084600F05CFCE8E7CF
:1090A000002307B51A46019101A9F1F7ABFD03B002
:1090B0005DF804FB002330B587B004939DF834308D
:1090C000DDE90A4503930C9BCDE900450293F1F7D6
:1090D00017FD07B030BD052330B585B003930A9B5B
:1090E000DDE908450293CDE90045FFF7E3FF05B050
:1090F00030BD30B500230024002585B0CDE9004502
:109100000293FFF7E8FF05B030BD03680B60016014
:1091100070472DE9F0410E461746002405460068C9
:1091200008B9BDE8F081D0E90083B3420BD1836870
:10913000BB4208D154B9C5F80080C368DB0701D52C
:1091400000F009FC204604464046E9E7C4F80080E8
:10915000F3E7002370B51A46194605460468F1F78F
:1091600051FD0CB92C6070BDE3682668DB0702D5A1
:10917000204600F0F0FB3446F3E72DE9F8430E46B5
:109180001746054610B90020BDE8F8830468002C96
:10919000F9D0D4E900893B4632462946A068C84741
:1091A0000028F1D14446F2E73020704738B5054633
:1091B00014460A460021FFF72CFF24F01C046B79AB
:1091C00044F0100443F004032C716B7138BD2DE999
:1091D000F74F1F469DF830308A468046009300289E
:1091E00050D0002967D00C68002C66D04FF0000BDF
:1091F000E679A179761AF6B2BE4208D30C31394429
:1092000008EB020945462144F61BC84537E02068B3
:10921000A346BF1B002835D00446E9E7AB199945A2
:1092200038BFA9EB050632462846FFF7FAFE009B39
:10923000002B3DD0E279A079F3B237BB1844A0717E
:10924000E279A37927689A4232D1DAF80030A34252
:1092500008BFCAF80070BBF1000F01D0CBF8007056
:109260002046F1F7CDFE3C4635444CB10027A379AA
:10927000E67903F10C01F61A2144F6B24D45CDD33F
:10928000A5EB080003B0BDE8F08F121AD2B2F918AE
:10929000914209DA0C302044D21BD21A01443844DE
:1092A0000193FFF79CFE019BE279D31AE371C7E7B4
:1092B000A3462468D8E70846E4E72046E2E710B56D
:1092C000C4790246C4F14503D8B2884228BF084693
:1092D0000444D47110BD38B50546C079C0F14504C9
:1092E000E4B2944288BFD4B20C3022462844FFF73F
:1092F00098FEEB7920462344EB7138BD1FB50391EE
:109300000021009103A9FFF762FF05B05DF804FB9F
:1093100013B501240094FFF75AFF02B010BD38B511
:109320000446206800B938BD0568F1F769FE25607C
:10933000F7E7034610B501F0EC0103B910BD1A7947
:1093400002F013020A431A711A1A544254415A790C
:1093500064F300025A711B68EFE710B558B1016859
:1093600002685AB1136823B15C79E40704D500247C
:1093700014600360084610BD0360F1E71346F8E788
:10938000034658B10020DA7999791B68521A50FACD
:1093900082F01BB15A79D207F5D57047704770B586
:1093A0000D460446E8B186798E4203D3751A85715D
:1093B000012070BDC27906F145039B1ADBB29942C8
:1093C0000FD806F10C010144921BA81BD2B208442D
:1093D000FFF705FE0023A371E3791D44AD1BE57182
:1093E000E6E70020E5E710B50C4698B191B1897920
:1093F000E279C379521AC3F14503D2B2DBB2934288
:1094000008D30C312144FFF766FF2046F1F7F8FD41
:10941000012010BD0020FCE70346006818B1026877
:109420001A600023036070470346002003B97047A9
:10943000DA7999791B68521A50FA82F0F6E72DE929
:10944000F84F894614468246FFF7EEFF0546484628
:10945000FFF7EAFFA542074601D3A04208D2BD426A
:1094600008D10024A346A046264647B9384604E062
:109470002746F6E738D24FF0FF30BDE8F88F5EB9E7
:109480009AF806809AF80760A6EB080608F10C081F
:10949000D044DAF800A0F6B2BBF1000F0BD199F876
:1094A000064099F807B0ABEB040B0C344C44D9F8E8
:1094B00000905FFA8BFB5E45354628BF5D46BD4296
:1094C00028BF3D4621462A464046FFF778FD002842
:1094D000D3D1A8442C447F1BEDB2761BABEB050522
:1094E000F6B25FFA85FBC0E70120C6E703680BB957
:1094F000016070471A461B68002BFBD11160704752
:10950000036803B10B600160704739B10B461A461E
:109510001B68002BFBD1036813600160704770B5B6
:10952000046806460D4644B12046FFF77DFFA84279
:1095300011D8236813B9E379A37170BD2046336055
:10954000F1F75EFD3468F4E7ED1A236820463360D6
:10955000F1F756FD3468002DEFD0A279E3799B1A1C
:10956000DBB2AB42F0D92A44A271E6E7F8B506684F
:1095700005460C4646B13046FFF756FFA0421DD8BF
:10958000336813B9F379B371F8BD30462B60F1F746
:1095900037FD2E68F4E7064638460768002FFAD1F3
:1095A000C2798379D31ADBB2A34202D9121BC271EA
:1095B000EAE7E41AF1F724FD3EB13760002CE3D06E
:1095C00028680028E0D00026E7E72E60F6E7F8B527
:1095D00004460F46BC4200D1F8BDA179E5796D1A69
:1095E000EDB2C5F14506B6B20EB92468F2E749B14D
:1095F0000C312A46214404F10C00FFF7F0FC002353
:10960000E571A3712368BB42EFD05A79D207ECD43D
:109610009979DD79A0796D1AEDB2B54228BF35464A
:10962000E2790C3010440C312A4619442044FFF7EB
:10963000F8FCE379206853FA85F3E3718379761BAC
:1096400053FA85F5C379EDB2AB42B6B2857103D159
:1096500003682360F1F7D4FC002ED3D1C5E738B5F9
:109660000C46016809B9046038BD0D460968002937
:10967000FBD1236823B12046FFF7A9FF2C60F3E755
:1096800021462846FFF7AFFE0028EDD1F6E748B1A6
:10969000002302794360036083604379027143F0E1
:1096A00004034371704700221146F1F72BBD38B512
:1096B00004460D46FFF773FE98B984B12079FFF791
:1096C000F2FF58B163794279C3F3400363F3410277
:1096D00045235D1B04604271C371857138BD012053
:1096E000EDE72046FAE738B5036804460D469BB11E
:1096F0001879FFF7D8FF88B12368427903605B7956
:10970000C3F3400363F3410245235D1B4271C37100
:1097100085712060002038BD0120EAE71920FAE7B2
:1097200038B50C46054640B3006830B309B900208F
:1097300038BD4AB9C9B2FFF732FE0028F7D12B680D
:109740009A799871A41A06E0452918D8C9B2FFF78A
:1097500026FE0028EBD1442C07D8002CE7D0284661
:10976000E1B2BDE83840FFF7BEBF45212846FFF70C
:10977000BAFF0028DCD1453CEDE72220D8E72120C4
:10978000D6E72DE9F84390F8078090F80690044654
:10979000A8EB0907FFB2B9420D4602D30020BDE88D
:1097A000F8830079FFF77FFF06460028F6D0A179FD
:1097B00080790C317F1B29440C30BAB221443044EB
:1097C000FFF72FFCF37901203B44F371E3799944CF
:1097D0004D442368A5EB0805E57133602660DEE79C
:1097E000F8B5076806460D463C46002305B12CB97E
:1097F0000BB100221A6034603846F8BDE379A279D3
:109800009B1ADBB2AB4207D8E379A2799B1ADBB291
:10981000ED1A23462468E9E72046E9B2FFF7B1FFD5
:109820000028F1D10746E7E75318452B02DCC9B2FF
:10983000F1F768BC00207047F7B5002605460F46D3
:1098400001960DB9019C09E0002238461146F1F756
:1098500059FC044628B901A8FFF761FD204603B072
:10986000F0BDAB798371EA79C27168796179D21AF6
:1098700060F30001617169796079C1F3400161F3BE
:109880004100607103F10C002918D2B22044FFF7A7
:10989000C8FB019B03B9019406B1346026462D68CC
:1098A000CFE72DE9F8430D461446064610B319B329
:1098B000DAB1034699461B68002BFBD12746C84600
:1098C0003A4629464046FFF706FDC145A7EB00078B
:1098D000054418BFC9F8008037B10022B17930794A
:1098E000F1F710FCC14618B9E41B2046BDE8F88327
:1098F0008046E5E70446F8E70C46F6E737B5154637
:10990000C9B200221C46F1F7FDFB019040B122468E
:109910002946FFF7C6FF844202D901A8FFF7FFFCE2
:10992000019803B030BD034610B501391A1A9142AF
:1099300000D810BD445C1A7803F8014B4254013939
:10994000F4E700230144884200D1704700F8013B4E
:10995000F9E7F1F7E1BCF7F799BA70470E207047C5
:10996000704710B50446806920B10021E6F764FA1B
:109970000023A36110BD07B501228DF807100DF17A
:109980000701FFF78EFF03B05DF804FBF7B505464E
:109990004FF428500C46FCF794FD0646FCF72CFBD0
:1099A000B0B3022C02D8002003B0F0BD002731462E
:1099B0000DF105030DF106023846ADF80670FCF70F
:1099C0005FFCBDF80620631E934206461EDC072C92
:1099D0001AD9023CADF806400824BDF80630002B29
:1099E000E1D00133D9B22846FFF7C5FF214628460A
:1099F000FFF7C1FF31462846BDF80620FFF751FFAB
:109A0000BDF806000230CFE7ADF806700924E4E7A0
:109A10004FF0FF30C8E702292DE9F34104460D4617
:109A20001746184603D8002002B0BDE8F081FCF7C5
:109A300048FD0646FCF7E0FA0028F4D04FF0000895
:109A400031460DF105030DF106024046ADF80680E2
:109A5000FCF716FCBDF80630BDF820200646934200
:109A600028BF1346AB4228BF2B469DF80500ADF832
:109A70000630C0B9002BD7D001339AB29542D3D962
:109A8000D9B22046FFF777FF39462046FFF773FF2C
:109A900031462046BDF80620FFF703FFBDF806005B
:109AA0000230C0B2C0E74046BEE707B501A9F1F7F2
:109AB0000BFD30B9019B586AC0F3C02003B05DF8BC
:109AC00004FB0020FAE7002008B5F1F77FFD08B994
:109AD000FF2006E0C37B012BF7D1436ADB06F4D5F8
:109AE000007808BD73B50E4601A91546F1F7ECFCE8
:109AF00090B9019A546A14F010030FD0C4F30034E3
:109B00003470D37B5A1E042A02D8D81E18BF0120F5
:109B10002870012002B070BD0020FBE71846F9E76D
:109B200038B5436A04465B0705D5002300781A461A
:109B30001946F2F70FFB636A9D0706D52046F1F739
:109B4000D7FC636A23F002036362636A18070DD5CA
:109B50002146E27911F8010BC2F3C002F2F79CFA38
:109B60000546E8B9636A23F008036362204600F003
:109B7000D0F90546A0B9626AD10611D5D30404D53F
:109B80002046FEF7A4F940B11BE01206E37B09D49E
:109B9000E37B626A023B012B15D9616A48071FD437
:109BA000284638BD03F0FB03012BF6D0216920784D
:109BB000F2F798FA636A256123F080036362002854
:109BC000E6D00546ECE7D305E7D561692078F2F7E2
:109BD000A5FA00236361636A23F480736362D2E7AA
:109BE000E37BA28D012B03D1A2B1802A28BF802262
:109BF00011F0400F94F830304FF0010118BF0123ED
:109C00002078F2F7A7FA0028DBD1636A23F0040377
:109C10006362C5E74022EBE7002010B5F1F7D6FC00
:109C2000044600B910BD636ADA060BD55B0409D49B
:109C30002046F1F7BFFB636A204643F006036362E8
:109C4000FFF76EFF2046E9E713B50C4601A9F1F7CF
:109C50003BFC50B9022C07D802462146019802B0BD
:109C6000BDE81040F1F7D0BC212002B010BDF7B51F
:109C70000E4601A915461F46F1F726FCF8B9019CCE
:109C8000626A93050BD44FF6DF73A6F12001994267
:109C900017D8A5F12001994213D8AE4211D8E36933
:109CA000B34202D1236AAB4204D0C4E9076542F053
:109CB000020262629DF82030A78584F8303003B03C
:109CC000F0BD2120FBE790F8393037B55B0704463B
:109CD0000D462AD4F1F76EFB6B1E042B14D8032D0E
:109CE00012D0E379142B22D0A3696BB96846FBF735
:109CF000EDFFE6F79BF96946E6F714F818B91A255F
:109D0000284603B030BDA061636AE57343F01603D3
:109D10006362E7F727FC2046FFF702FF05460028AD
:109D2000EED02046FFF71DFEEAE70225E8E72125F1
:109D3000E6E707B501A9F1F7C7FB30B90198C17B88
:109D400003B05DF804EBFFF7BEBF03B05DF804FBA2
:109D500037B50C4601A9F1F7B7FB18B9052C019DE1
:109D600002D9212003B030BD2869FFF75DFB1F2811
:109D7000F7D86869FFF758FB1F28F2D8012CF0D0FC
:109D8000231F012BEDD9214628466B6A23F4825309
:109D90006B6203B0BDE83040FFF795BF37B5FFF702
:109DA00092FEFF28044613D001A9F1F78DFB78B984
:109DB000019D6B6A284623F010036B62FFF7D1FD0B
:109DC000204605F1340103B0BDE83040E7F7B2BFEB
:109DD00003B030BD002337B580F8723040F6FF7312
:109DE000A0F86E3083680446DA040D46C16010D4D2
:109DF00043F480636A46A36040F203212046CDE924
:109E00000045FFF7BAF900212046E6F715F803B040
:109E100030BD90F87600FFF78CFFA36823F48053E1
:109E2000E8E773B56E4604464A7930460D4606317A
:109E3000E6F740F996E80300A4F85010090C11F079
:109E4000800FE06484F8521004F1530312D0012211
:109E5000184605F11201E6F72DF90C352846FEF7F4
:109E600019F828B10122294604F15A00E6F722F92F
:109E700002B070BDB4F8501094F85220C4F85300EA
:109E800099809A71E9E71FB590F87420044602F0B2
:109E9000010301908DF808300BB102F002038DF838
:109EA000093094F8753020468DF80A30039100F09F
:109EB00099F84FF4017101AA2046FFF75EF9204698
:109EC000E6F730F804B010BDE5F78EBF0A46002172
:109ED000E7F702BE826838B5C2F380320446B0F8B4
:109EE0006E000D46E7F79EFE20B9A3681DB143F44E
:109EF0000053A36038BD23F40053FAE783791A07AF
:109F000005D413F0100F0CBFFF2001207047002074
:109F100070470020704708B5FDF7E0FE407940F437
:109F2000805008BD002070470F2070470F207047F9
:109F30007047F2F76FBDF2F787BDF2F78FBD10B52E
:109F400088B0E5F73BFF0446002847D090F8720040
:109F5000022845D1A36813F4407F2AD094F87330C7
:109F6000012B2FD194F97500E5F700F810B9A3681B
:109F7000DB0527D594F8743013F0010322D1CDE925
:109F80000133CDE90433CDE90633ADF80C30A368D5
:109F900013F4807F01AB0ED0A06AE16A228E03C366
:109FA0001A802046BDF8042004AB0DF10601E7F746
:109FB00009FE08B010BD0A22022194F97500FBF7D2
:109FC000D6FAEEE7002345F217021946204600F0C4
:109FD00077F9B0FA80F040094000EAE72120E8E78D
:109FE0000220E6E738B545F21B020C460B4600217D
:109FF000054600F065F930B92CB121462846BDE888
:10A000003840F2F77FB938BD00F07CB901F0F2BA00
:10A0100001F0FBBA10B504464C30FBF7A1FA84F806
:10A0200075002046BDE8104001F0BFBA10B50446E7
:10A03000FBF75AFA01280DD094F8733094F97000A8
:10A04000012B14BF0521032184F83210BDE8104014
:10A05000FFF783BCA36843F40073A36010BD00F056
:10A0600083B938B5037804463E2B0D4602D0FF2B4A
:10A0700012D038BD8378052BFBD1B0F80300E5F78B
:10A080008FFE20B1B4F80D10621D00F0D3F9284600
:10A09000BDE83840FFF743B98378ED2BE9D1B0F83C
:10A0A0000300E5F77DFE0028F1D0B4F80D1004F1AF
:10A0B0000F03621D00F0C1F9E9E7CB0448BF41F48A
:10A0C00080618160704710B50446006C30B94FF470
:10A0D000B070FFF73EFC206420B910BD4FF4B071A2
:10A0E000FFF72FFCFF23226C82F85E31A3681B066A
:10A0F00003D5C02301201370EFE794F87330012BD0
:10A1000014BF80234023F5E708B5D0B2E5F756FE2B
:10A1100028B190F8773003F07F0380F87730012082
:10A1200008BD10B5044645F21A01FEF7B9FF2046F6
:10A13000BDE8104047F23053002245F21A01F0F713
:10A14000D1BD10B50A46044608210020FFF76CFB7C
:10A1500010B1837903441C7310BD38B505460C4615
:10A160000D201121FFF7EDFF024688B121468379CA
:10A1700003440D3304F1100051F8044B814243F8BD
:10A18000044BF9D12846BDE838400621FDF7DCBD77
:10A1900038BD38B505460C4604201121FFF7D1FF24
:10A1A000024688B12146837903440D3304F110003F
:10A1B00051F8044B814243F8044BF9D12846BDE8DD
:10A1C00038400621FDF7C0BD38BD38B505460C4600
:10A1D00003201121FFF7B5FF024688B1214683799C
:10A1E00003440D3304F1100051F8044B814243F84D
:10A1F000044BF9D12846BDE838400621FDF7A4BD3F
:10A2000038BD37B50022054608211046FFF70CFB84
:10A210000446C0B10C2301220DF107018DF807306F
:10A22000FFF73FFB296C202251312046FFF739FB15
:10A23000296C202271312046FFF733FB224606218C
:10A240002846FDF781FD03B030BD036C4BB9836830
:10A250001B0608D490F87330012B14BF80204020D7
:10A26000704718787047C020704770B50446FFF7F4
:10A27000ECFFF2F76BFB0D460346002245F20101AD
:10A2800020469847236C03B11D702846F2F75EFB09
:10A290004FF4A041034600222046BDE87040184715
:10A2A00070B51546044648B1FFF7CFFFF2F74EFBF5
:10A2B0002A4603462046BDE870401847022070BD7C
:10A2C000114608B51A4621F00041FFF7E9FFB0FA40
:10A2D00080F0400908BD08B50B4601461846F1F765
:10A2E0004BF8003818BF012008BD10B504460068BF
:10A2F00038B11A21FFF725FB2068FFF72CFB00235C
:10A30000236010BD30B58BB00D46002201A9C0B24C
:10A31000F2F73AF9044620BB01460D220DF10B007D
:10A32000FEF777FEB5F803206B79ADF8082006A993
:10A33000019A02A88DF80A30F2F768F940F2034357
:10A34000BDF81820002818BF1C469DF81A301021AF
:10A3500002A82A80AB70FFF7F4FA102106A8FFF7D5
:10A36000F0FA20460BB030BD10B50446F2F772F893
:10A3700004F13400FFF7B9FFA3685A0606D523F0AD
:10A38000400300212046A360E7F76CFB236C63B118
:10A39000D3F89400F7F7DDF80421206CFFF7D1FA29
:10A3A000206CFFF7D8FA0023236410BDF7B50D46E3
:10A3B00069461646F2F7E8F8044698B9294610228D
:10A3C000009801ABF7F730F9074610212846FFF750
:10A3D000AAFA2FB110212846FFF7B3FA40F207443A
:10A3E00006B13760204603B0F0BD38B50446C51C41
:10A3F00003212846FFF76FFFC8B9E27863797AB97D
:10A4000022791A43F4D003F07F0343F040036371D1
:10A410005323A3712146BDE83840FF20FFF772BFE8
:10A42000FF2AF0D122791A40FF2AE1D0EBE740F26F
:10A43000074038BD0021E7F715BBF8B51D46836816
:10A4400004465B060F4616462DD41A20FFF781FA04
:10A450000146606320B92046BDE8F840E7F702BB3B
:10A46000034623F8027B326805F11001C0F8022090
:10A4700072685A602A46636B0A3352F8040B8A42A8
:10A4800043F8040BF9D110212846FFF75AFAA368C4
:10A4900043F0400213F4407FA26004D02046BDE8A0
:10A4A000F840F2F715BBF8BD38B504460D46052057
:10A4B0000221FFF746FE0246B8B183790621034424
:10A4C0005D732046FDF740FC45F490512046F1F7BE
:10A4D00019FF94F873302046012B18BF8021BDE886
:10A4E000384008BF4021FFF7C0BE38BDB1F5A04FCE
:10A4F00070B504460D4616460AD045F20603994249
:10A5000018D0324629462046BDE87040F2F7B6BC66
:10A51000836843F08003836090F87330012B14BF8D
:10A5200080204020F2F712FA002203462046BDE8C0
:10A530007040184793791344597C41F49051F1F7D6
:10A54000E1FEDEE72DE9F04196B0154605AA1C466E
:10A5500006460B4690461D9F01F1200E9446186852
:10A5600059680833ACE8030073456246F6D12021F0
:10A570004046FFF7D8F90DAB2A469C4605F1200E60
:10A580001D4610685168083203C572452B46F7D145
:10A5900020216046FFF7C7F9AEB3336C93F85D3105
:10A5A000013B022B2FD89DF8703043F0800301AAA5
:10A5B0008DF854301546234604F1100C14461868E3
:10A5C0005968083303C463452246F7D11021284651
:10A5D000FFF7A9F93B46412241462846F2F7C4F865
:10A5E000044610212846FFF7ACF941214046FFF709
:10A5F000A8F954B11EB108213046FFF755FF204697
:10A6000016B0BDE8F0810023D1E710213846FFF7EE
:10A610008AF9002EF3D0224645F211013046FFF7A9
:10A620003FFEECE72DE9F34790F873800446B8F15C
:10A63000010F056C04D195F85031002B40F0A88033
:10A6400095F85C3195F85191032B00F2ED80DFE82D
:10A6500003F00283ACD019F0010F78D0112106204D
:10A66000FFF76FFD8246002800F092808779102165
:10A670000C3707447E1C3046FFF72DFE014658B1CB
:10A6800020460821FFF710FF002140F2074002B0EA
:10A69000BDE8F047F1F754BEA07CC0F11002304491
:10A6A000FEF7B7FCFAF720FF012895F95E010BD100
:10A6B00032460521E4F778FC10B30821204602B0A9
:10A6C000BDE8F047FFF7F0BE334610220521FAF748
:10A6D0000DFF28B1002140F21B40F1F731FEECE7FD
:10A6E000B8F1010F0CD004F11803113756F8042B00
:10A6F000BE4243F8042BF9D1A36843F48073A360EE
:10A70000524606212046FDF71FFB0B210720FFF7CD
:10A7100018FD074600283BD0867995F95E310C3646
:10A72000064443F43F430821A6F80130F01CFFF72C
:10A73000D2FD0A22042195F95E01731CFAF7D6FEB8
:10A740000028C7D13A4606212046FDF7FDFA95F8C4
:10A750005C31013385F85C3119F0020F20D01121F2
:10A760000820FFF7EEFC064690B10023817901AA8C
:10A7700001440D31FF200193FFF718FE58B1082165
:10A780002046FFF791FE40F207400199F1F7D8FD0E
:10A7900002B0BDE8F087324606212046FDF7D4FA24
:10A7A00095F85C31013385F85C3119F0020F1BD04C
:10A7B00008210920FFF7C5FC07460028E8D0867964
:10A7C0000C360644E5F72EFC83793A4683F00803FD
:10A7D000C3F3C003737003680621C6F80230838890
:10A7E0002046F380FDF7B0FA95F85C31013385F827
:10A7F0005C3119F0040F12D011210A20FFF7A1FCDF
:10A8000006460028C4D0807910223044AB210D3098
:10A81000FEF7FFFB324606212046FDF795FA95F834
:10A820005C31013385F85C31B8F1010F08D0236C3D
:10A8300093F85031002BABD195F85C31042BA7D1A4
:10A84000A36C10220B2195F95E013133FAF74EFE0D
:10A8500078B140F21B412046F1F754FDB8F1010FE9
:10A8600014BF80214021204602B0BDE8F047FFF729
:10A87000FCBCA36C01220C2195F95E012033FAF790
:10A8800035FE0028E5D1A36C10220D2195F95E015B
:10A890002133FAF72BFE0028DBD1082295F95E015F
:10A8A000114604F11003FAF721FE0028D1D1236CE0
:10A8B00093F85E2184F87520FF2283F85E21FAF771
:10A8C00013FE012818BFA36820461CBF43F4807301
:10A8D000A360F1F7EFFCC1E7F2F72EBB70B5B1F55D
:10A8E000A04F0446154688B077D045F21B06B1420A
:10A8F00040F00A8190F87430DB0766D5056CB5F836
:10A9000050312BB14C21FFF7B0FC002008B070BDD6
:10A91000D5F858315E0747D5AB79D80744D56B7B5E
:10A92000D90741D5A36C10220B2195F95E01313373
:10A93000FAF7DCFD38B140F21B412046F1F7E2FCAA
:10A9400040F21B40E2E7A36C206C01220C2190F93D
:10A950005E012033FAF7CAFD0028ECD1A36C206C0D
:10A9600010220D2190F95E012133FAF7BFFD002876
:10A97000E1D10822206C114690F95E0104F1100328
:10A98000FAF7B4FD0028D6D1236C93F85E2184F841
:10A990007520FF2283F85E2120464021FFF765FCE9
:10A9A0002046F1F787FCB0E705F5987304F118022B
:10A9B00005F5A07553F8041BAB4242F8041BF9D10E
:10A9C000A36843F48073A360E6E74021FFF74DFCE2
:10A9D00029462046F1F796FC97E7036CD3F85821F7
:10A9E00012F0040255D00022CDE90122ADF80C206E
:10A9F0009A79D2073FD55B7BDB073CD5FAF774FD2C
:10AA00000128206C0CD100F59872032190F95E01A9
:10AA1000E4F7CAFA78B308212046FFF745FD8FE72F
:10AA200000F598731022032190F95E01FAF75EFD9C
:10AA300028B1002140F21B40F1F782FCEBE7206CCB
:10AA4000102200F59873052190F95E01FAF74EFD8A
:10AA50000028EED1236C04F1180103F5987203F578
:10AA6000A07352F8040B9A4241F8040BF9D1A36881
:10AA700043F48073A3600023BDF80420CDE90433C0
:10AA8000CDE906330DF1060104AB2046E7F79AF84D
:10AA90003BE7D3F8B810C3F8D010D3F8BC1000923D
:10AAA000C3F8D410006C694600F59870F1F70AFEFF
:10AAB00048B10098F6F74DFD20460821FFF7F4FC59
:10AAC00040F2074022E7206C009A00F59871C830E8
:10AAD000F1F79CFD05460028EBD10098F6F739FD0B
:10AAE000236CA07C03F59873C0F11002294618442A
:10AAF000FEF78FFA2A46CDE90155CDE90455CDE997
:10AB0000065504AB01A9C0E708B0BDE87040F2F7F4
:10AB1000B5B92DE9F04796B01D46DDE9229705ABA2
:10AB200006460C469E46DDF8908002F1100A9C46CF
:10AB3000106851680832ACE8030052456346F6D10C
:10AB400070461021FEF7EFFE09AA2B46944605F148
:10AB5000100E154618685968083303C573452A4610
:10AB6000F7D160461021FEF7DEFE0DAA94461E9B2B
:10AB700003F1100E154618685968083303C573456C
:10AB80002A46F7D160461021FEF7CDFE9DF87C30B5
:10AB9000D9F800008DF844309DF8803006218DF8FA
:10ABA00045309DF8843012908DF8463099F8063083
:10ABB00012A883F00803C3F3C0038DF84730B9F837
:10ABC0000430ADF84C30FEF7AEFEBB79062183F0C1
:10ABD0000803C3F3C0038DF84E303B680DF14F00FE
:10ABE000CDF84F30BB8804F11007ADF85330FEF7B5
:10ABF0009AFE01AA23461546144618685968083378
:10AC000003C4BB422246F7D110212846FEF78BFE33
:10AC10004346412205A92846F1F7A6FD0446102126
:10AC20002846FEF78EFE412105A8FEF78AFE34B1C4
:10AC300008213046FFF738FC16B0BDE8F0874046E3
:10AC40001021FEF770FE224645F213013046FFF751
:10AC500027FBF1E72DE9F0419CB0154608AA1C46F8
:10AC600006460B469046239F01F1200E9446186835
:10AC700059680833ACE8030073456246F6D12021D9
:10AC80004046FEF750FE10AB2A469C4605F1200ECA
:10AC90001D4610685168083203C572452B46F7D12E
:10ACA00060462021FEF73FFE18AA9446229B03F13E
:10ACB000100E154618685968083303C573452A46AF
:10ACC000F7D160461021FEF72EFE04AA2346154652
:10ACD00004F1100C144618685968083303C463451E
:10ACE0002246F7D110212846FEF71DFE6B46502262
:10ACF00041462846F1F738FD044610212846FEF764
:10AD000020FE50214046FEF71CFE34B1082130469B
:10AD1000FFF7CAFB1CB0BDE8F081039B38463B60DF
:10AD20000421FEF700FE68461021FEF70AFE2246C7
:10AD300045F214013046FFF7B3FAEBE72DE9F34192
:10AD40001D46089B04468846164690F873705BB112
:10AD500010211046FFF7BFFA30B10821204602B09B
:10AD6000BDE8F041FFF7A0BB236C013E691E03F173
:10AD7000100013F8012F16F801CF834282EA0C026B
:10AD800001F8012FF5D10022404601A90192F1F707
:10AD900099FC48B10198F6F7DCFB08212046FFF743
:10ADA00083FB02B0BDE8F08129462846019AF1F7FD
:10ADB0002DFC0028EED1022F0CBF0023062304F146
:10ADC00059022B4404F15F0012F8016F1978904288
:10ADD00081EA060103F8011BF6D1022F14BF0023FC
:10ADE000062304F152022B4404F1580012F8016FBB
:10ADF0001978904281EA060103F8011BF6D1294631
:10AE00002846019AF1F702FC05460198002DC2D1AF
:10AE1000F6F79FFB2A4645F210012046FFF740FA5D
:10AE2000BFE773B545F20406B142044615460DD09E
:10AE300045F21006B14222D0B1F5A04F38D1FFF74C
:10AE400070F9236CD3F85831D90720D5236CD3F887
:10AE50005821D2070BD4AA7998330C3215446A1DB5
:10AE6000153552F8041BAA4243F8041BF9D1216C92
:10AE7000D1F8583113F004030CD0832104E0016CA5
:10AE8000A831FFF7A2F985212046FFF7EEF900204F
:10AE900002B070BD81F85C31012301F1B80200936A
:10AEA000204601F1A80301F59871FFF747FFEEE78F
:10AEB00002B0BDE87040F1F7E1BF45F21003F0B514
:10AEC0009942044685B000F087800CD8B1F5A04FB8
:10AED0001CD045F2050399421DD0204605B0BDE8BF
:10AEE000F040F1F7CBBF45F21103994200F08D809D
:10AEF00045F212039942F0D1036C93F85D31042BB3
:10AF000040F2B380052B03D148217BE0FFF709F91C
:10AF1000002005B0F0BD9179036C0C310A44511D3D
:10AF2000B833153251F8040B914243F8040BF9D1B0
:10AF3000256C102205F1C80705F1B80631463846E0
:10AF4000FEF73DF820B904212046FFF7ADFADFE710
:10AF5000D5F8583113F0040332D095F85D31042B45
:10AF600013D105F1F803039305F59873029304F1E7
:10AF70005303019304F15A0300933A4633462046A3
:10AF800005F1D801F2F72EFAC2E705F5A07005F138
:10AF9000110105F1510201900BB1052B06D10023DF
:10AFA000009320463346FFF7CDFAB1E795F85C01F0
:10AFB000D5F82C31C34003F0010343F08003EFE7E1
:10AFC00085F85C3132460093204605F5A07305F5FF
:10AFD0009871FFF7B3FE9BE7056C102205F1A801FD
:10AFE00005F5A070FDF7EBFF0028ACD14B21D5F89B
:10AFF00058319B0742BF94F8743043F0020384F841
:10B0000074302046FFF731F982E7056C102205F114
:10B01000A80105F5A070FDF7D2FF002893D195F89F
:10B020005D31013B022B0FD895F85C310133DBB267
:10B03000142B85F85C3107D0D5F85831432123F023
:10B040000103C5F85831DCE705F1F803039305F572
:10B050009873029304F15303019304F15A0300938C
:10B0600005F1C80205F1B80389E74921CAE7B1F53E
:10B07000A04F70B50446154607D045F20406B1420C
:10B080000CD0BDE87040F1F7F9BEFFF74AF8236C29
:10B09000D3F85831D90701D4002070BD236CD3F800
:10B0A0005821D20718D4AA79A8330C3215446A1D46
:10B0B000153552F8041BAA4243F8041BF9D1206C41
:10B0C000102200F1A8019830FDF779FF20B9042182
:10B0D0002046FFF7E9F9DFE7206C1021C830FFF7C1
:10B0E000FAF858B108212046FFF7DEF940F2074090
:10B0F0000021F1F725F940F20740CEE7216C204608
:10B10000C831FFF746F847212046FFF7AEF8C3E7FE
:10B11000B1F5A04F70B50346144607D045F21806A6
:10B12000B14207D0BDE87040F1F7A8BEFEF7F9FFC5
:10B13000002070BD1268551C03D10121FFF7B4F93E
:10B14000F6E7016CD1F85801400743BF002281F8AF
:10B150005C212268C1F8302148BFC1F82C21184673
:10B160004321FFF782F8E3E7B1F5A04F70B513462E
:10B17000044607D045F20406B14207D0BDE870404E
:10B18000F1F77CBEFEF7CDFF002070BD9979026C0F
:10B190000C310B44591DA832153351F8040B994258
:10B1A00042F8040BF9D1256C102205F1A80105F134
:10B1B0009800FDF704FF20B904212046FFF774F939
:10B1C000E2E7204605F1C801FEF7E3FF47212046EC
:10B1D000FFF74BF8D8E7B1F5A04F13B504460ED0F2
:10B1E000A1F5A043103B012B45D8016C9831FEF727
:10B1F000ECFF44212046FFF738F8002017E0016CEF
:10B20000D1F8583101F1C80213F0040328D01021FD
:10B210001046FFF760F860B108212046FFF744F9B7
:10B2200040F207400021F1F78BF840F2074002B0EE
:10B2300010BD216C204601F19803019391F85C2127
:10B24000D1F82C31D34003F0010343F08003009385
:10B2500001F1110201F1C8035131FFF773F9CCE795
:10B2600081F85C310123009301F1980301F5987195
:10B27000FFF764FDC1E702B0BDE81040F1F7FEBD85
:10B28000B1F5A04F73B50446154677D045F21B06BD
:10B29000B14240F0F68090F87430DB0766D5056C5B
:10B2A000B5F850312BB18921FEF7DFFF002002B045
:10B2B00070BDD5F858315E0747D5AB79D80744D56E
:10B2C0006B7BD90741D5A36C10220B2195F95E0148
:10B2D0003133FAF70BF938B140F21B412046F1F750
:10B2E00011F840F21B40E2E7A36C206C01220C2114
:10B2F00090F95E012033FAF7F9F80028ECD1A36C3D
:10B30000206C10220D2190F95E012133FAF7EEF83E
:10B310000028E1D10822206C114690F95E0104F169
:10B320001003FAF7E3F80028D6D1236C93F85E21D6
:10B3300084F87520FF2283F85E2120468021FEF7E5
:10B3400094FF2046F0F7B6FFB0E705F5987304F1D7
:10B35000180205F5A07553F8041BAB4242F8041B14
:10B36000F9D1A36843F48073A360E6E78021FEF778
:10B370007CFF29462046F0F7C5FF97E7036CD3F81A
:10B38000582112F0040245D09A79D2078ED55B7B02
:10B39000DB078BD5FAF7A8F80128206C0ED100F551
:10B3A0009872032190F95E01E3F7FEFD00283FF457
:10B3B0007DAF08212046FFF777F892E700F59873F4
:10B3C0001022032190F95E01FAF790F828B10021CC
:10B3D00040F21B40F0F7B4FFEBE7206C102200F5C1
:10B3E0009873052190F95E01FAF780F80028EED1F4
:10B3F000236C04F1180103F5987203F5A07352F859
:10B40000040B9A4241F8040BF9D1A36843F480730A
:10B41000A3604BE7D3F8B810C3F8D010D3F8BC1032
:10B420000192C3F8D410006C01A900F59870F1F7EF
:10B4300049F948B10198F6F78CF820460821FFF742
:10B4400033F840F2074032E7206C019A00F598711A
:10B45000C830F1F7DBF805460198002DEBD1F6F77F
:10B4600078F8236CA07C03F598732946C0F110028C
:10B470001844FDF7CEFD216C2046B831FEF789FE59
:10B4800014E702B0BDE87040F1F7F8BCB1F5A04F89
:10B49000F7B5044608D045F21105A94236D003B0ED
:10B4A000BDE8F040F1F7EABC006C1021B830FEF7BF
:10B4B00012FF60B108212046FEF7F6FF40F2074078
:10B4C0000021F0F73DFF40F2074003B0F0BD256CCE
:10B4D00095F85D6105F1A807013E022E01979CBF1A
:10B4E000D5F82C0195F85C6105F151019EBFF04043
:10B4F00000F0010040F08000009005F111022046AC
:10B5000005F1B803FFF71EF80020DEE7016CA83153
:10B51000FEF75BFE85212046FEF7A7FEF4E770B537
:10B5200045F20406B1420446134625D045F21806FA
:10B53000B14206D0B1F5A04F33D1FEF7F2FD0020A5
:10B5400070BD11684D1C03D10121FEF7ADFFF6E778
:10B55000026CD2F85801400743BF002182F85C1109
:10B560001B68C2F8301120464FF0840148BFC2F872
:10B570002C31FEF77AFEE2E79979026C0C310B442C
:10B58000591D9832153351F8040B994242F8040BB7
:10B59000F9D1226CD2F8583143F00103C2F8583186
:10B5A000CDE7BDE87040F1F769BC002310B5036436
:10B5B000044690F97500431C13D0E4F791F8082273
:10B5C00004F11003114694F97500F9F7D0FF94F9CE
:10B5D0001330012B07D194F8743043F0020384F840
:10B5E0007430002010BD022BFBD194F8743043F06E
:10B5F0000A03F4E74B88062B05D1088841288CBF45
:10B600000020012070470020704707B58B790A465B
:10B610000B440191197C4B1E0D2B04D801F5A04160
:10B620000131FEF73DFE01A8FDF779FE03B05DF89C
:10B6300004FB0000014B1868704700BF542E002027
:10B640000A4B1B6F03F00703013B032B03D8DFE812
:10B6500003F00A030608FEE7054B18687047054B20
:10B66000FBE7054870470548704700BF0080005061
:10B67000542E00205C2E002080D54302002D310185
:10B6800008B5FFF7DDFF054B1B6FC3F30333013331
:10B69000B0FBF3F0024B186008BD00BF0080005003
:10B6A000502E00200048704700B4C4040048704782
:10B6B000002D3101014B1868704700BF5C2E00203F
:10B6C0000048704780D543024FF40022184B5A6659
:10B6D0004FF0B4439868C0F304400C280AD8DFE860
:10B6E00000F00B0909090909072119091B1D1F0091
:10B6F00010487047002070479B6803F04073B3F117
:10B70000807F11D0B3F1007F10D00B4A002B08BF0F
:10B710001046704709487047094870470948704704
:10B7200009487047094870470948704709487047F9
:10B7300000900050405DC60000093D00C0EA2101B4
:10B7400080BA8C010048E801005A62020024F4002B
:10B7500080841E0040420F00014B1868704700BFF4
:10B76000582E0020034B5868C0F30800003818BF5B
:10B770000120704700ED00E00122437801789A40F3
:10B7800030235943014B5A50704700BF40D00350FB
:10B79000034B5A68D20702D5DA69002AF9D17047FB
:10B7A00000800A5030B9044B5A68D20702D59A6D0E
:10B7B000002AF9D1704700BF00800A5008B9014B38
:10B7C0005964704700900A5008B9014B596470479A
:10B7D00000A00A5008B9014B1964704700A00A5034
:10B7E00010B9024B186C70470020704700800A5057
:10B7F00010B5FFF7D7FF10B919B1012904D0002007
:10B8000001E0034BD86C10BD014B186DFBE700BF86
:10B8100000800A5038B51446FFF7C4FF10B911B1C3
:10B82000012903D038BD034BDC64FBE7014B1C65E9
:10B83000F8E700BF00800A5008B5FFF7B3FF10B962
:10B84000024B586D08BD0020FCE700BF00800A5085
:10B8500008B5C0B14FF480620C4B9A66BFF34F8FAE
:10B8600001F0EAF84FF098435A6CD202FCD54FF43D
:10B870008062586D064B10F470209A6604D0BDE8C3
:10B88000084001F098B8212008BD00BF009000508A
:10B8900000A0005030B5154B87B00293144B0390B5
:10B8A000049346F611030D46059300F077F914282A
:10B8B000044616D1684601F074F94FF0A8430322FC
:10B8C00002A95A6319601D619A63DA6B9207FCD171
:10B8D000142C02D1684601F072F900F093F9044685
:10B8E00001E00028E9D0204607B030BD60160020F6
:10B8F000040000202DE9F04FB1B005468C469E466D
:10B90000E8466F4EDDF8EC90409C06F1100A474681
:10B9100030687168083603C75645B846F7D13E9B74
:10B9200003EB0208C8F1000A0AF00F0AB9F1000F90
:10B9300000F09D80C9F1000707F00F070121DDF835
:10B94000FCB044F00050C4F11006CDF810B00591E1
:10B950000690300200F4F85040F021000790B9F151
:10B96000000F40F08680CDF820D047F00050002D29
:10B9700000F08480099121210A9041EA07210B916E
:10B9800042F00050CDF830C03D9B08A94FEA0A2C88
:10B990000D910E904CF041000F901093002A75D13C
:10B9A0003E9B119143F0005312933C9B13901493D0
:10B9B00010AB1593434B444A169340F6110317936B
:10B9C000424B0021002D08BF1346189314AB199366
:10B9D0003F4B10221A9311231B931CAB1846FDF703
:10B9E00018FB01221D92002246F0804603461E9657
:10B9F000239205B9EB46102CCDF880B024AE4BD184
:10BA0000012322460021304621932294FDF701FBB9
:10BA100020AB002125938F4218BF334647F0804268
:10BA200026923A9A2CA828922993B2FA82F35B09BB
:10BA300049EA837310222B912A93FDF7EAFAB9F1B0
:10BA4000000F00D028AED04448F080432CA918A89D
:10BA50002D962E93FFF71EFF30B92DB90346A34252
:10BA600025D1002818BF2C2031B0BDE8F08F102759
:10BA700064E7CDF820E049F0005078E7002C3FF46F
:10BA800079AF04A9099101210A9076E73E9B0CAA9F
:10BA900011924120129388E7102200213046219311
:10BAA0002294FDF7B6FA002CB2D10123B1E703F1DD
:10BAB000C0026A4412F8C02C01331043CFE700BF24
:10BAC000CFE7020810000020E4E70208E8E70208D8
:10BAD00004000020F0B5C0299FB0DDE9244557D00F
:10BAE000B1F5807F04D0802948D029201FB0F0BD57
:10BAF00001265CB140F2344702941024039604946A
:10BB0000212401970594069502AC0AE040F21447FF
:10BB1000029410240396049421240594012401978F
:10BB20000695079401251024089409950A9221226C
:10BB30000B950C940D92174A0AAD0E92164A0F956A
:10BB4000109242F6110211921293139514941592C9
:10BB500001AA1692D3B112AB1793042318931123A1
:10BB6000199316AB1A901B9340F61103C9081C9148
:10BB70001AA806A91D93FFF78DFEB7E7012614B991
:10BB80004FF48267C4E74FF48667B5E70EABE3E78F
:10BB90000F20ABE7E0E702081000001038B5164BA5
:10BBA0005A6E42F004025A66D3F8802242F0010233
:10BBB000C3F88022114B5B68C3F3080343B14FF015
:10BBC000A842D36B13F0430FFBD11424204638BD99
:10BBD0004FF0A843DC6B14F04304FBD1084D2B68F5
:10BBE0001BB904212846F5F78DFF2B68013343F07C
:10BBF00000432B60EAE700BF0080005000ED00E04A
:10BC000060160020014B00205B68704700ED00E0EB
:10BC1000B8B1036813F4E07F03F03F00C3F382126E
:10BC20000AD0012A0DD1084B41B103F580530122FE
:10BC300082401A6000207047044BF5E703F500537B
:10BC4000F5E70E20704700BF688000506480005008
:10BC50000229F8B596BF104B00245C5C012805460C
:10BC60000E4608D0022809D008B944F002040B4B54
:10BC70001F6837B9F8BD44F00804F8E744F0200421
:10BC8000F5E77B681A68144203D0314628465B68A2
:10BC900098473F68EDE700BF6CE80208F016002007
:10BCA00038B5104D2B78ABB10F4C23781BB100F099
:10BCB00047FA00232370002000F06AFA0B4C50B1C1
:10BCC00000F070FA0023012120782B70FFF7C0FFED
:10BCD0000123237038BD0122054B1A702278054BD1
:10BCE0001A70F7E78B2B0020892B0020912B002066
:10BCF0008C2B00208D2B00200C4A1378FF2B01D1B8
:10BD000058B170470BB908B9704730B1013313709F
:10BD1000074B1B78012B03D87047013B137070470A
:10BD2000044B1B780BB9FFF7BBBF7047902B00206B
:10BD3000912B00208C2B002010B500F02DFE064B1F
:10BD400004461B781BB1BDE8104000F020BEFFF791
:10BD5000A7FF2046F7E700BF882B00200228F8B590
:10BD600004D0244A1378FF2B01D1E9B1F8BDD3B92F
:10BD70000029FBD0012313701F4B1B78012BF5D931
:10BD800000F00AFE1D4E0446337893B920461A4C43
:10BD900000F0FDFD20780128E8D00121FFF758FFD1
:10BDA00001232370E2E711B9013B1370DEE7013391
:10BDB000E1E7134F3B781BB901223A70114A137027
:10BDC000114D2B781BB100F0BBF900232B702046DE
:10BDD00000F0DDFD012000F0DBF900F0DDFD3B7837
:10BDE00004461BB100F0DEF900233B7000233370E2
:10BDF000CCE700BF902B0020912B00208B2B002044
:10BE0000882B00208C2B0020892B00202DE9FF4758
:10BE1000EFF3108572B6AFF3008000F08BFD0028C1
:10BE200070D0704E704F337823B10020FFF764FF5D
:10BE300000233370387870B903A900F079FB044609
:10BE400048B96A4B039A1B689A4263D80120FFF7EE
:10BE500053FF012333703B78654CDFF8BC91002B16
:10BE600072D02078012840F09480207800F03AF9D0
:10BE700099F8003013B15F4B1B782370AFF300804B
:10BE8000284600F032FFEFF3108572B65A4B1A784D
:10BE900052B100221A70574B20781B78984203D178
:10BEA00001212170FFF7D4FE544800F0F3FA00F0AE
:10BEB0004BFD80460028B6D1514B524F18703B784D
:10BEC0009BB189F80000DFF84C9199F800301BB164
:10BED00000F036F989F80080002000F059F90028B8
:10BEE00075D000F05FF900233B70337823B1002058
:10BEF000FFF702FF0023337000212078FFF7A8FE30
:10BF000000232370AFF30080284604B0BDE8F0475B
:10BF100000F0EBBE3C4BD3F8008000F08DF9039BA2
:10BF20008044984592D200F081F98200039942F052
:10BF3000020292B2CDE900422346344AA1EB080145
:10BF40002E4800F0DAFE86E72E4BDFF8B4801B782F
:10BF50000BB900F0D9F82078022831D198F80030D8
:10BF600023B10022264B1A7000F068FFDFF894809E
:10BF700098F80030002B7FF478AF254B1B7823B95D
:10BF800000F0D8F80122234B1A70012388F8003002
:10BF90006BE74FF001080023DFF864A08AF8003057
:10BFA00099F8003013B94146FFF752FE9AF8003075
:10BFB00084F800803BB1B8F1020F7FF456AFD0E7B0
:10BFC0004FF00208E7E7B8F1020FCFD04DE70120AC
:10BFD00000F088F8284600F088FEEFF3108572B66E
:10BFE0007AE700BF8A2B0020902B0020F816002053
:10BFF000912B00208D2B0020862B0020FC1600208A
:10C000008E2B00208B2B0020F416002039BD020857
:10C010008F2B0020892B00208C2B002010B500F0E6
:10C02000BBFC0022054B1C781A7000F0B0FC00F03D
:10C0300021FBE4B22043C0B210BD00BF872B00201B
:10C0400038B500F0A9FC094B05461B78012B04D834
:10C0500000F09DFC0024204638BD054B1C6800F014
:10C06000EBF80444284600F092FCF4E7912B002002
:10C07000F4160020164B17491A6F10B502F007028C
:10C080000A601549154C8969032A01F00200C1F3C1
:10C090004001134A21700FD0D3F8201101F007019D
:10C0A000022909D0D3F8281101F00701022903D091
:10C0B0000021117018B910BD01231370FBE7D3F8EC
:10C0C000003103F00303591E4B424B41F5E700BF1B
:10C0D000008000502417002000C00150952B002044
:10C0E000962B0020012805D00238012808D800200E
:10C0F000D8F7A4BA034A136923F00403136130BFCD
:10C10000704700BF00ED00E0074A0849D2F820312F
:10C1100003F007030B60D2F82831054A03F0070348
:10C120001360F3F7FCBB00BF008000503017002005
:10C130002C1700200122014B1A707047942B00200D
:10C140000F4B10B51B7883B10E4C2378A3B90E4B5F
:10C150009A6DD10302D5DA6D920702D49B6DDB078D
:10C1600004D54FF48032094B9A6210BDDAF720FFF4
:10C170004FF48032054B9A6200232370F5E700BF2D
:10C18000962B0020932B00200040005A0050005AAC
:10C19000034B1B780BB1DAF7AFBF0120704700BF2C
:10C1A000962B002008B5F3F7BBFB174B1B7833B178
:10C1B0000122164B5A60164A9369DB07FCD5154BD2
:10C1C00015491A6F096822F007020A431A671349D2
:10C1D000D3F82021096822F007020A43C3F820217E
:10C1E0000F49D3F82821096822F007020A43C3F84F
:10C1F00028210C4B1B781BB14FF480320A4B9A62FA
:10C20000BDE80840FFF73CBA952B002000D0015054
:10C2100000C001500080005024170020301700207B
:10C220002C170020962B00200060005A014B187834
:10C23000704700BF962B002008B5054B187818B141
:10C24000DAF72AFF00EBD000024B1B68184408BD48
:10C25000962B00202017002008B5164B1A7822B321
:10C2600000221A70144B1A6F22F0070242F00102EA
:10C270001A67D3F8202122F0070242F00302C3F824
:10C280002021D3F8282122F0070242F00302C3F84C
:10C2900028210A4B1B7833B10122094B5A60094A05
:10C2A00053689B07FCD4FFF7EBF90122064B5A6752
:10C2B00008BD00BF942B002000800050952B00206B
:10C2C00000E0015000C001500060005A0D490B68A9
:10C2D000A0B10022A3B1834203D1836822B90B60CD
:10C2E00003E01A469B68F5E7936083680BB900206A
:10C2F00070475A6941690A445A61F8E72220704739
:10C30000022070473C17002038B500F06FFA002576
:10C31000084B094C1A682368C31A2AB123B1516922
:10C32000994203D3C91A5161206038BD55615B1A27
:10C330009268F2E73C1700203817002038B5154DF9
:10C340002B682BB35B69A3B1134A022014681C4409
:10C3500000F03CFD204600F087FA00230F492A68D0
:10C360000B7022B1D08880070AD501230B70002002
:10C3700038BD022000F02AFD022000F0BFFAECE7F1
:10C380009268002AF3D050690344012BEAD9EEE702
:10C390002220EDE73C17002038170020982B0020C2
:10C3A000C38870B504460D463BB9FFF749FE854288
:10C3B000064602D2F4F764FE35460E4965610B6805
:10C3C0008BB90C60A3600DE0AD1A9A6818466561E0
:10C3D0006AB113465A69AA42F6D930B18460521B39
:10C3E000A3605A6170BD0020F4E70C60F7E79C6021
:10C3F000A260F7E73C170020F8B515469DF81C2011
:10C40000BDF820700271069A0446026000220E46B2
:10C41000C0E903358260C7809DB900F0E7F9304478
:10C42000A0614EB13546062F1DD10822174B284674
:10C430009A6200F0E3F902E0E36866617BB90020EC
:10C44000F8BD00F0D3F92844A061002EEAD1E368DA
:10C450006661002BE7D0204621689847E3E7204635
:10C4600021689847EBE700F097FA0646FFF74CFF84
:10C4700029462046FFF794FF054B1B68A34201D1D4
:10C48000FFF75CFF304600F082FAD8E70050005A10
:10C490003C17002038B5044640B3C388062B01D1B1
:10C4A00000F034FA00F078FA0546FFF72DFF104B44
:10C4B00020461B68A34208D0FFF708FF044680B15E
:10C4C000284600F064FA204638BDFFF7FFFE044618
:10C4D0000028F5D1FFF732FF222802D1022000F018
:10C4E000FBF9284600F053FA0024ECE72224EAE79F
:10C4F0003C17002038B50C460546A8B1A1B1002371
:10C500000B7000F052FA0121084B1B6833B900F0A0
:10C5100047FA002038BD9D4204D121702278002ABC
:10C52000F9D0F4E79B68F1E72220F3E73C170020FD
:10C53000F8B506460F4600F038FA00250446124BBF
:10C540001B6823B9204600F02BFA1B2011E05A6922
:10C550001544DA88B2420DD100F048F90B4E336829
:10C56000C01AA8420AD3002320463B6000F018FA04
:10C570000020F8BDFF2EEFD09B68E2E700F036F90F
:10C5800033682B441B1AEFE73C17002038170020B4
:10C5900070B500F00AFA064600F028F9084B044688
:10C5A00001201D6800F0FCFB18B100F01FF90446E3
:10C5B0000135304600F0F4F92046294670BD00BF31
:10C5C00044170020014B1868704700BF4017002037
:10C5D00038B50021044640F2E730054B4FF47A723B
:10C5E0001D680023E5FB0401EDF7E0FF38BD00BF47
:10C5F00040170020F8B50C4B05461B680E468342D9
:10C600000FD3002440F2E7302146084B4FF47A72F2
:10C610001F680023E5FB0701EDF7C8FF30602046E7
:10C62000F8BD2120FCE700BF341700204017002090
:10C630000F4B10B51A689AB14FF47A71531E13421A
:10C64000A0FB01010ED1B2FA82F2C2F11F04531C09
:10C65000D243E04001FA03F3184321FA02F2024305
:10C66000104610BD0023EDF7A1FF0246F8E700BF1A
:10C670004017002010B500F098F9034B1C7800F02B
:10C680008FF9E4B2204610BD972B002008B5084B67
:10C690001B7803F0FF004BB100F072FB054B1B68E9
:10C6A0009B69C01A02288CBF0020012008BD00BF72
:10C6B000982B00203C170020014B1870704700BFDA
:10C6C000972B0020C2072DE9F843044607D5444ABA
:10C6D000136801331360FFF717FEFFF72FFEA30760
:10C6E0007CD500F062F94FF0000805464646FFF79A
:10C6F0000BFE3C4F3C680CB16369A3B100223A4B7E
:10C70000012E1A7003D118F0020F18BF1E70FFF728
:10C7100015FE222802D1022000F0DEF82846BDE8EE
:10C72000F84300F03DB923465A693AB91A7921799C
:10C73000914288BF1C469B68002BF5D1284600F02B
:10C740002FF92569DDB100F051F8A269A0EB0208CC
:10C750004FEAE873A84573F1000311DB2369134422
:10C76000A361E36813B1204621689847B4F80680B6
:10C7700000F01BF901360546FFF7C6FDBAE7A846EB
:10C7800000F013F981462046FFF7A0FD484600F06F
:10C7900007F92369002BE4D0A38BB5EB080533B16F
:10C7A000E28B13449BB2B3F57A7F0FD2E38300F0A0
:10C7B000FCF8804629462046FFF7F2FDA36922696E
:10C7C00040461344A36100F0EBF8CAE7A3F57A737F
:10C7D000E383A369013D013BA361E8E7BDE8F8837A
:10C7E000441700203C170020972B002008B5FEF7C7
:10C7F000CFFF014B986908BD00800A5038B5044648
:10C8000000F0CAF80546FEF7C3FF0E4B022C9A69EA
:10C810004FF001018CBF12190332B2F1FF3F38BF54
:10C82000013A0020FEF7F6FF284600F0B0F8064B6C
:10C830001A7832B10221054A9164042191640022E0
:10C840001A7038BD00800A50FD30002000900A5058
:10C8500007B5044B01A9187900F0DDF9019803B080
:10C860005DF804FB60E80208F8B5044600F094F8AF
:10C870000746FEF78DFF154B9D6900F0A3FA0646AB
:10C880000020FEF7ADFF830704D4731B032B01D8F0
:10C89000AE420FD10021631B022B98BFEC1C08464F
:10C8A000B4F1FF3F2CBF2246621EFEF7B3FF022009
:10C8B00000F08CFA384600F06AF8054B1A7822B17D
:10C8C0000121044A916400221A70F8BD00800A50C8
:10C8D000FE30002000900A50830700F0010106D5C9
:10C8E0000123044A41F002011370034A93640020BB
:10C8F000FEF76ABFFE30002000A00A50830742BF47
:10C900000222014B1A64704700900A50054B1A78B6
:10C9100032B90221044A91640421916401221A70FF
:10C92000704700BFFD30002000A00A500120704772
:10C930000120704710B5E5F7D9FF0446FFF7F6FF71
:10C94000002818BF204610BD38B5FFF767FB044626
:10C95000FBF7E2FC042810D002284FF0000508BFC6
:10C960000124FFF7E5FF042809D0022808BF0124AD
:10C97000002D18BF0024204638BD0125F1E7002412
:10C98000F9E74FF4004070474FF47A70704710B9E0
:10C9900062B6BFF36F8F7047EFF3108072B67047C7
:10C9A00080F31188BFF36F8F7047EFF3118030234E
:10C9B00083F311887047B0F5802F22D010D8B0F5DE
:10C9C000003F20D007D818B3B0F5803F08BF4820FB
:10C9D00018BF01207047B0F5403F08BF2C20F7E793
:10C9E000B0F5302F11D007D8B0F5E02F0FD0B0F54B
:10C9F000202F08BF1020EBE7B0F57F0F08BF0620FF
:10CA0000E6E74B2070472A2070471120704721200D
:10CA1000704708B528B128220021FCF7FAFA002057
:10CA200008BD2120FCE7036A042B9FBF00EB8302B3
:10CA30000133D16003627047036A052B14D84FF0AD
:10CA40009842116CC902FCD504339B001365016840
:10CA5000103B11604168116050F8081F11604FF0E1
:10CA600098420344984200D1704750F8041F116067
:10CA7000F8E7836813B9816070475B685A68012AD8
:10CA8000FBD159607047F0B5154649228FB0149C10
:10CA90008DF8242004F10C060DF1250254F8047BD6
:10CAA000B44242F8047BF9D1247814704FF48074B6
:10CAB000ADF834409DF8544000228DF836400424EF
:10CAC0000694169CCDE9001505941324049409AC32
:10CAD000CDE902340B4611468DF832208DF83350E3
:10CAE000FEF708FF0FB0F0BD30B5C02A93B02FD0CD
:10CAF000B2F5807F29D0802A2CD14FF4807480F049
:10CB00000100204301901698012502901024212055
:10CB1000039504940590069301AB0795089409903A
:10CB20000A9306AB0B9304230C9311230D930AABCA
:10CB30000E910F9340F61103D20802A90EA810928D
:10CB40001193FEF7A7FE13B030BD4FF48274D6E701
:10CB50000F20F8E72920F6E708B5FFF71FF8BDE832
:10CB60000840FFF74FB81FB5079C02949DF8184086
:10CB7000CDE9003413460A4601460020FFF783FF43
:10CB800004B010BD1FB5079C02949DF81840CDE974
:10CB9000003413460A4601460120FFF774FF04B033
:10CBA00010BD10B50446FFF7F7FE4FF0A8431A6812
:10CBB00022601B696360FFF7EAFE002010BD10B51C
:10CBC0000446FFF7E9FE4FF0A84322681A60626846
:10CBD0001A61FFF7DCFE002010BD10B404460846C1
:10CBE00011469DF804200192A2685DF8044BFFF7FE
:10CBF000BABF10B40446084611469DF804200192BD
:10CC0000A2685DF8044BFFF7BDBF8068FEF762BF06
:10CC10008968FFF769BF09B100F005B822207047A5
:10CC20000121FEF7F5BF70B506460D46FFF7BDFEC4
:10CC30000446202E56D8DFE806F0111A551F22258B
:10CC400055282B552E55313455373A3D55405543CF
:10CC50005552555555465549554C4F00FEF7F0FC79
:10CC6000002628602046FFF79BFE304670BD4FF43B
:10CC7000C070D6F725FDF3E74FF42070F9E74FF4C5
:10CC80004070F6E74FF46070F3E74FF40070F0E7A0
:10CC90004FF48060EDE74FF44060EAE74FF4C06086
:10CCA000E7E74FF4F060E4E74FF4B060E1E74FF4FA
:10CCB000D060DEE74FF41060DBE74FF4E060D8E7C8
:10CCC0004FF4A060D5E74FF42860D2E74FF48070AE
:10CCD000CFE74FF42060CCE74FF44860C9E74FF44A
:10CCE0000860C6E700202126BBE710B962B6BFF393
:10CCF0006F8F704700230B7070472DE9FF410D4681
:10CD000016461F460446A8B14FF00008C0F81C8024
:10CD1000FFF7C0FBBDF82C30424602939DF8283047
:10CD20002946CDE9007320463346FFF765FB04B082
:10CD3000BDE8F0812220FAE7F0B51F46002387B056
:10CD40000D46164604468DF81730A8B1C3610DF1A3
:10CD50001701FFF7CFFB9DF817207AB9BDF83430E3
:10CD6000294602939DF830302046CDE900733346C2
:10CD7000FFF742FB07B0F0BD2220FBE70320F9E7F5
:10CD800038B5FFF712FE0546FFF730FD044628468A
:10CD9000FFF706FE204638BD00F021B800F030B89D
:10CDA00010B504460020FEF71BFD012C04D0022C18
:10CDB00005D1C0F3400010BD00F00100FBE70020EA
:10CDC000F9E7704700210846FEF712BD00F00101A7
:10CDD000830748BF41F002010020FEF7EFBC0020AE
:10CDE00008B5FEF7FDFC10F0080008D0002008216F
:10CDF000FEF7F0FCBDE808400020FEF71DBD08BDB1
:10CE000004210020FEF7E6BC38B5FFF7CEFD04464E
:10CE10000020FEF7E5FC830700F0010548BF45F060
:10CE2000020500F003010020FEF7D4FC2846FFF7BE
:10CE300049FC2046BDE83840FFF7B2BD0221012081
:10CE4000E6F724BD00000000000000000000000024
:10CE500000000000000000000000000000000000D2
:10CE6000F8B500BFF8BC08BC9E467047F8B500BFD7
:10CE7000F8BC08BC9E4670475FF800F0B52D002056
:10CE80005FF800F0112D00200000010000000000FC
:10CE90000001000000000000000000010000000090
:10CEA000000003020000000000000000BA040000BF
:10CEB000000000000000030200000000000000006D
:10CEC000BA0400000000000031302E302E30000087
:10CED000F0CE020847004700F0D402080E000E0012
:10CEE00090D30208160016000300FFFFFFFF0000AA
:10CEF000010000000108FFFF0000000060D30208ED
:10CF0000020002000108FFFF0500000020000A00E7
:10CF100003000A000008FFFF01000000AE2F002000
:10CF200004000D000308FFFF0300000002000000E2
:10CF3000050002000108FFFF0500000002000B00D1
:10CF400006000B000108FFFF01000000B82F0020C1
:10CF5000070002000108FFFF050000000A000C00A6
:10CF600008000C000308FFFF01000000CE2F002086
:10CF7000090000000108FFFF0000000064D3020860
:10CF80000A0002000108FFFF050000000A0003007C
:10CF90000B0003000308FFFF01000000D62F002054
:10CFA0000C0002000108FFFF050000000200040061
:10CFB0000D0004000108FFFF0000000068D3020814
:10CFC0000E0000000108FFFF000000006CD3020803
:10CFD0000F0002000108FFFF05000000020005002D
:10CFE000100005000108FFFF0000000070D30208D8
:10CFF000110002000108FFFF05000000020006000A
:10D00000120006000108FFFF02000000F22F0020BE
:10D01000130002000108FFFF0500000002000700E6
:10D02000140007000108FFFF02000000023000208A
:10D03000150002000108FFFF0500000002000800C3
:10D04000160008000108FFFF020000000E3000205B
:10D05000170002000108FFFF0500000002000900A0
:10D06000180009000108FFFF010000001C3000202B
:10D07000190000000188FFFF000000007ED30208B5
:10D080001A0002000108FFFF0500000002000080F6
:10D090001B0000800108FFFF010000002A30002073
:10D0A0001C0002000108FFFF0500000002000180D3
:10D0B0001D0001800108FFFF010000003230002048
:10D0C0001E0002000108FFFF050000000A000280A8
:10D0D0001F0002800308FFFF010000003A3000201B
:10D0E000200002000108FFFF050000000A00038085
:10D0F000210003800308FFFF0100000042300020F0
:10D10000220002000108FFFF050000000A00048061
:10D11000230004800308FFFF010000004A300020C4
:10D12000240002000108FFFF050000000A0005803E
:10D13000250005800308FFFF010000005230002099
:10D14000260002000108FFFF050000000A0006801B
:10D15000270006800308FFFF010000005A3000206E
:10D16000280002000108FFFF050000000A000780F8
:10D17000290007800308FFFF010000006230002043
:10D180002A0002000108FFFF050000000A000880D5
:10D190002B0008800308FFFF010000006A30002018
:10D1A0002C0002000108FFFF050000000A000980B2
:10D1B0002D0009800308FFFF0100000072300020ED
:10D1C0002E0002000108FFFF050000000A000A808F
:10D1D0002F000A800308FFFF010000007A300020C2
:10D1E000300002000108FFFF050000000A000B806C
:10D1F00031000B800308FFFF010000008230002097
:10D20000320002000108FFFF050000001A000C8038
:10D2100033000C800308FFFF010000008A3000206B
:10D2200034000D000308FFFF0300000001010000AF
:10D23000350002000108FFFF0500000012000D800C
:10D2400036000D800108FFFF010000009230002031
:10D2500037000D000308FFFF03000000010200007B
:10D26000380002000108FFFF050000000A000E80E0
:10D2700039000E800308FFFF01000000A0300020ED
:10D280003A0002000108FFFF050000000A000F80BD
:10D290003B000F800308FFFF01000000A8300020C2
:10D2A0003C0002000108FFFF050000000A0010809A
:10D2B0003D0010800308FFFF01000000B030002097
:10D2C0003E0002000108FFFF050000000A00118077
:10D2D0003F0011800308FFFF01000000B83000206C
:10D2E000400002000108FFFF050000000A00128054
:10D2F000410012800308FFFF01000000C030002041
:10D30000420002000108FFFF050000000A00138030
:10D31000430013800308FFFF01000000C830002015
:10D32000440002000108FFFF050000000A0014800D
:10D33000450014800308FFFF01000000D0300020EA
:10D34000460002000108FFFF050000000A001580EA
:10D35000470015800308FFFF01000000D8300020BF
:10D3600002000118020000180200000002000A1862
:10D370000B00547265766F724D657965720010000E
:10D38000F91094F1047A47BFA24630AC3204272E3C
:10D39000BD0F4AC87287108A3D450843179A868E8A
:10D3A0009C8848C65A430584BB41833FCFDC5A1151
:10D3B0002FB7B2150BDB669FD14D527BEC98B7EBC4
:10D3C0000A076FBB7F2646831C4BA600FA5A4536D8
:10D3D000BA7F93FACC59BC894D4CF471507B6C9F49
:10D3E00017BE2411BF1864B93C414B12C8D33B9EF1
:10D3F000CC84C7F3456759A5FC47D007787E9A7D52
:10D40000F60B5C8DF9CD1BB5DE425C73EEF2AD1A06
:10D41000882D555AD5964F83EF452A8071EF2FDE20
:10D4200059B727553756AC8FA1467356FD9F67AB4A
:10D4300038D2465FC05E46810346436FDD4575EDD9
:10D4400079E09E3DFFDAD88A6D49451A14BBB3BF17
:10D45000738BAD75B680FB9AE74EA0CB589FC0B2D8
:10D4600075A24B823FAD5EB94D40547B58582FE9B1
:10D47000FB36F6D0934751BB3641317463EE78D317
:10D48000024EE2CD431331AB0647050A954E0B6FB2
:10D490000D4FB64AB2616F9CA44B5E8E423ED7459B
:10D4A000C1C21D7D7686A484E84DD596D2BDF51601
:10D4B000FB33DD77DAE4AB912F44211DE1973DF991
:10D4C0002F8B03DB445D93879F4E0B89AD9E990A9A
:10D4D000FF01E41CCC9922B4E1444D70FA053A8472
:10D4E000CA350E6EF5209CBDDC418CC1E60B1F7960
:10D4F000002801280328002A012A292A242A272A69
:10D50000262A232A052A2A2B292B02290B007E02F0
:10D5100023000000F5F50108F1F50108CFF5010839
:10D520009DF501082DF60108FFF501089FF501089A
:10D530002C000000020202030000000300000000B3
:10D5400004000000000000000001020200040303C8
:10D5500000000000000001030200000000000001C4
:10D5600001000000000302020101030000040201A7
:10D57000010303020601050402000000000300008D
:10D580000000000000000100BA04E204C409B80B66
:10D59000600900000000804100000042000080425D
:10D5A0000000B84200000043000080430300000078
:10D5B000000000000000000000000000000700085C
:10D5C000000000000000000000000000010204054F
:10D5D0000000000000000000000000000006000243
:10D5E000010000000009005A1CD602080100000FCB
:10D5F000FCD50208000000000000000004FF6BFFE3
:10D600009FFFBBFFCCFFD8FFE0FFE6FFEAFFEEFF86
:10D61000F1FFF3FFF5FFF7FFF8FFF9FF6400D4FE19
:10D62000FF006400160000005A00A8071439FEFF2E
:10D630002400370201E1FFFF16002001111B00004A
:10D640001000C000992600000B008600782800001A
:10D65000080059008A2500000600450075220000D8
:10D6600004001200121400005CE202080000000036
:10D67000E0D602080300000000000000C0175302BB
:10D680005CE20208000000004CD702080300000022
:10D6900000000000C01753025CE202080000000016
:10D6A000B8D702080300000000000000C0175302B2
:10D6B0005CE202080000000024D802080300000019
:10D6C00000000000C01753025CE2020800000000E6
:10D6D00090D802080300000000000000C0175302A9
:10D6E000FCD80208809C2B8F80841E000000000064
:10D6F0002500FF7F842E002000000000C8E60208FD
:10D7000000000000FCD80208809C2B8F80841E0043
:10D71000000026002600B700842E00200000000034
:10D72000C8E6020800000000FCD80208809C2B8F8D
:10D7300080841E000000270027008C00842E00201B
:10D7400000000000C8E6020800000000DCDA020861
:10D75000809C2B8F80841E00000000002500FF7F2E
:10D76000842E002000000000CAE60208000000002D
:10D77000DCDA0208809C2B8F80841E0000002600CB
:10D780002600B700842E002000000000CAE6020830
:10D7900000000000DCDA0208809C2B8F80841E00D1
:10D7A0000000270027008C00842E002000000000CD
:10D7B000CAE6020800000000BCDC0208809C2B8F37
:10D7C00080841E00000000002500FF7F842E0020C2
:10D7D00000000000CCE6020800000000BCDC0208EB
:10D7E000809C2B8F80841E00000026002600B7003E
:10D7F000842E002000000000CCE60208000000009B
:10D80000BCDC0208809C2B8F80841E000000270057
:10D8100027008C00842E002000000000CCE60208C7
:10D82000000000009CDE0208809C2B8F80841E007C
:10D83000000000002500FF7F8C2E0020000000006B
:10D84000CEE60208000000009CDE0208809C2B8FC0
:10D8500080841E00000026002600A0008C2E0020E0
:10D8600000000000CEE60208000000009CDE020876
:10D87000809C2B8F80841E00000027002700FF7FE4
:10D880008C2E002000000000CEE602080000000000
:10D890007CE00208809C2B8F80841E00000000002A
:10D8A0002500FF7F8C2E002000000000D0E602083B
:10D8B000000000007CE00208809C2B8F80841E000A
:10D8C000000026002600B7008C2E0020000000007B
:10D8D000D0E60208000000007CE00208809C2B8F4C
:10D8E00080841E000000270027008C008C2E002062
:10D8F00000000000D0E6020800000000FC4F010319
:10D9000038E5020810400100004100003C400100E1
:10D9100010000000484001002007000350400100B3
:10D92000000000005C4001000D0F000008410100F4
:10D93000FF4C000054C00700511130000E000DE6EE
:10D940002A000000080B0C0D0D000000D1B60200EB
:10D95000E004000040400701000020700000A0111A
:10D9600010000000000000461FC0810000000020E1
:10D97000008000006440050100000000B904F800C8
:10D9800040080000100000009100040088400F01D2
:10D99000B703120000000060000000000002050D47
:10D9A0001C2F42536269686053402E1F110A0808F9
:10D9B0000808070605040303020202010101010130
:10D9C0000000000000000000000000001C410101F8
:10D9D00000302C8C38410701BC200BF049C05100AD
:10D9E000055BA0408E6E8294218248520908400057
:10D9F000C00D00805C410101FFDD000068410701AE
:10DA00004CD4E83B04190D50080E141A20262C3271
:10DA1000383E10325476980A1D0040B4D0410301BC
:10DA200000000000D000000004001200E0411301DB
:10DA300000000080E2CFDD2C7EB63A0060091900BC
:10DA40005122E2004CB9510E3982A904D8229B29F7
:10DA5000E2CFDD2C7EB63A00600919005122E200C7
:10DA60004CB9510E3982A904D8229B29000000002C
:10DA700000000000440000003C3C3C3C4C420101E2
:10DA80000800030468420101000000003880010121
:10DA9000F1471000A080020170380300D0000000A0
:10DAA000A8800111F0010000A8800131055AFD0194
:10DAB000AC800111F0010000AC800131053EFD0099
:10DAC000EC000112E00F0000EC0001320C205111BB
:10DAD0008401010200000000FFFFFFFFFC4F010373
:10DAE00088E5020810400100004100003C400100B0
:10DAF00010000000484001002017000350400100C2
:10DB0000010400005C4001000D0F0000084101000D
:10DB100003C0010054C00700511130000E000DE693
:10DB20002A000000080B0C0D0D000000D1B6020009
:10DB30008005000040400701000020700000A01197
:10DB400010000000300000461FC881000020003097
:10DB5000008000006440050100000000B904F800E6
:10DB6000400800001000000092000A0088400F01E9
:10DB7000B703120000000060000000000002050D65
:10DB80001C2F42536269686053402E1F110A080817
:10DB9000080807060504030302020201010101014E
:10DBA0000000000000000000000000001C41010116
:10DBB00000302C8C38410701BC200AF049C05100CC
:10DBC00001000040B756351200780850090840009F
:10DBD000C00300805C4101010000000068410701B2
:10DBE0004CD4E83B04190D700A10161C22282E3460
:10DBF0003A4010325476980A1D6980A4D04103013E
:10DC000000000000D000000000000200E04113010D
:10DC100000000000E2CFDD2C7EB63A00600919005A
:10DC20005122E2004CB9510E3982A904D8229B2915
:10DC3000E2CFDD2C7EB63A00600919005122E200E5
:10DC40004CB9510E3982A904D8229B29000000004A
:10DC500000000000440000003C3C3C3C4C42010100
:10DC60000800000468420101000000003880010142
:10DC7000F1471000A080020170380300D0000000BE
:10DC8000A8800111F0010000A8800131055AFD01B2
:10DC9000AC800111F0010000AC800131053EFD00B7
:10DCA000EC000112E00F0000EC0001320C205111D9
:10DCB0008401010200000000FFFFFFFFFC4F010391
:10DCC000D8E5020810400100004100003C4001007E
:10DCD00010000000484001002007000350400100F0
:10DCE000000400005C4001000D0F0000084101002D
:10DCF00003C0010054C00700511130000E000DE6B2
:10DD00002A000000080B0C0D0D000000D1B6020027
:10DD10008005000040400701000020700000A011B5
:10DD200010000000300000461FC8810000200030B5
:10DD3000008000006440050100000000B904F80004
:10DD4000400800001000000092000A0088400F0107
:10DD5000B703120000000060000000000002050D83
:10DD60001C2F42536269686053402E1F110A080835
:10DD7000080807060504030302020201010101016C
:10DD80000000000000000000000000001C41010134
:10DD900000302C8C38410701BC200AF049C05100EA
:10DDA00001000040B75635120078085009084000BD
:10DDB000C00300805C4101010000000068410701D0
:10DDC0004CD4E83B04190D70080E141A20262C328E
:10DDD000383E10325476980A1D6940B4D041030190
:10DDE00000000000D000000000000200E04113012C
:10DDF00000000000E2CFDD2C7EB63A006009190079
:10DE00005122E2004CB9510E3982A904D8229B2933
:10DE1000E2CFDD2C7EB63A00600919005122E20003
:10DE20004CB9510E3982A904D8229B290000000068
:10DE300000000000440000003C3C3C3C4C4201011E
:10DE40000800000468420101000000003880010160
:10DE5000F1471000A080020170380300D0000000DC
:10DE6000A8800111F0010000A8800131055AFD01D0
:10DE7000AC800111F0010000AC800131053EFD00D5
:10DE8000EC000112E00F0000EC0001320C205111F7
:10DE90008401010200000000FFFFFFFFFC4F0103AF
:10DEA00028E6020810400100014100003C4001004A
:10DEB0000000000048400100A0070003504001009E
:10DEC000000000005C40010000000000084101006B
:10DED000FF4C000054C00700512130000E000DE639
:10DEE0002A0000000405060708000000D1B6020061
:10DEF0006005000040400701000050510000A021D3
:10DF000010000000000000861FC0810000000020FB
:10DF10000000000064400501000000404902F000DC
:10DF200040080000020000009200080088400F0135
:10DF3000DA032A00000000E00000000001020711DF
:10DF400021374B5A676962544029150500000000CB
:10DF50000102030404040303030303020202020296
:10DF60000201010100000000000000001C4101014D
:10DF700000B0B18C38410701BC200AF0B655520000
:10DF8000055B98408E6E8294233C4852893B40004A
:10DF9000C00300805C410101FFDD00006841070112
:10DFA000E853FA00000000400000000000000000FC
:10DFB000000000000000000000000000D04103014C
:10DFC0000000AAAAD000000004001200E0411301E2
:10DFD00000000000FFAB000A5CF10F00D34102001B
:10DFE00095EDB100197BD80F1208B904EA1B6D1F1B
:10DFF000C9B7C20A0B203B00430600005962F30078
:10E00000727E9600A73D1900D022F13B000000A0CF
:10E010000000000040000000000000004C42010130
:10E02000080003046842010101000000388001017A
:10E03000F1471000A080020170780300D5C00000F5
:10E04000A8800111F0010000A88001310542CB0138
:10E05000AC800111F0010000AC80013105228D007F
:10E06000EC000112E00F0000EC0001320C20511115
:10E070008401010200000000FFFFFFFFFC4F0103CD
:10E0800078E6020810400100014100003C40010018
:10E090000000000048400100A007000350400100BC
:10E0A000000000005C400100000000000841010089
:10E0B000FF4C000054C00700511130000E0009E66B
:10E0C0002D0000000405060708000000D1B602007C
:10E0D0006435000040400701000050510000A011CD
:10E0E00010000000000000861FC08100000000201A
:10E0F000000000006440050100000040B904F80081
:10E1000040080000020000009200040088400F0157
:10E11000B7033B00000000E0000000000002050D16
:10E120001C2F42536269686053402E1F110A080871
:10E1300008080706050403030202020101010101A8
:10E140000000000000000000000000001C41010170
:10E150000060B18C38410701BC200AF0F662520021
:10E16000055B98408E6E82941C784852893B400033
:10E17000C00300805C410101FFDD00006841070130
:10E18000E853FA000000004000000000000000001A
:10E19000000000000000000000000000D04103016A
:10E1A000000000AAD000000004001200E0411301AA
:10E1B00000000000FFAB000A5CF10F00D341020039
:10E1C00095EDB100197BD80F1208B904EA1B6D1F39
:10E1D000C9B7C20A0B203B00430600005962F30096
:10E1E000727E9600A73D1900D022F13B000000A0EE
:10E1F0000000000038000000000000004C42010157
:10E200000800030468420101010000003880010198
:10E21000C2241000A080020170780300D00000002A
:10E22000A8800111F0010000A88001310542CB0156
:10E23000AC800111F0010000AC800131053EFD0011
:10E24000EC000112E00F0000EC0001320C205151F3
:10E250008401010200100000FFFFFFFF0C400100DD
:10E2600001810100204002000000000001000000C8
:10E27000304003000000000000000000000000002B
:10E28000404002000000000000400000604001002B
:10E2900001010000A840010007000000BC4004008C
:10E2A000000000000000000000000000000000006E
:10E2B0000C410300FF4C0000FF4D0000FF4D00002B
:10E2C00020C0011000F8070020C00130F50228012D
:10E2D00024C00110FF00000024C001300013000022
:10E2E00028C00800EC80B30343754051A00F00F82C
:10E2F00000400000A8AA0700000000000000000085
:10E300000000000070C00900BA10000000042000E6
:10E31000041880000B3C2001187C10022FFCE00642
:10E320007F0000000000000000000000A8C0050001
:10E33000BD4B721511A3180510325476980A0000CF
:10E3400000000000CCC0040001000000000000003C
:10E3500001000A0001002800080001010807000070
:10E3600018000101AAAAAA00200001010060DA0039
:10E370005C4002010000000300000020784004011E
:10E3800029417671000000008C000C0000000000A4
:10E39000C440040100000000000000000000000074
:10E3A00000000000E04001010002000010410201F5
:10E3B000331E05000000000020410601000000009F
:10E3C000FF0483078813C83AFF06660CFF0483071F
:10E3D0008813FF035841010100000000644101015E
:10E3E0000C01000084410501010100000000000053
:10E3F000000000000000000000000000A441020135
:10E400000000000000000000B04102010000000018
:10E4100058923EC0BC4103010000000000003C00D7
:10E42000699006002C4203016018004000000000C3
:10E43000000000003C4201010000000044420201D3
:10E4400014000000000000008042020100000000F3
:10E4500081000000984205013F000002FFFF00001C
:10E46000FFFF0000FF030000FFFF0000B4420101B6
:10E470000000000030430A0140002001A00000001D
:10E48000085000011F1F1F1F1F1F1F1B18151311EE
:10E49000100E0D0C45C1872F000000000000000089
:10E4A00010800101030000003C8001010100000018
:10E4B0009C80010100000000B08002010003000206
:10E4C000370000019C000102000C0004D800030288
:10E4D000050040AA88010000C0000000F000010211
:10E4E0002B0100001001011200FF0F00100101328A
:10E4F000020000315001011200C001005001013240
:10E50000C100A2007401010269811B0C7801011293
:10E5100000001C00780101321004E0CF80010112DC
:10E520007907000080010132020000008801010229
:10E5300050000000FFFFFFFF120000001CC7710029
:10E540000000000078E7020828E702080000000049
:10E55000000000000051250240420F000108F600B3
:10E56000F147100200000000D2E60208000000009F
:10E5700000000000000000002A420F000000000020
:10E580000000000000000000120000001CC7710025
:10E590000000000078E7020838E7020800000000E9
:10E5A000000000000051250240420F000102F60069
:10E5B000F147100200000000D2E60208000000004F
:10E5C00000000000000000002A420F0000000000D0
:10E5D0000000000000000000120000001CC77100D5
:10E5E0000000000078E7020848E702080000000089
:10E5F000000000000051250240420F000108F60013
:10E60000F147100200000000D2E6020800000000FE
:10E6100000000000000000002A420F00000000007F
:10E6200000000000000000001200000066666600A6
:10E630000000000092E7020858E70208000000000E
:10E64000000000000048E80180841E000101F8007D
:10E65000F147500200000000D2E60208000000006E
:10E6600000000000000000007C841E00000000008C
:10E670000000000000000000120000002449920089
:10E680000000000092E7020868E7020800000000AE
:10E69000000000000024F40040420F000101F800D7
:10E6A000C224500300000000D2E60208000000006F
:10E6B00000000000000000002B420F0000000000DE
:10E6C000000000000000000003070303030403022E
:10E6D000030502000000C017530206140000802F3B
:10E6E000A60405380000A008000000005809010435
:10E6F0000706100A01040707C80A00040807800B70
:10E7000000040808380C0004090861080000000033
:10E710008A0800000000C709010404032C0B01044F
:10E720000404920C0104050450C30000E62D00000F
:10E73000D0070000D0070000E5BF0000282300003C
:10E740006B0300006B030000F5DA0200A41F000059
:10E75000900100009001000050C3000076160000F8
:10E76000770100007701000050C30000F22B000089
:10E77000EE020000EE020000193F01060410010045
:10E780000001010600102700000A00000000000040
:10E790000000193F010604100100000101060010ED
:10E7A0002700000C000000000000000068D60208EE
:10E7B00080D6020898D60208B0D60208C8D6020849
:10E7C0000000000000000000DC984CA0D81018FFEA
:10E7D000FFFFFFFFFFFFFFFFFFFFFFFFFFFFFF0048
:10E7E000000000000120000000200000FFFFFFFFEC
:10E7F00000000000FFFFFFFFFFFFFFFFBCE6FAADD8
:10E80000A7179E84F3B9CAC2FC63255101260000F4
:10E8100004000000000000000001000000000000F3
:10E820000B0000000C00000003000000000020208E
:10E8300000000000030000003C3C3C000000000021
:10E8400000000000000000000103100101090300A6
:10E850001E0000001B000000160000001A0000004F
:10E8600000800A501300000050E802080104100064
:10E87000D8E80208B0E8020800000000000000002C
:10E8800088E80208000000009CEB020834EB020854
:10E890008CEB020844EB020858EB020868EB020814
:10E8A000B8EB020830EA02084CEA02080000000057
:10E8B0004D27010838E90208FDF3000800000000B8
:10E8C000C3810208000000008D23010866E90208E8
:10E8D00000000000000000000127010838E90208DC
:10E8E000F920010838E90208BF8102080000000091
:10E8F000D11D010800000000B981020800000000DD
:10E900008D81020864E902085D23010866E90208B6
:10E91000CB81020800000000CF8102080000000047
:10E920009F55020800000000A955020800000000E1
:10E930000000000000000000000000004E0C00007D
:10E940000000000000000000D0CE0208000000001F
:10E95000000000000400000000000000E2FF500082
:10E960000001000001000400FB00000000000000A6
:10E97000B1790008141400001C2030401C20000055
:10E980001C20304000000000505341004B4559000E
:10E9900000010102010202030102070B0B0701162D
:10E9A0000C00000108080000050108FFFF02FFFF3E
:10E9B0000808020204FF010022FFFF23080F0303DF
:10E9C00004040A0A030A2AFFFF1419191B011C1563
:10E9D000120400480C1404131510801A8012808051
:10E9E0000004030101020404F4010000FA00000025
:10E9F00096000000640000004B00000032000000A0
:10EA00001E00000014000000000000005000400044
:10EA100008005000240004009001500240009001C2
:10EA2000AE0110000F0E0C080C080D1810000000AD
:10EA300009000000000000000000000000000000CD
:10EA4000A0030906A0870908A08809070A0000009A
:10EA5000000000000000000000000000A0010A0506
:10EA6000A0030A04A0080A03A0880A08A0060A0155
:10EA7000A003090020040A1B3DF8000820060A171D
:10EA80000DF8000820040A16CDF7000862676170CF
:10EA9000695F6275666665727300010002000000BE
:10EAA00000000000030049725314497207FF00017F
:10EAB00002030405FF145300724907CDF60000005D
:10EAC000FB349B5F8000008000100000000000000D
:10EAD000EB7C0208715C02080DA00208D57D0208DB
:10EAE00001020C000000040000000800E51D010800
:10EAF000651D0108A5B80108B78102083782020820
:10EB00003182020841BC010863A00208EB810208BF
:10EB10003382020835820208D38102082D8202085E
:10EB20003B830208ED8102086D1801086981020823
:10EB30005F810208020000000000000000000000E9
:10EB400000000000040000000000000000000000C1
:10EB500000000000A00104015600000000000000B9
:10EB600000000000000000000500000000000000A0
:10EB70000000000000000000A0130500A0880A07A4
:10EB8000A0040903A0050902A00609010F00000066
:10EB90000000000000000000000000000100000074
:10EBA000000000000000000000000000A0010107BC
:10EBB000A00001040204080006000000000000009C
:10EBC0000000000000000000A0030601A0090609E3
:10EBD000A0020608A0050607A0050606A007060570
:10EBE000A0020604A0010610A0080602A00D06005F
:10EBF000000004020503060107010108090A0000DC
:10EC0000A0015C04A0005C03A0015C02A0035C0105
:10EC1000A0025C00A0020F09A0030F04A0030F03D1
:10EC2000A0050F02A0010F01A0050F00A00401081C
:10EC3000A003010601010204200C0403E11C0108E9
:10EC4000200004010D1D010820025602B51D010817
:10EC500020025601891D010820000205B51C01088B
:10EC6000A01201005D2D0108A52D0108512D0108FC
:10EC7000B12D0108992D0108CB87020807880208E9
:10EC8000298802084B8802086D880208694101083A
:10EC9000194101082541010815420108878A020827
:10ECA0003D83020841830208458302084983020824
:10ECB0004D83020800000000B0010000700B00202E
:10ECC00010000000200D00200080FF7F0000008069
:10ECD000FF7F0C0204FF000002000080FF7F0000A5
:10ECE0000080FF7F0C0200002000000015390108A1
:10ECF000100000008D380108000000010000010133
:10ED000000010101D93B0108BD3B0108B5750108AF
:10ED1000557801088977010820C001B80101020374
:10ED200000040001020303030304040404050500B6
:10ED300000000001010101020202020303030303B8
:10ED4000040404040400000001010101070708088D
:10ED50000303030504040405050506060607070763
:10ED60000803020204040403040505060606060758
:10ED70000707020202030303030404040405050554
:10ED80000505060606060102020202030303030349
:10ED90000404040404050505050606060C0C0C0C09
:10EDA0000B0B0B0B0B0B0B0B0B0B0B0B0B0B0B0BB3
:10EDB0000B0B0C0C0C0C0C0C0C0C0C0C0B0B0B0B99
:10EDC0000B0B0B0B030404040405050505060606DE
:10EDD00006060702020202030303030404040404F8
:10EDE00005050505050606060202020207070304DB
:10EDF00006070404030303030405060303050607CB
:10EE000008040506040304040303040506060304BA
:10EE100005060708C7BFBEBEBEB5B5B4B4ABABDC14
:10EE2000DCDBDBD2D2D1D1C8C8C8C7BFBEBEBEBD35
:10EE3000B5B5B4B4B4DCDBDBD2D2D2D11B1B161611
:10EE40002E2D2D2A29292925242420201F1B1B1B78
:10EE5000162E2D2D2A2A29292524242020201F1B67
:10EE60001B1B2D2DBEB5B5B4B4ABABABAAA2A1A1F3
:10EE7000A1A099999898C7BFBEBEBDB5B5B4B4B4AA
:10EE8000ABABABAAAAA2A1A1A199999900000000DD
:10EE9000030303030302020202020202030302024B
:10EEA000020201010101010100000000030303034C
:10EEB00003020202D0C7C6C6C6BDBDBCBCB3B3B256
:10EEC000B2B2A9DBDBDADAD1D1D0D0C7C7C6C6C6A9
:10EED000BDBDBCBCBCB3B3B2DBDBDADA1F1F2D2B6C
:10EEE000221E2E2E323232312D2624303028231F7E
:10EEF0001B2B26222E322E2E31312D282424302C6D
:10EF000027231E1AC8C8C8C8C8C8C8C8C8C8C8C81F
:10EF100000A801A802A8000000B801B802B800B01B
:10EF200003040408080500000000000000000000C1
:10EF30000000000000000000040008007C00310018
:10EF40003B001B00383900007C030000B83C000087
:10EF5000040000001C3E00000400000040340000DB
:10EF6000F8040000B43C000004000000183E00005B
:10EF7000030000000000000040340000BC3C000022
:10EF800001000000203E000037000000B93B0000F7
:10EF900041340000010000000006800F70479449D2
:10EFA00009684143880B7047924800680104C80F04
:10EFB000704730B5002090490A680023FA24A40164
:10EFC000521C6568AA4200D322681578AD06AD0EC2
:10EFD0009D40054328009B1D1E2BF1D30A6030BDC8
:10EFE00084480168090408D584490A68824B1A607C
:10EFF0004A68C2618868B14908607047F3B583B058
:10F000001700C006000E00901038912833D2FFF789
:10F01000CBFF00282FD00026794C01250398FFF75D
:10F02000BBFF002802D0022803D003E0206828405C
:10F0300000D001260197734F04980C21615E40189F
:10F040000E21615E4018FFF7AAFF01994018386051
:10F05000049800994018FFF7A2FF019940187860C2
:10F06000C020800168490860300368490860FCF7E7
:10F0700015FF9348057005B0F0BDFEB5644B654DB6
:10F08000C02080040290F020000501901869022839
:10F0900005D228680199014002988142F0D0894840
:10F0A0000068C01C8849014388480160884A894C2F
:10F0B0000421A068084204D0187D8006C10F4900D1
:10F0C00023E00226304022D01869042805D22F6898
:10F0D00001983840029FB842F6D0187D0007000F13
:10F0E000072814D1587D022811DD987D8006800EF6
:10F0F00002280CDBD87D009007460F4207D0C007DE
:10F1000000D50A21374200D0891D00290BD1724851
:10F110006E49086000201860802189026F4B1960D9
:10F1200010602061F7BD481C1E69864205D22F6819
:10F13000019E3E40029FBE42F6D06948405C00906E
:10F1400020610098C000F821014002D08020C00456
:10F15000186064480668012E00D149005960216892
:10F1600000291DD159490B682026A65F36039B054F
:10F170009B0D33430B6001261660022191600099BC
:10F18000890909D10068002801D1182000E01A205F
:10F19000225E0098FFF732FF207A000700D4266035
:10F1A000F7BD4A484C4901600021194A116080228C
:10F1B00092024A4B1A60464A11604B4A0261426110
:10F1C0003F480170704706204849086000204849C0
:10F1D0000860F0210901474A116080214900464A30
:10F1E00011600849404A0A604A6035490870704712
:10F1F000A83E0000C04101A81C3E0000883E00005F
:10F20000A43E0000C84101A8C06101A8C05101A8E6
:10F21000C44000A80C0002A830B581B00400A003CF
:10F2200014D530480068002801D1162000E00C20D9
:10F23000FEF7C0FA3148806E0007C10F30480170F8
:10F24000082030490860C003244908602E4D286812
:10F25000000406D5FFF7ADFEE861FFF7AAFE1749E7
:10F260000860A00727D58020C0021C490860FCF771
:10F2700038FE00281FD0254A1068C0B2002802D0EE
:10F280000621234B1960810915D01C490B68012BFD
:10F29000FBD949680905090D091DC900114B1B68F7
:10F2A000012B00D14908002B01D1182300E01A23BB
:10F2B000D25EFFF7A3FE01B030BD00005C4201A8A2
:10F2C000563E0000204000A800F0FF3FB84101A8D2
:10F2D000044003A89C3E0000FFF3FF3F106001A81C
:10F2E000D84000A86C3F0000FFFF0300006401A8A5
:10F2F000504000A80C6000A80C5000A81C4000A8BA
:10F30000BC3C0000846000A8C04101A8A03E0000F1
:10F31000005401A870B50822814B1A60FB239B01A1
:10F320001B68DC0302D50020088070BD0C88001922
:10F33000401E00787B4DA870641C0C8045076D0F43
:10F34000052D05D8784E3668F60603D5022D0DD06A
:10F35000032070BD9604AE401E4001D1082070BD50
:10F36000052D03D1104201D1641E0C80A9484860CC
:10F37000002070BDF3B582B008886C490978491C3B
:10F38000C9B2814204D202990918491E097800E0E5
:10F390000021644A517093785B075B0F019330231F
:10F3A000019C052C28D1194233D19478E5081E24FC
:10F3B0002C40CD0702D5250001242C430125A14E68
:10F3C000E6402E4073D0019F9F4EE64140242640E8
:10F3D0003E434C0602D53400202626439478890803
:10F3E0000D40A7080C2139402943C02525400D4375
:10F3F0002021294396705170FB2189010C685578B2
:10F40000022123262E4008D0660302D52B40202B54
:10F4100001D0052082E0424B196093789B0601D40D
:10F42000202203E09278120702D540223C4B1A605A
:10F430003C4A92786B461A70C022844B1E680E407C
:10F4400001D1154212D06E46377827263E40232E32
:10F4500003D1E60207D4012606E0252E03D0212E93
:10F4600004D1260302D504262D4F3E601B681940A7
:10F470002026019F002F1CD11E4027D0294B5B78EE
:10F480001A40402A13D00C221A40042A0FD02A070F
:10F490003BD40122002902D0E100CB0F5A4069463B
:10F4A0000978CB07DB0F1A422FD021012AD407207D
:10F4B00034E0022FE2D11E4008D00029DED1CC2357
:10F4C0002B4003D16B461B785B0601D5032025E05A
:10F4D000A30311D59C4E73691B051B0D5B1C36687D
:10F4E000F60205D5994E36683607B60F9B1B5B1E94
:10F4F0009BB2052B04D1C1E7029B1B78052BBDD025
:10F5000006200BE08021064A1160E90702D4401C66
:10F5100003990880AB4803994860002004B0F0BD0F
:10F520004C1002A8183E0000480002A8343E00001B
:10F53000F2B587494978CA0705D4009A128880181D
:10F54000401E037800E00023FB2292011068022491
:10F550009D4D2E68F60611D512695340DBB2002B83
:10F5600003D16E68D30973402340002B03D00202FD
:10F5700004D40A20F2BDE206944E3260744A1E02A0
:10F58000C0230B403343914E336093785E07760F70
:10F59000022E06D16D682C4003D10020009908800E
:10F5A000F2BDA0250D409E08102737402F433D098E
:10F5B0000E0702D42E0010253543CC240C401A2609
:10F5C0002E400A2E04D1CC2C02D02E00FD25354031
:10F5D0007F4EEE40F60705D4000416D5412B10D11E
:10F5E000082912D17B48E840112101402143202005
:10F5F000084310700D210140009808D000F0AAF8CF
:10F60000F2BD0B2B01D10029ECD00720F2BD00F098
:10F610001FF8F2BDA134000038B50C006E490B781C
:10F620001A0953399500491925881B071B0FEB1A36
:10F630009A1A8018FEF75CFD010002D1200000F04C
:10F6400007F832BDF300A3E3981440684C0002A809
:10F65000F8B50400614805683D4F3878D02630423F
:10F6600002D00D21014005D008205D490860EF203F
:10F67000FEF7FBFC39782000314204D009093970CB
:10F6800000F068F8F2BD0521294020D00288FB2156
:10F690008901CA60534BEC0705D5521C02806906EC
:10F6A00007D4514B05E043242C40422C03D1521C7B
:10F6B000028043600DE01022494B1A604B4A0968F2
:10F6C0008B00DB0F190111638021090311600021F8
:10F6D00001800020F2BD0A888018401E0078830651
:10F6E00001D4121D0A801822024004D00888520852
:10F6F0008018C01E088039480068C00702D50888F5
:10F70000401C08803848486000207047334A13681E
:10F71000DB0708D51268920705D40A888018401EB6
:10F72000007804280DD110202D4A10602F48FB22AC
:10F73000920112689300DB0F1A0102638022120308
:10F7400002600020088070470C4000A8080001A853
:10F75000183E000031B581B02549002000900822F4
:10F76000244B1D7802230C24254202D10022224979
:10F7700003E02C40082C00D10222EC0703D50C003A
:10F780001E21614000931D4207D0144909680906F3
:10F7900001D51A4901E00021C943019B184C2160A1
:10F7A0001849FF248C70009C15012543CD7008700A
:10F7B0001888009940188018188013485860002055
:10F7C00036BD00005D360000480002A8481002A8BF
:10F7D0000D0F0C0D071708504B3F00004C0002A8FE
:10F7E0004C2002A803380000393800001C1002A881
:10F7F000DE1B2501183E00002084100000FCFF01E4
:10F80000F43E0000483F000045370000183E00006D
:10F810000D3400002534000025340000253400009C
:10F820002534000025340000000000000000000026
:10F830000000000000000000253400002534000016
:10F8400025340000192B0000253400004B2C00004B
:10F850005B2C0000872D0000E92D0000732E0000B6
:10F86000F92F00009D2E0000A9300000F92E0000A5
:10F87000492F0000C12F0000613200005933000001
:10F880001D2C00000B280000B923000025340000C7
:10F89000B528000025340000F1290000B52900003A
:10F8A0002534000025340000312A000025340000F2
:10F8B00025340000253400002534000025340000E4
:10F8C000253400002F120000251200000000000067
:10F8D0000004000802140218032400009048806805
:10F8E000000200D4704780B580208002AB490860D8
:10F8F000CF2000F051FA01BDF8B58A4800688A4C63
:10F90000802292032260FB26B601316809051DD5CD
:10F91000110BA023034001D0216017E002403FD12A
:10F920008027824A1760824A1760084038D07C4D91
:10F93000287A400705D501207E49086000027E49EB
:10F9400008602878002801D0062801DB0020F2BDDD
:10F9500000F07AFB716889684E682978052907D11B
:10F96000B905A1606E60B668CC218901724A116048
:10F9700000F073FB012E00DA0226BC2080058849C6
:10F980000860942080058749086068480021C943C1
:10F9900001647142416484490F6040210160D5E7F0
:10F9A00082480160FFF79AFF0120F2BD5D480168BF
:10F9B000890504D5C06E0004000F022801D0002084
:10F9C00070470120704738B580245848046000F023
:10F9D0003BFB05007648006800F068F9280000F05D
:10F9E0003CFBFFF77BFF4E48007A000705D5A000DF
:10F9F0004D49086000F03AFC31BD60036B49086076
:10FA0000B148046031BDFEB50500CC2080016949D4
:10FA10004860012668480660FFF7C8FF00287DD0CF
:10FA20003F4C2078002879D031020195052802D07A
:10FA30002A460A4072D1CC27BF015E4A17608D4A20
:10FA4000126881231B02134001D0032301E05307F6
:10FA50005B0F022805D1022B5ED3080136490860EE
:10FA6000F7BD4D01032804D1022B55D9324805605A
:10FA7000F7BD042802D111404ED0F7BD05284BD167
:10FA80000198002848D0C005C10F68464170019810
:10FA9000C004C10F6846017000F0D6FA0290606899
:10FAA00069464978002903D006688021204A116000
:10FAB0002C0486496A461278002A0CD0C2680B686A
:10FAC000D21A834B1B68234001D0066800E04668C9
:10FAD000964200DD1600684640786A461278024376
:10FAE00008D008684242B01E824202DA7042886042
:10FAF00000E00026029800F0B0FA0198800501D5D8
:10FB0000964804600198054001D095480460002E95
:10FB100002D009480760F7BDFFF755FFF7BD0000A9
:10FB2000203E0000440002A8442002A80CC001A806
:10FB300090E001A8C4D000A8145001A838B58024D2
:10FB40008848046001201C490860874D28780528F2
:10FB500002D0600085490860FFF728FF002812D016
:10FB600013480068000A80214140A868000EC9B20D
:10FB7000814208D23F4800684007400F022802D265
:10FB8000FFF721FF31BD7A480168C0220A4002D147
:10FB9000C06F204001D00448046031BD1C1002A891
:10FBA00008E001A808D001A894D001A8441002A838
:10FBB00018C000A8106001A8C4E000A8F1B582B088
:10FBC0000F00A020384003D0802080006A494DE01B
:10FBD00000F03AFA009067480468F80202D5A0687D
:10FBE0000069029000F0ABFB80210903606800F01F
:10FBF0007DF926780020761C6178B14200D200267B
:10FC00001821714365180C3529780829F3DA267014
:10FC1000A56055492A780A70BA0507D55548006885
:10FC20008068C068FA0201D40322904388600127EB
:10FC3000384003D100F0A0FC01F0DCF8F904686959
:10FC400000F054F93C2000F0A7F8F0B200F0A4F85E
:10FC500060884A4901406180009800F0FEF938054B
:10FC600045490860464807603802464908600298DE
:10FC7000FEBD0000184001A810B54348006880058B
:10FC800001D4FE2010BDC02080034049086000F070
:10FC9000DBF9384909688A78D20702D589688C78F7
:10FCA00000E00C7800F0D9F9200010BD3149096856
:10FCB0008A688B78DB0704D5927818235A438A1810
:10FCC0000C32906070470000100002A848C001A8E4
:10FCD0004C0002A8F1B582B02D4F3C680026200FE1
:10FCE000000702D1E00102902AE001F083F800F061
:10FCF000ABF9019080210903606800F0F7F82578DE
:10FD00006D1C6078A84200D20025E80020180C3055
:10FD1000009000680290802109030098406800F07C
:10FD2000E5F83D2000F038F8E8B200F035F825702D
:10FD30000098A060019800F090F902A801F0B4F8D2
:10FD400014480068800407D5F86901F0BAFD0299EB
:10FD50000818029000D502960298FEBD4C1002A829
:10FD60004C2002A894E001A8203E0000146001A8E5
:10FD700014C001A8C43E0000442002A8FEFF0000F9
:10FD8000C0E000A8106001A8440002A8441002A826
:10FD9000C83E0000FC0302A849490968002901D5B2
:10FDA000484908607047F3B581B0474FB968474C80
:10FDB0004A0057D50125090100D521250100444AF3
:10FDC0001068566822689206920E94463A6893002C
:10FDD0008022134062461343802252001A4300924D
:10FDE0000A0023D0890601D5012008E0F021014056
:10FDF00007D16946097A0C220A4002D0022000F09D
:10FE00004AF83449096809040AD53968090701D54F
:10FE1000022605E03968490301D5002600E00326E3
:10FE20004835009A2C490968890003E0009A2A495C
:10FE3000896B09094023194011430207120F032A55
:10FE400005D12268120904231A4032431600802289
:10FE50005200002E02D01643266608352166024362
:10FE600022662566E06D4407640F00F0D7F8A0070E
:10FE70000BD0052C09D0B868000406D400F0E4F8D3
:10FE80000221164A116000F0E8F800F0D0F80020D6
:10FE900000F001F8F7BD0E490A68F0239A4300010B
:10FEA00010430860C0B270478020C0020C49096846
:10FEB000890701D10B4900E00B4908607047000039
:10FEC000500002A8884000A8480002A8284000A8C6
:10FED000683F0000684101A8184001A8D4D403502D
:10FEE000844000A8486000A8485000A880B56F4A28
:10FEF000116001F011FDFFF7D7FF01BDFEB5FB2535
:10FF0000AD012878000604D5287F002801D01824E8
:10FF100000E0462400F098F802906548C06840056B
:10FF2000C20DD52A01D2D52204E0D1204000824260
:10FF300000D90200100001005E4B01932B6B5B01A6
:10FF40001DD55D4B00931D1D5C4E367806277E4304
:10FF5000AA530025019B1B7CEB40DB070CD5009BC3
:10FF600006266E439B199B888FB2BB4200D21900B4
:10FF700086B29E4200D218006D1C022DEAD389B2CF
:10FF8000091909044E4B0B40001BC005C00D184356
:10FF900047490860C02000064A4908604548017D7D
:10FFA00000290CD04849D52A02D98023DB050B60F3
:10FFB000D1235B009A4202D280231B060B600021F2
:10FFC000424B19604188002900D10280029800F05C
:10FFD00044F800F071FDF7BD80B53D483D4908602B
:10FFE0003D48C1680902090A1922514341600521AF
:10FFF0000160FFF783FF01BD80B5FB208001017820
:020000040803EF
:10000000090604D5007F002801D0FFF777FF3248AA
:100010000068C00301D5FFF771FF01BD8020C00259
:10002000224908602D4800684007FBD470478020B3
:10003000C0022B490860704701E02A4908602A493C
:1000400009680140F9D17047284800682021284AF2
:1000500011601021274A116070473021014002D100
:100060001020234908607047204800683021014073
:10007000102901D101207047002070471E4801213E
:100080000160C160704701201C49086070471C482E
:1000900000780621014007D01A480068022803D0E2
:1000A000032801D00120704700207047441002A8A7
:1000B0007C400050743F0000443E0000403E000081
:1000C0000000FF01A0600050A450005018E000E0C4
:1000D0007F1A0601540002A810E000E0440002A8C4
:1000E000442002A8282002A8280002A8600002A834
:1000F000602002A8601002A8789001A884A001A83E
:10010000A43E00006C3F0000F8B56348802149021E
:10011000C1610221614A51600021614AD162614A94
:10012000118003215D4A1160022101605E4DCC0106
:10013000A868204010D05A480068F0210905014005
:1001400090200005814207D0022058490860012014
:1001500001F006FC564804602020564908608020C3
:1001600055490860CC208001544908600124544856
:1001700004602E683004070F52480068C505ED0D75
:10018000103DC0202843C0B2FFF706FE4448C06BB4
:10019000800309D5092F07D0FFF779FF002801D088
:1001A00003F0E7F801F010FA3007000F009046481E
:1001B00006680098032803D0022806D1032F37D001
:1001C00000F05EFA0098032803D0062F30D1062DE8
:1001D0002ED03E480068C00B204001D001F0F2FC58
:1001E0003B480068000108D5052D06D10125394896
:1001F00004606005FFF720FF00E0002531003800B3
:1002000000F078FA0600002D06D000F01FFC3248FE
:10021000046002203149086060052F494865800963
:100220002F490860FFF733FF002801D003F08FF853
:100230001A4821040162002F08D1022141600020E8
:100240001749C863C020C0001C4948643000F2BD93
:1002500080B5FFF7E3FEFB2080010078800602D422
:10026000022020490860FFF7E2FE01BD02201E497E
:1002700008607047802000061C49096801400AD0C8
:10028000C10D1B4A1278920701D51A4A00E01A4A9A
:1002900011601A49086070472C1002A8282002A893
:1002A0000C0002A8503E0000B00002A86C1102A889
:1002B000B82002A894E001A80CC001A8146001A80D
:1002C000C4E000A804ED00E0B44000A800E200E0B3
:1002D000F03E0000645000A8646000A82C4000A814
:1002E00080E200E0081002A8082002A8440002A84A
:1002F000703E0000FC1302A8FC2302A8442002A8C0
:100300005A480068800700D4704770B594480121AE
:100310000422BB4B0C02E025ED0086682E4002D083
:100320001C601A6119610068054002D01C609A6067
:10033000996070BDBF48012181600160704710B5B0
:10034000012088498A680240FCD1BB4A042313611A
:100350000C680440FCD193600002106010BD82491B
:1003600008680122104200D1704710B5E023DB007D
:100370000340FF24A41CA34204D3C04B1B689B066C
:1003800000D54868024001D000F044F910BDFEB528
:100390000700764E30683F2188437549097801434C
:1003A0003160FFF7DCFF734C964880214903082534
:1003B000954A1268D20504D565600322B2620160D5
:1003C00006E0C822B2620622904B1A60904A116081
:1003D00000978909C16000980068984FB968814208
:1003E00001D2019100E001900199401A0099086042
:1003F0000121009800F0D2FB0600009800680199E6
:10040000401800990860FFF77BFF8D48006838604E
:10041000002E13D1002060627B480168C90501D419
:10042000102161620068284001D0256000E065600D
:1004300095480068400001D5680260623000FEBD4A
:10044000FB208001017809060DD5007F00280AD025
:100450008A484168C90606D40068A0210140481EA8
:100460008041C00F7047002070470000500002A874
:1004700080B5FFF7E5FF002803D00021042001F03C
:1004800035FC01BDF1B581488149C860EE20C0044A
:100490000860804880490860FFF7D2FF002803D039
:1004A0000021042001F022FC7C4C8020C00120604F
:1004B00008277B4887650125754845641D207849D4
:1004C0008862784E9B204000B061072001F048FA16
:1004D0000220734988624C490A68D20603D57049E4
:1004E000714A0A6008E00F220968394002D03100E1
:1004F000103101E0310014310A606C4909680029AB
:1005000000D4B761E32109013160C021C900684A04
:100510001268F823DB01134001D1F16201E05C4A6B
:100520009165216C294008D0616BC90705D46149E8
:100530000968084001D101F0F7FB0020C0435E4983
:100540000860606B054001D1FFF7DAFE009801F00A
:10055000F5F9606B8001FCD4606A58490860F1BD10
:10056000900102A8940102A8783F00002C8001A805
:10057000523E0000601102A870B5FB208001017896
:10058000090606D5007F002803D00021052001F0D0
:10059000ADFB4B4801683F2291434A4A12780A4317
:1005A00002603E4848490122436B134001D10A636F
:1005B0008A62972252000A6010220A60434AE223AC
:1005C0001B019366424BCB610021424B1960802393
:1005D0005B00072408210C4D2E680E4005D094675F
:1005E0002C68234006D1916704E0D4672C6823402F
:1005F00000D1D1670323136011630903016070BD4B
:10060000881102A8981002A8FC0302A80C9001A867
:10061000982002A8F02109012F4A116001402F48BB
:10062000016020202E4908602E4909680840BF4912
:1006300008607047902102A8882102A8A03F00000E
:10064000340002A82848294982680A4002D1C268B9
:10065000114001D00F49016012480821A64A1368D1
:100660000B4000D081611178C90602D58C210901A7
:1006700001601420AE490860E9E10000440002A8CE
:100680000448054908607047EC0002A8000FFF000D
:10069000242102A801200000706201A8100002A815
:1006A000C01002A8501102A8BD03000028C000A875
:1006B000A88001A8283E0000B46000A89C3F00006C
:1006C0002C8001A8533E0000682102A8E82002A85F
:1006D00010100000C00002A8586001A8585001A8DE
:1006E000482002A8184001A8704201A8008000809C
:1006F00070470000F8B586B005000C008D48006812
:10070000400102D52000402404438B48C66AFFF70D
:100710009BFC0590B00503D588480068FFF7C6FA32
:100720000020019001237006C00F0290844A916856
:1007300000209060B8204000824E30606608B820EB
:1007400030401278F0261640402E02D102004020A0
:1007500010430D2D02D10A00042111434A0704D58C
:1007600002001420104310229443774A12686D4609
:100770002B70D20506D580225200744B1A600200FD
:1007800001201043029A002A11D10C220240082AAB
:100790000DD00200684B9B6BDD0601D41025AA43E7
:1007A0009B0601D420239A43B12313404FD06A46BD
:1007B0001278002A4ED0A34A956B966D01236D07DF
:1007C0006D0FAD1DAB40F504ED0C5B1B9BB2082B10
:1007D00009D280200623584D2B6043029A4D2B608E
:1007E00000236D462B708123034036D00823029DE1
:1007F000002D00D113620D000821294310239C43D2
:1008000004231D05954E3560DD04954E35606D461B
:100810002D78002D1ED0062B25D3464DEE6CF60606
:1008200021D5904E3668360E01966D69ADB28D4E6B
:10083000F66B360603D02E0080256D013543156119
:100840002D121561404A1268D50592D40BE008229A
:100850007C4B1A620491009032E000BF27A345064A
:10086000ED0E5B5DD3E7049100903348026B7D4948
:100870000968744D2E686F463E81282616401E4337
:10088000930CDB0133431600120E32401026324027
:100890001A43890040231940114302AA9170406B0A
:1008A000000A02A9C870FFF7E7F902A908710198C8
:1008B00048716D480068C8800298E8660398E86649
:1008C0000598FFF7CAFB0825600601D563488560D7
:1008D000FFF7DDFB002805D064480078002801D030
:1008E000634805600498C1B20098C0B2FFF75BFA94
:1008F000200007B0F0BD0000F84F0000030107061C
:1009000003010706050106060501060603020706A0
:10091000030207060502060605020606081A03D2A8
:10092000544909684018401C70470000481002A84C
:10093000703F0000084000A8180002A81CC000A8D2
:10094000683F0000B46000A81C0100AA1C2100AA96
:10095000F8B5494F494E0F24012549494948806B54
:10096000C0061BD501200870474800684749096840
:10097000FFF7D4FF316F4018012858DB01F07CFAF3
:1009800043490968090B0C40022C4ED16905414AC4
:100990001160102139643B490D6046E03948006C14
:1009A000C0001FD53C480068E021890501403ED0C9
:1009B000374D28682103014080208001814236D1D3
:1009C000FFF742FB354A36490968C90502D5354962
:1009D000096811602968090B21400229F3D0FFF74B
:1009E0003CFBF1BD30480068002820D001220A708D
:1009F00000F0A4FF00281AD101F03EFA244909684A
:100A0000090B0C40022C10D102213278D20705D5F7
:100A1000264A12680A4001D01A4A1560CA031D4BC3
:100A20001A6039600021204A116001F029FAF1BDF5
:100A3000802080041E4908607047802040041C49C3
:100A400008607047540000AA141100AA00BF19489A
:100A50000168490701D0FF2141617047441002A895
:100A60004C5001A8184001A8448001A8BC3C0000DB
:100A7000845000A838C001A8082002A8703E0000D9
:100A8000553E0000100002A81CC101A820C001A80A
:100A9000B00002A81C1002A84C4001A8800000AAC7
:100AA000084000A8904000A82C3E0000F03E000046
:100AB0003C2002A80C4000A87047FF2807D003285C
:100AC00005D22B490978C140C807C00F70470020E4
:100AD00070470000F0B5802000020821254A11600F
:100AE0000A230121244A01249C40044325A5ED5CEE
:100AF00025439560F025214E35601E4D24A6F65CF9
:100B0000022737432F6004262E601D4D2D680D40AF
:100B100006D1CD026D1E03D0966C3603FAD401E0E7
:100B20000220F0BD956CD66C6D036D0BAE4200D209
:100B300020005B1ED7D50823104C23609060A84B83
:100B40001B685B0112D5A74C63785D1C01262E4003
:100B500066701D000626754365191268AA80E88034
:100B60002370034802789940114301700020F0BDC2
:100B7000843F0000889001A8448001A888A001A8B3
:100B8000140002A800000001010204081020200047
:100B9000505050404040403020202000F1B584B0FB
:100BA000914C92484068C00516D5606AE021C900A2
:100BB0000840884210D1AA48006E0004000F8C49FA
:100BC0000A68D20601D5072804D00968C90603D4EB
:100BD0000B2801D1002001E1FFF7ACFBA1484069DF
:100BE000400101D401251CE09F48826B00207D4913
:100BF000C3B206256B43CB189B8895B2AB4204D099
:100C0000401CC3B2022BF3D3FF2008700125954886
:100C10004069400105D50878FFF74FFF002800D054
:100C2000002592485021405C000608D58D48007888
:100C3000002804D08B484078002800D10125E069C5
:100C400002906A480068E061894E04980068316D3E
:100C50004718012F16DB00F0E8FD3060C001381A9C
:100C600001280FDBFFF76BFB00F0C4F80498006865
:100C7000316D401800F062FE002803D00021049A74
:100C8000116010E07B4FC020C0003860206807284A
:100C900032D005210840052808D021600C2000F042
:100CA0005FFE002802D00299E16197E0724EFF20BA
:100CB0007A3070620420B062FFF741FB022030609E
:100CC000E020C0046D4948608020800478600220E4
:100CD0003860012000F044FE802080007062022015
:100CE00000F03EFE8020C00070620820B06202204A
:100CF00000F036FE0220B062614EE0204000F0615C
:100D00005A480078C00705D5802000065D49086074
:100D100040083060042000F023FE019000284BD1F1
:100D200002205649086080027064C001706410207F
:100D30004D4908600120B0674C4F494800684006A3
:100D40001ED448484069400113D5264800786946BA
:100D5000087068460078FFF7B0FE002809D02148E7
:100D600069460978062251434018C0883E49086404
:100D700006E001203873FFF7ADFE019000281BD17B
:100D80000120394908600020C867022000F0E8FD12
:100D90003C4E4020F061C030F0613878C00705D586
:100DA000C020000630603048006CF881022000F05E
:100DB000D7FD8120C0027064002D05D0284800684E
:100DC000800101D4FFF718F9E069E02149030140EF
:100DD00002982D4A02400A43E261019805B0F0BD35
:100DE000F03E0000403E00005C0102A8F80302A8AB
:100DF000B04301A870B5FFF79DFAFFF7A0FA234CA6
:100E000023480068C00509D5E06F000B0F210F22B1
:100E10000240072A23D001400B2920D00225124886
:100E200005601C4E0820B062C0017062012000F015
:100E300097FD2802706235600620B0621648706225
:100E4000E0204000154908600C4805600021144A64
:100E50001160C021C900016020681249086070BD9E
:100E6000500002A8DC3E00000C8001A8703E00008B
:100E70008C3F0000981002A85C1102A8982002A8DC
:100E8000109001A810A001A8FFFFE3FF340002A802
:100E9000FC0302A85C2102A8F96100002CA001A8B3
:100EA0005C0102A8943F000070B50600FFF747FA06
:100EB0002148C021C900214A1268F823DB011340F0
:100EC00001D1816101E01E4A11601E498022520059
:100ED0001D4B1C68144003D008240460032001E06B
:100EE000AC20400088641868024001D10A200860E4
:100EF00016488021490301608909C160144C60696A
:100F0000AF21C90145183068854200D30500401B58
:100F1000306000213000FFF741FE3168491931602F
:100F20000C490968216070BD802000010A490860F1
:100F300000010A4908607047641102A8AC8001A84A
:100F40007C2102A80C8001A8FC0302A8981002A82A
:100F5000903F0000340002A8441002A8685000A886
:100F6000F1B584B0C44800680190C448006BAF215B
:100F7000C9014018C2490978C90708D404998842B0
:100F800005D2081A00F0DAFC002800D04EE2BD4D70
:100F90006868C00700D549E20420BB49C8628003E5
:100FA000BA498862B648006D0090A86B8407A40F08
:100FB000032C03D01020B449C86224E008468021E5
:100FC00089028162EA6B920601D5012057E0009AFE
:100FD000120610D5EB6B022213400CD1AC4B052648
:100FE0001E60EE6B10273E4032431A6000221A60EA
:100FF000AA6B120A1A600422C262E86B002802D5AA
:10100000A14881620024A86B400705D5A86BC000E9
:1010100080214900084003E098488068C10701D555
:10102000FFF7F8FA01210098084008D0BD48A20156
:101030008018006AC004C00C401ECE4A1060002018
:101040000022CD4B1E68360403D59B6F002B00D4C5
:101050000122C0218900C94B59652102884B1B78A8
:10106000DB0701D4002A02D0C022920000E00A006F
:10107000C34B1A60C0229200C04CA2655960296C13
:10108000942292050A40140000D0012480273F02D8
:10109000204300062CD0BB480078C02101404029E5
:1010A00002D1FFF7D5F801E0FFF7E0F82020286033
:1010B000240600D1BAE1B44CA86B400708D57808E3
:1010C000724988620220206000F0C8FA002806D029
:1010D00004206D49C86240026C49886227606848F4
:1010E0005021405C000600D4A0E1380166493EE191
:1010F0006868C00700D599E1B8006449C862FEF786
:101100008DFF9C48406E296C394008D1C00606D539
:10111000FEF79AFF0221C64A1160FEF79EFFFEF716
:1011200086FFF8082860C34CC0200006A060780045
:10113000C1490860A86B4007C10F68460170BF4EE7
:101140000198C00700D4A5E000F096FE0290FEF7DB
:1011500095FF286C40040DD400BF00BF00BF00BF46
:1011600000BF00BF00BF00BF00BF00BF802000065F
:10117000BD490860FEF787FF029800F081FEEE206F
:10118000C004AF4908603809206203203064FE20A3
:10119000C003706442200199C90501D4706000E069
:1011A0002060A02060600820A34908660420AF49A1
:1011B0000860286CC0022FD5AD484168080CAD4AC4
:1011C0000904C90B525A102826D32C490B88E72B47
:1011D00022D395267600B34205D8F31A1B095A4349
:1011E000930A5A4204E0A44E9B191B095A43920ADF
:1011F00052B28318086BCE6B7243801808636F2B52
:1012000001D36F2302E00F2B00D20F2318021843E3
:101210001904014399480160894899498164C021B2
:101220008901A1600221844A5167C021890081603F
:10123000F02109014165F80960610A2000F090FB86
:10124000C0200006A060822040026066012000F0FD
:1012500087FB0120A060062000F082FBA760082029
:1012600000F07EFB3801A0608000A060032000F049
:1012700077FB780053E000BFFC0302A8743F000036
:10128000703E0000100002A81C2002A81C1002A83A
:10129000E40000AA0198400746D56948EE21C90438
:1012A000016065498222D204CA66BA092262D2016B
:1012B0008A66C021890181647248A0600A2000F01A
:1012C0004FFB0020306408270199C905306001D424
:1012D000706000E07760A0206060574807660221D8
:1012E00041670A2000F03CFBC0200006A060664871
:1012F0006066012000F034FB062000F031FBA7609F
:10130000062000F02DFBC0204000A060082000F067
:1013100027FB6020A060032000F022FB022053493D
:10132000086006E00C0000AA584A4021002001F0A5
:101330001BF80020C0431149086000F076FA544EB3
:10134000401DC001316B47188020C0019849496F8A
:1013500001400291974908600498874217D2316B87
:10136000401A00F0EBFA002810D002989249086069
:101370005CE000BF204000A8684101A8B46000A85C
:10138000085100A8F03E0000685000A8049F019892
:10139000400702D58020800000E08848A06001203E
:1013A00000F0DEFA686AF06280204000224908609E
:1013B000380000F0C3FA824C2078C00703D58C2097
:1013C0004005FEF739FE68460078002806D17848C7
:1013D000006860678020C0037A49086002987649F7
:1013E000086017480199490704D580218900816464
:1013F000234903E002218164C02189018164686A74
:1014000070626846007800280AD0012000F0A8FA2F
:101410005020205C000603D5802000038D49086021
:10142000286CC00202D512480068306305B0F0BDD8
:10143000D4E40350641102A8B81002A8600102A805
:10144000242102A880B5FEF7FFFD834900220A602F
:101450000A22CA61FEF701FE9348C0218902016099
:101460009649416001BD000004500950C82102A8FE
:10147000F83F0000C0000000D6FEFFFFDC4001A8DE
:1014800004040000040440000204000005070000FA
:10149000743F00008A48806B800300D47047F8B521
:1014A00088480068009000240020012600993140FF
:1014B00002D0C020800103E00099490700D582488E
:1014C000824902220A60086408278148076081482F
:1014D0000068C00403D4804800683840FBD07F4DCA
:1014E00036486865042000F03BFA8820C00468652F
:1014F0000098064024D0A02080036865012000F0F9
:101500002FFA7748686500F0B7FC0600FEF7B6FDD5
:101510006B48006C40040DD400BF00BF00BF00BF8B
:1015200000BF00BF00BF00BF00BF00BF802000069B
:101530006C490860FEF7A7FD300000F0A1FC08E050
:10154000602068657803A860012000F009FA664809
:101550006865664E0098C005346001D5776000E08C
:101560007460C02000066865C00C614908600120F5
:1015700000F0F6F9F0200001E8665E480099C90520
:1015800002D50321016000E00460862040025A4930
:1015900008605A4868652F60A02028653464746428
:1015A000B80247490860000155490860F1BD0000D4
:1015B00020C001A894E001A894D001A80240000036
:1015C000703E00001C1002A8F8B54E4800680D27B8
:1015D00007400424002F00D104274B481025660340
:1015E00008214A4A4A4B1B682340126814D04260C3
:1015F000394004D00220FEF74EFC464806603C40CD
:1016000007D045480068054343480560B008414994
:1016100008600220414915E00260394005D00220EF
:10162000FEF739FCA0023B4908603C4006D03A482E
:1016300001680D4305607009364908603748066047
:1016400030032F490860FFF725FF00210020FEF737
:10165000AAFBF1BD1C2002A8D80000AA10B580206A
:101660002F490A6802400AD02E4B1A6806241440FB
:1016700005D15C6E2C4A22401B6D9C0101D50020D7
:1016800010BD096808400DD02848824203D11805D2
:1016900001D5012010BD26480068C107C90F481EAA
:1016A0008041C00F10BD0000442002A82148032142
:1016B0000164A821C163102101607047040000800B
:1016C000100002A8FC0302A8040400002C1102A8C8
:1016D000106001A8D84001A8104001A8182102A854
:1016E000018000000460095089050000600102A823
:1016F000B06101A8548001A8C82102A804340000E8
:10170000482002A8B44000A8E83E00001CC101A87F
:10171000480002A8441002A8683F0000685000A8D2
:10172000440002A814C001A81F1F0000010C000003
:1017300030C101A8082002A86C48006801210842B5
:1017400009D16B4A12686B4B000C1840F032914083
:101750000B40984201D00220704700207047F8B536
:1017600007000F386A461080604CE0680A0004D118
:101770006B461B8882B29A423AD200226B461A808C
:10178000012502263A0013D02268324007D00029F2
:101790002ED059480088401C574908800020390045
:1017A000216156490E6080B2B84201D369460D806E
:1017B0005348456000E030BF2068304003D1FFF758
:1017C000BBFF0028F7D04D484560390010D0216894
:1017D000314005D048490A886B461B88D2180A80D8
:1017E000066000202061E068B84201D244480660EB
:1017F000FFF7A2FFF2BD38B5050000F03DFB040085
:10180000012199204543A8093E4A126880181238E0
:1018100080B2FFF7A4FF05008020C0013A490860AC
:10182000200000F02DFB280032BD334803883549E5
:10183000096802889342F9D1100408187047FEB570
:101840001238070C6946088000F016FB0190274CFF
:10185000294D2888B8421ADA01202C490860274E01
:1018600030BF02202168014006D030604003264985
:1018700008602888401C2880FFF75EFF002802D1FE
:101880002988B942ECDB0121716000280DD128883C
:10189000B8420AD1E06869460988884205D2002129
:1018A00068460088FFF75BFF01E0FFF745FF040093
:1018B0008020C00114490860019800F0E1FA20007E
:1018C000FEBD10B512490A680E4B1B680C689442A5
:1018D000FAD0DB014033141A02D288692418641C40
:1018E0000C4800684443181B10BD0000280002A8E3
:1018F00004ED00E0FF3F0000503E0000282002A859
:10190000281002A8340002A880E200E02C1002A8EF
:1019100020C001A8B43F0000F0B502E00A601C60DE
:101920002E607EC84F1C07D05F1C04D06F1CF5D101
:101930000A601C60F0BD0A60F0BD000010B5C4096B
:10194000FFF773FF201A312806DAC000183801D4D7
:10195000C01EFDD5002010BD2000FFF770FF10BD98
:10196000C32148436F3801D41E38FDD5002070478D
:1019700080B5FEF790FA01208C49086001BD38B5AA
:101980008B490C6808258B490D60FFF7F1FF2C404F
:1019900001D08948056031BD80B5EB2000F001F829
:1019A00001BD30B585490B6818401022134211D093
:1019B000834BFB24A4012468224008D0B04A146859
:1019C0002402FF252D0225401D630024146080227F
:1019D00052031A60086030BDF3B5010016001C0008
:1019E00000250095A748019A330000270BE0BC466C
:1019F0004F5D4743AE009E597E40575D4743374099
:101A0000664637436D1CA542F1D3390939438A082C
:101A10000A43510811430840C10901430F208A0BB2
:101A20000A4302405040F6BDF1B582B00E000020DE
:101A300093490860FD25AD01EF7AA87A01900F2146
:101A4000394000910ED00B468F4A90490298FFF71B
:101A5000C3FF019901408A4801608D4841438D4888
:101A6000084001D1012400E04401380915D03200BA
:101A70003B0929000298009E6D7A75194019FFF7FD
:101A8000ABFF0199091101407D4802680B01134326
:101A90000360002901D0480044437F48006820408B
:101AA00001D10420FEBD0020FEBD80B50A0000214A
:101AB00011807A4952888018FFF7B6FF02BDF0B551
:101AC0000F22774B5C7905780F202040C540200914
:101AD000284001259C79C4402C4001D10320F0BD51
:101AE000FB24A4012468254008D06E4D9E68470061
:101AF000F65B761E2E608026B601EE60DD78DE791C
:101B0000C640F00711D5E0060FD5002D0DD0664870
:101B100048600888488008881C7800192A40801886
:101B20005A7880182A09801800E0002008800020D8
:101B3000F0BD10B55D4801685D4A0820014200D043
:101B40009061C90602D58C210901116059495A4A90
:101B50005A4B1B681B040CD54B685C0402D5C303AD
:101B6000136006E0C024A4011C4043029C4200D044
:101B700010600B68034005D0514B1B689B0F9B07FF
:101B800000D01060FB2080010078C023034002D108
:101B900080204005106008682021084010604948F6
:101BA0000068C00101D4FFF7F7FE10BD2C4000A86B
:101BB0004C4000A84C6000A84C5000A8703F0000AA
:101BC0001C1002A8F8B5404F38687E6806403F48B0
:101BD00030403F4908608024A4033E4DF00228D5E0
:101BE000FB208001016801200A0605D53A490968F1
:101BF000A9602870022014E0014202D03749A96090
:101C00000FE00020C9060CD52749A960344A917815
:101C10000B071B0F12789A1809095118A980E88040
:101C2000A888A880A888002801D0264301E0FFF7F3
:101C3000B3FE264023D0264E74603460A888002866
:101C40000BD0396A814208D3291D2648AA689047DB
:101C50000100F3D0FFF78CFEF1BD01000CD0FC2198
:101C60008902F16120490203CA6134604C603A6A1A
:101C7000824204D30C60F1BDEB20FFF792FEF1BD70
:101C8000303E000001010101F83E0000383F000035
:101C90001111000021840000F43E0000183F0000F4
:101CA000483F0000204000A89F220000F84F00009D
:101CB000502102A8184001A8481002A8684101A8B4
:101CC0004C4201A8D04000A8B44000A8FFFFDFFFAD
:101CD000B46000A8343E0000B43C0000B322000011
:101CE000493F0000D84000A8B45000A870B50500D6
:101CF0000C0000F0C1F80600FEF7C0F92002054311
:101D000006480560022006490860FEF7BCF930006D
:101D100000F0B6F801200349087070BD0480095036
:101D200040900950543E0000FEB5C020C004334925
:101D30000860334833494865334888653348402450
:101D4000046044601020FFF70BFE002854D1FF20F0
:101D500000052F4908602F482F4908602F4829495E
:101D60000860A5032A4805602D4807680820FFF78A
:101D7000F7FD002840D108262A4806600120FFF719
:101D8000EFFD2748806801902748066027481D49D5
:101D900008601F4805600820FFF7E2FD00282BD1EE
:101DA000204806600120FFF7DBFD1D488068009099
:101DB0001D480660134D1E4828600199009800F0E8
:101DC0003FF88606B60E0198C10B0098C00B00F0D4
:101DD00037F80002FC218901014031432960104895
:101DE000076060030A4908601248046044601249B1
:101DF0000164124941640020FEBD000020E000A8FB
:101E0000571400004C0102A8FF3FFF3F601102A8D9
:101E1000B42002A80000380EB41002A83030000030
:101E2000104101A8105101A8106101A81010000074
:101E300020200000602102A8F703F000FF3F00000F
:101E400010B54904CA104004C310991A00209A180A
:101E5000D30F9A18521052188B115B0E5B18DB11BE
:101E6000D2182023541A01D422001843CC0F611831
:101E700049105B08F6D110BDEFF3108072B67047C1
:101E8000002800D162B6704710B5C2001823134075
:101E9000FF249C40E2438907090E9940030004D4C3
:101EA00074489B089B00C01806E0734B0007000FA6
:101EB000083880088000181803681A401143016030
:101EC00010BD80B573225421002000F04DFA01BDF1
:101ED00010B5FFF7D1FF694901220A60684B694CD0
:101EE0002360694C23600323684C2360684C2360A3
:101EF000684B1A60684B1A60684B80241C601A603B
:101F0000674A1A6011228A63FFF7BAFF3F206549CA
:101F1000096801400A1D402A00D2081D624A10705B
:101F2000A548017010BD80B501001120FFF7ACFF7E
:101F300001BDFFF7A1FF05000024012160B2FFF7FA
:101F4000A3FF641C0E2CF8D301210F20FFF79CFF88
:101F500001211320FFF798FF01211720FFF794FFBD
:101F600003210120C043FFF78FFF01211E20FFF74F
:101F70008BFF4E484E49086002204E490860012000
:101F80009B49086047044C4C20693840FCD02068CD
:101F9000800101D4FEF720F82800FFF771FF4748C1
:101FA0000068000311D4FF222A325321002000F0E0
:101FB000DBF90AE000281CD0FEF746F819E020699A
:101FC0003840FCD02800FFF75BFF206E0004000FB4
:101FD000022801D1FEF7BCFCFFF74EFF0500774E4B
:101FE000FEF742F800287078E4D0002801D1FEF70F
:101FF00034F801202F493278002A05D17D4A126831
:10200000920600D4086030BF0022327002220A60BB
:1020100077490860D3E77848016842680A408048F9
:10202000104018490860800700D4704710B57D48FB
:102030000188491C0180FB24A4012078000617D5E3
:1020400079490A680F20120B0240032A10D1774AFF
:1020500012685207520F032A0AD80968090B084070
:10206000032805D10D20FFF78AFCE08A401CE0829E
:1020700010BD000000E400E01CED00E0040002A838
:102080000000FF3F282002A82C1002A840E002A870
:1020900044C002A804C001A8044001A8145001A82B
:1020A000200060062C8001A8523E0000FFFF9B40EC
:1020B00000E100E0602002A8500002A8F80702A892
:1020C000F8B55B4C20686568054090480560594844
:1020D000284007D0FDF7DBFF002803D02800564931
:1020E000096888470121022289480078C00701D584
:1020F000022300E001232B408648002B10D0864BA2
:102100001A60864A12680A4007D10268F0231B054C
:102110001340902212059342F3D00902804A1160C5
:1021200080210D4220D0A26AF823DB0113401BD08E
:10213000C0221201934217D880231B06894E3360B8
:10214000A76AF826F6013E40374F3F683F043F0F2D
:10215000022F01D0032F03D1002E01D09642EFD3DE
:10216000904A1360694A11608F49097806290DDA8F
:10217000CC20800128401DD0FFF77EFE04002800FF
:10218000FDF741FC2000FFF77BFEF1BD806B800571
:1021900010D58648284005D0FEF7AAFA2800FDF79A
:1021A00032FCF1BDA80205D58020400157490860E6
:1021B0007F490860F1BD0000533E0000553E00001D
:1021C00010B57C48016844680C407B48046080215D
:1021D0000C4205D04160794801600020FDF713FCF6
:1021E000600403D5802040057549086010BD0000DB
:1021F000601002A8F40302A8280002A838B57148AC
:10220000016844680C40E00707D5FFF735FE05007C
:10221000FDF794FC2800FFF733FE6B48046031BDE6
:10222000FFFF00C0503E0000B00002A8184001A807
:10223000104001A802000600B83C0000FEB5634C47
:10224000206C676C074001252F4216D02E0660488F
:10225000066020685F490D60002802D00021FDF76C
:1022600045FE5D480068A021C90188428041C04305
:10227000C00F5A4948705A480660FDF7E5FE0190C4
:10228000022007403ED06168CEB20F0A55490822AD
:10229000494B4403012E24D0022E31D1012F22D1EB
:1022A000514EF6780096504E37780126BE404F4F7B
:1022B0003E604D4E3678760590277F04F719032649
:1022C0003E434B4F3E601C604A4B1C600B68009CB9
:1022D0001B194B65444909788D4047490D604749B2
:1022E0000DE00090DFE7002F0AD1454E3560002554
:1022F0004D655C601C60C104424B196042490A6034
:10230000344908600198FDF7A8FEF7BD106001A8E8
:10231000703E00000C0002A86C1102A8B44000A896
:10232000B82002A870B5FDF78FFE0400FFF7A4FDEA
:102330002F490A68D2070FD52A4A566D1368334DC4
:102340002E60CE686E604968E9818021C904204E04
:102350003160297B59185165FFF792FD2000FDF788
:102360007CFE70BDE06101A8002800D0704770B508
:102370000C00FDF769FE0500FFF77EFD0600FDF786
:102380007DFE234804600121224A1160026C0A404C
:10239000FCD1FDF778FE3000FFF772FD2800FDF755
:1023A0005CFE70BDE05101A8203E00000010400618
:1023B000145001A890C001A890E001A80CC001A889
:1023C00004ED00E0C0C000A8C0E000A800C002A862
:1023D000441002A840E002A8404000A8553E00007A
:1023E000442002A818800A50693E000068A00A50E4
:1023F00060C101A894D001A868900A50F42302A8F3
:1024000060E101A880E200E0F41302A8603E000051
:10241000008009504090095080B5FDF738FE002833
:1024200001D000F0B3FE01BD80B5FDF76DFEC348DD
:10243000006800030AD4FEF723F9FFF72BF8FEF734
:102440009BF80120FEF7FEFFFEF7D4FC80208005FC
:10245000FDF7F2FD01BD80B5FDF756FE802040027C
:10246000FDF7EAFD01BDFEB505208D4908608D48E8
:1024700006680124264201D1FDF75CFFFDF744FE0A
:102480009C49086800909C4849680160B105CA0FE2
:1024900069460A710025264210D00095974949687F
:1024A00001609648026896490B68981A9A4202D3CE
:1024B0008B69C018401CA24B9842F5D3A148056017
:1024C00068460079002804D031000098FDF776FBBB
:1024D000009000279B480068204003D16846FDF724
:1024E00056FF0700FDF7ACFF002840D08348407C32
:1024F00000283CD19449814DEE680A6933689A42BC
:1025000000D00120914A9446914A13780622534301
:102510006246D35AB4460200182672436646B21881
:102520005360009A0192EA68012343401820434314
:10253000D61830680861B0680860A248F168016088
:10254000316901627069A049086001A8FDF71FFFA9
:10255000002806D17D497E4A127806235A43895ABB
:102560007160390007000F4301D16C7401E0002F46
:1025700002D10098FDF786FF9E48046002209E4924
:102580000860C820C004BC4908606004FDF754FD21
:10259000F7BDF8B5994C8025EF02FDF751FF0028F3
:1025A00008D097480078002804D13800FDF744FD92
:1025B0002560F1BD206CC00506D580200006206096
:1025C00000BF00BF40082060FEF73CF8FDF79CFD0F
:1025D000FDF792F90600A948A9490860FFF71CFF1A
:1025E0003800FDF729FD002E00D025600120A54907
:1025F0000870F1BDF8B50120FFF795FCA24CA34887
:1026000000682060FDF780FD7820205C05210140F6
:1026100002D0FDF71DFE01E0FDF728FE774D0227F1
:10262000A06F384001D0012028601020C043984995
:1026300008600026EE6397480660FDF728FD002835
:1026400002D000F0F0FD00E06663FDF7E7FC924881
:102650000068296C090407D4000705D5FDF7F4FCD0
:102660008E490F60FDF7F9FCFDF7E1FCFFF761FA19
:10267000B804FDF7E1FC0020FFF755FCF1BD80B583
:10268000FDF742FD2D480068000303D4FDF774FFF9
:10269000FEF7B0FB80204003FDF7CEFC01BD00003B
:1026A0005C1102A8440002A838B5FDF72DFD534C7B
:1026B0002025FEF7D3FF002806D0606B000704D565
:1026C000FEF7F4FFFEF730FC2560FDF755FFFEF73F
:1026D00091FB734800780C210140042902D1FDF7D9
:1026E000B7FD01E0FDF7C2FD6804FDF7A5FC402041
:1026F000206031BDB83F00002C3E0000CC3E000001
:1027000020C001A81CB5052066490860FDF7FCFC47
:10271000FEF7CCFF6448006800906846FEF7C4FBF3
:102720000400FFF779FE002C02D10098FEF718FC98
:1027300080204004FDF780FC13BD00000C0002A8BF
:1027400001FF0000283E0000348001A8463E000042
:10275000403E0000F8B5FDF7D7FC544CA56A502068
:10276000284002D0FDF774FD01E0FDF77FFD234F07
:10277000FEF774FF00281BD1B86B40071DD4786B9F
:10278000E0214901014018D1A80611D4FDF746FC0B
:10279000A56A474E354207D0FF20C0432D18A562D9
:1027A00080200005A9490860FDF741FC2E4002D0B9
:1027B0000120386001E00020206080208004FDF7C7
:1027C0003BFCF1BD1C4101A8284000A880B5FDF7E5
:1027D0009BFC9F480068C00501D5FDF7CDFE012098
:1027E000FEF730FEFEF706FB8020C004FDF724FC58
:1027F00001BD0000442002A8305201A8100002A828
:10280000DD3E000010B526480468FDF77DFC9149C7
:10281000096809032AD40321C00601D5214001E03B
:10282000A0080140012902D1FDF712FD0BE02001B3
:1028300007D50E20FFF79CF8874804210160082186
:102840000160FDF713FDFDF78AFD844C2069844982
:102850000860FFF7E1FD2068002807D0400012283B
:1028600002D2FFF77DF801E0FEF7C5FF802080036C
:10287000FDF7E2FB10BD0000106001A87001200010
:10288000B46000A8553E0000783E000008C000A8D3
:10289000482002A8303E0000844000A8D4E4035041
:1028A000F03E00005C1102A8CC3F0000C83E0000D2
:1028B00000FFFF00FEB500246A490C730120694641
:1028C00008700294FDF720FC0600624F3868000390
:1028D00000D5B5E003209F4908649F480268FF20A7
:1028E00080019E4910255F4B1B78DB0720D512071E
:1028F000120F022A03D09A4A12682A4004D1594A78
:102900005268584B5B7801E08A680B688E6A096AE6
:102910000091911B14225143DBB2C918009A891A05
:1029200009014068081801D5019453E0019051E075
:1029300013071B0F032B03D01204120F062A3AD1E0
:102940008968426802923A6C920701D580680290C9
:102950000800FEF7B6FF0299401801D5019400E087
:102960000190B86B0107C80F03213F4A12680A4063
:10297000022A1AD12E4018D03A4A126DD30512D528
:10298000FE6B984B1E409E4202D172490D640CE0D2
:1029900092050AD43A6C2823134006D16B461C706A
:1029A0002A4A116001E06A4614700290684606786F
:1029B000002E03D10FE0006801900126FEF74EFEC5
:1029C000002808D0FEF772FE0298002802D0FEF719
:1029D000ABFA00E0002602205E490860002E10D00D
:1029E000214800780C210140042902D0F86B0540F1
:1029F00002D0FDF72DFC01E0FDF738FC20207860C7
:102A00001EE018480078C00705D555480068054005
:102A100001D1FDF72FFCFDF7AFFD802000060B492B
:102A200008600020C0437049086001A8FEF73CFA26
:102A30000400FFF7F1FC002C02D10198FEF790FA98
:102A400080200004FDF7F8FAF7BD0000481002A846
:102A5000680102A80C0002A880E200E0AC3F000080
:102A60002C3E0000703E0000F03E0000FEB5002449
:102A70005E490C730094FDF747FBFFF7CDFC5C4DFE
:102A8000E86E5C4E0007000F07280BD1686800282D
:102A900008D40020FEF7D6FC306857490860FDF7DF
:102AA000E7FC52E001201027696849070DD453491B
:102AB0000968014009D001024C4A126D0A4208D04F
:102AC000520502D42A68114001D1009001E04C481F
:102AD000076046480078C00705D52148006838409F
:102AE00001D0FDF7C7FB474801680320009A002A80
:102AF00001D0890900E00909084001900020FEF793
:102B0000A1FC0198002805D16868074002D1FDF7B3
:102B1000ADFB01E0FDF79CFB00200099002903D1EB
:102B200039480068FEF7CDFE7169401801D5009460
:102B300000E000906846FDF72AFC002805D10098C7
:102B4000FDF7A0FCB0692C49086080200005FDF766
:102B500073FAF7BD082002A8B00002A804C101A8BA
:102B6000B04301A8F8B5FDF7CFFA002400252748A7
:102B7000466B80277F05300606D5300709D5FEF75E
:102B800095FDFEF7D1F929E001251C480068284091
:102B900019D00020FEF756FC0220064002D01C4946
:102BA0000C60C8611B480468002D03D02000FDF7AD
:102BB00091F80400FEF77AFD2000FEF7D1F9380005
:102BC000FDF73AFAF1BD0F480078C02101404029D5
:102BD00002D1FDF73DFB01E0FDF748FB20200B494A
:102BE0000860ECE710000010B46000A8703E000020
:102BF000440002A8BC3F00002C3E0000B44000A8E6
:102C0000481002A8F03E00001CC101A8100002A854
:102C1000180000AAD83F0000FFF75AF902480349FC
:102C20004860FFF786F900BF27270000000000007A
:102C300080B5EFF305800B2801D23A2100E029216D
:102C4000FF2216320020FFF78FFBFEE762675F6D01
:102C50006573736167652072656365697665727314
:102C60000062676275660061636C006C6C5F636F25
:102C70006E6E656374696F6E006C6C5F6164765F25
:102C8000736574006C6C5F76616C696461746F72FB
:102C90000062675F6D65737361676500736F66746B
:102CA0005F74696D65725F6D657373616765006CF4
:102CB0006C5F6164765F73796E63006C6C5F7363E5
:102CC000616E5F73796E63006761705F70657269D2
:102CD0006F6469635F616476006761705F706572DD
:102CE000696F6469635F73796E63006C32636170EE
:102CF0005F636F635F6368616E6E656C006D6265D4
:102D000064746C735F636F6E7465787400000000A8
:102D1000612C0308672C03086B2C0308792C03082B
:102D2000842C0308912C03089C2C0308AF2C030867
:102D3000BB2C0308C82C0308D92C0308EB2C030870
:102D4000FD2C030862676275665F696E00626762E8
:102D500075665F6F75740062676275665F6E6F6639
:102D60006C6F770062675F6D616C6C6F6300000071
:102D70000D000300020001000500E69D350E48012C
:102D800003CCDBFDF4AC1191F4EFB9A5F9E9A7830D
:102D90002C5E2CBE97F2D203B020008BD28915D0C6
:102DA0008E1C742430ED8FC24563765C15525ABF79
:102DB0009A32636DEB2A65499C80DC006C888391B4
:102DC000AAF5A53860370BDB5A6083BE000000010E
:102DD00000010005010005020203000200000000DE
:102DE00000020501000500000100010000010001D2
:102DF00002020300020000000000020201000200C3
:102E000009E60108E1E001081FB502088DB40208D7
:102E100023AE0208B9DE010805DE01085DDC010809
:102E200081B20208D9A8020875E201089DD70108FD
:102E3000E9D50108D7B1020869B1020811B1020849
:102E40006FB00208BBAE020869D3010895D1010832
:102E50004DD20108DDA8020839CF0108BF01FB9D52
:102E60004EF3BC36D874F5394138684C8BD289158D
:102E7000D08E1C742430ED8FC24563765C15525A97
:102E8000BF9A32636DEB2A65499C80DCE69D350E66
:102E9000480103CCDBFDF4AC1191F4EFB9A5F9E9DD
:102EA000A7832C5E2CBE97F2D203B0203F49F6D404
:102EB000A3C55F3874C9B3E3D2103F504AFF607BAB
:0C2EC000EB40B7995899B8A6CD3C1ABD5C
:082ECC0020DEFC7F0100000084
:0C2ED400E02E0308402E0020B800000093
:102EE0000000000000000000FFFF0000FFFFFFFFE8
:102EF000C0EA2101C0EA210100800000C01753028E
:102F0000642E00200040170800A00000540F00208D
:102F1000C8000000FE0000000000000014D50208F8
:102F2000C00A0020FFFFFFFFFFFFFFFFFFFFFFFFC3
:102F3000FFFFFFFF139002080000000001000000E7
:102F4000000000001000000010000000CDFB000891
:102F500000000000B515010800000000000000009E
:102F600000000000C781020800000000D92001080D
:102F700000000000000000000000000085200108A3
:102F80000000000000000000000000004D210108CA
:102F9000000000000000000000000000DD23010828
:102FA000000000000000000000000000192A0108D5
:102FB0000000000000000000FFFFFFFFC3830208C5
:102FC000B4EC0208FFFFFFFFC8EC0208C989020841
:102FD000C5890208FFFFFFFFFFFFFFFFD989020835
:102FE000F98C0208FFFFFFFF878E0208FFFFFFFF3B
:102FF000FFFFFFFFFFFFFFFFFFFFFFFFCB260000EC
:103000000000000000FFFFFFFF000000259F0208F6
:10301000299F02082D9F0208319F0208000000002E
:1030200039ED010800000000000000005B0009000D
:103030003806550D00080008FFFFFFFFF5FF2800C8
:103040006400190064000500050078000C002000F1
:10305000040000000000000002001000000000005A
:1030600000000000000000000000000000000A0056
:103070000100000000000A00150000005479726F82
:103080006E65277320496E666C616D6D6153636177
:103090006E0002000A00080030303030303030312D
:1030A0000000020005000300303031000000020083
:1030B00008000500302E302E31000000020008000C
:1030C00000000000000000000000020002000000FC
:1030D000000002000200000000000A0002000000E0
:1030E00000000A000200000000000A0002000000C8
:1030F00000000A000200000000000A0002000000B8
:1031000000000A000100000000000A0001000000A9
:1031100000000A000200000000000A000200000097
:1031200000000A000200000000001A000100000078
:103130000000120008000000000000000000000075
:103140000A000100000000000A0001000000000069
:103150000A000100000000000A0002000000000058
:103160000A000200000000000A0001000000000048
:103170000A000100000000000A0002000000000038
:10318000FFFFFFFF040008070A001700FFFF0C0005
:1031900000000000010101010403FF28010101BF3B
:1031A0008FAF7F8700370F10100004040F05140A3B
:1031B0000A0301FF0C01FF0FC90C0008A10C000855
:04000005080015AD2D
:00000001FF
