S014000062745F736F635F63616D64656E2E7333379F
S31508000000C00A0020AD150008B7EE0108B7EE0108D2
S3150800001063100208B7EE0108B7EE0108B7EE01084B
S31508000020B7EE0108B7EE0108B7EE0108B7EE01080A
S31508000030B7EE0108B7EE010845110208B7EE010848
S31508000040B7EE0108B7EE0108B7EE0108B7EE0108EA
S31508000050B7EE0108B7EE0108B7EE0108B7EE0108DA
S31508000060B7EE0108B7EE0108B7EE0108B7EE0108CA
S31508000070B7EE0108B7EE0108B7EE0108B7EE0108BA
S31508000080B7EE0108B7EE0108C10F0008B7EE010880
S31508000090B7EE0108B7EE0108B7EE0108B7EE01089A
S315080000A0B7EE01088918000869180008B7EE0108B4
S315080000B0B7EE010831900108DD9A01087D8F020824
S315080000C0798F02086D920108938F0208818F0208C2
S315080000D0AD9A0108858F02081D9B0108859B0108BA
S315080000E0B7EE0108B7EE0108B7EE0108B7EE01084A
S315080000F0350A0208B7EE0108B7EE0108B7EE01089F
S31508000100B7EE0108290E0008B7EE0108B7EE010898
S31508000110B7EE0108B7EE0108B7EE0108B7EE010819
S31508000120B7EE0108B7EE0108B7EE0108B7EE010809
S31508000130B7EE0108B7EE0108B7EE0108B7EE0108F9
S31508000140B7EE0108B7EE0108B7EE010809CE0208B6
S31508000150A1750108B7EE0108678F02086D8F0208BE
S31508000160B7EE0108B7EE0108B7EE0108B7EE0108C9
S31508000170F0B5114A114C124E00F00105E3695F070C
S3150800018013D40DB9334213D103EA00078F4207D1BE
S315080001900B4A1A40002A0CBF00206FF00100F0BD80
S315080001A0013AEBD16FF00200F9E74FF0FF30F6E7BE
S315080001B06FF00100F3E700BF809698000000035037
S315080001C0020001000B4B70B5D96911F480310DD1CD
S315080001D001244FF48072084E084DF46020462C64C2
S315080001E01A61FFF7C5FF3464EC6070BD6FF001005B
S315080001F0FBE700BF00000350001003500020035027
S315080002004FF4803238B50E4B0E4C9A66E56941F6C6
S31508000210713315400122E3630B4B0021DA60022398
S31508000220606121202361FFF7A3FF10B92120FFF7A2
S315080002309FFF0122054BDA600DB10023E36338BD49
S315080002400090005000000350001003500020035097
S3150800025070B5134C6061E3695B071ED40E4656F809
S31508000260043B8D18A361AE420BD104230021212043
S315080002702361FFF77DFF58B9BDE870402120FFF7DD
S3150800028077BF08210846FFF773FF10B104232361DF
S3150800029070BD56F8043BA361E5E74FF0FF30F7E77A
S315080002A0000003502DE9F84315464FF48032184BE9
S315080002B089469A6603F51C33DF690646174041F6F8
S315080002C07132DA63012203F58053DFF84C80DA6075
S315080002D055B9284601220F4BDA601FB10022A3F553
S315080002E00053DA63BDE8F88306F5005404EA080407
S315080002F0A41BAC4228BF2C46494622463046FFF787
S31508000300A7FF0028E6D12644A1442D1BE0E700BF3D
S31508000310009000500020035000E0FFFF000000009E
S3150800032000000000000000000000000000000000BF
S315080003302DE9F041344B354E1B78012B58D1344BFF
S315080003401F88002F54D0334B188819F0D3FD2AA3E1
S31508000350D3E9002319F048FE29A3D3E9002319F0AD
S315080003606DFF044638460D4619F0D4FD02460B4685
S315080003702046294619F062FF0022002304460D464E
S315080003801AF0C2F830B1002220462946224B1AF04C
S315080003909DF808BB00220023204629461AF096F845
S315080003A040B10022204629461C4B1AF0ADF808B188
S315080003B000241A4D1A4B2046B3F80080194B2946DB
S315080003C01F881AF0ABF8B84500B208D3308068B970
S315080003D0B8450BD0012308E000240F4DEAE7404258
S315080003E000B2308010B94FF0FF333380BDE8F0819A
S315080003F00023FAE7AFF30080FCA9F1D24D62104062
S31508000400CDCCCCCCCCCCFC3F6524002026240020C7
S31508000410A22F0020A42F00200000F03F0000F0BF0C
S31508000420922F0020942F002073B57D4DD5F8884073
S3150800043014F00F0440F0A5807A4D0123042203210D
S31508000440022004F077FA4FF47A7007F0D7F92B7880
S3150800045004220521204603F0010304F06BFA042266
S315080004602B7811462046C3F3400304F063FA2B7831
S315080004706D4D042221460120C3F3800304F05AFA85
S315080004802B78042203210120C3F3400304F052FA17
S3150800049001212B78654D084603F00103042204F078
S315080004A049FA21462A8862481FF07FFB614B188863
S315080004B0C0EB401300EB8300C00080B207F09EF942
S315080004C04FF6FF725C4B1988914240F0A0802A884B
S315080004D05A491A805A4B1C605A4B1C6001230B70F0
S315080004E059490C7059490C7059490B7059490C6097
S315080004F059490C7059490C6059490C7059490C7086
S3150800050059490C7059490C7059490B7059490B7067
S3150800051059490C6059490A80594A1470594A137046
S31508000520FFF706FF00F020FC574B1B7873BB574BB1
S31508000530188819F0DFFC38A3D3E9002319F054FD15
S31508000540534B044618880D4619F0E4FC02460B4640
S315080005502046294619F072FE19F0E0FF04460146C6
S315080005604FF0B2401FF074FA21464FF0B2401FF028
S315080005700FFA01214FF0B24002B0BDE870401FF0FB
S315080005801CBA294668461FF0F5F94FE7012B1DD11D
S31508000590C822404B1A80404B188819F0BBFC02460B
S315080005A00B4600203D4919F049FE19F0DFFF0446C5
S315080005B001464FF0B2401FF04BFA21464FF0B240C9
S315080005C01FF0E6F92A88364B1A80D2E7022BD0D1DB
S315080005D0C822304B1A80304B188819F09BFC0B4602
S315080005E002462E49002019F029FE19F0BFFF0646DB
S315080005F001464FF0B2401FF02BFA31464FF0B24099
S315080006001FF0C6F9274B1C60274B1C70DAE702B0AF
S3150800061070BD00BFAFF30080FCA9F1D24D62404027
S3150800062000400059F8300020F9300020942F0020AF
S3150800063000400259A82F00209A2F0020F5300020EC
S31508000640C80D0020CC0D0020632400207B2B002041
S3150800065062240020C40D002066240020E00D00203E
S315080006607C2B002031250020302500202F25002056
S315080006707A2B00207E2B0020C00D00202424002089
S3150800068061240020F430002065240020A02F0020DB
S31508000690AC2F0020AA2F0020A22F00200000E04047
S315080006A0982F0020DC0D00206424002000000000A4
S315080006B01FB501212C2002F0E9FF1022002168460F
S315080006C028F0A7FC69464FF0B2401FF082F9164B96
S315080006D0188819F01FFC0B46024611A1D1E9000142
S315080006E019F0ACFD19F01AFF01464FF0B2401FF0A1
S315080006F0AFF9122200214FF0B2401FF050F9042240
S3150800070001210A4B12209A63996320F097F9122067
S3150800071006F082FD122006F063FD05B05DF804FBC5
S31508000720FCA9F1D24D628040AC2F00200010005980
S31508000730F0B50368444A23F47F4323F00703934242
S31508000740044685B073D002F1C06202F58022934256
S3150800075000F092803D4A934267D14FF4E16302224A
S315080007600021ADF808301B2002AB0FF031F940F636
S31508000770741302220021ADF80A301D200DF10A0378
S315080007800FF026F901220021314B39200FF020F90C
S31508000790012200212F4B3B200FF01AF902220021DB
S315080007A02D4B2D200FF014F9022200212B4B2F2060
S315080007B00FF00EF901220021294B3D200FF008F910
S315080007C002220021274B3F200FF002F902220021C6
S315080007D0254B41200FF0FCF801220021234B432032
S315080007E00FF0F6F801220021214B45200FF0F0F812
S315080007F04FF42F731F4C02220021ADF80C3047200E
S3150800080003AB0FF0E5F8204611F0F8FE0221207838
S3150800081011F02EFF0023A02200931146207811F034
S3150800082007FF0221207811F037FF05B0F0BD114C03
S315080008300221207811F01CFF0221207805B0BDE8BE
S31508000840F04011F029BF00BFA0000601A00001007A
S31508000850F9300020F8300020A82F0020A62F00200D
S3150800086065240020A42F0020A22F0020F7300020A6
S31508000870F6300020FA300020B0F805001F2812D103
S315080008800DF10A0300930222002103AB0FF070F862
S315080008900028CAD1B44ABDF80A3012881344B34AAC
S315080008A01380FFF745FDB4F80500212812D10DF194
S315080008B00A0300930222002103AB0FF059F800281F
S315080008C0B3D1A94ABDF80A3012881344A84A13803E
S315080008D0FFF72EFDB4F80500472810D10DF10A03DD
S315080008E000930222002103AB0FF042F800289CD1A6
S315080008F09D4ABDF80A30128813449E4A1380B4F8FC
S315080009000500232815D10DF10A03009302220021C0
S3150800091003AB0FF02DF8002887D1954ABDF80A30A9
S315080009201188924A1288914238BF5B42924A1BB29A
S315080009301380B4F80500252818D10DF10A03009391
S315080009400222002103AB0FF013F800287FF46DAFE5
S31508000950BDF80A30894A1380854A1188834A128865
S31508000960914228BF5B42864A1BB21380B4F8050041
S31508000970312813D10DF10A0300930222002103AB9B
S315080009800EF0F6FF00287FF450AFBDF80A307D4A16
S3150800099013807D4A03EB83035B001380B4F80500DC
S315080009A0272831D10DF10A0300930222002103AB57
S315080009B00EF0DEFF00287FF438AFBDF80A50734BFF
S315080009C01D8000F0D1F9284619F094FA64A3D3E9FA
S315080009D0002319F009FB6B4B064618880F4619F0D9
S315080009E099FA02460B463046394619F027FC19F0A3
S315080009F095FD054601464FF0B2401FF029F82946F5
S31508000A004FF0B2401EF0C4FFB4F805002D280ED1F1
S31508000A100DF10A0300930222002103AB0EF0A8FF92
S31508000A2000287FF402AF5A4BBDF80A201A80B4F8A2
S31508000A3005002F280ED10DF10A030093022200218A
S31508000A4003AB0EF095FF00287FF4EFAE514BBDF8CF
S31508000A500A201A80B4F80500392810D10DF10A03C6
S31508000A6000930122002103AB0EF082FF00287FF4D9
S31508000A70DCAE9DF80A30032B9CBF474A1370B4F8C6
S31508000A8005003B2810D10DF10A030093012200212D
S31508000A9003AB0EF06DFF00287FF4C7AE9DF80A3051
S31508000AA0072B9CBF3D4A1370B4F805003D2814D1A6
S31508000AB00DF10A0300930122002103AB0EF058FF43
S31508000AC000287FF4B2AE9DF80A30022B05D8344AC6
S31508000AD01370FFF72DFC00F047F9B4F805003F281E
S31508000AE010D10DF10A0300930222002103AB0EF088
S31508000AF03FFF00287FF499AE2A4BBDF80A201A80DA
S31508000B00FFF716FCB4F80500412812D10DF10A03C7
S31508000B1000930222002103AB0EF02AFF00287FF47F
S31508000B2084AE214BBDF80A201A80FFF701FC00F0BD
S31508000B301BF9B4F8050043283AD10DF10A030093CE
S31508000B400122002103AB0EF013FF00287FF46DAEDF
S31508000B509DF80A20154B1A7000F006F928E000BF28
S31508000B60FCA9F1D24D6240409C2F0020942F002012
S31508000B70922F0020902F00208E2F00209E2F0020DD
S31508000B808C2F0020AC2F0020AA2F0020A02F002099
S31508000B90A82F0020A62F0020F9300020F8300020CA
S31508000BA065240020A42F0020A22F0020F730002063
S31508000BB0B4F80500452810D10DF10A030093012267
S31508000BC0002103AB0EF0D4FE00287FF42EAE9DF86C
S31508000BD00A20114B1A7000F0C7F8B4F8050033283C
S31508000BE07FF423AE0DF10A0300930122002103AB23
S31508000BF00EF0BEFE00287FF418AE9DF80A30012BD1
S31508000C0002D1FFF711FC10E6002B7FF40EAE01228D
S31508000C10024B1A7009E600BFF63000206324002054
S31508000C2007B588B10BA3D3E900230949C1E9022313
S31508000C30CDE900234FF0FF324FF0FF33086927F064
S31508000C406FFC03B05DF804FB00220023EDE700BF4C
S31508000C50480B00200DD50155200000000348044B21
S31508000C60834202D0034B03B1184770472031002056
S31508000C702031002000000000064B0749C91A8910D8
S31508000C8048BF0131491003D0044B0BB1014818473E
S31508000C90704700BF203100202031002000000000EE
S31508000CA010B5064C237843B9FFF7D8FF044B13B1A8
S31508000CB00448AFF300800123237010BD6024002090
S31508000CC000000000CC2E030808B5054B1BB10549EA
S31508000CD00548AFF30080BDE80840FFF7CDBF00BF69
S31508000CE000000000A80D0020CC2E0308A3F5803ACA
S31508000CF0704700BF174B002B08BF134B9D46FFF7E5
S31508000D00F5FF00218B460F461348144A121A28F09D
S31508000D1080F90E4B002B00D098470D4B002B00D0C6
S31508000D2098470020002104000D000D48002802D035
S31508000D300C48AFF3008019F0DBFD200029001EF0F7
S31508000D405CF819F0C3FD00BF0000080000000000B1
S31508000D5000000000C00A0020C00A0020802C0020E5
S31508000D600000000000000000124B30B51888F8B1EA
S31508000D70114B124D1A78124B424319884FF47A7365
S31508000D804143B1FBF3F3B1F57A7F38BF01212B60FC
S31508000D900C4B0D4C1B78226000FB03F30B4838BF45
S31508000DA0296003600AB9012222600BB90123036096
S31508000DB030BD00BFA22F0020F7300020D40D002040
S31508000DC0A02F0020F6300020D80D0020D00D0020DE
S31508000DD010B5002401220D4B21461C700C4B0D4802
S31508000DE01A700D4B1C700D4B1A880D4B1A801EF08D
S31508000DF0DCFE4FF6FF720B4B03211A8002202346B6
S31508000E00BDE81040042203F095BD00BF7A2B0020F0
S31508000E107E2B00200040025962240020962F0020D5
S31508000E20982F00209A2F00202DE9F7434FF480725F
S31508000E30504B5A62504B1B787BB1DFF87891DFF83C
S31508000E407881D9F80020D8F800309A4205D04B4B63
S31508000E501C78002C6AD000221A7003B0BDE8F08313
S31508000E60314668461EF086FD9DF80420009B002A40
S31508000E7057D1C3F31305D6F8880010F00F00EFD149
S31508000E801023DFF838C1F3609CF80020D9F800E099
S31508000E903B49C8F800E08D548B184FEA15282D0CED
S31508000EA09D70DC70250A240C5C71364C83F808E0CA
S31508000EB024884FEA1E2E9C71240A334F83F801803A
S31508000EC01D71DC7183F809E0304B3E681D880A32D3
S31508000ED0D2B20136AA423E608CF8002030D32C4AA2
S31508000EE01378072B25D84FF0C9080346294C2A48FA
S31508000EF0AB4201DAC82B32D1C921037801FB03447E
S31508000F00037884F8C850013303F007030370137895
S31508000F100133DBB21370214B1A7872B901221A70A9
S31508000F200BE0012AA7D1C3F31304A4E725461C4EF8
S31508000F30A1E71C4A13680133136000238CF80030BC
S31508000F40194A1378002B88D0184B1B889E4284D3E5
S31508000F500121174B1970002313703B607DE790F849
S31508000F6000E011F8019B08FB0E4E0EF803900133C2
S31508000F70BEE700BF0060005962240020F53000205B
S31508000F8067240020982F0020C40D0020AA2F0020D7
S31508000F902F25002032250020312500207D2B00201A
S31508000FA000400059E00D002063240020AC2F0020EB
S31508000FB07B2B0020C80D00204C2E00206624002024
S31508000FC0F8B54FF0B2435C6B674B1B7813B9674BA8
S31508000FD05C63F8BD14F0010707D0654A136801334E
S31508000FE013600822634BDA60F1E7634B1D78002D26
S31508000FF038D15F4A614B11681B88B1FBF3F203FBDA
S3150800100012110029E3D15E4A5E4813680133136062
S31508001010DB07028809D55C4B1B88D21A5B4B92B258
S315080010201A805B481EF0C1FDD1E75A4BB3F9003070
S315080010301A4492B2002B028007DD574B1B88934255
S3150800104008D20122554B1A70C1E703D0524B1B88B0
S315080010509342F6D84C4B1B881A444C4B92B21A80D2
S315080010600021DEE7012D48D14D484E4B474905780A
S31508001070B3F900200B882DB1012D4B4F10D04B4EE4
S31508001080368802E0444E494F36883F88B7420FD922
S31508001090002A08DD9B1A9BB20B80B34225D814E0C0
S315080010A03E883D4FF1E713449BB20B80EAB1F4E763
S315080010B01DD2002A15DA92B29B1A524212B29BB27C
S315080010C0002A0B80E9DDB3420FD36B1CDBB2022B7F
S315080010D00E80037009D90122304B1A700023037061
S315080010E003E013449BB20B80EDD10A88B8E713449A
S315080010F09BB2002A0B80E6DCD8E7022D7FF467AFA7
S315080011002B482C4903680E780133012E1F4A0360C9
S3150800111012D0022E1AD016BB274F244D3F682D88B1
S31508001120BB42158006D301230B70244B06601B882F
S315080011301D441580128893E7214E3668B342F9D3C9
S31508001140154B0D701B8807601380F3E7124800885B
S3150800115010801C4800688342ECD303230B700121DE
S315080011600E4B1970E6E700BF6224002000200059E4
S31508001170C80D00200040005965240020AC2F00202F
S31508001180CC0D00209A2F00208C2F0020982F0020AD
S31508001190004002598E2F0020922F00206324002041
S315080011A06124002026240020902F0020942F002060
S315080011B0DC0D002064240020D80D00209E2F00207E
S315080011C0D40D0020D00D002070B502268CB0244D19
S315080011D01422002101A806AC27F01BFF0FCD0FC46F
S315080011E095E803001F4D84E803001021542000965B
S315080011F002F0D2FE0121542002F048FA28461A4984
S3150800120004F02AF840F201130322ADF818304FF023
S3150800121001130024CDE909238DF810604FF48022CC
S315080012200126124B0390694628468DF807608DF80B
S3150800123014408DF81A408DF82160ADF822400B94C1
S31508001240C3F820231EF082FC2246284606A903F08E
S3150800125085FF3246214628461EF048FC0CB070BD74
S3150800126088CE02080040025940420F0000C00350D1
S3150800127070B54C4DA6B008AC0FCD0FC40FCD0FC43A
S3150800128095E8030000264FF4403384E80300012460
S315080012904F2231460DF14900434D0393CDE90566CA
S315080012A00796ADF810608DF8126027F0B2FE214659
S315080012B02A208DF848408DF84D408DF852408DF81B
S315080012C057408DF85C408DF861408DF866408DF882
S315080012D06B408DF870408DF875408DF87A408DF822
S315080012E07F408DF884408DF889408DF88E408DF8C2
S315080012F0934002F0CBF910214FF4B06002F04CFE97
S315080013003246284629498DF817608DF8144003F0AF
S31508001310E7FB40F2BA434FF481720B9302238DF830
S315080013201900ADF8222000903246284620498DF84B
S3150800133020308DF824608DF8306003F0EBFB1D4BF0
S315080013400A90039344F20113ADF8483040F20113B2
S31508001350ADF84C305123284608AA05A98DF84E3019
S31508001360ADF810608DF812608DF8514003F00EFC50
S3150800137012AA284603A903F02BFB4FF48033EB602F
S315080013804FF4807305F580552146AB6231201FF076
S3150800139055FB312005F040FF312005F021FF26B02E
S315080013A070BD00BFA0CE020800400059005A620274
S315080013B0404B4C000201010008B506F0E5F9FFF7BD
S315080013C003FF1DF00DFDFFF753FFFFF771F9054BFE
S315080013D000211A88044B05481A80BDE808401EF00B
S315080013E0E4BB00BF962F0020982F0020004002592A
S315080013F02DE9F041B2B000F079F8314B1A781AB1FC
S3150800140000221A70FFF7E4FC2E4E337853B12E4CA7
S31508001410227802F0FF032AB92C4D2A7802F0FF0140
S31508001420CAB931702A4D2B78002B46D0294C012198
S31508001430224633200EF0E2FA00283ED1237828709F
S31508001440002B3AD14FF4FA6006F0D8F932B0BDE86D
S31508001450F0411FF0F1BA4FF0C9086F461E48DFF891
S315080014607CE0027808FB02E292F8C8103A468B4202
S3150800147016DB0378013303F0070303702B78362055
S31508001480013BDBB22B70012323700EF0B7FA88B943
S3150800149020702B7803F0FF02002BC3D13270C1E70E
S315080014A090F800C008FB0CEC1CF803C0013307F8E1
S315080014B001CBDCE700232370B4E732B0BDE8F08146
S315080014C07B2B00207D2B00207C2B00202F25002045
S315080014D07E2B00207A2B0020302500203225002084
S315080014E00022014B1A8070472824002010B52BF0E3
S315080014F053FA054A148814B1631E012413802BF08D
S3150800150046FA204610BD00BF282400207FB5036890
S315080015101D4A23F47F4323F00703934231D1062261
S3150800152000211620194B0EF053FA08B100BEFDE74C
S315080015300DF1070102A811F0C3F8014608B100BE73
S31508001540FDE7BDF80C3008225BBAADF810309DF8FF
S315080015500B3018208DF81230FF238DF81330FE2338
S315080015608DF814309DF80A308DF81530BDF808301E
S315080015705BBAADF8163004AB0EF02AFA08B100BE15
S31508001580FDE707B05DF804FBA0000100C8CE02081D
S315080015900348044A0449121A92101DF08DBC00BF74
S315080015A07001000830030008802C002008B5154B90
S315080015B083F30A8800F030F8FFF7EAFF124B134965
S315080015C08B4212D30020124B12498B4218D3FFF7D5
S315080015D091FB186850F82240586840F822400132BA
S315080015E098688242F5D30C33EAE70022F8E71C68CC
S315080015F044F8220001325C68A242F8D30833E4E7D3
S315080016000022F8E700000020D42E0308E02E030885
S31508001610E02E0308E02E03084FF48041124B134ACC
S3150800162070B59A60D3F88820114D42F47002C3F859
S315080016308820104A05F5005491664FF0FF3222665D
S315080016400D4A62660222C3F8D020BFF34F8FBFF35C
S315080016506F8F4FF44036002005F0DEFD0020E6606F
S3150800166005F0BEFD2E6170BD00ED00E0000000082B
S315080016700080004400900050F7FF3700014B1860C7
S31508001680704700BF542E0020054B1860054B1B6F92
S3150800169003F00703032B01D129F0F2BF704700BFFF
S315080016A05C2E002000800050BFF34F8F0549064B83
S315080016B0CA6802F4E0621343CB60BFF34F8F00BFE2
S315080016C0FDE700BF00ED00E00400FA052DE9F04152
S315080016D004460C254FF00108124E0CB314F0010015
S315080016E00BD0002024F0010405FB00625768002F88
S315080016F0F3D09168C0B2B847EFE7224601302028F8
S315080017004FEA520201D0D307F8D508FA00F20F289B
S3150800171024EA0204E8D9103805FB0062B432E5E78A
S31508001720BDE8F081E40D002008B50C482BF078FAE6
S31508001730192005F063FD28B1192005F06DFD192063
S3150800174005F04EFD1A2005F059FD28B11A2005F0BE
S3150800175063FD1A2005F044FD002008BD5CE8020878
S315080017602DE9F0410E461746054610B30F2922D833
S315080017700378E3B1013BDBB2022B1CD8104A32F8DE
S3150800178013306A78D340DB0715D50E4BD3F81043D0
S315080017909CB92BF00AF980463A462846314603F0AA
S315080017A097FD40462BF0FCF82046BDE8F081FE2365
S315080017B0E7E72224F8E72124F6E70224F4E700BF46
S315080017C00CD5020800C0035010B50446E0B10378F2
S315080017D0C3B1013BDBB2022B18D80D4A32F81330DD
S315080017E06278D340DB0711D52BF0DFF80122637846
S315080017F021789A4030235943064B5A502BF0D0F89B
S31508001800002010BDFE23EBE72220FAE72120F8E7A7
S315080018100CD5020840D0035010B50446E0B1037851
S31508001820C3B1013BDBB2022B18D80D4A32F813308C
S315080018306278D340DB0711D52BF0B7F8012263781D
S3150800184021789A4030235943064B5A502BF0A8F872
S31508001850002010BDFE23EBE72220FAE72120F8E757
S315080018600CD5020840E0035008B503F027FD054BE8
S3150800187000F0553020F05020C3F82004BDE8084099
S31508001880FFF724BF00E0035008B503F017FD054B2A
S3150800189000F0AA3020F0A020C3F82004BDE80840D4
S315080018A0FFF714BF00E003502DE9F04F1446064633
S315080018B00D469B46C36B87B001225B6902A9606827
S315080018C09847F36B01225B6903A92846984702A843
S315080018D01DF0FCFE074648B10023A37563754FF05B
S315080018E0FF33A360002007B0BDE8F08F03A81DF002
S315080018F0FAFE0123A375237E04EBC303DD611F846F
S315080019006368AB420ED1206003A81DF00EFF4FF0AE
S31508001910FF332075A360237D043B022B26D80023C2
S31508001920A375DFE723681A1A53425341A37503A820
S315080019301DF0FBFE237D834218BFA77503A81DF083
S31508001940D6FE074602A81DF0D2FE874218BF00231E
S3150800195003A818BFA3751DF0D2FE074602A81DF0FE
S31508001960CEFE87421CBF0023A375D4E703A81DF04B
S31508001970BEFE80B1F36B022228465B6904A998472C
S3150800198004A81DF0C3FE0346207D032839D8DFE8E6
S3150800199000F03838040903A8F3E7CC22237E04EBC9
S315080019A0C3031A8401F0E8FA109B187003A8277E6F
S315080019B01DF091FE04EBC70787F82200237E03A8D3
S315080019C004EBC303B3F8209093F822701DF08FFE42
S315080019D0804603A81DF093FE8246B8F1000F15D085
S315080019E0F36B022228465B6904A9984704A81DF0F0
S315080019F052FE6075637D6BB90023A3754FF000082E
S31508001A0038E0227E04EBC2021384CBE703A81DF05C
S31508001A102DFEEEE794F81680B8F1000FEED0B9F176
S31508001A20000F09D1DFB10123627EE375002A44D194
S31508001A309F4218D1677614E0736C05EB0A02594287
S31508001A4085EA020008421CBF0021A175591E0A40FA
S31508001A509B1A9945D0D8A37D002BE3D1CEE7E37D29
S31508001A6043B94FF000084B465246294630461DF00A
S31508001A706BFBA060A27D12B123694B442361144914
S31508001A80237E097899421ED901332376BBF1000FCC
S31508001A901BD0D2B1E37DC3B1B8F1000F15D1032F26
S31508001AA013D0A1684B1C10D0109B224600933046D9
S31508001AB00123FFF7F9FEA07507E0012FDAD0032FFF
S31508001AC008BFA376CDE70023A375A07D0BE700BF6B
S31508001AD034D502082DE9F04F0E46984600238BB000
S31508001AE004464FF0FF31104617468DF8133001F0C3
S31508001AF02DFAB6F5801F3BD3B21C53D1E56A6B1C91
S31508001B0057D12046616A1DF065FA0546B31C18BF11
S31508001B100123DFF810910193636A626C02932368CC
S31508001B2005A902FB053AE36B05225B69504698470F
S31508001B3005A81DF066FE1DF089FE50461DF091FEB3
S31508001B404FF0000B824601464B1C05D0636C81EAB8
S31508001B500A025B42134232D0294620461DF03AFA61
S31508001B60029BAB424DD0BBF1000F4DD10546D3E7E2
S31508001B70314605AA04F108001DF0F6FC0146481C8A
S31508001B8010D0384601F0E2F90122394620460DF117
S31508001B9013031DF02BFB28B19DF8133088F800308D
S31508001BA0002003E0237C002BA8D12D200BB0BDE834
S31508001BB0F08F2368ED1A636CB5FBF3F5A6E7484684
S31508001BC001F0C4F90DF1130349462046019A1DF0A8
S31508001BD00DFB034690B1B21C03D0D9F80020B242DF
S31508001BE00CD19DF8132003930D4B88F80020494625
S31508001BF01A68384627F015FA039B9B46D9F8081049
S31508001C00A2E7BBF1000FD0D0B6F5801FC8D2314687
S31508001C1098F800307A6804F1080001F0C5F8BFE7C3
S31508001C2030D50208C01500202DE9F34104461746B1
S31508001C3098460E46194D816AE36A8B422AD04B1C98
S31508001C4018E0284601F082F90122294620460DF1BE
S31508001C5007031DF0CBFA30B14346294620469DF8C6
S31508001C600720B847B0B1A9684A1C05D0012E0AD08A
S31508001C70E36A9942E5D10DE0696820461DF037FA16
S31508001C80012E0146D8D16B6881EA0302636C5B4278
S31508001C901A42D1D002B0BDE8F08100BF94150020E9
S31508001CA02DE9F041036B9046826B07689A4288BF1C
S31508001CB08363426C436A90B002FB0377C36B0E469C
S31508001CC0052201A95B6904463846984701A81DF014
S31508001CD098FD01280146307057D0656CE26B236881
S31508001CE0606AD2F814C005FB0030052206A9E04751
S31508001CF006A81DF086FD01284FF0000523D0D4E97B
S31508001D000A3201219342CDE90B458DF834800E95B0
S31508001D108DF83C102AD1194620461DF0E8F9236BA8
S31508001D20626C14339B1AE06223630C9B53B99DF8CB
S31508001D303C303BB1626A616C2368E06B01FB02319F
S31508001D401DF017FD0C9DE36B05225B6901A938465A
S31508001D50984701A81DF055FD30702846236BA26BE5
S31508001D609A4288BFA36310B0BDE8F081237C33B9DB
S31508001D701C490BAA04F1080001F064F8D5E72046CF
S31508001D80194A0BABFFF750FFCFE7237C23BB22464C
S31508001D90164904F1080001F055F8616A20461DF05D
S31508001DA03AF9616A421C20461DF003F9054620B936
S31508001DB0236B626C1344143B23632046A16A1DF00F
S31508001DC096F92368A062C01A636CB0FBF3F06062F0
S31508001DD020461DF0CFF9B6E700232046044AFFF750
S31508001DE023FFDAE7152500089124000875F2010893
S31508001DF011F2010873B50D46D11E4A421C461B7ED8
S31508001E004A419A4226D129682368994222D36368AF
S31508001E1099421FD8114E0DF107033246FFF75AFEB5
S31508001E20C0B972686B689A4214D19DF80730DA1EF9
S31508001E3053425341227E93420CD163690133636155
S31508001E40D4E90323934205D22968A26842F82310ED
S31508001E5001332361012002B070BD00BFEC150020DC
S31508001E602DE9F04F9A468BB09DF85030DFF850B107
S31508001E700293DBF81030804653450D461646C0F0EF
S31508001E809980D146DBF804300193B9F1000F00F0D0
S31508001E908D80D8F83C3001225B6907A901989847DC
S31508001EA007A81DF020FCDBF80030984240F085803A
S31508001EB007A81DF024FC0428074614D107A81DF01E
S31508001EC025FC019B029A04463B44002A3FD18642E0
S31508001ED012D91446361A404601991DF008F9A9EB9D
S31508001EE004090190D1E7D8F83C3002225B690198D1
S31508001EF008A9984708A8E2E7841B544528BF544612
S31508001F00032C03EB0607AAEB040A4FEA94021CD932
S31508001F10D8F83C30294638465B69984724F00303CD
S31508001F2004F003061F441D44002ED4D0D8F83C30D4
S31508001F3001225B6908A9384698473246284608A907
S31508001F40354427F06EF80026C5E72646ECE707462F
S31508001F5000F00302039203442A1804920593049B93
S31508001F60DD1B059BD81B039B9F420FD1002FB2D0C8
S31508001F70D8F83C30012208A95B6998473A462846B2
S31508001F8008A927F01CF878B93D44A4E7D8F83C30EE
S31508001F90012208A95B6998470422284608A927F060
S31508001FA00EF808B9043FDAE74FF0360948460BB091
S31508001FB0BDE8F08F4FF06309F8E74FF06F09F5E7D2
S31508001FC0181600202DE9F0410F4616469846044695
S31508001FD088B060B390F83450FDB101211CF0BFFF02
S31508001FE000210E9BCDE90511CDE902379DF83C305D
S31508001FF0CDF804808DF81C30237C04968BB90D49E6
S3150800200001AA04F1080000F01DFFDDE90553E06BA5
S31508002010002E08BF1D461DF03BF9284608B0BDE84E
S31508002020F0812046044A01ABFFF7FEFDEDE70546C1
S31508002030F3E700BF3FF20108F51D00082DE9F04F50
S3150800204099B00F4609920A69416C0E931439D31D4B
S31508002050B3FBF1F3013302EBC302036B044693426D
S31508002060C0F0B3810023DFF824940D93E36A484651
S315080020701946079300F06AFFD7E9033604930E9BC7
S31508002080022B4ED1CC2E40F08A81099B002B42D0E0
S31508002090394620461DF05AF9656C079A6B1E13409F
S315080020A01490ED1AE36B01225B6916A978689847C4
S315080020B016A81DF01CFB00280CBF04230823782E45
S315080020C006933DD9012300254FF0080A05933B687E
S315080020D005990E98C9F80030C9F810601DF029FB5B
S315080020E04FEA9A0310930023DDF81CB089F8140010
S315080020F00B930F9308930C93616C4A1E0BEA02022A
S315080021008B1A002E38D05544AB4240D8236B5B1A45
S3150800211013442363ABE0049B1B68149308230693BC
S31508002120D0E7656C079A6B1E1340782EA5EB03055E
S3150800213016D8FB7D7BB9099B002BB3D104230693E4
S31508002140331DAB4210D9A6B1082DBBD804250023F0
S31508002150AA460593BBE7099B002BA3D10823EEE704
S31508002160099B002B9ED1D9E7002505954FF0040A57
S31508002170ADE704250596F9E75345C7D3B0460BEBFB
S315080021800A030393089B002B18BF032313E0A3EB52
S315080021900A039E42B0460BEB0A0228BF98469E42A7
S315080021A00392EFD90123D9F8102089F817309642FF
S315080021B071D1C9F804B0089399F81730002B6CD080
S315080021C099F818200899D31C09EBC3030132C3F800
S315080021D004B0A3F80880997289F81820B8F1000F9E
S315080021E014D00E9B022B5BD10B9B7BB90F9B4344F0
S315080021F0032B0BD9E36B01229B69039814A9984713
S315080022000546002840F0E38001230B93089B16A897
S315080022100193059B009399F814204346396800F00A
S315080022204BFEE36B58469B69109A16A99847051EFC
S315080022300D9B18BF5B4652460D93594643462046AA
S315080022401CF082FF236B08F10302A3EB0A0322F0BA
S3150800225003029B1AC9F808002363002D40F0B780D3
S315080022600F9BDDF80CB04344A6EB08060F935946BE
S3150800227020461CF03CFF00258346002E7FF43CAF29
S31508002280824A3968936804F10800E36252680E9B33
S3150800229000F08AFD84E002238DE7C9F804B09DE7C3
S315080022A0099B002B30D1049BB8F1030F43440A93D2
S315080022B027D9DDE90301E36B4FEA98029B69984742
S315080022C00546002865D118F003025FD0049B28F064
S315080022D003052B440493039B1D444FF0FF330499D5
S315080022E015A8159326F09DFEE36B28469B690122E7
S315080022F015A9984705460A9B0493002D86D0039B8B
S3150800230099E74246039DE8E7039B0A9307F12003F2
S315080023101193FB7D78689BB100233D7E0C9AD9B258
S315080023208D4211D9119903F1010C31F833109142FC
S3150800233026D9069907EBC303D8690A44104403E073
S315080023400C9B069A13441844E36B01225B6915A992
S315080023509847159B012213930C9B0A9804330C93F8
S31508002360E36B13A99B699847039B0A9A43449B1AF4
S31508002370042B054607D978B9134604330A93C8E7E8
S315080023806346521ACBE70A9B0393B6E70A9B049364
S315080023903CE70A9B0493B2E70A9B0393AFE77026D0
S315080023A0304619B0BDE8F08F4FF0000A4FE03A69A1
S315080023B0616CD31D1439B3FBF1F3013302EBC3028D
S315080023C0236B9342BFF452AE5DE01C26E8E73D2D31
S315080023D059D104F1080303932368079A606CA2EBAA
S315080023E0030ABAFBF0FA00FB0A301DF03AFAE16A72
S315080023F0804620461CF07BFEA26A8242D7D0626CD9
S31508002400D9F80830511E0B40216B2668891A0B44EF
S3150800241023630D9BE0629E1BB6FBF2F6B245C3D161
S31508002420079BB3EB080A12D0E36B4FEA9A024146C0
S315080024309B6998478346E36A079A5344E362236B8A
S3150800244003989B1A434423631DF05FF8DA46236812
S31508002450616CE06B01FB06311DF078F920461CF033
S3150800246089FD20461CF086FE2063BAF1000F9ED037
S315080024703A69616CD31D1439B3FBF1F3013302EBEE
S31508002480C3029042A8D22E468AE700BFC015002094
S31508002490032A2DE9F34106460D4617461C4606D182
S315080024A0237A012B23D0012002B0BDE8F081DFF8A2
S315080024B06080096842460DF10703FFF70BFB606071
S315080024C00028EDD19DF80720237A032AE8D0D8F80A
S315080024D004106A689142E3D1012B2969D4F80CC02B
S315080024E007D172690CEB0103934202D92074207C50
S315080024F0DAE708316144E1603B4601222946304665
S31508002500FFF79CFD60600028CAD00020CCE700BF1A
S31508002510EC1500202DE9F341089C032A1746266886
S3150800252006D1237A012B24D0012002B0BDE8F08120
S31508002530DFF89080304642460DF10703FFF7CAFAE6
S3150800254060600028EDD12568D8F80400A96AD5F896
S3150800255044C04840CCF100031840227AE1D1012A50
S3150800256009D1E268D8F8103013447269934202D947
S315080025702074207CD9E72868EB6A1B1A081AB3FB73
S31508002580FCF3B0FBFCF083420BD1706CF36A421E7D
S315080025901340326B121A1344284633631CF0A7FD06
S315080025A0E862D8F81020E36808321344E360012291
S315080025B03B4604492068FFF741FD60600028B0D01B
S315080025C00020B2E7EC1500202DE9F04F4FF0FF335D
S315080025D04FF6FF720025044600F10806C0E90923F4
S315080025E08BB0C3620562056330460F461CF08DFF4B
S315080025F020461CF0BFFC20BB204639461CF03AFD9D
S3150800260020461CF0B7FC20BB5E200BB0BDE8F08F5F
S31508002610E26B2368606CD2F814C000FB0530052213
S3150800262005A9E04705A81DF0ECF8012828D1294698
S3150800263020461CF0F0FC421C294620461CF0B9FC3A
S315080026400135E3699D42E3D320461CF093FC00283C
S31508002650D2D000254FF0FF394FF6FF73CA46A84679
S31508002660C4E90853E369984514D3A5EB0905012D78
S3150800267036D84FF6FF72636A934246D16720C4E79D
S315080026801DF0E9F80028DBD0294620461CF0C3FCDB
S315080026900246D1E72368E26B606C576900FB083095
S315080026A0052205A9B84705A81DF0ABF8834605A875
S315080026B01DF07EF8074658461DF0C8F868B157451C
S315080026C038BFC4F82480B94528BFB946BD4238BFCB
S315080026D03D46BA46236A0133236208F10108C1E779
S315080026E04FF6FF7300256362E3699D42C1D2676CAA
S315080026F02068E36B052207FB05005B6905A9984777
S3150800270005A81DF055F80135EEE7E26B676C206801
S31508002710694607FB030055690522A84768461DF068
S3150800272047F8626A2368606C504D00FB02301DF062
S3150800273098F84FF0FF33A062E3622A466FF0010172
S31508002740204605ABFFF7C6F900284FD1AD682946E4
S315080027502046E5621CF0EAFB206320B92046E16AC0
S315080027601CF0C5FCE062294620461CF0C0FC054664
S31508002770A36A9D423CD16569626CE91C143AB1FBB7
S31508002780F2F14FF0000805EBC1050335B5FBF2F58C
S31508002790C1460235E36999453CD3A8455AD2204635
S315080027A0616A1CF017FC0027064604F1400AB84582
S315080027B012D8626C2368694602FB0639E36B052268
S315080027C05B694846984768461CF0F2FF534602463E
S315080027D04946E06B1DF047F8314620461CF0FAFBE7
S315080027E00137AF420646E2D364200EE7A56AAEE794
S315080027F0294620461CF09AFB236B294603440746C4
S31508002800236320461CF073FC0546002FB0D1C4E9AB
S315080028100B07ADE7636C2768052203FB0977E36BB3
S3150800282005A95B693846984705A81CF0EAFF1DF01C
S315080028300DF860B138461DF014F8014620461CF024
S3150800284075FB636C143B984208BF08F1010809F14F
S3150800285001099FE730461CF058FE0023204619461A
S31508002860034AFFF7E1F90020CFE600BFEC15002088
S31508002870DBF101082DE9F0410025634B0E46D3F83C
S31508002880008004461D6018B921252846BDE8F08158
S3150800289090F8347007B30A6803689A4240F0AA8031
S315080028A04A6843689A4240F0A5808A6883689A42D3
S315080028B040F0A080CA68C3689A4240F09B800A69C3
S315080028C043699A4240F096808A69C36B9A4240F0FF
S315080028D091804B698361D8E768223946856B26F073
S315080028E098FBD6E90212336804F10800236073687E
S315080028F0A5636360336963617369A3611CF017FE9E
S31508002900B36904F14000E3639B68984720B9676C94
S3150800291017B16368B3FBF7F794F84330E761002B08
S31508002920B2D00023656C2366002D6BD0002F69D0CA
S315080029302368B3FBF5F205FB1233002B5CD16768FD
S31508002940B7FBF5F605FB1676002E55D120461CF08A
S31508002950DDFAA369043303449F424FD340F6347229
S315080029606369CC3B93424BD8B5F5805F4AD30321C4
S3150800297020461CF0F4FAD4E90001E36B1B6898477B
S315080029800546E36B0220DB6898472DB184F834606E
S31508002990E06B1CF07DFC78E741462046FFF714FE05
S315080029A06428054604D141462046FFF70DFE054634
S315080029B0636C143BD5B9226A204602FB03F61CF069
S315080029C0A5FAA369043303449E4203D284F834501B
S315080029D05A25DDE70123D4E900010C4A84F834308E
S315080029E01368013313601CF03CFED1E7002384F81A
S315080029F03430CDE75D2548E7592546E75A2544E7AB
S31508002A005F2542E75B2540E7500F00204C0F00206A
S31508002A102DE9FF410C4616461F46054680B390F839
S31508002A2034307BB3B1F5801F2ED2DFF860800121E8
S31508002A301CF095FA2146424628460DF10F03FFF78A
S31508002A4049F8044670B99DF80F30012B11D1D8F812
S31508002A501030BB4212D10246009031462846FFF795
S31508002A60FFF90446E86B1CF013FC204604B0BDE8E9
S31508002A70F081022B14BF2D246024F3E76324F1E7C9
S31508002A802124F2E71124F0E72924EEE7181600209E
S31508002A902DE9F04385B00C4617461E460546DDF877
S31508002AA0308098B390F8343093B3B1F5801F31D2A3
S31508002AB0DFF8649001211CF052FA21464A4628465E
S31508002AC00DF10F03FFF706F8044688B99DF80F3095
S31508002AD0012B14D1D9F8102006EB08039A4213D318
S31508002AE000904346324639462846FFF7B9F9044668
S31508002AF0E86B1CF0CDFB204605B0BDE8F083022B41
S31508002B0014BF2D246024F3E76324F1E72124F2E7B8
S31508002B101124F0E72924EEE7181600202DE9F341E1
S31508002B201F4600230C46164605463B6050B390F8F0
S31508002B3034304BB3B1F5801F28D2DFF85480012119
S31508002B401CF00DFA2146424628460DF10703FEF70A
S31508002B50C1FF0446A0B99DF80730032B10D0022BFD
S31508002B600AD10123336004233B60E86B1CF090FB19
S31508002B70204602B0BDE8F081D8F810303060F3E79F
S31508002B802D24F2E72124F3E71124F1E72924EFE7BE
S31508002B901816002073B50446056B1CF0B7F9636E6A
S31508002BA003449D428CBF00230123854294BF002520
S31508002BB02D1A207C84F85030656584F85800A8B131
S31508002BC000230C4E1A461946204600961CF08BFC2C
S31508002BD0002305461A461946204600961CF08CFC2A
S31508002BE0E3682844984294BF0020C01AE06502B002
S31508002BF070BD00BFFFFF0F002DE9F3471E4643696E
S31508002C000446B342884617469DF828904ED30025B9
S31508002C108DF8075020461CF079F9D4F830A0824583
S31508002C200AD2236AB5EB430F06D2002220460DF1DD
S31508002C300701FFF735F8B8B39DF80730012B05D122
S31508002C40002220460DF10701FFF72AF8B9F1030F14
S31508002C5006D0314620461CF044F9256B854227D319
S31508002C60144D4FF0FF31284600F070F94B462946BF
S31508002C7000222046C5E90376C5F80080FFF7DEF98D
S31508002C80236E054663B12046FFF784FF94F850305B
S31508002C9013B994F858301BB1236E04F150009847C5
S31508002CA0284602B0BDE8F0870135B3E76225F7E7A5
S31508002CB01C25F5E7EC1500202DE9FF410F46904647
S31508002CC01E46054698B390F8343093B3B1F5801F85
S31508002CD031D21A4C02211CF042F9224639462846BE
S31508002CE00DF10F03FEF7F6FE024678B101234246C0
S31508002CF00093394633462846FFF77EFF0446E86BBD
S31508002D001CF0C6FA204604B0BDE8F0819DF80F30E5
S31508002D10012BEBD12169B142E8D1009341463346F4
S31508002D202846FFF79DF804460028DFD1E7E7212467
S31508002D30E8E71124E6E72924E4E700BF181600208F
S31508002D4030B50C46054685B028B390F8343023B321
S31508002D50B1F5801F23D202211CF001F90DF10F03F2
S31508002D60214628460F4AFEF7B5FE034688B99DF860
S31508002D700F20032A0DD00322214600920246284638
S31508002D80FFF73AFF0446E86B1CF082FA204605B0C6
S31508002D9030BD2D24F7E72124F8E71124F6E7292486
S31508002DA0F4E700BF181600202DE9F043466886B3FD
S31508002DB0056898464FF0000CA946AE4655F83C40C3
S31508002DC00CF1010CC4F31307013401D0B94217D032
S31508002DD066450EF1080EF1D12F46002403E0A642FF
S31508002DE007F1080712D055F8343001340133F6D10B
S31508002DF0C1F3130141EA0851C7E90012BDE8F0839F
S31508002E0041EA0851CEE90012BDE8F083B8F1030F94
S31508002E1003D101230372BDE8F083002303E09E4239
S31508002E2009F10809F5D055F833400133C4F30754BE
S31508002E30032CF4D1C1F3130343EA0853C9E900325A
S31508002E40BDE8F0832DE9F0410646406882B0C0B17E
S31508002E500F4690460024336853F8345003EBC403F6
S31508002E60C5F30752C5F31301013504F1010406D071
S31508002E705B683046CDF80080B84710B17068844268
S31508002E80E9D302B0BDE8F081024B1968024B186815
S31508002E90FFF7F0BC602E0020802E002008B529F030
S31508002EA07BFD014B186008BD44160020014B1868CD
S31508002EB029F06DBD4416002073B504462248012A40
S31508002EC000EAC1119DF8185023F07C4007D9961ED8
S31508002ED0012E28D9073303F07F03194308E09DF82C
S31508002EE01C300A43DB0603F0C053134343F060412A
S31508002EF00023C4E900108DF80730B5B12022214619
S31508002F000DF107001CF0C9FC1A220DF10700211D5E
S31508002F101CF0C3FC082063689DF8072043EA826317
S31508002F20636002B070BD1143E2E71B220DF1070092
S31508002F3021461CF0B2FC23689DF80720042043EACA
S31508002F40C2632360EDE700BF80FFFF0738B5094B72
S31508002F500D461A680021044626F05BF800234FF058
S31508002F60FF322383C4E900252361A260E382A376A6
S31508002F7038BD00BF30D502080138C0B205289ABF4F
S31508002F80014B185C0120704735D502082DE9F04140
S31508002F900746154600240E46596888B0490A01298D
S31508002FA022464FEA510104F10104F8D8DC789978F1
S31508002FB024031B88C90201F4006104F480540C43FD
S31508002FC0C3F30A035203234492B24FF000089C1835
S31508002FD0274B6FEA0444039325F07843ED4302A98F
S31508002FE00DF107001B2202938DF807801CF055FC93
S31508002FF09DF80720029B02A943EAC2630DF1070068
S315080030001B2225F07845049302958DF807801CF05D
S3150800301044FC9DF80720029B6FEA144443EAC26306
S3150800302005934FF0FF330794069307A9BB6901225E
S3150800303006F110009847BB6905A90446012206F166
S3150800304008009847BB69404518BF044604A90122F1
S31508003050301D98470122404518BF0446BB693046D3
S3150800306003A99847404508BF204608B0BDE8F08147
S3150800307001009AB2044BD3F88420D206FBD4D3F8C5
S315080030808400C0F3811070470040005038B5174BD4
S315080030900546D3F828310C4603F00703013B052BF8
S315080030A020D8DFE803F003131B0F0B1728F0C2FA2A
S315080030B0052305B1286004B1236038BD28F0BAFAA3
S315080030C00623F6E728F000FB0723F2E728F0F2FAD2
S315080030D00323EEE728F0EEFA0423EAE728F0E6FAF7
S315080030E00223E6E700231846E3E700BF0080005006
S315080030F0002337B50193164B0546D3F820320C4604
S3150800310003F00703042B21D8DFE803F0030B11169D
S315080031101B0001230DB1019A2A6004B1236003B094
S3150800312030BD002101A8FFF7B1FF1223F2E728F00E
S31508003130CBFA07230190EDE729F023FC0A23019037
S31508003140E8E728F009FB09230190E3E70023E1E714
S315080031500080005038B5104B0546D3F880300C4631
S3150800316003F00303022B0BD0032B0DD0012B0FD139
S3150800317028F066FA0E2305B1286004B1236038BD2D
S3150800318028F0A2FA0723F6E728F054FA0623F2E70E
S3150800319000231846EFE700BF0080005038B5104BF3
S315080031A00546D3F800310C4603F00303022B0BD077
S315080031B0032B0DD0012B0FD128F07CFA032305B180
S315080031C0286004B1236038BD28F0C6FA0923F6E75B
S315080031D028F076FA0823F2E701230020EFE700BF7C
S315080031E00080005038B5184B0546D3F820010C4628
S315080031F000F00700062823D8DFE800F0040A0E16B8
S31508003200121A1E00012305B1286004B1236038BDD7
S3150800321028F010FA0523F6E728F04CFA0323F2E71C
S3150800322028F052FA0723EEE728F040FA0223EAE7E5
S3150800323028F000FA0623E6E728F03CFA0423E2E73A
S3150800324000231846DFE700BF0080005038B5104B52
S315080032500546D3F840310C4603F00303022B0BD086
S31508003260032B0DD0012B0FD129F08BFB0A2305B1B7
S31508003270286004B1236038BD28F06EFA0923F6E702
S3150800328029F082FB0C23F2E701230020EFE700BFB9
S3150800329000800050002337B50193164B0546D3F836
S315080032A060320C4603F00703013B032B1FD8DFE807
S315080032B003F0020E1914002101A8FFF793FF10234B
S315080032C00DB1019A2A6004B1236003B030BD002114
S315080032D001A8FFF7BBFF1123F2E728F0F5F907234A
S315080032E00190EDE728F0E2F902230190E8E70023D0
S315080032F0E6E700BF00800050002337B50193164B60
S315080033000546D3F894320C4603F00703013B032B1A
S315080033101FD8DFE803F0020E1914002101A8FFF7F1
S3150800332061FF10230DB1019A2A6004B1236003B02E
S3150800333030BD002101A8FFF789FF1123F2E728F025
S31508003340C3F907230190EDE728F0B0F902230190AD
S31508003350E8E70023E6E700BF0080005038B5104BC9
S315080033600546D3F860310C4603F00303022B0BD055
S31508003370032B0DD0012B0FD129F003FB0A2305B12E
S31508003380286004B1236038BD28F0E6F90923F6E77A
S3150800339029F0FAFA0C23F2E701230020EFE700BF31
S315080033A0008000502E4B98424AD022D82D4B984286
S315080033B040D014D82C4B984239D00AD82B4B984277
S315080033C032D02B4B98422FD02A4B98422CD0002033
S315080033D07047294B9842FAD1284B186F7047284BEB
S315080033E098422AD0274B9842F1D1244BD3F8800033
S315080033F07047254B98422BD009D8244B984223D0A6
S31508003400234B9842E3D11D4BD3F88C007047214BD0
S31508003410984221D003F5740303F510539842D6D188
S31508003420164BD3F898007047144B986D7047134B9A
S31508003430586E7047114B586F7047104B986F70470E
S315080034400E4BD3F8840070470C4BD3F888007047AE
S315080034500A4BD3F890007047084BD3F8940070478E
S315080034600048E8010024F400C0CF6A0080841E00EA
S3150800347000093D0040420F00405DC6000080E00F95
S31508003480C0EA210180BA8C01007E560380D543022A
S31508003490006CDC020090D00373B50D460021114B79
S315080034A00191D3F88041064604F00304022C13D098
S315080034B0032C0CD0012C13D101A8FFF793FE10247E
S315080034C00EB1019B336005B12C6002B070BD28F0C7
S315080034D0FBF807240190F3E728F0E8F80190EFE7F6
S315080034E00C46EDE70080005038B5104B0546D3F87A
S315080034F040320C4603F00303022B0BD0032B0DD0EE
S31508003500012B0FD129F03DFA0A2305B1286004B131
S31508003510236038BD28F020F90923F6E729F034FAA4
S315080035200C23F2E701230020EFE700BF00800050DC
S3150800353038B5144B0546D3F800020C4600F00700D0
S3150800354004281BD8DFE800F003090D111500012334
S3150800355005B1286004B1236038BD29F012FA0A23A0
S31508003560F6E728F0F9F80923F2E729F00DFA0C2313
S31508003570EEE728F085F80F23800AE9E700231846C6
S31508003580E6E700BF0080005038B5144B0546D3F86F
S3150800359008020C4600F0070004281BD8DFE800F0F4
S315080035A003090D111500012305B1286004B1236034
S315080035B038BD29F0E6F90A23F6E728F0CDF80923FD
S315080035C0F2E729F0E1F90C23EEE728F059F80F2382
S315080035D0800AE9E700231846E6E700BF00800050A6
S315080035E0B0F5207F1FD009D8B0F5007F15D003D8D5
S315080035F068B1B0F5C07F0AD000200CE0B0F5607F56
S31508003600FAD10B4BD3F88000C0F3011003E0084B46
S31508003610186FC0F3033001307047054BD3F890009C
S31508003620C0F30460F7E7024B186FC0F38020F2E797
S315080036300080005002464FF48030104B10B5986653
S315080036400020FFF7CDFF504341F671320C4BDC6981
S31508003650DA635A6804F4803422F4401259B90949E5
S31508003660884294BF00200120000502435A600CB12D
S315080036700022DA6310BD0449F2E700BF009000504B
S3150800368000000350005A6202002D3101430905D09B
S31508003690012B0CD0022B084B18BF002300F01F008B
S315080036A039B103F58053012282401A607047034BF3
S315080036B0F4E703F50053F6E768800050648000508D
S315080036C01FB50021B0F5807F0446CDE9001100F052
S315080036D0D2803AD85E2833D85E2833D8DFE800F09F
S315080036E04532323232323232323232323232323299
S315080036F0323232323232323232323232323232329C
S3150800370045AC45ACBCBCBCBCBCACC64E6BDC4EAC1C
S31508003710ACAC3232323232323232ACACAC7EE6AC9F
S3150800372032323232323232323232323232BC4545BB
S3150800373045E14E4EEB8D63C132323232329E450040
S31508003740802870D0009804B010BDB0F5D06F00F096
S31508003750A38035D8B0F5607F79D01AD8B0F5007F48
S3150800376065D005D8B0F5C07FECD127F089FF5CE0BD
S31508003770B0F5207F60D0B0F5407FE3D127F080FF19
S3150800378002464FF42070FFF72BFFB2FBF0F2520807
S315080037905BE0B0F5B06F69D00AD8B0F5806F5BD042
S315080037A0B0F5A06FCED100216846FFF7A1FCC9E7A6
S315080037B0B0F5C06FC6D100216846FFF747FDC1E7DF
S315080037C0B0F5106F6DD00ED8B0F5086F78D0B9D8AF
S315080037D0B0F5E06F6AD0B0F5F06FB3D10021684656
S315080037E0FFF7BCFDAEE7B0F5406F3AD013D8B0F599
S315080037F0206F60D0B0F5286FA4D10021324B039119
S31508003800D3F8703203F00303012B02D103A8FFF7A4
S315080038101DFD039B39E0B0F5486F93D1002168463A
S31508003820FFF76AFD8EE727F00BFF00908AE727F07F
S3150800383007FF0246204604E027F022FF02464FF41F
S315080038402070FFF7CDFEB2FBF0F200927AE701A8EE
S31508003850FFF780FC019AEDE700216846FFF7C2FCF6
S3150800386070E700216846FFF711FC6BE70021684600
S31508003870FFF712FE66E74FF0E02302911B695B072C
S3150800388005D527F0FDFE0290029B00935AE703A98F
S3150800389002A8FFF7DBFCF7E700216846FFF748FEBA
S315080038A050E700216846FFF76FFE4BE700216846A0
S315080038B0FFF71AFE46E700216846FFF7EBFC41E7EB
S315080038C06846FFF76BFC3DE70080005008B580208E
S315080038D0FFF7F6FE034B98429EBF4FF48032024B29
S315080038E01A6708BD005A620200A000501FB50346B9
S315080038F00020B3F5807F019000F0C58065D85D2B68
S3150800390056D84C2B07D82D2B48D8232B2CD80198C2
S3150800391005B05DF804FB4D3B102BF8D801A252F810
S3150800392023F000BF7D3A00080F3900080F39000858
S315080039300F3900082B3A00080F3900080F3900081C
S31508003940D73A0008493A0008EF390008CD3A000886
S315080039500F3900080F3900080F3900080F39000819
S315080039600F390008E13A0008243B092BCFD801A2F9
S3150800397052F823F07D3A00087D3A00087D3A00089F
S315080039807D3A00087D3A00080F390008733A0008A6
S315080039900F3900080B3A0008B33A00083D2B00F02F
S315080039A083803E2BB3D1002001A9FFF79DFDAEE72A
S315080039B0802BACD1504B1B6F03F00703013B032B45
S315080039C0A5D8DFE803F0544D5052B3F5F06F6BD02D
S315080039D020D8B3F5B06F4CD00ED8B3F5607F71D050
S315080039E095D3B3F5806F49D0B3F5A06F8FD100207A
S315080039F001A9FFF77DFB8AE7B3F5D06F59D0B3F578
S31508003A00E06FD0D0B3F5C06F81D1002001A9FFF7D0
S31508003A101DFC7CE7B3F5206F5DD00BD8B3F5086FB6
S31508003A204CD0B3F5106F7FF472AF002001A9FFF7F1
S31508003A30ABFD6CE7B3F5406F48D0B3F5486F4FD090
S31508003A40B3F5286F7FF463AF2B4BD3F8703203F0CE
S31508003A500303012B49D0022B0CBF1523002300E0DA
S31508003A600523019353E70323FBE70823F9E702231A
S31508003A70F7E7002001A9FFF70FFD48E7002001A995
S31508003A80FFF7B0FB43E74FF0E02302901B695B07A3
S31508003A9005D527F0F5FD0D230393039BE1E703A95D
S31508003AA002A8FFF7D3FBF8E7002001A9FFF756FCA9
S31508003AB02DE7002001A9FFF73BFD28E701A9FFF73D
S31508003AC06DFB24E701A9FFF745FB20E7002001A9C4
S31508003AD0FFF7DCFA1BE7002001A9FFF7DBFB16E777
S31508003AE0002001A9FFF708FC11E7002103A8FFF74A
S31508003AF0ADFB1123B5E700BF008000504FF48032BC
S31508003B00074B0849586E03F580535A664B6A23F0EB
S31508003B1001034B62C3035CBF034B5A66704700BF81
S31508003B200080005000C0075000A0005008B5FFF7FD
S31508003B30DDFE092811D00A38012802D94FF6FF7090
S31508003B4008BD4FF48002064B5A6603F5D8335B6A04
S31508003B50DB07F3D54FF4FA70F2E7024B1888EFE764
S31508003B6000900050E230002008B5FFF7BFFE03289A
S31508003B700ABF024B4FF6FF70188808BDE0300020D8
S31508003B8038B504468020FFF7B1FE032800F083808D
S31508003B904FF48012524B4FF0A0615A6645F60E025A
S31508003BA0504BC3F88020504A91624FF4803102F599
S31508003BB0805291629A6DD203FCD4996D11F08041BE
S31508003BC0FBD1D4E90002120542EA0062E07B024317
S31508003BD0207B42EA0042607B42EA0032A07B42EA4E
S31508003BE080121A619869D4E90452120642EA85627B
S31508003BF000F000400243A07EE57E0243207E42EAB2
S31508003C000042607E42EA00229A611A6AE06922F05E
S31508003C100F0242EA8502354D00283DD11A6294F812
S31508003C202420996A94F82000D200294042EA4012DA
S31508003C300A4394F8211042EA011242F480329A6249
S31508003C402B49284A936D31EA0303FBD14FF0807163
S31508003C50254881621369A56823F4700343EA05536E
S31508003C6013614FF00043836194F822300BB9214B5E
S31508003C70996294F823303BB94FF480321D4B9A620F
S31508003C80184A936D5B00FCD494F825301BB1154B8C
S31508003C90194AC3F8802038BD024342F008020228B8
S31508003CA01A6208D119614FF40852996113484FF402
S31508003CB07F411BF010FE0B4994F822308A6A94F86B
S31508003CC020001B062A4043EA4013134394F8242095
S31508003CD043EAC20394F8232043EA02438B62D3E7FC
S31508003CE0009000500040005A0050005AC7FFFEFEE0
S31508003CF0030001000060005AF1A7FFFF3440005A94
S31508003D00014B93F900007047FB300020F0B5D0E96D
S31508003D1001434FF400061A4A4178057856664FF46F
S31508003D20D156022702F5B8325662164E4F297760E9
S31508003D304FF0010728BF4F2106F5805677601669B0
S31508003D40F603FCD441EA052151611B01417B43EA94
S31508003D5004230B43017B43EA41039360C37B817BC6
S31508003D601B0143EA4113417C0B43017C43EA4103AF
S31508003D705360837C13B16FF4D1535362F0BD00BF17
S31508003D800090005000100250014B1880704700BF89
S31508003D90E2300020014B1880704700BFE030002059
S31508003DA04FF4800208B5184B5A660223174A536027
S31508003DB0936813F48033FBD1012822D127F07AFCCB
S31508003DC0134B984215D003F5122303F5F86398426E
S31508003DD013D0104B00EB8002400AB3FBF0F3520AF3
S31508003DE00A49CA620B6301234B620022074B5A60D9
S31508003DF008BD45F67A13084AF2E745F61A03074A54
S31508003E00EEE75362F1E700BF009000500040025011
S31508003E1000F0490264666666D8B80500BBCF05009F
S31508003E20B0F5207F10B50C465DD008D8B0F5007FF8
S31508003E304ED003D8C0B1B0F5C07F15D010BDB0F5CF
S31508003E40607FFBD12C4B4C1ED3F8FC202B4912F07B
S31508003E50807F4FEA041427D1D1F8803023F030034D
S31508003E602343C1F88030E9E71BF044FD1BF050FD01
S31508003E704FF48031224B214A1967136F013C23F412
S31508003E80704343EA0433136727F0FAFB0446FFF747
S31508003E90F1F8C0F1020120461BF034FD00F04AF8A3
S31508003EA0BDE81040FFF712BDD3F8FC2022F080725F
S31508003EB0C3F8FC20D1F8802022F030022243C1F852
S31508003EC08020D3F8FC2042F08072C3F8FC20B5E7C6
S31508003ED00A4A4C1ED2F8903023F0F85343EA04639A
S31508003EE0C2F89030AAE7054A4C1E136F23F4806384
S31508003EF043EA84231367A1E700ED00E00080005041
S31508003F000090005008B50121022000F0C7FB4FF4CD
S31508003F102070FFF765FB054B18701BF0EBFC1BF0D8
S31508003F20F7FC4FF48032024B1A6708BD7F2B00203E
S31508003F300090005008B54FF4C070FFF7C1FBBDE80C
S31508003F4008400449884294BF012102214FF4207099
S31508003F50FFF766BF80F0FA0238B5044627F090FBF3
S31508003F600546FFF787F8C0F1020128461BF0CAFC90
S31508003F700121002000F0D2FB2CB1FFF7DBFFBDE8E2
S31508003F803840FFF7A3BC034B4FF420701978FFF7AE
S31508003F9047FFF4E77F2B0020B0F5807FF8B50C4685
S31508003FA000F053816BD85D285DD84C2804D82D289D
S31508003FB044D8232828D8F8BD4D381028FBD801A3A3
S31508003FC053F820F02B420008B73F0008B73F000817
S31508003FD0B73F00081B410008B73F0008B73F000875
S31508003FE0E143000853410008AB400008C1430008FC
S31508003FF0B73F0008B73F0008B73F0008B73F0008BB
S31508004000B73F00080144000824380928D3D801A37B
S3150800401053F820F02B4200082B4200082B420008D8
S315080040202B4200082B420008B73F00080B42000845
S31508004030B73F0008E1400008FB4200083D2800F0B1
S315080040404C813E28B7D1093C032C8CBF0021B34BC9
S31508004050B34A98BF195DD2F8403223F003030B43E5
S31508004060C2F84032A7E78028A5D18B1E062B00F29E
S31508004070C980DFE803F0C4B2C77FC7C7C100B0F57F
S31508004080F06F00F02A813BD8B0F5B06F00F0BD8024
S315080040901BD8B0F5607F00F06D818CD3B0F5806FCA
S315080040A000F0C380B0F5A06F85D1073C0B2C8CBF00
S315080040B000219C4B9A4A98BF195DD2F8203223F00A
S315080040C007030B43C2F8203275E7B0F5D06F00F04E
S315080040D01481B0F5E06FB6D0B0F5C06F7FF46BAF62
S315080040E0093C032C8CBF00218F4B8D4A98BF195D64
S315080040F0D2F8403123F003030B43C2F840315AE7A4
S31508004100B0F5206F00F06C8117D8B0F5086F00F095
S315080041102181B0F5106F7FF44EAF093C062C8CBF99
S315080041200021824B7E4A98BF195DD2F8083223F0E7
S3150800413007030B43C2F808323DE7B0F5406F00F0BD
S315080041403F81B0F5486F00F05B81B0F5286F7FF4CA
S3150800415032AF112C00F06481A4F115035C425C4176
S3150800416064006F4AD2F8703223F003032343C2F87F
S31508004170703220E7002502264FF4803701210220FD
S3150800418000F08CFA1BF0B6FB1BF0C2FB684B644AC6
S315080041901F67136F23F007033343136727F070FA7B
S315080041A00646FEF767FFC0F1020130461BF0AAFB80
S315080041B00121002000F0B2FAFFF7BCFEFFF786FBEC
S315080041C0002D7FF4F8AE032C7FF4F5AE594B5A4A0E
S315080041D09F62936D5C00FCD4EDE64FF48012544B5D
S315080041E00E465A664FF48032534B9D6A03F5805348
S315080041F0C5F300659A62BFE700250426BCE70025DB
S315080042000126B9E700252E46B6E7023C0E2C8CBFE0
S3150800421000214A4B424A98BF195DD2F8803123F0F3
S3150800422003030B43C2F88031C5E6023C052C8CBF5C
S315080042300021434B3A4A98BF195DD2F8203123F042
S3150800424007030B43C2F82031B5E6A1F10904082C8F
S315080042503FF6B1AE01A353F824F000BF814200082F
S3150800426081420008B73F000881420008AF420008B3
S31508004270B73F0008B73F0008B73F0008814200086B
S315080042804FF48032264B2F49586E03F580535A66F1
S315080042904B6AC00343F001034B625CBF2A4B5A6664
S315080042A04FF0E022136923F00403136183E64FF409
S315080042B080321B4B2349586E03F580535A664B6A66
S315080042C023F001034B62C1035CBF1F4B5A664FF0D4
S315080042D0E022136943F00403E7E7093C032C8CBF8B
S315080042E000211A4B0E4A98BF195DD2F8603123F0A7
S315080042F003030B43C2F860315DE6093C062C8CBF0C
S315080043000021134B064A98BF195DD2F8003223F0F4
S3150800431007030B43C2F800324DE600BF6ED502080C
S31508004320008000504BD502086ED5020867D50208F2
S31508004330009000500060005A0040005A78D50208E4
S3150800434072D5020800C0075000A000506ED50208BA
S3150800435067D50208CC1E062C8CBF0021314B324A89
S3150800436098BF195DD2F8003123F003030B43C2F856
S31508004370003120E62D49063CD1F8FC2012F0807267
S315080043801EBFD1F8FC3023F08073C1F8FC30082C2E
S315080043908CBF0020264B244998BF185DD1F8803081
S315080043A023F003030343C1F88030002A3FF403AE29
S315080043B01E4AD2F8FC3043F08073C2F8FC30FAE5A6
S315080043C0023C052C8CBF00211A4B174A98BF195D71
S315080043D0D2F8283123F007030B43C2F82831EAE55F
S315080043E0023C0F2C8CBF0021134B0F4A98BF195D56
S315080043F0D2F8603223F007030B43C2F86032DAE5DD
S31508004400023C0F2C8CBF00210C4B074A98BF195D44
S31508004410D2F8943223F007030B43C2F89432CAE564
S3150800442001249EE660D502080080005000ED00E0F9
S3150800443057D5020872D502083BD502083BD50208B3
S315080044404FF4C02270B50546FEF7ACFF314B044663
S315080044505A6603F598335A68012A04D12E494A60E8
S315080044605A689207FCD48020FFF740FA052807D13E
S315080044701BF040FA1BF04CFA4FF48032254B1A67B2
S31508004480264B24F040749D4230D0254B9D4230D0B7
S3150800449027F0D0F88542064603D90121284600F0C0
S315080044A03DF9204BDA6812F0060FFBD199689C603B
S315080044B09A68624012F4F81F1ED12846FDF7DEF806
S315080044C08020FFF713FA05280DD127F0D9F80446FE
S315080044D0FEF7D0FDC0F1020120461BF013FAFFF7E4
S315080044E029FDFFF7F3F9AE420CD270BD44F0007413
S315080044F0CEE744F08074CBE780209960FFF7F6F9A1
S31508004500052805D0BDE870400121002000F006B955
S315080045103546DAE70090005000E0015040420F00AF
S3150800452080841E0000000150304B314A984251D019
S3150800453020D8A3F5B703A3F55863984246D00DD8FB
S315080045402C4B984231D02C4B984239D02B4B4FF4F8
S31508004550002198421DD00023516622E0284B4FF4D3
S3150800456000219842F7D1274BD3F8BC30516623F087
S31508004570407316E0244B984230D0244B984231D0F1
S31508004580234B4FF400219842E5D11E4BD3F8C8308F
S31508004590ECE71C4BD3F8A030516623F0407343F088
S315080045A000734FF0B442936070474FF40021154BE7
S315080045B0D3F8A030516623F0407343F08073F0E7D8
S315080045C0104BD3F8A0304FF40021CFE70D4BD3F8AA
S315080045D0B830F8E70B4BD3F8C030F4E7094BD3F8FB
S315080045E0CC30F0E7074BD3F8D030ECE7C0EA21012E
S315080045F00090005080841E0000093D0040420F00D4
S315080046000024F4000080E00F0048E801005A620226
S3150800461080BA8C01024A536B0342FCD1704700BF33
S3150800462000400950044A4178536F23F4407343EA23
S3150800463001235367704700BF004000500E4A10B56B
S315080046401369044643F00403136127F005FE1BF0C3
S3150800465064F90A4B5B6E5B0142BF094B094AC3F812
S31508004660202430BF1BF05AF903F05CF81CB9BDE8EA
S31508004670104027F005B810BD00ED00E0008000509E
S3150800468000E003500000FF0F034A0179D36E23F0C0
S3150800469030030B43D366704700400050F8B5044614
S315080046A01C4BD3F88420D106FBD4D3F88430C3F34B
S315080046B081139C422CD026F0C3FF012C064602D15A
S315080046C021461BF01FF928F067F94FF00072124BCC
S315080046D007465A6620461BF024F94FF480630D4DB1
S315080046E0621E93402B676B6E9A0103D4D5F884300B
S315080046F09B060AD5384628F04AF9022C08D13046D6
S31508004700BDE8F84000211BF0FDB8D5F88430EAE78B
S31508004710F8BD00BF004000500060005010B50C46C0
S3150800472008B926F08DFF074B21461B783BB1064B8F
S31508004730984204D80120BDE81040FFF7AFBF022019
S31508004740F9E700BF802B0020005A62020278034B6B
S31508004750012100201A70FFF7E1BF00BF802B00205F
S315080047604FF0004238B5244B244C5A664AF6CD33EE
S31508004770656C014605F00105236428BB0120FFF797
S3150800478049FF6368DB0715D51D4B586008461D4B66
S31508004790226BD2070CD4984208D1072415B1174BBF
S315080047A0194A1A6423F0DAFE204638BD0130EFE7CD
S315080047B09842F2D00024F1E70132236B13F0080384
S315080047C005D08A42F8D1E8E700220E49F5E78A4281
S315080047D0E3D020210A4A91620121A2F58052516054
S315080047E00649084A886A800603D49342D5D001331D
S315080047F0F8E79342DDE700BF0090005000400950FB
S315080048000060095040420F003254FFFF4FF000424B
S3150800481038B5164B01465A664AF6CD33144C154A36
S31508004820656C236443780B205B0043F00103D36374
S31508004830FFF7F0FE63688A7823F4F87343EA0213F5
S315080048406360CA784B7943EA0223A3600A798B79B5
S3150800485043EA022323610878FFF782FFEB0744BF88
S31508004860054B236423F07AFE012038BD00900050E2
S3150800487000400950004000503254FFFF4FF00042FC
S31508004880124B70B55D6E03F580535A664AF6CD3302
S3150800489004460F4980204E6C0B64FFF7BBFE0B6A7B
S315080048A023F00F030F2C94BF234343F00F030B622F
S315080048B0F30744BF074B0B64002DA2BF4FF000421D
S315080048C0054B5A6623F04AFE70BD00BF00800050B3
S315080048D0004009503254FFFF00A000504FF000423C
S315080048E0104B70B55D6E03F580535A664AF6CD33A4
S315080048F004460D4980204E6C0B64FFF78BFE0B6A4D
S3150800490023F4F85343EA04230B62F30744BF074B27
S315080049100B64002DA2BF4FF00042054B5A6623F0E8
S315080049201DFE70BD00800050004009503254FFFF44
S3150800493000A000502DE9F04105460F461E46904658
S315080049404AB101233022194C8B4002FB004436B38E
S3150800495004F5825423600F21072F05EB450388BF12
S31508004960A7F108044FEA0313114895BFBC00A40039
S3150800497004330C3308FA04F2A14018441AF0D2FFA3
S31508004980B8F1000F09D101233021084ABB4001FBC9
S3150800499005223EB102F582521360BDE8F08104F5A6
S315080049A00154D7E702F50152F6E700BF00C00350ED
S315080049B030C003504369DA01FCD4012300F50050E6
S315080049C0024A436053689B07FCD47047004000596D
S315080049D070B504461546FFF7EDFF0B784A7803F0E5
S315080049E0070343EAC203CA7843EA02238A78120114
S315080049F002F070021343C4F88030E26A0B7922F0A1
S31508004A00170203F0070313434A79120102F0100252
S31508004A101343E3621E4B2A469C4225D0012004F527
S31508004A20805358601A4B00229C422AD08B79A26187
S31508004A3053BB70BD12F8023C12F8040C5B0443EA3F
S31508004A40002312F8050C034312F8030C000400F4C3
S31508004A508030034306F1280044F820300136102E32
S31508004A6002F10502E6D1D9E70026F8E703EB83064B
S31508004A70AE5D16B100FA03F632430133102BF5D1B9
S31508004A80D4E713460435F9E70823E360D1E700BF06
S31508004A9000400059084608B569B92A20FEF710FEF5
S31508004AA0B0B10C4B984206D90B4B9B68C3F3027303
S31508004AB00133B0FBF3F0094B00F5742000F23F20F8
S31508004AC0B0FBF3F001387F2828BF7F20C0B208BDAD
S31508004AD00120F0E7005A62020040005940420F00E8
S31508004AE00B4B10B5994228BF19460C461AB92A200D
S31508004AF0FEF7E6FD0246631E1344B3FBF4F0A34239
S31508004B0028BF00F1FF30032828BF0320C0B210BD1C
S31508004B10005A620210B50C46FBB111491148012B27
S31508004B2008BF01468C4228BF0C461AB92A20FEF750
S31508004B30C7FD02469DF8083040F2FF300133B2FB4C
S31508004B40F3F2631E1A44B2FBF4F3A24228BF03F140
S31508004B50FF33984228BF184610BD0349E2E700BF55
S31508004B60404B4C00002D31018096980013B5044641
S31508004B7001A800F0D1FA042C8EBF0020024B33F8AE
S31508004B80140002B010BD00BF88D502082DE9F04F09
S31508004B902DED048B06468DB0DFF85CC306AF0C46D8
S31508004BA01546BCE80F000FC79CE8030087E803001A
S31508004BB0C74F002239463046FFF792FF94F8058022
S31508004BC0804538BF80463046FFF7F4FE20795FFA05
S31508004BD088F850B92A20FEF773FDB842014628BF67
S31508004BE0B0FBF8F13046FFF755FFE3784FEA087255
S31508004BF01B0102F0E04203F030031343000422785D
S31508004C0000F4FE0003430AB143F0020362780AB1D6
S31508004C1043F00403A2780AB143F00803B360E388BB
S31508004C2022893361638943EA02433362A94B9E4270
S31508004C3000F01D82012306F5805673600DB0BDECA9
S31508004C40048BBDE8F08FA44920E0D1F88041012B00
S31508004C504FEA144440F29680022B00F071813F011E
S31508004C6007F1B247C9F3090307F580477B600AF1E4
S31508004C70010A1435BAF1020FDCD02B78AF68002B85
S31508004C80E1D09649964A012B18BF1146914C00224D
S31508004C902046CDF800800393FFF73CFF04EB0A1487
S31508004CA0A16C039B21F0435121F41D1121F44351BA
S31508004CB01FFA87F921F03F0103F003070F436978CC
S31508004CC081454FEA810101F01C0147EA0107A978ED
S31508004CD038BF81464901C9B20F43E97828790903E3
S31508004CE001F4E0413943070407F4E02739432F7CF0
S31508004CF04FEA0A1B7F0507F4600739436F793F07B8
S31508004D0007F040573943A164A46C7649C4F30234CA
S31508004D10013C0AF10507042C2BD80FF2080C5CF8A5
S31508004D2024F000BF734D0008734D00084B4C000873
S31508004D30394D0008534D0008D1F88441012BA4B21F
S31508004D408AD8002B40F09880D1F88C1109144900B4
S31508004D501DE0D1F88441012B4FEA14443FF67CAF9D
S31508004D60002B40F08C80D1F88C11091401EB41011D
S31508004D700DE0D1F88041012BA4B23FF66DAFDFED0F
S31508004D80637A08E0002B74D1D1F88C11091407EE68
S31508004D90901AF8EEE77A22040BF1B24202F5804245
S31508004DA0926C24F4C041C2F3820C4FF001020CF15C
S31508004DB0010E02FA0EF209EE102A4FEA8141B8EE08
S31508004DC0C99AF6EE008A474A48BF41F00041BCF14D
S31508004DD0000F5AD1002B55D1D2F88C311BB207EEF1
S31508004DE0103AB8EEC77A37EE878A002840F09080E6
S31508004DF005A8039100F090F9DFED3B7A68EE277A73
S31508004E000399DFED3A6A86EE897ADFED396A27EE8D
S31508004E10267AF1EE006AB1F1004F07EEA67A0BD0BA
S31508004E20DFED347A06EE104A77EE276ABAEEE86ABC
S31508004E3056EE267AB0EE677AB5EEC07AF1EE10FA3B
S31508004E40CBBFB1EE477A78EEC78A37EE687AFDEEC1
S31508004E50E87AC8BFFDEEC77A17EE903AB3F5003F79
S31508004E6065DB6FEA51416FEA41411A4A3B01D1506D
S31508004E70F5E6D1F8941189E7D1F8941166E7D1F8E7
S31508004E80941172E7D2F89431A8E7ABB9D2F8903109
S31508004E901BB207EE103AB8EEC77A77EE677A69EE74
S31508004EA0286A104B87EEA67AD3F888311BB207EE2C
S31508004EB0903AF8EEE77A96E7D2F898311BB207EE01
S31508004EC0103AB8EEC77A37EE677A77EE877AE6E76A
S31508004ED0005A62020040005980969800002D310160
S31508004EE0404B4C000080E00F3D3B843F0000804370
S31508004EF0000020440000004994D5020800007A44C6
S31508004F0000000038E71B753F00000047000000005E
S31508004F10D5ED037A5FED076AF8EE677A87EEA67A2B
S31508004F20F7EE046AC6EE877A67EE887A69E713F5BC
S31508004F30003FAABFC3F3110341F40031194394E7B4
S31508004F40FFF714FE07EE900A1FED147AF8EE677A5B
S31508004F500BF1B24303F580439B6C0CAAC3F34213CF
S31508004F6002EB830387EE875A13ED067AFCEEC77ABF
S31508004F7017EE903AF7EE006A5C2B1CBF77EE267A9E
S31508004F8087EE276A07EE904A5FED235AF8EE677AAE
S31508004F9008BF1FED246A67EEA57A67EE867A1FEDCD
S31508004FA0266A67EE867AF5EEC07AB6EE006AF1EE04
S31508004FB010FA4CBF77EEC67A77EE867A0BF1B242D4
S31508004FC002F58042136DFDEEE77A0023136517EEAE
S31508004FD0903A17EE900A13F4004F136D5FED354AB9
S31508004FE018BF43F000431365224B116D03EA804353
S31508004FF00B431365204B9FED214AD3F88811D3F84C
S315080050008831116D1BB207EE903AF8EEE77A77EE23
S31508005010A47AC4EE074A37EE267AC4EE876AF7EE14
S31508005020044A84EE857A67EE277AB1EE007A47EE6F
S31508005030876A07EE104ADFED127AB8EEC77A76EE7F
S31508005040A76A65EEC75A46EEA57AF5EEC07AF1EE7E
S3150800505010FA4CBF77EEC67A77EE867AFDEEE77AD7
S3150800506017EE903AC3F311030B431365F7E54FF0B8
S31508005070000AFFE50000FC7F0080E00F0000804882
S31508005080000000494FF48032054B9A6641F67132AA
S3150800509003F51C33DA63012203F50053DA6070471F
S315080050A00090005041F671320121064BDA6303F590
S315080050B00052D1600022DA634FF48032A3F5183328
S315080050C09A66704700000350013831289ABF024B90
S315080050D0185C0020704700BFACD5020838B5C2F38B
S315080050E00625044602F0070241B942EA052242F4BF
S315080050F040220634074B43F8242038BD114628467B
S315080051001AF0B5FC02462846FFF7DEFF163442EAD7
S315080051100022EFE7008003504FF48032064B5A66B0
S3150800512003F5E6239B69C3F38512827003F03F02F9
S315080051301B0B42700370704700900050014B986C2F
S31508005140D96C70470080E00F0120034B9B680A3337
S3150800515003F01F03984070470080E00FF8B50C462F
S31508005160164607691AF0A0FCA37862789B0343EAFF
S315080051700243E27A054613436268D20202F4C05239
S315080051801343227A43EA0223627A43EA0213A27A93
S3150800519043EA820322784EBB4361416B636921F47B
S315080051A07F7121F00301C3F309030B43436300F541
S315080051B0805301205860E368217CDB0303F4FC1369
S315080051C043EA0133E17C2E6B0B43617C43EA0123FE
S315080051D0A17C43EA01131D4931400B432B63002A86
S315080051E02FD1BA0701D51023EB61F8BD012E23D1C3
S315080051F08361416B164B606921F0FF7103EAC03386
S3150800520021F4C0310B436B6305F580535E60E36898
S31508005210217C5B0603F0FC4343EA8153617C286BDF
S3150800522043EA4123A17C43EA4113E17C43EA410373
S31508005230084901400B432B632AB9FB07D5D501233F
S31508005240D2E7E861CDE71023EB61F6E7EE0EE0FF63
S315080052500080FF01DDFD3F800F4B10B5994228BF46
S3150800526019460E4B0C4698420ED15420FEF728FAE2
S315080052700346002210460132B3FBF2F1A14202D9DD
S31508005280802AF7D17F2010BD054B984201D15D20B9
S31508005290ECE70023EDE700BF40420F00004002594B
S315080052A0008002590122437801789A4030235943F5
S315080052B0014B5A50704700BF40E00350034BD3F8E8
S315080052C02424D3F820041040704700BF00C00350C0
S315080052D02DE9F8431F4B0546D3F810334B1E0E2B0A
S315080052E00E461746047890F8018026D951B34FF038
S315080052F0000928461FB326F03FFA0F21B8F1070F19
S3150800530004EB440488BFA8F108084FEA04141248BD
S3150800531095BF4FEA88084FEA880804340C3409FA1E
S3150800532008F201FA08F120441AF047FC86B9284623
S3150800533057B1BDE8F84326F01FBA8946D9E7FFF703
S31508005340B1FFDAE78946D8E7BDE8F843FFF7AABF11
S31508005350BDE8F88300C0035030C00350054B9A6877
S315080053609107FCD45A689207F9D4DA69002AF6D16B
S31508005370704700BF00800A50034908B54B6826F0FD
S3150800538007FA02230B6108BD00800A5008B5FFF72B
S31508005390E5FF0122024B03F580514A601A6108BDF8
S315080053A000800A5008B5044B5868012803D1FFF756
S315080053B0E3FF024B586008BD00800A5000A00A505F
S315080053C038B5074DFFF7CAFF6B680446012B03D1B2
S315080053D0FFF7E8FFFFF7C2FF2378EB6038BD00BF91
S315080053E000800A5010B526F0DDF9B8B94A680B787E
S315080053F012B1127843EAC2034A7843EA42038A683A
S3150800540012B1127843EA8213CA7843EA82030A6918
S3150800541012B1127843EA4223014A936410BD00BFD1
S3150800542000800A504FF48032084B5A6603F5E6238B
S315080054309B691A0B027003F03F0242704FF6FF7227
S31508005440C3F3851342808380704700BF00900050E5
S31508005450014B986CD96C70470080E00F70B5044614
S3150800546023F046F9064630B90FCC044D0FC594E82B
S31508005470030085E80300304670BD00BF48160020CB
S3150800548047F6FF739A42F0B56FD002296FD8394BA9
S315080054905B5C012B6BD8384DDF0005EBC30415F8B0
S315080054A03330A178012B13D10025E078401AA842A1
S315080054B002D80844C0B2F0BD431B6668A0EB53038C
S315080054C036F913609642D4BF1D4603F1FF30EEE766
S315080054D060680028EFD0B0F90040944204DBB0F9C8
S315080054E002409442B8BF144683883D44FF2B19BF37
S315080054F0C8224FF0280CB0F90620B0F908C0A2EB74
S3150800550004030CBF0126002693FBFCF333446E7894
S315080055101BB29E4201DD002B01DA731E1BB24FF44B
S315080055207A7C01339BB2071D5D1E2DB24FEAC50E6C
S3150800553000EBC505EA88AD689E4214FB025222EAD2
S31508005540E27202F15C02B2FBFCF204DD37F833507A
S3150800555001339542E8D200EB0E039888904228BFA3
S315080055601046884238BF0846A4E7FF20A3E7002074
S31508005570A1E700BFDED50208481600200229F0B5CB
S3150800558055D82C4B585C012851D82B4C04EBC0013C
S3150800559014F830004B6801280FD1C8788C789042EF
S315080055A094BFC4EB0001C4EB0201001BCAB28242DD
S315080055B0C8BF002233F91200F0BD002B37D0887817
S315080055C0904202D3B3F90200F6E7CC78B3F90000AB
S315080055D09442F1D94C789988013CA1F1FF067142B1
S315080055E003F10405E4B2714103F10C07CEB2B442EB
S315080055F016D805EBC1014FF47A756A43B1F9024032
S315080056004968521A04EBD47102EB610292FBF4F278
S315080056109042D1DBB3F902009042CDDC10B2CBE761
S3150800562037F831C04E1C9445E3D33146DEE70348CC
S31508005630C2E700BFDED50208481600200080FFFF3B
S3150800564008B50448FFF70AFFBDE80840012023F023
S3150800565053B800BFE4D5020800487047E43000207C
S315080056607FB50222084B0949CDE901234FF00073A3
S31508005670CDE90313052301A94FF0FF30059323F065
S3150800568092F807B05DF804FB006A180000020400EF
S315080056902DE9F0418CB08846DDE912761D460446B0
S315080056A0002847D0002945D0002F43D0002E41D0EE
S315080056B013F00F033ED120482049A360002A08BFF3
S315080056C001462362C4E90013404609A91AF050FBB3
S315080056D068BB2046099927F0A6F92946204627F0EF
S315080056E0A2F96946404600F0DFFA00BB6946204643
S315080056F01AF054FD404603A91AF021FCB8B9204611
S3150800570003A91AF04BFD06970127204645F00055D8
S3150800571006A9079708951AF041FD204609A9099692
S315080057200A970B9527F0A5F9204626F091F80CB0B4
S31508005730BDE8F0812120FAE7000100040001010418
S315080057402DE9F0418CB0884616461D460446129F40
S3150800575000284BD0002949D0002A47D0002F45D031
S315080057600B68103B102B41D8214A22FA03F3D907BC
S315080057703CD500231F4A8360C0E90023036209A9B8
S3150800578040461AF0F5FA70BB2046099927F04BF9FE
S315080057902946204627F047F96946404600F084FA2C
S315080057A008BB694620461AF0F9FC404603A91AF0D8
S315080057B0C6FBC0B9204603A91AF0F0FC06960126D6
S315080057C0204606A945F00055079608951AF0E6FC06
S315080057D0094B204609A909970A960B9327F049F918
S315080057E0204626F035F80CB0BDE8F0812120FAE70E
S315080057F0010101000000040410000020F0B50C4669
S3150800580017461E46054695B0002874D0002972D062
S31508005810002A70D0002B6ED0036B0F2B5BD80023A9
S31508005820364A3846C4E90023A360236211A91AF050
S315080058309FFA00285BD12046119927F0F4F8296BC6
S3150800584020460F2984BF01F00F01103127F0EBF82D
S31508005850384602A900F028FA002848D1204602A9AD
S315080058601AF09CFC384605A91AF069FB00283ED1B7
S31508005870204605A91AF092FC0122214B08950992A7
S315080058800A932B6B05F1100003F00F0141F000514C
S315080058900B900F2B0C920D910E900F9243F0005225
S315080058A0109226D90A9B08A923F0005320460A938A
S315080058B01AF074FC0BA920461AF070FC0123119605
S315080058C012930F4B204611A9139327F0D2F82046BE
S315080058D025F0BEFF0BE000F12003019000930122A2
S315080058E0102339462046FFF7D3FE002897D015B077
S315080058F0F0BD0EA9DFE72120F9E700BF0000040488
S31508005900100000202DE9F04F9BB00C4690461F462C
S315080059100546DDF89090002800F0B280002900F0D6
S31508005920AF80002A00F0AC80002B00F0A980026B43
S3150800593002EB09031B09B3EB121F02F00F0600F076
S31508005940978000234F4A8B60C1E900230B624046CB
S3150800595017A91AF00DFA0346002840F0858006EBD1
S31508005960090B204617992BF00F0A27F05CF85146C9
S31508005970204627F058F8404602A900F095F9034654
S31508005980002871D1204602A91AF008FC404605A94C
S315080059901AF0D5FA0346002866D14FF0010801909F
S315080059A005A920461AF0FAFB374A204608A90895A1
S315080059B0CDF824800A921AF0F1FB46F00051AAEBC2
S315080059C0060605F1100346F000560B93CDF8308015
S315080059D00D910E97CDF83C8010960D99204621F032
S315080059E000510D910BA900931AF0D8FB20460EA979
S315080059F01AF0D4FB019B244A1193AAF1100343F031
S31508005A000053CDF84880139305F120031493CDF87D
S31508005A1054801692139B204643F080431393139B9E
S31508005A2011A923F00053139327F023F8204614A94D
S31508005A3027F01FF8144A17A920461795CDF8608055
S31508005A40199227F016F8204625F002FFAAEB0B015B
S31508005A5049440190ABEB0A020098394423F0E1FA75
S31508005A60019B2A6B4A442A6318461BB0BDE8F08F8F
S31508005A7010304A463946304423F0D3FA0023F0E77B
S31508005A802123F1E703020004100000202DE9FF4757
S31508005A904FF000080E4617460446CDF80080002849
S31508005AA059D022B90025284604B0BDE8F087002958
S31508005AB051D032F0030902F0030A1FD04FF0E06319
S31508005AC0C0E9003801230191C0F808800293C0F8A4
S31508005AD0208049F0005301A9039326F0CAFF4946DE
S31508005AE0204626F0A0FF204625F0B2FE054628B13E
S31508005AF04A464146304623F08CFAD4E7BAF1000FFD
S31508005B00D0D04FF000084FF0E063C4E90038012315
S31508005B10CDF804D00293114B204601A9C4F8088099
S31508005B20C4F82080039326F0A4FF0421204626F01B
S31508005B307AFF204625F08CFE054608B13A46D8E796
S31508005B40009A4E44EB00013522FA03F3AA4506F8FB
S31508005B50013BF7D1A6E72125A5E700BF04000020F1
S31508005B60F0B50F4616461D46044693B010B92120D7
S31508005B7013B0F0BD0029FAD0002AF8D0002BF6D0D1
S31508005B80002331461A4638461AF097F80028EFD10E
S31508005B90304602A91AF02DF80028E9D1EB68022B45
S31508005BA00AD039683F48029A81426B6902D0183098
S31508005BB0814270D19A42DAD82B68002BD7D14FF0A0
S31508005BC060623846C4E90023A360236201A91AF07B
S31508005BD0CFF80028CCD10199204621F4F061019133
S31508005BE026F021FF694628461AF0C2F80028BFD1D8
S31508005BF02046009926F017FF384609A900F054F800
S31508005C000028B5D1204609A91AF0C8FA38460CA9C1
S31508005C101AF095F90028ABD120460CA91AF0BEFA5D
S31508005C20EB684BB1284606A900F03EF800289FD13C
S31508005C30204606A91AF0B2FA304603A91AF07FF9E7
S31508005C40002895D1B368DA040CD59B0427D506211C
S31508005C50F36932691B6801FB03225B0043F00053BA
S31508005C6003920593204603A91AF098FA28460FA925
S31508005C701AF065F900287FF47BAF20460FA926F0B5
S31508005C80F8FE0325204625F0E3FD01287FF470AFD2
S31508005C90013DF7D16CE7B3EB420F8DD267E72920B8
S31508005CA066E700BF200000B090B189B101234B60C0
S31508005CB0C368013B012B08D88269064B1AB10A60F2
S31508005CC000208B607047044AF9E74FF00053F7E766
S31508005CD02120704708000020C0E7020870B50E466C
S31508005CE0154604468AB000285BD0002959D0002AF8
S31508005CF057D0012329461A46304619F0DEFF0028F8
S31508005D004DD1B36813F4C04F4BD0AB6803F4C0430E
S31508005D10B3F5005F45D1254BA060C4E90030206289
S31508005D2007A930461AF024F8002838D120460799E2
S31508005D3026F079FE304601A9FFF7B6FF78BB204664
S31508005D401AF02CFA304604A91AF0F9F838BB20469E
S31508005D5004A91AF023FAEB681BBBAB6803F4C0432B
S31508005D60B3F5005F1DD16946284619F06DFFB0B935
S31508005D70009B6A699A4216D32A6943F00053079230
S31508005D800122204607A908920325099326F071FEE9
S31508005D90204625F05DFD012801D1013DF8D10AB064
S31508005DA070BD2120FBE71D20F9E700BF00000102B6
S31508005DB006289ABF014B185C00207047C8E70208FE
S31508005DC0012300F01F02A0F506200949A0F550603E
S31508005DD04009934051F820201A4341F820200549EC
S31508005DE051F8202022EA030241F82020704700BF1C
S31508005DF078160020641600200121A0F506230E4A15
S31508005E00A3F550635B0900F01F00814052F8230098
S31508005E10014342F823100949D1E900300344886850
S31508005E200344C868096903445B1802BFC2E9003322
S31508005E30C2E9023313617047641600207816002001
S31508005E402DE9F04FA9B003921F4604460822DDF853
S31508005E50CC80CDE90401414021FA02F34B40980772
S31508005E6002F1080218BF9B00202A1C44F4D18123A2
S31508005E70B4FBF3F303EBC313E41A7A4B04F50624D5
S31508005E801B7804F55064002B39D1FCF7FDFF054655
S31508005E90002840F0DB800146402208A823F0B9F824
S31508005EA04022294618A823F0B4F86F4EDFF8D0919F
S31508005EB0B3460BF10F0ACDF800A0102208A95B46DD
S31508005EC0D9F8000019F00FFB00220146103608AD7C
S31508005ED0914242D1CDF800A05B461022D9F80000C5
S31508005EE018A919F009FB4FF0000A834618ADD345E7
S31508005EF03DD15E4B9E42DBD101225A4B1A704FF0C0
S31508005F00810A0026DFF87CB1A4F50625A5F55063BD
S31508005F105B095BF8232004F01F01CA40D2073BD473
S31508005F20534A52F82330CB40DB0727D58123002E6E
S31508005F3008BF2646A5F6FF44B4FBF3F303EBC313E9
S31508005F40E41A04F50624BAF1010A04F55064DBD113
S31508005F50039BABB1A6B134461AE055F8040BCDE95C
S31508005F600612FFF72DFF079A06990132B0E755F892
S31508005F70040BFFF741FF0AF1010AB8E7039B23B9AF
S31508005F806FF08B0029B0BDE8F08F002E18BF34469D
S31508005F90349B00201C60F5E7329B13B10023329A2C
S31508005FA01360B8F1000F02D00023C8F800301023A0
S31508005FB0DFF8CC9000933A4600232146D9F8000032
S31508005FC0FCF766FD002839D132993A68294BD9B9C8
S31508005FD09A4206D02146D9F80000FCF7B1FE0028FF
S31508005FE0CED1D7E90223DDE90410834208BF8A42ED
S31508005FF02FD08123A5F6FF45B5FBF3F303EBC313B7
S31508006000ED1A05F506249EE7102032999A42086093
S31508006010E0D1B8F1000FE4D043462146D9F8000094
S3150800602018AAFCF77BFD48B9329AD8F800301268EE
S3150800603093420BD39B1AC8F80030D2E70E4B98420E
S31508006040C8D06328C6D00D4B9842CAD06FF09100CD
S3150800605098E7039B002B9BD07B68012B98D16FF0A8
S3150800606084008FE7812B0020006D0800007108006E
S3150800607064160020105D175EFFDF00F0FEDF00F0FB
S31508006080802E0020781600202DE9F04F87B0824632
S31508006090894698461646DDF840B02AB1002B4FD0FF
S315080060A040F26C739A424ED8BBF1010F4ED80024C9
S315080060B006F110073946012005941AF005FF054632
S315080060C0002846D021463A4622F0A3FF05ABCDE983
S315080060D0014300942B46012250464946FFF7B0FE7D
S315080060E0044680B110F18C0F08BF6FF08D043A4654
S315080060F00021284622F08DFF28461AF0C7FE2046C2
S3150800610007B0BDE8F08F144BC5E902A92B60C5F8A6
S3150800611004B02EB13246414605F1100022F081FF47
S31508006120059E0E483B462A4631460068FCF7C4FDE4
S3150800613018B93046FFF744FED9E76FF09104D6E761
S315080061406FF08604DBE76FF09104D8E76FF08504FB
S31508006150D5E76FF08C04D2E7105D175E802E00201D
S315080061602DE9F0438DB08146DDE914780E461546D3
S315080061701C469BB1B8F1000F05D16FF08606304674
S315080061800DB0BDE8F083002FF7D0B7F1005FF4D368
S31508006190C3F1005303F580239F42EED81022002155
S315080061A008A822F036FF002207AB029305AB01933D
S315080061B006AB31460093484608ABCDE90522FFF702
S315080061C03FFE06460028DAD1059BA4B1AB4215D896
S315080061D053EA0504D1D1069B0B48C8F80040009441
S315080061E03A46079900682B44FCF752FC002818BF6A
S315080061F06FF09106C3E7AB42EDD2BEE75B1B9C424C
S3150800620028BF1C46E7E700BF802E002030B58DB0BA
S315080062100C4605461022002108A822F0FAFE0022A4
S3150800622007AB029305AB019306AB214600932846BC
S3150800623008ABCDE90522FFF703FE0446D8B9099B4A
S31508006240012B1BD0079D104B29461868FCF778FDD3
S31508006250B8B90122A5F506230C49A3F550635B09D5
S3150800626005F01F00824051F823004240284641F8B5
S315080062702320FFF7C1FD20460DB030BD6FF0840422
S31508006280F9E76FF09104F6E7802E002078160020D3
S315080062902DE9F04F95B00446DDE92075DDE9226861
S315080062A09346DDE91E028A46DDF8909029B96FF01B
S315080062B08604204615B0BDE8F08FBBF1000FF6D076
S315080062C00FB9002DF3D108B9002AF0D116B9B8F1E3
S315080062D0000FECD1B9F1000FE9D02C4A934252D104
S315080062E02388B3F5105F4ED1282200210DEB02005A
S315080062F022F08FFE2022002102A822F08AFE0AA898
S3150800630026F087FB10B16FF09204D2E720465A4672
S31508006310514602AB00F00CFA04460028C9D102988F
S3150800632019F096FF04460028C3D115B9C9F80050DC
S31508006330BFE7B74224D27B199E4221D24545B6D83B
S3150800634039462A46304622F04AFE374615F00F0AE5
S31508006350ADD1CDE900762B46524602A90AA8FFF729
S3150800636097F907460028E1D042465146304622F0C2
S3150800637050FE012FC9F800A0C5D16FF08B0498E72D
S315080063804545E3D993E76FF0850492E70044400456
S315080063902DE9F047C4B00C4607460021154601A86A
S315080063A020229A464C9EDDF83891DDF8408122F08D
S315080063B030FE2022002109A822F02BFE20220021EF
S315080063C011A822F026FE2822002119A822F021FE73
S315080063D00021802224A8239122F01BFE3CB135B16E
S315080063E02EB1B9F1000F02D0B8F1000F05D16FF048
S315080063F08604204644B0BDE8F0872188628801F407
S31508006400E043B3F5804FF2D02C4B2D483B4043F088
S315080064101063834202D06FF08504EAE7D31DBAEB16
S31508006420D30F4FEAD307E2D34F9B9F423FD847F299
S3150800643012139942EFD1B2F5807FECD1214B4D98DA
S31508006440099384230230013620F0030016937B005B
S315080064500D960E90129320465246294623AE01AB5E
S31508006460159600F065F904460028C2D10B9B1190D9
S3150800647043F4005319A80B9326F0CBFAD0B911AB05
S3150800648009AA01A919A8FFF76BFB054610B1482808
S31508006490ADD1C0E73A463146484622F0C2FD2B4602
S315080064A073550135842DFBD1C8F80070A1E76FF04C
S315080064B089049EE76FF092049BE700BF0000FFF691
S315080064C000000209200000802DE9F0410D4614461F
S315080064D01E46C4B010B96FF086000DE00029FAD048
S315080064E0002AF8D0002BF6D0038803F44F42B2F501
S315080064F0824F04D06FF0850044B0BDE8F081DAB26F
S31508006500122AF7D123F0FF03B3F5E24F27D14388C8
S315080065103360FBB9E3003360B3F5807FEAD100232B
S31508006520184642492E19214411F8014D16F8012D35
S315080065301043121B0CBF4FF0FF340024B54203EA88
S31508006540040343EA0203EFD10028C4D0002BC2DAC1
S315080065500020D1E7DA1DB4EBD20FDDD0BBE7B3F5E7
S31508006560824F60D10B78042BB5D12822002118A8B8
S3150800657022F04FFD18A826F04CFA002850D1002723
S315080065808422394623A8229722F043FD012320229C
S31508006590394668468DF8883022F03BFD20224FF0B8
S315080065A08808013C3946013505940DEB0200E400E4
S315080065B00495640822F02DFD22AD2022394610A844
S315080065C00C95CDF8348022F024FDE02CCDE9145842
S315080065D0346003D0B4F5807F7FF47DAF144B073465
S315080065E0009308934FF4005302934FF48043E40852
S315080065F06A460A93640010AB08A918A81194FFF715
S31508006600AFFA33680733DB085A0033B10021531E4B
S31508006610013B297005F10105FAD2002898D05AE7FE
S315080066206FF0920068E76FF0960065E7ECE70208FE
S3150800663020000080F8B5134642880C460732072A20
S315080066404FEAD20101D0A1426DD1D0E90167058890
S3150800665020221846002122F0DCFC360A034626B121
S31508006660012E11D06FF08B00F8BD002C5BD041F2E3
S315080066700102954205D0B5F5885F02D0B5F5905F61
S315080066801BD15C600020EFE7C660002C4BD041F2BE
S31508006690010295420BD15C60B90707F001021FD4CD
S315080066A0002AEFD19A6842F080729A60EAE7B5F557
S315080066B0885FF0D0B5F5905FEDD0B5F5105F0AD1DB
S315080066C0182C03D0202C01D0102C2CD1C3E900445F
S315080066D0002ED7D0E0E705F44F42B2F5824F02D03C
S315080066E06FF08500C0E7EAB2122AF9D1202CF7D15B
S315080066F00E4A25F0FF05B5F5E24F1A600CD0B5F540
S31508006700824F10D14FF4005217F4705F09D017F476
S31508006710864F04D09A60E3E74FF48042F4E742F4E8
S3150800672080629A60D4E76FF086009DE720000080BB
S315080067302DE9F041174600221C4643688CB01B0A17
S3150800674080460D46009204D0012B56D06FF08B0080
S315080067508EE0008820F0FF03B3F5824F15D1B8F814
S3150800676002200732D208009219F07EFD002800F0B8
S31508006770E1800B78042B05D1013FB7EB420F05F1F9
S31508006780010503D06FF0860072E00097009E22464E
S3150800679031464046FFF74EFF002869D1FA1CC4E986
S315080067A0030522F003026261002E00F0A480202275
S315080067B0002101A822F02DFC3146404601AAFFF728
S315080067C039FF002840F097802368019A9A4240F0E2
S315080067D092806368029A9A4240F08D80A368039A71
S315080067E09A4240F08880A369079A9A4240F08380CB
S315080067F0E369089A9A423BD07DE0032FC2D90B7809
S31508006800012B40F09A80497800294BD0F73908299E
S315080068109CD801A353F821F0816800083D68000858
S315080068204D670008776800084D6700089B680008F0
S315080068304D6700088B680008936800084FF41056E7
S31508006840F8253F4F1C22002102A822F0E2FB032371
S315080068500197CDE90435039601AA09AD134603CB82
S31508006860AB42206061601A4604F10804F6D10020A4
S315080068700CB0BDE8F08110274FF08076FA25E1E7E5
S3150800688020274FF00076F725DCE7FE252C4F2D4E06
S31508006890D8E7FF252A4F2C4ED4E74FF41056FC258F
S315080068A0274FCFE72B2F7FF66DAF2022204622F009
S315080068B0B0FB05F110032361AB070DD001AB05F161
S315080068C028061A4628686968083503C2B542134679
S315080068D0F7D1286801AD10606B68103F2360AB687C
S315080068E069466360EB682046A36001236761E3603D
S315080068F019F07FF928B120220021204622F089FBD1
S3150800690040E7B8F80030009E03F44F42B2F5824FD4
S315080069100ED1DAB2122A0BD123F0FF03B3F5824F58
S3150800692006D1730062691C339A42BFF43DAFE2E7B1
S315080069303346F7E76FF085009AE76FF0910097E71F
S315080069402000008000440002004400032DE9F04FB7
S3150800695091B0DDF8688081460C4692469B461C9F9E
S31508006960B8F1000F05D16FF08604204611B0BDE8D6
S31508006970F08F002FF7D00028F5D02822002106A88E
S3150800698022F047FB06A826F044F810B16FF09204EF
S31508006990EBE714F47C1FC4F305452AD0102DE2D882
S315080069A01B9B9D4233D81D4B24F47E149C4231D147
S315080069B0002302AECDE90233CDE9043352465B46E5
S315080069C04946009606A8FEF7BBFE044698B92A462D
S315080069D03146404622F025FB234633550134102C18
S315080069E0FBD100243D6006A819F0FEF80028BCD0AB
S315080069F0CCE71025D4E7212806D0012814BF6FF06C
S31508006A0092046FF08B04EEE76FF08604EBE76FF005
S31508006A108904AAE76FF08504A7E700BF0002C00350
S31508006A2070B50E461446054610B96FF0860070BD5F
S31508006A300029FAD03822002122F0EBFA094B24F477
S31508006A407E129A420AD13388B3F5105F06D1C4F391
S31508006A500543102BE9D800202C60E8E76FF0850085
S31508006A60E5E700BF0002C003F0B50F4616461D460F
S31508006A7004468DB088B302B97BBB2822002102A840
S31508006A8022F0C7FA02A825F0C4FF20B16FF09204DD
S31508006A9020460DB0F0BD2368114A23F47E139342B5
S31508006AA015D135B9002402A819F09EF80028EFD0B0
S31508006AB0ECE733463A46009502A9201DFEF722FF69
S31508006AC0012807D00028EDD06FF09204EBE76FF0AD
S31508006AD08804E8E76FF08B04E5E76FF08604D7E7EC
S31508006AE00002C0032DE9F0418EB0884616461D46C1
S31508006AF00446149F002840D0002A3ED0002B3CD0E4
S31508006B00002F3AD0102B036828BF102513F47C1FDA
S31508006B10C3F3054202D0954228BF15461A4A23F404
S31508006B207E1393422CD12822002104A822F071FA60
S31508006B30002304A8CDE90033CDE9023325F069FF27
S31508006B4040B96B46424604A9201DFEF757FE30B1F0
S31508006B5000233B606FF092000EB0BDE8F08104A8F8
S31508006B6019F042F804460028F2D12A46694630460A
S31508006B7022F057FA20463D60EEE76FF08600EBE715
S31508006B806FF08800E8E700BF0002C0032DE9F04176
S31508006B900E4617469846044600B3F9B1F2B1982254
S31508006BA0002122F036FA3146069A04F16000FFF712
S31508006BB037FF0546A0B92346424639463046FFF711
S31508006BC0B7FD054660B97288D208A2F110011029EE
S31508006BD0E26503D80A4BCB40DB0704D46FF0860581
S31508006BE02846BDE8F08163691C329342F6D304F166
S31508006BF020031846216922F014FA2061F0E700BF45
S31508006C00010101000023C36001F138030361202359
S31508006C100A6843618B6D0B4922F47E128A424360EF
S31508006C2003D001F580718A4208D1102B01D0182BA8
S31508006C3002D1036000207047202BFAD06FF088003D
S31508006C40704700BF0001C00370B504460D4625F025
S31508006C50ACFE0C2C064616D80C2C18D8DFE804F027
S31508006C601B1B171B1B2A171B2E1731173400012352
S31508006C70194AA34013421DD1062C2AD0DB0706D594
S31508006C804FF4F06022E00D3CE4B2132CEFD9002358
S31508006C9021242B8009E08020FCF766FF4FF6FF735E
S31508006CA098420CBF0E2400242880304625F078FE32
S31508006CB0204670BD00230F242B80F6E74FF4806032
S31508006CC0EAE74FF44060E7E74FF4C060FCF72EFFB1
S31508006CD0E4E74FF4E060F9E71C450D0030B58BB0EA
S31508006CE06C46864D864825F09BFF0FCD0FC42B6852
S31508006CF0844A2360FF238DF80130D2F84C3113F40F
S31508006D00802340F0EF80D2F850218DF801309DF8AD
S31508006D1001306C46FF2B08BF262368467A4D8DF84E
S31508006D200130FCF7F3FF3220FDF72EF80FCD0FC424
S31508006D300FCD0FC495E8030084E80300714BD3F820
S31508006D404C21120340F1B280A3F5FE431C88B4F52A
S31508006D50807F28BF67248DF81940FCF7D1FF0444CB
S31508006D6084F3080469488DF81840FAF78DFC6846DC
S31508006D70FCF706FF3220FDF70DF86548FDF760FBC6
S31508006D806448FDF7D1FB644C644825F049FF0020B0
S31508006D90FDF706F8FDF7B6F8236F002023F0070382
S31508006DA043F003032367FDF7D7F8236F5C4923F401
S31508006DB0744323675B4BD3F8FC2012F0807279D1B9
S31508006DC0D4F8803023F0030343F00103C4F880307D
S31508006DD0C1F88020504CD4F8203123F0070343F043
S31508006DE00203C4F82031D4F8283123F0070343F00E
S31508006DF00203C4F82831D4F8803123F0030343F0A2
S31508006E000103C4F88031D4F8403123F0030343F07A
S31508006E100203C4F84031D4F8603123F0030343F089
S31508006E200203C4F86031D4F8403223F0030343F078
S31508006E300203C4F84032D4F8003223F0070343F0C3
S31508006E400203C4F80032D4F8083223F0070343F0EB
S31508006E500203C4F80832D4F8703223F0030343F06F
S31508006E600103C4F87032D4F8203223F0070343F044
S31508006E700103C4F82032FCF741FE4FF0E02200205F
S31508006E80136943F004031361D4F8603223F007034F
S31508006E9043F00103C4F86032D4F8943223F00703B0
S31508006EA043F00103C4F894320BB030BDD3F8504117
S31508006EB0E4B250E7D3F8FC2022F08072C3F8FC2035
S31508006EC0D4F8802022F0030242F00102C4F88020A0
S31508006ED00022C1F88020D3F8FC2042F08072C3F863
S31508006EE0FC2077E74FF07E6393F89C2093F99C305B
S31508006EF0002BFFF60CAF8DF8012008E70CE8020816
S31508006F0050E802080080E00F20E80208C017530284
S31508006F1000B4C404C0EA21010080005058E8020801
S31508006F200090005000ED00E007B5094B18689A88F4
S31508006F309B7900906846ADF804208DF80630FDF779
S31508006F4065FC0C20FDF79AFC002003B05DF804FBF5
S31508006F5048E8020870B500F017FC0446E8B900F0E6
S31508006F60B9FC25F02FFB4FF4167343430C4A03F57F
S31508006F70742303F23F23B3FBF2F30A490A480B6072
S31508006F800A230268094D0E68013B45F8046B0E6832
S31508006F9013F0FF033244F6D10260204670BD00BFED
S31508006FA040420F00C01600209016002094160020BC
S31508006FB0012208B5034B1A7025F0E2FE024B186051
S31508006FC008BD00BF822B00208C16002010B525F0C6
S31508006FD0F9FA044625F0D8FC844207D925F0DCFEE8
S31508006FE020B10122024B1860024B1A7010BD00BF77
S31508006FF08C160020822B0020F8B51F4C2378E3B1AD
S3150800700025F0BEFE1D4B1E4D1B68C01A28602B6856
S31508007010A3B12B682B6025F0D5FA4FF416725043AE
S31508007020184A00F5742000F23F20B0FBF2F02B68F6
S315080070302B68834204D900232370F8BD0123E9E7AE
S315080070401148124E0378296856F82320104F511A12
S315080070503A68521A29683A6046F823100A21093212
S31508007060B2FBF1F20B4D0133DBB22A60B3FBF1F24E
S3150800707001FB12330370DEE7822B00208C160020FA
S31508007080BC16002040420F00832B002094160020D7
S3150800709090160020C0160020014B1868704700BFE4
S315080070A0C0160020F8B503212C2019F0C7FC0426C9
S315080070B04FF480120D4C0E4B0E4F04F500555A66D0
S315080070C02C206F676E672F672E6700F0A5F82C20B7
S315080070D000F086F84FF0007204F580535F675E672C
S315080070E0AA624FF480529A62F8BD00BF0040005A67
S315080070F000900050010000A0064B074A996D11F058
S31508007100050F01D0117811B10028F7D17047012079
S31508007110704700BF0040005A842B0020164B10B55C
S315080071201C6F14F0040111D0144A116708219162EA
S315080071309B6DDA0701D4FFF749FF00F063FA00F008
S3150800714043FA012025F0B8FA25F028FEE30706D50C
S3150800715001220A4B1A67FFF74FFF00F035FA14F0C1
S3150800716000521CBF054B1A67002CBEBF4FF00042E9
S31508007170024B1A6710BD00BF0040005A0060005A53
S315080071800028ACBF00F16040064B4FEA0111C9B2B6
S31508007190ABBF00F5614000F00F0080F800131954EA
S315080071A0704700BF14ED00E008B525F0FEFB0B4B59
S315080071B01A7872B901221A7025F0F2FB6FF00402F0
S315080071C010460132052152B2FFF7DAFF4C2AF7D1F1
S315080071D008BDBDE8084025F0E3BB00BF852B0020AD
S315080071E0002807DB01234109034A00F01F008340FA
S315080071F042F82130704700BF00E100E0054B42111C
S3150800720053F8223000F01F0023FA00F0C04300F0C4
S315080072100100704700E100E0002808DB012243096D
S31508007220034900F01F008240603341F8232070476D
S3150800723000E100E007B5684600F028F8DDE900013E
S315080072400022034B03B05DF804EB19F0EEBE00BF55
S31508007250C416002007B5009313460A46014603489C
S3150800726019F031FC03B05DF804FB00BFC41600201A
S3150800727007B5009313460A460146034819F008FE67
S3150800728003B05DF804FB00BFC41600200249034A98
S315080072900160521A42607047203100200000042025
S315080072A000487047C4160020BFF35F8F074B5A6A21
S315080072B022F480325A62D3F8942022F00102C3F8ED
S315080072C09420BFF34F8FBFF36F8F704700ED00E038
S315080072D038B5FFF7E9FF284A2848D2F8C030284DC4
S315080072E023F0FF0343F0A003C2F8C030254B04681F
S315080072F09D4204F101011ED1234BC2F89840C2F801
S315080073009C3003F57F3303F2FE33C2F8A0300160E8
S31508007310BFF35F8F0522184BC3F894205A6A42F4CC
S3150800732080325A62BFF34F8FBFF36F8FBFF34F8F11
S31508007330BFF36F8F38BD23F01F03203BB3F1005F07
S3150800734009D3C2F89840104C43F00103C2F89C4098
S31508007350C2F8A03001600D4B0168074A23F01F03ED
S3150800736043F00303C2F89810C2F89C30084B013169
S31508007370C2F8A030CBE700BF00ED00E0EC16002015
S31508007380402E0020802C0020030000205F2E0020C5
S31508007390E1FF03202DE9F0410D461146DFF8E080B4
S315080073A0D8F80040B4F5807F34BF00271A27FFF7C6
S315080073B07BFF1F292ED90021C2061CBF20F01F0003
S315080073C020302E4EEB0618BF25F01F05CBB29C4287
S315080073D035D8D6F8C03020F01F0023F47F4343F495
S315080073E08073C6F8C03040F0030425F0DEFAD8F8FA
S315080073F0003025F01F0141F00301C6F89830C6F8A1
S315080074009C40C6F8A01025F0CBFAD8F80030013316
S31508007410C8F80030BFF35F8F0522184BC3F89420D5
S315080074205A6A42F480325A62BFF34F8FBFF36F8FA6
S31508007430BFF34F8FBFF36F8F3846BDE8F081C6F8AC
S315080074409830D6F89C30D6F8A02023F01F0398422F
S3150800745022F01F0201D195420BD0904201D89D42DD
S3150800746009D2D6F89830013123F0FF03C6F89830D0
S31508007470ACE70027CEE72827CCE700BF00ED00E001
S31508007480EC160020BFF34F8F0549064BCA6802F475
S31508007490E0621343CB60BFF34F8F00BFFDE700BF29
S315080074A000ED00E00400FA0538B54160044625F011
S315080074B073FA05462146044817F00EFD2846BDE82E
S315080074C0384025F064BA00BFF0160020014817F0CE
S315080074D000BD00BFF016002070B525F05DFA184E05
S315080074E00546184825F09CFB3378DBB900F04CF9C3
S315080074F0044620B1284625F04AFA204670BD00F019
S31508007500CFF9FFF7E3FF25F05CFC0F4B1C6025F075
S3150800751059F80E4B0E4A1860536F43F00103536730
S3150800752019F0A3FD00F0A2F819F0B5FD094B0024E7
S31508007530186001232846337025F029FADDE700BFD5
S31508007540922B00205CE80208F41600201C17002085
S3150800755000400050F816002038B5044625F01CFAFD
S315080075600F4D02462B78FF2B04D1B4B1BDE8384045
S3150800757025F00DBA1BB9002CF8D0012103E0002C28
S315080075800CBFFF2101210B44DBB22B70B3FA83F346
S3150800759004495B0910460B70E8E71946F3E700BF94
S315080075A08F2B00208E2B0020054B1B685843054B5C
S315080075B000F5742000F23F20B0FBF3F0704700BFDF
S315080075C01C17002040420F0010B5094B1B786BB101
S315080075D0084C237853B124F0E5FD0023064A2370AE
S315080075E013700123054A1370054A137010BD00BFB6
S315080075F0912B00208C2B00208B2B0020872B002022
S31508007600862B0020034B1B7813B10122024B1A70FC
S31508007610704700BF912B00208C2B002073B5114EAC
S315080076200446337883420FD04FF400730E4DADF8FD
S31508007630043058B101A8FCF7F5FF4020FFF7B4FF66
S315080076402B68181A2860347002B070BD8DF80500D2
S3150800765001A8FCF7E7FF4020FFF7A6FF2B681844B0
S31508007660F0E700BFFC3000202017002073B5002487
S3150800767001A88DF80440FDF769F82046224CFFF76B
S31508007680CDFFD4F80031214A03F0030313604FF409
S3150800769080121F4B1F4D5A664FF400325A6624F06B
S315080076A0E9FC1D4B1B780BB3D4F8003103F0030338
S315080076B0022B23D0032B24D0012B17D123F0FAFF5A
S315080076C0024698B1154B164EDC6800231946C4F3DA
S315080076D00B04013404EB84040138E4FB060112F0C0
S315080076E065FFFFF761FF2B6803442B601F20FFF738
S315080076F05BFF2B6803442B6002B070BD24F02CF8A6
S31508007700DEE723F0DDFFDBE70080005028170020C6
S315080077100090005020170020952B002000C0015033
S3150800772040420F000122114B10B55A67104B114CFD
S315080077301B78A3B1022025F033FB80B124F0A6FF05
S3150800774068B1A36DD90302D5E36D9A0703D4094B33
S315080077509B6DDB0704D54FF48032044B9A6210BD4B
S315080077600122054B1A70FFF723FCF4E70050005A74
S31508007770962B00200040005A932B00200122014B33
S315080077801A707047962B002070B525F00EF9144E26
S3150800779005463478FCB9134B1C60134B1C60134B1D
S315080077A01C6000F047F8012025F010FB25F050F882
S315080077B00F4B0246186020B9284625F0F1F8232019
S315080077C070BD234640F2E7310A4812F0EFFE0A4B35
S315080077D0186001233370284625F0E2F80020EFE709
S315080077E0992B00203C17002038170020441700204A
S315080077F04017002018FCFFFF34170020012300B5AE
S315080078008DB08DF80F3024F0E3FE00230146CDE954
S315080078100033074A0DF10F0304A825F08DFA18B9AD
S315080078209DF80F30002BFBD10DB05DF804FB00BFAF
S31508007830F5CC020810B5002486B01422214601A80A
S315080078408DF8004021F0E5FB012313488DF804303C
S3150800785025F0E6F9BFF34F8F6846FDF7B1FD2046E0
S3150800786001A98DF80440FDF7BDFD20460F2123F040
S31508007870ABFF0F21204623F0ADFFFDF787FD23F070
S3150800788087FF064B43209C61FFF7C6FC4320FFF7A2
S31508007890A7FC06B010BD00BF50E8020800800A50D9
S315080078A008B50A4825F0BCF940F601520021012026
S315080078B0FDF714FC4FF496720021012018F0E8F841
S315080078C04FF48072024B9A6408BD00BF54E8020860
S315080078D000900A5008B5094825F0A2F940F6016259
S315080078E000210220FDF7FAFB4FF4927200210220D4
S315080078F018F0CEF80022024B9A6408BD54E8020834
S3150800790000900A5038B5044604F05CFD00283AD1C8
S315080079100323A383052363760423A376A36843F48A
S315080079208013A36019F0FDFBA368A0801B030CD489
S31508007930B0F5FA7F09D925F02FF801210546084642
S3150800794024F00CFA284625F022F8204604F064FDB7
S31508007950D0B9E068C8B105F053FF1AF03DFC03F052
S3150800796073FE1BF0A9FD1CF070FB00220121042008
S315080079701DF014FB0321042002F02CFA0A2000F063
S31508007980FDFC19F0DBFB002038BD0148E3E700BF2A
S31508007990FF30002008B5044904480BF03BF9BDE860
S315080079A008400BF069B900BF70E8020838E9020818
S315080079B04FF08052014B5A60704700BF00ED00E05F
S315080079C0F8B50E460546D0B1C9B10E4B0E4F19682B
S315080079D03868FAF74FFF044678B9062332460B494A
S315080079E03868FBF715F8044638B901232A460849CA
S315080079F03868FBF70DF800B12C702046F8BD212435
S31508007A00FBE700BF602E0020802E00202C0004001B
S31508007A103C00040010B50A46044619B1024B002181
S31508007A201B68984710BD00BF942E00200E4B0340DC
S31508007A30B3F1607F06D1B1F5885F14BF6FF0860099
S31508007A4000207047B3F1707F0BD101F4E043B3F522
S31508007A50005F06D111F4E06F0CBF6FF086000020BE
S31508007A6070476FF0860070470000C07F8A42F8B5FD
S31508007A7006460C4600F0DB806F4922F4FF7323F0BC
S31508007A8001038B420ED06D4B22F0FF01994209D0BB
S31508007A906B4822F47F7323F00303834202D0694BB9
S31508007AA0994228D1684B24F0FF0199420FD114F06E
S31508007AB0FF000BD0654B40F00070984240F0B9804B
S31508007AC082EA0400FF288CBF00200120F8BD5B4B2A
S31508007AD09942ECD0A3F588539942E8D024F4FF7371
S31508007AE023F00103B3F1062FE1D056488142DED0D8
S31508007AF053498B42DBD004F0FE43B3F1A06F14D197
S31508007B0002F0FE43B3F1A06F40F0938082EA0403CB
S31508007B1033F47E1340F08D8014F40040D6D0C4F3BD
S31508007B200540C2F305429042CDE7B3F1407F6AD1E2
S31508007B3002F0FE43B3F1407F7BD182EA040535F4B7
S31508007B407E1576D131462046FFF770FF002870D1A2
S31508007B503F4B12F47C1703EA02031BD0B3F1607F94
S31508007B60C2F305473FD13B49D3B243F000738B427A
S31508007B703DD003F17E43043B0F2B01D83649CD5C3B
S31508007B8014F47C1FC4F3054333D1BD4214BF00204F
S31508007B9001209BE7B3F1607F0DD12E49D3B243F0A4
S31508007BA000738B421DD003F17E43043B0F2BDAD8BA
S31508007BB02A49CF5CD7E7B3F1707FE1D106F4E043F9
S31508007BC0B3F5005F03D10127C6F302239F4006F4ED
S31508007BD0E043B3F5005FD3D10125C6F302218D40FA
S31508007BE0CEE71027BFE7B3F1707FC9D1EFE71025BD
S31508007BF0C6E712F47C1F01D1AB4218D022047FF5E8
S31508007C0065AFBB425FE7B3F1106F12D124F01F6076
S31508007C1020F4702068B902F0FE43B3F1106F7FF4C8
S31508007C2055AF0F48104040F01060A042AEE7012063
S31508007C304CE700204AE700BF0002000600130006D2
S31508007C40000400060009000600030006FF00000203
S31508007C500000C07F0300000274E9020874E9020804
S31508007C600000FFF637B50D4D0C466B78022B12D186
S31508007C702B78072B0FD100230A460193014601AB47
S31508007C80281D18F0C9FA20B9019BA34218BF6FF046
S31508007C90930003B030BD6FF08800FAE7481700205C
S31508007CA02DE9F843884617461C4600F0A7FA05460C
S31508007CB088BBD8F80060B6F8009009F4E043B3F53D
S31508007CC0804FB36808BF27F0010737EA03031AD1C4
S31508007CD00CB3254B24F0FF029A421FD114F0FF0380
S31508007CE004D0224A43F00073934232D022464846D3
S31508007CF0F168FFF7BBFE074668B922464846316970
S31508007D00FFF7B4FE70BB6FF0840500233046C8F851
S31508007D1000301AF011F92846BDE8F883144B9A4248
S31508007D20DCD0A3F588539A42D8D024F4FF7323F005
S31508007D300103B3F1062FD1D00E498A42CED00E4A9E
S31508007D409342CBD004F0FE43B3F1407F04D1230421
S31508007D50CCD56FF08605D8E7B3F1A06FF7D0034B03
S31508007D609C42C2E73D46D6E700030006FF00000234
S31508007D7000130006000900060004000638B500F0E6
S31508007D80FE43B3F1407F04460D4602D06FF08600ED
S31508007D9038BDFFF74BFE0028FAD114F47C1F12D029
S31508007DA0C4F30543032B137022D9284A2240B2F1A3
S31508007DB0607F3DD1264AE4B244F0007494422BD148
S31508007DC0102BE5D9E2E7214B2340B3F1607F15D1AB
S31508007DD01F49E3B243F000738B4202D1102313709C
S31508007DE0D6E703F17E43043B0F2B04D90023137017
S31508007DF06FF08500CCE71749CB5CD3E7B3F1707F0A
S31508007E00F4D101F4E043B3F5005FEFD10123C1F3E8
S31508007E1002218B40DBB2C5E704F17E44043C0F2CFB
S31508007E20B4D80D4A125D9342B0D8142BB0D9DFE707
S31508007E30B2F1707FAAD105F4E042B2F5005FA5D190
S31508007E400122C5F30225AA40EDE700BF0000C07F66
S31508007E500300000274E9020874E902082DE9F04FEC
S31508007E609B460023924601F0FE428FB0B2F1806F26
S31508007E700E46DDE918891A9F099305D018461AF0A7
S31508007E805BF86FF086052EE00B464FF4807209A961
S31508007E90FFF706FF0546099815B11AF04DF822E0D6
S31508007EA0038803F4E042B2F5005F1ED113F4E06FD5
S31508007EB0C3F3022119D0464C26F48072A2420AD096
S31508007EC004F50074A64206D0424CA64203D0A4F597
S31508007ED03F44A24209D101248C40102C10D91AF033
S31508007EE02BF86FF08305002460E042F20402934207
S31508007EF002D1394B9E420AD0384B9E4211D10D24ED
S31508007F00A14506D21AF018F86FF08905EBE70C249C
S31508007F10F6E721460AA8FFF7A5FE054610B1099817
S31508007F20BBE700240998D0E90812B8F1000F1FD062
S31508007F3008EB040C4568A9EB04032D0A012D3AD079
S31508007F40022D17D0002D9AD1CDE905370AAB00933B
S31508007F50CDE903BC3346CDE9014A18F08AFC10F195
S31508007F60860F064612D1099819F0E6FF3546BAE794
S31508007F70C446DFE7CDE905370AAB0093CDE903BC74
S31508007F803346CDE9014A18F074FC0646099819F0FB
S31508007F90D3FF0546002EE9D10028A4D124B12246F4
S31508007FA040460AA921F03DF83B681C4428463C6037
S31508007FB00FB0BDE8F08FCDE905370AAB0093CDE9E0
S31508007FC003BC3346CDE9014A18F0F8FBDDE700BFEC
S31508007FD00010C00400FF4004000180040013C00420
S31508007FE0002307B51A460091024919F09CFD03B013
S31508007FF05DF804FB84E9020810B5114C237858078C
S3150800800044BF23F0040323702378990705D500F0AD
S315080080109BF8237823F00203237063781BB10023AF
S31508008020084A636053600023082106486370FFF717
S31508008030F1FC2378DA0744BF23F00103237010BD4F
S31508008040481700204C17002038B51E4C6278237854
S31508008050022A01D1072B11D0DD0712D523789807FC
S3150800806007D400F069F82378054643F00203237025
S3150800807078B962782378CAB15A071FD500252846E9
S3150800808038BD18F0BEF8054630B1237843F0010331
S315080080902370FFF7B1FFF2E718F0BCF8237805461E
S315080080A043F0010323700028F3D1D7E7D907E3D5B6
S315080080B0054962604A6002226270DDE743F0040304
S315080080C02370DBE7481700204C17002000F14043D7
S315080080D0032B70B505460E460CD82822154C02FB14
S315080080E00344237E022B02D16369834218D06FF0C2
S315080080F08B001AE0012119F0F9FEB8B10D4B0022E8
S315080081001C46197E022902D15969A94205D00132B5
S31508008110042A03F12803F4D1E9E7282303FB0244E0
S31508008120204619F0D6FE00B9346070BD6FF087009E
S31508008130FBE700BF541700200122024B002083F8FA
S31508008140A0207047541700202DE9F0410A4C00255D
S3150800815026464FF0010803272046C4F81C802776D8
S31508008160013519F0D9F9042D04F12804F4D10023B6
S3150800817086F8A030BDE8F08154170020F8B51E4DEA
S31508008180064695F8A0300F4683B300242B462246B0
S31508008190197ED1B13CB9022905D1D96919B919791C
S315080081A0002918BF1C460132042A03F12803EFD11F
S315080081B014B96FF08C0006E0204619F08AFE2046B6
S315080081C019F0AAF910B100240EE01C46237E83B9E3
S315080081D0012323763EB1651BED1003F1CC335D43D5
S315080081E005F18045356000203C60F8BD6FF08800D9
S315080081F0E9E76FF09600E6E754170020F7B5002682
S315080082002C4B0E6093F8A03007460D46002B4ED037
S31508008210FFF75CFF10F18C0F044645D1294630461E
S31508008220FFF7ACFF044600283ED101232E68CDE9AE
S315080082300000694630467761736001AA19F0FFFEAF
S31508008240044670B1DDE9000119F0F7FE286819F057
S3150800825063F914F18C0F08BF6FF0870400232B60B5
S3150800826022E0DDE90012304619F0D9F80446DDE9C6
S31508008270000119F0E2FE002CE8D128688368D904C9
S3150800828044BF43F48063836083689A0444BF43F41D
S3150800829000638360037E012B04BF0223037619F073
S315080082A018FE04460028D9D1204603B0F0BD6FF069
S315080082B08804F9E75417002030B40D4D2C681C606B
S315080082C06C685C6000249C605468DC6014881C82BE
S315080082D054885C8294685C61D4689C61126930BC7D
S315080082E0DA6119620A46014603F1240020F099BEB4
S315080082F088E902082DE9F843232904460F469146E2
S315080083009846089E04D86FF098052846BDE8F88375
S315080083100822194920F053FE05460028F3D1A36820
S31508008320002BF0D1216A243F8F42C8F80010EAD307
S31508008330B1F5005FE7D271B9C9F80000E368736068
S31508008340238A3380638A73806369B360A369F360A1
S31508008350E3693361D9E7012018F0B6FDC9F80000D2
S3150800836030B1D8F8002004F1240120F05AFEE5E7E0
S315080083706FF08C05C9E700BF88E90208014B187041
S31508008380704700BF10310020F7B505466B46164604
S31508008390174A0C461068516803C395F858300833D5
S315080083A06B4413F8087CB5F85030DA0609D433461E
S315080083B022463946284619F0EAFE00F5FA7003B057
S315080083C0F0BD204621F030F8B5F8503000F10A0427
S315080083D09B074FEAC40405D0304621F025F804F57A
S315080083E00C740444E823781E584304FB0700E4E7AA
S315080083F090E902089022174B10B51C68002102FB71
S315080084000044204620F005FE134B04F108001B68C3
S315080084100021DB7863751BF018F94FF00823E36435
S315080084201323A4F85030236A0C4A43F0130323623B
S315080084304FF60773A4F85830FF2384F85A30084BD0
S315080084402046C4E91B32C4E91F32BDE8104019F0C2
S31508008450C5BE00BFF8170020B41A002055555500B0
S31508008460D6BE898EF0B5104B02461E6893F804C036
S3150800847035464FF0FF3400239C4508DC91B1631C58
S3150800848010D0902303FB046080F85920F0BD95F8BE
S31508008490597028469742F9D0FF2F08BF1C469035D9
S315080084A00133E9E70020F1E7F817002070B5044624
S315080084B0234D002842D0083001F010FD0026FF2386
S315080084C004F1280084F85930A66120F028FF04F149
S315080084D02C0020F024FF04F1300020F020FF04F1E6
S315080084E0340020F01CFF04F1400020F018FF286833
S315080084F0144B201A00115843C0B219F003FE014666
S31508008500304619F0FAFDE06B10B100F0F3FFE663B0
S31508008510606C18B119F003FE00236364A06C19F0AF
S315080085203DFE0023A36470BD286806FB0400FFF720
S31508008530BDFF01342B79A342F6DCF4E79026F9E770
S31508008540F8170020398EE338F7B504461CF070FE9C
S31508008550C0F30F23542B3ED9AA2B34BF0123022381
S31508008560C0B27E288CBF0222012203218DF8043076
S315080085701344B3FBF1F000EB40001B1A8DF80530ED
S315080085801344B3FBF1F202EB42029B1A8DF8063054
S31508008590002318461D461A46104901AF4B7517F8B1
S315080085A0016B44FA06FC1CF0010F06D053009E40EE
S315080085B0012330430132C0B2D2B20135EDB2032DE8
S315080085C0EDD103B148754B7D43EA82134B75FF2302
S315080085D00B7503B0F0BD0023C2E700BFF8170020F3
S315080085E0064B1B68D97ADA78437D5B1A9342A8BF93
S315080085F0DAB20021427519F030BE00BFB41A002065
S31508008600034611B1012914D07047027D22F00802F1
S315080086100275094A407D1168CA7A897802448A42F5
S31508008620D8BFD1B29A6959752AB10121184619F0ED
S3150800863014BEFFF7D5BF7047B41A00202DE9F041E4
S315080086400025354E8AB03379AB4203DC01200AB0E7
S31508008650BDE8F0819023346803FB054494F859304B
S31508008660FF2B0DD0236A980106D504F14008404631
S3150800867020F0D2FE074628B9226A12F0A06F1ED152
S315080086800135E0E7BB7908A90C333B44D8689A7AE8
S315080086901B8AC2F38012ADF8243000238DF81F2000
S315080086A008901A460DF11F0019F07EFD38469DF810
S315080086B01F2094F8591008AB1BF067F8D7E7B4F8F1
S315080086C050301D2B18D13C23FF210020CDE9043161
S315080086D0CDE902000121CDE9000004F16203C2F3ED
S315080086E080221BF006FB0028B1D04FF0A06104F1F0
S315080086F0200019F020FDC3E712F0807F08BF3C2157
S315080087004FF0000218BF432194F8573094F85900E7
S315080087101BF092F9E7E700BFF81700202DE9F041B2
S315080087201F46836904460D4616468BB169B924F07F
S315080087303CF906462946A06C19F02BFD2046294629
S3150800874019F073FD304624F02BF90020BDE8F081BE
S315080087500029FAD0036A03F01203022B00F0BD8049
S31508008760236ADD0700F1C18094F85930FE2B0CD13D
S3150800877004F15B001CF0F6FC1CF0EDFC28B14FF48C
S31508008780001104F1200019F0CEFC256A624B2B403B
S31508008790B3F5807F00F0BC80A80531D5C5F38025E8
S315080087A004F1620800224146284619F003FD00211B
S315080087B084F85A0019F00FFD41460022284619F0A0
S315080087C0FEFCB4F8501020B194F95A00002880F243
S315080087D098804FF4007104F1200019F0ACFCB4F84D
S315080087E0502002F00302012A0AD14146284619F010
S315080087F0E6FC28B14FF4006104F1200019F093FC5F
S31508008800236AD90600F18280D4E90A122046FFF7C6
S31508008810BBFD012F11D040F27123B4F84C205A4306
S3150800882090420AD9B4F84E205A43904272D800F5BD
S315080088301C70B0FBF3F0A4F84C00384BA36100237E
S3150800884084F85730236A84F8567013F0100F0CBF5B
S315080088504FF48C778C27E16823F4803222622161F9
S3150800886007F2631756B140F27121B4F84E3042F45C
S315080088708032C3EB06134B4322626362236A43F4D6
S3150800888000232362264B1B68DB78637524F08DF87A
S31508008890237D054643F0080304F10800394623758D
S315080088A01AF0D3FE012003F0DFFB28B9237D5A070F
S315080088B05CBF43F00203237526B11CF0FAFC636A19
S315080088C00344636220461CF03DFB284624F068F802
S315080088D00121A06C19F05DFC37E7C06A20F0A4FD01
S315080088E000287FF43DAF0C2030E7E36B002B7FF4C4
S315080088F03BAF00F0ADFDE06300287FF435AF0920FB
S3150800890024E701F0010119F066FC68E7054B95E7D5
S3150800891012201BE7452019E7000120005F21020805
S31508008920B41A0020218A000870B500249026094D43
S315080089302B79A34200DC70BD286806FB040090F87A
S315080089405930FF2B04D000231A461946FFF7E6FED6
S315080089500134EDE7F81700202DE9F04304468F7936
S315080089608BB00C370DF10409CD1901220E460DF115
S315080089700300494619F029FCE36B8046039300235C
S31508008980E363236AE879C3F300138DF82530298950
S31508008990F7591CF00EFD214B07441B6805975B79B8
S315080089A005F118026375012306928DF8103005F15A
S315080089B00C03B8F1000F26D09DF80330CDF81C90B3
S315080089C08DF820309DF8252094F859308DF82130FF
S315080089D00123EAB98DF8223094F884308DF82330D3
S315080089E06B7903A88DF8243000F03EFE1CF0FCFAE3
S315080089F00121204619F019FC304612F001FB01202E
S31508008A000BB0BDE8F0830793AB7AC3F38013D7E7BF
S31508008A10AA7AC2F340128DF82220DFE7B41A0020A2
S31508008A20022810B50C4621D0032827D001282AD1C0
S31508008A30084619F02FFE40F27121B4F84C30B4F80C
S31508008A404E2094F85800D21AE36803F59C5308336D
S31508008A5001FB02332361FFF777FD0B4B204699682C
S31508008A60A36ABDE810400B6003F0F6BD03F052FCA4
S31508008A70844208D1BDE810401CF0B6BA0846BDE8E5
S31508008A801040FFF7ADBD10BDF817002038B50A4DE8
S31508008A900020FFF70BFDAB6813B100221A60DA80DD
S31508008AA01AF0F5FE00242B79A34200DC38BD2046D7
S31508008AB0FFF7A0FC0134F6E7F817002070B52A4C3A
S31508008AC00546A06818B112F09BFA0023A360FFF7C9
S31508008AD0DDFF002019F01AFB55B903202571256022
S31508008AE0E58212F0FDF9207919F010FB28B970BD5E
S31508008AF0022020F0D8FDA06048B90025A06825719D
S31508008B00256060BB002019F001FB0720EFE700266F
S31508008B10032025712660E68212F0E2F9B542E2DD0D
S31508008B2005EBC501090133460122032089B212F07B
S31508008B3093F906460028E0D1032012F0F3F92060E5
S31508008B400028DAD0902231466A4320F062FA237967
S31508008B50B342C8DD3046FFF74DFC0136F7E712F0A1
S31508008B604FFAA560CEE700BFF817002006222DE9C8
S31508008B70F341354B06469C688846A5790C35635DF6
S31508008B80671903F04F036355B0F850307A70103BFD
S31508008B900D2B31D8DFE803F055305107300C303053
S31508008BA030303030300C635D6FF30303635523E0D8
S31508008BB00123625D006A63F3030262550C2210F416
S31508008BC0006F7A7006F1620107F108020CD0019273
S31508008BD04FF0FF32C0F3802000921A4619F0EDFAE2
S31508008BE0635D43F08003E1E7D6F86230BB608B88AB
S31508008BF09380336A5B05F3D4B6F85020635D30463C
S31508008C0062F345136355B91C19F0C9FD635D60F33A
S31508008C1086136355A3797A7802331344E371B6F859
S31508008C20503003F01403142B04D0B8F1000FC4BF5E
S31508008C3042447A7002B0BDE8F081635D62F30303D3
S31508008C40B4E70222635DF9E7F81700202DE9F0433F
S31508008C508B7906460C33CC18237985B0DA0737D5D5
S31508008C60E77A252F34D8484B9A6893790C33D1186C
S31508008C70D35CA27AC3F38013B3EBD21F28D1056A5B
S31508008C800622EB064CBF0231043104F1120020F033
S31508008C9096F9E8B994F80A9019F093FA05F4C045DC
S31508008CA080F001032A1EC9F3801904F10C08414615
S31508008CB018BF01224846DBB21CF085FB014650B1BD
S31508008CC0A37A03F00F03032B1BD1336A980712D438
S31508008CD04FF0FF3012E019F07AFA0028F8D1A37A9B
S31508008CE003F00F03002DEED0032B85F4C0451CD1ED
S31508008CF0A904EDD5E9E70C2FEAD1032005B0BDE8B4
S31508008D00F083052BE4D1306AC207E1D500F01403DD
S31508008D10142B0FD0012202A90DF1070019F055FAFC
S31508008D2008BBA17AC1F3801121E0052BD0D16B04D1
S31508008D30E9D4CDE706F162052946C0F3802019F08B
S31508008D4035FA0028E6D1A27A336AC2F38012C3F351
S31508008D5080239A42BCD106222946404620F02FF9A4
S31508008D600028B5D1D6E79DF807100DF1080840464A
S31508008D7000F0E2FB0028ABD104F1180019F0C3FC9F
S31508008D800028A5D00520B9E7F817002038B504460D
S31508008D90D0F8A00010B9D4F8A400D0B194F8305196
S31508008DA020F0EEFA81B2063128461CF002FB83B2A7
S31508008DB040F271200849B4F87820098E42434143AD
S31508008DC08A42B8BF0A4603F548709042B8BF1046B3
S31508008DD038BD0346ECE700BF1018002030B5174B26
S31508008DE0826A1B681206597926D5028F1C79436B4D
S31508008DF01203B2FBF3F2631AB2FBF3F2B0F89C303B
S31508008E0003B1013BD0F8A05005B15B101B02B3FBC0
S31508008E10F2F35B180CD090F895200F2A08D912099E
S31508008E20B3EB820FB8BF00234FEA8201A8BF5B1AD3
S31508008E309C42A8BF1C46E1B2417530BDB41A002059
S31508008E402DE9F0411A4C06462368A3B92EB1002530
S31508008E504FF4A478EFB2B74211DB0020BDE8F081E9
S31508008E602068013507FB030019F03FF9A27EEBB233
S31508008E709A42F5D8EAE700254FF4A477F6E7206882
S31508008E80013508FB070019F02EF90028E2D0002565
S31508008E904FF4A47605E0206806FB050019F025F9CD
S31508008EA00135EBB2BB42F6D341F20700D6E700BF65
S31508008EB010180020084B9A7E82420AD94FF4A472F1
S31508008EC01B6802FB0030836A13F0100F08BF0020EE
S31508008ED070470020704700BF10180020084A09494B
S31508008EE01368C31AD810002B01FB00F005DB937E2C
S31508008EF08342D8BF4FF0FF3070474FF0FF307047BE
S31508008F0010180020199C8FC170B504460E4623F030
S31508008F104CFD3146054604F1300019F069FC20463F
S31508008F20FFF7DCFF01218140054819F061FC4FF489
S31508008F30807009F061FD2846BDE8704023F030BD19
S31508008F4038180020F3292DE9F84304460D468C4EBF
S31508008F501ED1738C5BB9A36813F4601F6ED0238F80
S31508008F60626B1B01B3FBF2F3F32D9FB225D12046AA
S31508008F7019F0C1FCB4F89C30002B38D1A26A984687
S31508008F8012F0800F0CBF3E22082284F8772030E0CA
S31508008F90736959064BD5836A1A0748D5336900F1B0
S31508008FA0400143601BF0C6F8738C002BD3D0238F87
S31508008FB0626B1B01B3FBF2F39FB2618FB4F89C207E
S31508008FC09BB25B1A9A423BDC736994F831019B07A2
S31508008FD04CBF002102211CF046FA40F202237269B6
S31508008FE09343C4D12046A4F89C7019F085FC4FF031
S31508008FF001082046FFF7F2FEFFF770FF87B23846F2
S3150800900019F0BEF88146384619F0B8F830B1384636
S3150800901019F0AAF80021384619F0AFF8F32D04D054
S31508009020A36A190701D5628F8AB9012334E0718CC6
S31508009030238F626B00298ED01B01BBE773848EE7F2
S31508009040B37F002BC9D0032194F83101C3E713F489
S31508009050C05FEAD1726912F00C0FE6D140F2022322
S315080090609343E2D1D4F8A430002BDED12046FFF793
S3150800907035FF80B219F07CF80028D6D12046A18F9A
S315080090801BF0E0F9031E69DD628F0132934265DC4D
S31508009090012BCAD0013B9BB2A4F87C30384619F0A4
S315080090A065F8B4F87C301844A4F87C00384619F002
S315080090B05CF8236B5A0409D54FF4804104F130005B
S315080090C019F09EFB00212046FFF71EFFA58FB4F876
S315080090D07C302B44A387B8F1000F0AD0204619F03C
S315080090E0C8FB204619F002F82046A18F1BF05EF84F
S315080090F08046384619F044F848450DD0A36A1B0740
S315080091000AD43846A58719F031F8A38F013080B202
S31508009110A4F87C001844A087A38FAB4202D2384635
S3150800912019F02AF8B4F87C20B4F89C3094F870103A
S315080091309B1AA4F89C3094F86F3002FB0133252261
S31508009140B3FBF2F102FB113384F86F30B8F1000F6C
S3150800915007D02046BDE8F84319F078BC638F013381
S3150800916099E7204608211BF05DF820460221FFF703
S31508009170CBFE41462046BDE8F8431BF0EFBE00BFD4
S315080091801018002038B500230C4D0446AB77202371
S315080091904FF400306B6104F099FA58B103F0D8F82F
S315080091A0E862204619F051FB84F83101204619F08F
S315080091B0B3FC38BD02F040FFF2E700BF10180020EC
S315080091C0022810B50C462CD0032832D001283FD1EE
S315080091D091F8953008466FF3071381F89530FFF735
S315080091E0D1FFA36A20461B0718D503F0CDFB042040
S315080091F004F06CFA60B3174AD37F4BB392F8203069
S315080092000133DBB282F8203092F824209A421FD824
S31508009210BDE810404FF0806009F0EEBB03F0A0FDFA
S31508009220E5E703F077F8844212D1BDE8104003F071
S315080092309FBB91F895302046C3F30312013262F3BF
S31508009240071381F89530BDE81040F321FFF77ABE81
S3150800925010BD00BF1018002008B504F0C3FAFB22A1
S31508009260114B10F0020FDA7644F290229A830CBF63
S31508009270012203224107197E48BF42F0040262F325
S31508009280030119761A7EC2F3030161F307121A76EF
S3150800929000229A621A61DA774FF480621A62032210
S315080092A083F8242008BD00BF101800202DE9F843D4
S315080092B0574C0546A06818B111F0A2FE0023A3601A
S315080092C0EFB2384619F0E0FA8046002839D1384618
S315080092D019F0E5FA0646A0BBFFF7B2FD8146022063
S315080092E011F0FEFD002D58D005EB850105EBC101F7
S315080092F0C90033460122022089B211F0ADFD0028CB
S3150800930046D102204FF4A479A77611F00BFE314618
S3150800931009FB05F220601FF07CFE2368681EF1B287
S31508009320814209FB01F206F101062CDB00212846E1
S3150800933099506360FFF784FD50BB384618F010FF5C
S3150800934090B30025002019F09FFA002019F0A7FA1B
S315080093500020FFF775FD022011F0C2FD2846C4E97A
S315080093600055A57618F0FCFE284619F080FA28461E
S3150800937019F079FA284618F0C7FE022011F0B0FD58
S315080093804FF0070840E002F5A47119449950C6E762
S315080093900023C4E90033A376D3E7C4E90055A576CC
S315080093A0B9F1000FC9D0CCE7384619F060FA0028A1
S315080093B0C7D1284618F0A8FE0028C2D1384619F0A9
S315080093C052FA0028BDD1384619F056FA0646002842
S315080093D0B7D1002D18DD022020F065F90223A06020
S315080093E0C37183793146C3F102020C33D2B21844F1
S315080093F01FF00FFE0121A3689A7913441A7B61F3C3
S3150800940001021A73FFF728FF4046BDE8F88300BF3C
S3150800941010180020014B987E704700BF10180020D6
S3150800942030B50A4B4FF4A4751A689C7E002318467B
S315080094302832D9B28C4200D830BD05FB03F1515809
S315080094400133490644BF0130C0B2F2E710180020C4
S315080094502DE9F04123F0A9FA244D06466C6824B993
S3150800946023F09EFA2046BDE8F0814FF4A4772368DE
S31508009470D4F81C803A46002120466B601FF0C9FDCF
S31508009480402104F12800C4F81C8019F0B1F93046CF
S3150800949023F086FA0123237584F83031A3F10113EA
S315080094A0A367EB7E2A8B84F84231AB8B0021A4F8A4
S315080094B04031072384F885300D4BA4F84421C4F8BD
S315080094C0883003F1CE5303F59813C4F88C3041F66F
S315080094D01B33A4F890301B23A4F8867084F89230C6
S315080094E004F108001AF0B1F8BCE700BF1018002014
S315080094F04801480170B5044619F084FA04F10800D9
S3150800950000F0ECFC23F051FA4FF4A4720546002152
S315080095102046E6691FF07DFD064BE66153F8042FE9
S315080095202AB928461C60BDE8704023F039BA1346AC
S315080095301268F5E7101800202DE9F04106464FF4A9
S3150800954080400F4604F0C2F8044630B90E4B1D6839
S3150800955093F81A807135A04502D80020BDE8F0813D
S3150800956055F8493CDA0609D5C3F38003BB4205D151
S315080095700622294630461FF022FD18B1013405F5AA
S31508009580A475E8E70B20E9E71018002010B5044693
S3150800959010B9084B198610BDA0F87810A0F87A20E3
S315080095A0FFF7F4FB2169E0602046BDE8104019F09A
S315080095B030B900BF10180020B0F8943010B55A1C06
S315080095C062F30B030446A0F89430042004F07EF8F6
S315080095D0C0B12046FFF782FC80B218F0C3FD78B10F
S315080095E04188094AD37F0B44DBB2D37792F821200E
S315080095F09A4207D8BDE810404FF0806009F0FCB9E0
S315080096000121EEE710BD00BF1018002038B58B7990
S3150800961005460B449B7D0C4603F00303032B09D137
S3150800962001212C3019F0E4F84FF4006105F1280007
S3150800963019F0DEF821460548A5601FF057FFBDE87A
S3150800964038404FF0005009F0D7B900BF1C18002069
S31508009650014BD8769983704710180020014BD87EA5
S31508009660704700BF101800202DE9F04FD0E90275A9
S3150800967090F9181087B00291417E046890F804802A
S31508009680D0F810A0037D427D90F816B090F8179098
S31508009690002940F0E680A9F1030101298CBF0226C2
S315080096A0032603932B8984F89B202A4652F8101B1D
S315080096B0BBF1000018BF0120C4F8281104F14401C9
S315080096C0019305F08DFB20461AF0A5FD204619F0FA
S315080096D0E8F81BF0CEFE49460246204619F0DBF8AC
S315080096E0C82220460DF11601ADF8162019F0C6F865
S315080096F00022C4F83421AA88039BA4F82C21AA794D
S3150800970084F82E21DAF80020C4F87120BAF804206B
S3150800971004F1280AA4F875201BB10421504619F053
S3150800972067F8BBF1000F04D04FF40051504619F00A
S315080097305FF84FF4607003F0C9FFC0F3C0134FEA37
S31508009740831BC30548BF4BF0800B810548BF4BF40C
S31508009750807B23F02AF94FF482610390504619F072
S3150800976047F8594604F12C0019F042F8039823F0FB
S3150800977017F9A8F10203012B75D84FF400215046BA
S3150800978019F036F801212046FFF7BEFB04212046D2
S315080097901AF048FD6B7D2046C3F3040384F8703045
S315080097A06A8952006263697B2A7B42EA01226287E0
S315080097B0E97BAA7B42EA012222876A7D84F86F3018
S315080097C0C2F3421284F83E2000220523A287012212
S315080097D0A4F89C30A4F87C20029919F067F803F0E5
S315080097E0FBFF20F40060C4E908012046FFF7F6FAFB
S315080097F03A493B4AB1F822B008F0FD03BBF1000F25
S3150800980066D1B3BB40F2C71B6760A26120460F61F1
S31508009810FFF7BCFAB9F1010FE06005D049462046CA
S3150800982084F8309119F0E4F904F10800594619F062
S315080098300CFF012002F018FC28B9237D5A075CBFEB
S3150800984043F00203237540F271216B892046013BE0
S31508009850594318F0DEFF20461BF074FB07B0BDE83D
S31508009860F08F01261DE7B8F1010F8BD140F20141B7
S3150800987089E74FF4D77BA26140F27128019B7600F5
S3150800988006EB430608FB06F6374440F60801504641
S31508009890676004F1400718F0ABFF394620461AF016
S315080098A049FC33463946204604F1340200F030FEBE
S315080098B0EB7901225B003946204608FB03F31AF0D0
S315080098C03FFC236C20469E08FFF760FA3044A1E768
S315080098D06760A261002BCFD198E700BF101800205F
S315080098E0C191000870B51D46C36A04461B07164693
S315080098F013D408212C3025F4105518F079FF25F0DB
S315080099001005064B2D0433402D0C2046C4E90835B6
S31508009910BDE870404021FFF7F7BA70BD2FCF87F733
S315080099202DE9F04F85B004460191084689B34B7975
S315080099309A071FD41FF078FD019D70B96B79DB0774
S3150800994005D54FF4803104F1280018F051FF01A81D
S315080099501FF0E5FC05B0BDE8F08FA36ADF0309D563
S315080099604FF4803104F1280018F04AFF6B7943F070
S3150800997001036B71019E23F018F8737931469E072F
S3150800998005461ED504F1AC001FF0BFFD284623F09E
S3150800999007F8DFF8909123F008F8A36A0746DD0573
S315080099A014D5D4F8AC3043B19A7913441B7B3A2BBF
S315080099B003D829FA03F3D80711D4384622F0F0FF62
S315080099C0C8E704F1A8001FF091FDDFE794F94631D6
S315080099D0022BF2DCD4E92A2372B9002BEDD004F16C
S315080099E0AC001FF0BAFC0546384622F0D9FF2946D6
S315080099F0204619F0B0FACEE7002BF0D194F8928001
S31508009A00039304F1A80BD4F8A86096F807A0B379D5
S31508009A10AAEB030A5FFA8AFAC24527DC58461FF002
S31508009A20FBFC0546A8EB0A086B7929466FF3C303C6
S31508009A306B7103A81FF05AFDD4F8A8302BB15B79D7
S31508009A40990702D1B8F1000FDDD1039B002BB4D0E2
S31508009A509B79022B40D800201FF025FE014670BBDB
S31508009A60039904F1A8001FF050FDA6E700201FF097
S31508009A701AFE054630B9039904F1A8001FF045FD02
S31508009A8003959AE78079B1790C300C314246314416
S31508009A9028441FF0C6FAEB7953FA88F3EB71B379C9
S31508009AA0727953FA88F3B3716B794FF0000862F351
S31508009AB000036B7173796FF300037371B4E7039B4B
S31508009AC04A79587960F300024A715A7903A86FF304
S31508009AD000025A711FF014FDE36A9A0512D503981D
S31508009AE0034600680028FBD1DB79C3F14503DBB2E6
S31508009AF0032B07D81FF0D7FD01460028B0D003A8CE
S31508009B001FF0F4FCD4F8A83013B15B79DB0704D551
S31508009B10039A537943F008035371384622F040FFFD
S31508009B20039965E77C2C0200F8B50023124A02F176
S31508009B30280151E8004F41E80035002DF7D10127EB
S31508009B4034B9BDB10D48294618F052FE2046F8BD75
S31508009B5094FAA4F0B0FA80F007FA00F624EA0604AC
S31508009B60FFF7A8F90028EBD019F083FA0028E7D107
S31508009B703543E5E70120EAE71018002038180020E9
S31508009B802DE9F74F04460190002862D0C5794FF0B9
S31508009B9000080C35054422F008FF464600904FF4AD
S31508009BA0A47A40462C4FBA7E5FFA88F94A4517D9F7
S31508009BB00AFB09FB3A685A44916ACB0646D5B2F8BD
S31508009BC09420C2F30B02002A40D0E279C2F1450282
S31508009BD0D2B2032A17D802201FF065FD044650B9F1
S31508009BE000230098FB7787F8203022F0D9FE30460C
S31508009BF003B0BDE8F08F014601A81FF077FC0020EE
S31508009C00E5790C35254404220123002112FB003393
S31508009C1005F82090E9543B6802FB005C5B44B3F806
S31508009C20943001368CF80230032312FB0032A95413
S31508009C303B6801305B44B3F89420C0B261F30B0271
S31508009C40A3F89420E379F6B20433E37108F1010826
S31508009C50A9E70646CBE700BF10180020F7B5684607
S31508009C6005F0B2F800254FF4A477124EB37EAB4246
S31508009C7001DC03B0F0BD346807FB0544A36A03F0B2
S31508009C801803102B13D10522694604F145001FF06D
S31508009C9096F960B1012120461AF078FC38B90120FE
S31508009CA01FF001FD014610B1204601F069F80135A3
S31508009CB0DCE700BF101800202DE9F74F22F075FEEB
S31508009CC0424BDA6800920022DA6022F069FE009BB5
S31508009CD013B903B0BDE8F08F68461FF03EFB8279E2
S31508009CE0876802F10C04044401460190A07A0A32FE
S31508009CF010F0200F14BF0320022002448A71FA6A6A
S31508009D0052050FD5E07AA27A42EA0022384619F0BF
S31508009D1084FC38B901A81FF002FB3D21384619F02A
S31508009D2087FBD4E7BA6A94F80AB012F4007201996C
S31508009D300BF0030013D003288A79EBD10A44127B6F
S31508009D403A2AE7D8224B23FA02F2D307E2D54A7910
S31508009D50384642F002024A7100F0ECFCB7E70328E5
S31508009D60F5D048790BF0030B62F3410048710846B9
S31508009D7094F8069094F905A01FF056FB019D064637
S31508009D80AC793846063CE4B2AC71FFF7A7F80C3458
S31508009D90C0F3032305EB040843EA0B1388F80330E2
S31508009DA02B46F6B288F80200A8F8046005F804A065
S31508009DB088F801905A796FF341025A711B68002B93
S31508009DC0F8D1284619F011FD81E700BF10180020C8
S31508009DD07C2C0200012838BF0120012938BF012147
S31508009DE0024B83F8210083F82410704710180020CE
S31508009DF0104B1A7842F0F0021A701A7C42F0F00200
S31508009E001A7493F8202042F0F00283F8202093F881
S31508009E10302042F0F00283F8302093F8402042F0D8
S31508009E20F00283F8402093F8502042F0F00283F8BD
S31508009E3050207047441800200368054A23F07F63C2
S31508009E4023F4002302EAC14213430360704700BFAC
S31508009E500000F80FF8B54488054604F00704072CF7
S31508009E601C4E28D122F0A1FD00221101735C06EBDD
S31508009E7002171B090F2B0AD00132062AF5D1164AFA
S31508009E8013880133138022F08BFD1920F8BD2B6847
S31508009E9094B27B801123735422F082FD1BF009FAD9
S31508009EA006EB0413D8602B68002023F4E02343EA6A
S31508009EB004432B60EAE72301F15CC1F30312013284
S31508009EC002F00F02052A28BF002262F30711F15497
S31508009ED0E4E700BF441800202A24002038B5448847
S31508009EE0054604F00704072C0FD022F05EFD074A4A
S31508009EF02401135D43F0F00313552B6843F4E02364
S31508009F002B60BDE8384022F04BBD38BD4418002010
S31508009F102DE9F0474588074605F00705072D8946C8
S31508009F2037D01D4C4FEA051814F808601BF0C1F924
S31508009F3004EB051ADAF80C30360906EBC506C01A22
S31508009F4004EB4606708014F8083003F00F02042A62
S31508009F509EBF013262F3030304F80830B9F1030F18
S31508009F6014D114F8081004EB0514A01C01F00F0115
S31508009F701AF00CFF044622F018FD3A68074B134006
S31508009F8023433B60BDE8F04722F00ABD4FF6FF7455
S31508009F90F1E7BDE8F08700BF441800200000FF7F06
S31508009FA0064A08B59268824207D0427922F003022F
S31508009FB042F00302427108F079FD08BDA41800209A
S31508009FC010B5064C20461FF0AAF9201D1FF0A7F968
S31508009FD004F10800BDE810401FF0A1B9A41800203C
S31508009FE010B502201FF05FFB034C606002201FF0D3
S31508009FF05AFBA06010BD00BFA418002008B5FFF7E3
S3150800A000DFFF0022024BDA60BDE80840FFF7E8BF31
S3150800A010A4180020014B5868704700BFA4180020F8
S3150800A020014B9868704700BFA418002038B50C4C3F
S3150800A030E3681BB1E36898470023E36023686BB1C4
S3150800A04007481FF08AF9054640B123681BB14FF04F
S3150800A050004008F0D1FC284619F0A6FF38BD00BF1D
S3150800A060A418002010B5084CE0604FF0004008F036
S3150800A070C3FC00BF00BF00BF00BFE3681BB1E368B5
S3150800A08098470023E36010BDA418002038B58379EB
S3150800A090044603445B7B13F0300F437923F0030334
S3150800A0A008BF43F00103437122F07FFC05462146B1
S3150800A0B005481FF01BFA4FF0004008F09DFC2846A3
S3150800A0C0BDE8384022F06CBCA41800202DE9F04108
S3150800A0D0234F00217C68FE20A679FEF7C3F90546C2
S3150800A0E001F03AFB40B10C22B8680023BDE8F04104
S3150800A0F042F2050119F0BCBA01F06EFB0028F2D154
S3150800A1000C363444237AE61C9B09022BEBD0012B30
S3150800A11018D9237AA11C03F03F02073443F0C00381
S3150800A12011F8010F8C4242EA000203EA0003F7D154
S3150800A130002AD8D0FF2BD6D055B930461AF0DEFF04
S3150800A1400022D1E731461AF0EDFF0028E1D0CAE730
S3150800A1503146284618F081FA0028EED1C3E700BF39
S3150800A160A4180020F0B5184E85B07568AB790C3385
S3150800A1701D4403F037FBB5F80920B5F807108A42E5
S3150800A1801FD8032A1DD903291BD96F79CFB1C0431C
S3150800A19060F0050010EA070413D1EB78A879CDE939
S3150800A1A001742C79009401F08FFA00280CBF0C2258
S3150800A1B0002242F24101B06805B0BDE8F04019F04E
S3150800A1C0A8BA1122F5E700BFA418002010B50D4C57
S3150800A1D0626893790C331A441179D078003918BF1C
S3150800A1E001210038B2F8073018BF0120B2F805205F
S3150800A1F001F074FD42F242010246A068BDE8104033
S3150800A20019F087BAA418002010B5084C606883793D
S3150800A21018440F301AF056FF0023A0681A46BDE806
S3150800A22010404FF6284119F023BA00BFA4180020A1
S3150800A230242816D80F2805D802280CD8B0FA80F09A
S3150800A24040097047084B103880B2C34003F0010339
S3150800A25083F0010070470538012894BF00200120CB
S3150800A26070470120704700BF2D2011002DE9F04FDF
S3150800A27095B0FFF7CFFE42F23603867905460C36CF
S3150800A28030F80680841998450ED1FFF7C3FE0221DF
S3150800A2901FF015F87F22A3780233A370AA5500236E
S3150800A2A020222377627063770121E078FEF7DAF8D7
S3150800A2B000230646002800F0D280CDE91233E28852
S3150800A2C0237AADF848208DF84A30B4F80920E37AA5
S3150800A2D0ADF84C208DF84E30A288E37802F01C01C8
S3150800A2E0FE2B4FF6FF7308BF4FF480431C2925D079
S3150800A2F0DDE9120188421DD900251126FFF790FED7
S3150800A300012332464146ACB219F0B2F9002DCCBF52
S3150800A3100534053C24B2002E40F0A4800A2394FBA1
S3150800A320F3F4E4B2FFF77CFEC3791844C47215B09F
S3150800A330BDE8F08F1F28DFD99942DDD8D206E77D20
S3150800A340657E04D5012F16D000251226D6E7012FE3
S3150800A35074D0032FD0D16B1EDBB2022BCCD803F0FE
S3150800A36041FA04270742C7D0032D08BF0425284011
S3150800A370C0B20028C0D0E07817F007FF20B1A08847
S3150800A380FFF756FF0028DFD0374A237F1278002AC6
S3150800A3905CD0042BD8D8637F042BD5D8A388DB06DA
S3150800A3A05BD41BF066F80121C822084004F0E2F9E4
S3150800A3B094F91630B4F804E003EB8303B0EB430FCB
S3150800A3C04FEA4302637B677E0F93A37BE188109372
S3150800A3D004F10F031193637F94F80C9094F815A079
S3150800A3E094F818B00546E07DC8BF15B2B4F8092040
S3150800A3F00C93237F03280B93E37E08BF0420032FC7
S3150800A40008BF0427003B18BF01230A93A37E1FFA3F
S3150800A41085FCCDE90873119BCDE9060B0293109BC9
S3150800A420CDE904ACCDF80C9001930F9B3046009310
S3150800A4305FFA8EF317F062FF06465FE76B1EDBB224
S3150800A440022B3FF659AF03F0CDF98BE7002B7FF4CB
S3150800A45053AF637F002BA1D04EE70020A3E7054644
S3150800A46007264BE700245DE79A2B0020F8B5074638
S3150800A47001200D4616461FF016F90446C0B10622FD
S3150800A4800C2119F017F9691EC9B2032988BF0022E1
S3150800A490A37998BF074A03F10C0398BF525C23447B
S3150800A4A020469F80DE70DA719A71FFF779FD0120E8
S3150800A4B0F8BD00BF98E90208F8B5FFF7ABFD837948
S3150800A4C01844B0F80F60B0B2FEF7F4FC0446C0B109
S3150800A4D018F005FD0138C0B2032814D800270B4B25
S3150800A4E01C5CFFF79DFD054604233A4642F23001FF
S3150800A4F019F0BEF8AB790C33E818C68004724472BA
S3150800A500F8BD0227EDE700242746EAE798E902089E
S3150800A5102DE9F0411D4690460E46074601F0CAFF52
S3150800A52001F0C2FF044698F80A0001F0BDFF1A4B75
S3150800A53004449D4225D9194B9D4215D9184B013D16
S3150800A54093FBF4F3002BB8BF03339A1005EBA3056E
S3150800A550B5FBF2F379683268A1EB930102EB43028B
S3150800A56079603260BDE8F0810E4B0F4AA3FB0553B4
S3150800A5705B0904FB03F303F6C313A2FB0323DB0AFD
S3150800A580E8E704FB05F3094A03F574338F33A2FBA6
S3150800A59003231B0CDEE700BF4C6210001366660639
S3150800A5A040420F001F85EB515917B7D183DE1B4375
S3150800A5B0024B1A6802601860704700BFB81800207E
S3150800A5C00022024B1A6000F045BA00BFB8180020F6
S3150800A5D02DE9F843064618F0A9F90446002835D0AF
S3150800A5E045784DB922F0E1F9237863701B4B1B6857
S3150800A5F02570636022F0D4F94FF00108677837B9FF
S3150800A60023781BB34FF4007008F0F6F91EE097FAAA
S3150800A610A7F5B5FA85F508FA05F55FFA85F96368C9
S3150800A62033B90E4B27EA050565701B686360E5E7D5
S3150800A6309B681BB963681B686360F0E74946304648
S3150800A6409847012805D163681B6863600120BDE847
S3150800A650F8830228EED10020F9E700BFB8180020D9
S3150800A66070B500250D4EFEF7D5FEA84201D801208B
S3150800A67012E03068FEF71EFC50B93468FEF7CAFED1
S3150800A6800134B4FBF0F303FB104401353460EAE708
S3150800A690FFF79EFF0028F0D170BD00BFB418002058
S3150800A6A010B50446837903441B7B3A2B96BF044AAC
S3150800A6B0FF21D15C1EF003FEA0790C30204410BDAA
S3150800A6C09CE90208F8B5174606460C461D4618F0DA
S3150800A6D025F9020713D50221304618F064FE70B139
S3150800A6E01121204619F0B6FD2046FFF7D9FF45701F
S3150800A6F0877021463046BDE8F840FFF711B9292092
S3150800A7000B49C5F12002A5F12003E94000FA02F23F
S3150800A71020FA03F311431943CB07E1D40D21204650
S3150800A72019F098FD2046FFF7BBFF4770E1E700BF29
S3150800A730000040842DE9F34105460C46019118F0C6
S3150800A740E5F8830605D501A81EF0E9FD02B0BDE8C7
S3150800A750F081019FBE790C36BB5D3A2B18D8164A94
S3150800A76012F80380B8F1FF0F12D038461EF05CFECF
S3150800A770013840450CD1114B1E6896B9214628462A
S3150800A780A37923441A7B02B0BDE8F04119F076BDDF
S3150800A79001981EF0C4FD2846BA5D019919F06EFDB0
S3150800A7A0D4E773680BB93668E7E721462846984721
S3150800A7B00028F8D0CAE700BF9CE90208B8180020AC
S3150800A7C037B504460D46202118F0A2F8294620463A
S3150800A7D018F0F0F82146012019F0F7FD214600206F
S3150800A7E019F0F3FD012000232146034A009019F0D1
S3150800A7F07DFD03B030BD00BFA941020837B5044648
S3150800A80019F061FF0321204618F0D7F80025034602
S3150800A81021460120034A009519F068FD284603B031
S3150800A82030BD00BFA14502082DE9F34104460D4697
S3150800A8300146012018F061F801210746284619F05B
S3150800A84009FD2846FFF72CFF064600F10108404699
S3150800A85004F0BAFAD6F801300221C7F81230737933
S3150800A8602046BB7518F0A9F829460746F080204609
S3150800A87019F0EEFC20232146009301203B46034AAB
S3150800A88019F034FD002002B0BDE8F08187460208C1
S3150800A8907FB504460D4619F00AFFD8B3204618F0CE
S3150800A8A03DF8430715D5002320461A460DF10F013A
S3150800A8B018F0FCFA9DF80F30062B0AD8284610F037
S3150800A8C09FFB012200232046FFF70CF8002004B066
S3150800A8D070BD0E21284619F0BDFC2846FFF7E0FE9C
S3150800A8E0064602F079FFC6F8051002F075FF2946FC
S3150800A8F0C6F80100204619F0ABFC0321204618F0E3
S3150800A9005CF800220346009221460120024A19F00B
S3150800A910EDFCDBE70821DDE7A5450208F7B50D469E
S3150800A9200446174619F0C3FE80F001002146C0B25E
S3150800A93017F0E3FFC668012DB37907D03A462946D2
S3150800A940204603B0BDE8F04019F0DCBE0C332046C3
S3150800A9501E44FEF7C3FA718980B217F014FC102260
S3150800A9607389214600920020024A19F0BFFC284646
S3150800A97003B0F0BD054702082DE9F74F074688469C
S3150800A98017F0CCFF10F480165DD102201EF08BFE66
S3150800A9900546002859D098F8063031460C3343440A
S3150800A9A0B3F80490B3F806B0B3F808A019F052FC4F
S3150800A9B02846FFF775FE02210446384617F0FDFFC4
S3150800A9C0A4F804906081A4F806B0A4F808A01AF0C8
S3150800A9D02FFC09F10109B0FBF9F303FB1900022367
S3150800A9E060806370AB7988F80630EA7903F10C0069
S3150800A9F088F80720D21AD2B2291840441EF011FB53
S3150800AA003946012017F079FFC0F80C803846FEF762
S3150800AA1065FA618980B2013917F0B5FB102263899E
S3150800AA203946012000920A4A19F060FC4FF4803139
S3150800AA30384617F075FF3846294619F009FC30469E
S3150800AA4003B0BDE8F08F2320FAE70720F8E700BF38
S3150800AA500547020810B5054C054A2046054919F070
S3150800AA6090FD2046BDE81040FFF7A2BDBC180020A7
S3150800AA7091470208E1AB0008F7B58B7904460C3319
S3150800AA80CE18CB5C0D46023B0F2B00F2A080DFE808
S3150800AA9003F0089E9E9E9E739E829E9E2C689E9E96
S3150800AAA09E4F21F082FF71780746204617F082FFF5
S3150800AAB02021204617F02CFF2146012019F085FC9D
S3150800AAC02146002019F081FC01230093002321462A
S3150800AAD01846404A19F00AFC284610F091FA3846FA
S3150800AAE021F05EFF012003B0F0BDB388728871784B
S3150800AAF018F0C2F9204617F011FF830708D4294633
S3150800AB00204619F0E0FD0121204619F08BFBE9E704
S3150800AB102146012017F0F1FE2F4B82689A4203D195
S3150800AB202146012019F021FC284610F069FAEAE7C7
S3150800AB3077780846B67810F063FA162F05D13246AC
S3150800AB40032120461AF026F8CCE72146012017F003
S3150800AB50D4FE8368002BC5D0324603212046984789
S3150800AB60C0E70146012017F0C8FE07462846767852
S3150800AB7010F046FABB68EDE70146012017F0BDFE66
S3150800AB8007462846767810F03BFABB68002BA9D012
S3150800AB9032460421E2E70146012017F0AEFE0F4BCC
S3150800ABA082689A4203D0284610F02AFA9AE7D6F81D
S3150800ABB00120D6F805302046FEF794FE284610F008
S3150800ABC01FFA2146012019F0D0FB02219CE700203C
S3150800ABD089E700BFBB460208A1450208A545020849
S3150800ABE02DE9F3410D46044619F061FDAB790028BD
S3150800ABF07DD00C3315F80380EE18B8F1010F53D049
S3150800AC00B8F1080F4BD0B8F1000F63D1204671890F
S3150800AC1019F05AFBB38872889A4294BF07460027F0
S3150800AC20092B38BF09237278013B9BB29A421BD87D
S3150800AC30002A08BF00272046FEF750F91FFA80F8B9
S3150800AC40404617F08FFA88B14388B18800930846C2
S3150800AC50F388328919F07EFA50B9284610F0D0F9EF
S3150800AC60012002B0BDE8F0814746E4E70123ECE79E
S3150800AC70002FF2D02146002017F03FFEC5607189EB
S3150800AC804046013917F07FFA102273890092013B7A
S3150800AC901B4A9BB22146002019F028FBE0E729460B
S3150800ACA0204619F0A2FCDBE72046F18819F00CFBD8
S3150800ACB00746701C1AF0EFFB0028CED0002FCCD028
S3150800ACC02146002017F019FE2023C5600093F3885B
S3150800ACD00C4ADFE7294620461AF046F80028BFD175
S3150800ACE02946204602B0BDE8F041FFF7C5BE2B4411
S3150800ACF01B7B0E2BD3D0294620461AF024F8EDE705
S3150800AD001DA900083F46020838B504460D4617F047
S3150800AD1005FE42070FD4204617F000FE83070AD423
S3150800AD202046022117F0FCFD29462046BDE838409A
S3150800AD30034A19F0BBBB284610F062F9002038BD5B
S3150800AD40FDA7000838B504460D4617F0DFFD00F0EC
S3150800AD50180010280CD1204617F0E0FD10F4C02F7B
S3150800AD6006D129462046BDE83840044A19F09EBB5C
S3150800AD70284610F045F90C2038BD00BF79A900080F
S3150800AD80014A19F093BB00BF29A8000870B505460B
S3150800AD900C460146012017F0B0FD0646284617F076
S3150800ADA0BDFD020704D5204610F02AF9002070BD23
S3150800ADB033685B05F7D4284619F079FC40B121467B
S3150800ADC02846FFF7A1FF18B91EF06DFC044670B1BE
S3150800ADD056E8003F43F4806346E80032002AF7D17C
S3150800ADE021462846BDE87040024A19F05FBB072095
S3150800ADF0DDE700BF91A8000873B504460E4617F0B4
S3150800AE0085FD00F0300010284FF0020031D11EF009
S3150800AE104AFC054678B34379022143F0020343719D
S3150800AE2019F018FA2846FFF73BFC294646702046D3
S3150800AE3019F00EFA1621204617F0BCFD20212046EF
S3150800AE4017F066FD2146012019F0BFFA21460020B9
S3150800AE5019F0BBFA204619F05EFB0121204617F0CF
S3150800AE60ACFD0346012021460090044A19F03EFA3B
S3150800AE70002002B070BD0720FBE700BFCF450208DF
S3150800AE802DE9F04387B004460E4617F047FD00F457
S3150800AE90C060B0F5C06F06D102201EF004FC05465E
S3150800AEA010B9072054E000252146012017F025FD9A
S3150800AEB0814696F8068000F1120208F10C08B044A3
S3150800AEC008F10F0308F11F0153F8040B8B4242F8EF
S3150800AED0040BF9D10321304619F0BCF93046FFF7C7
S3150800AEE0DFFB0A22074608F1050101301EF077F854
S3150800AEF00C210DEB010000F037FB03AB03CBC7F8C1
S3150800AF000B00C7F80F10059B07F10B02C7F81330A3
S3150800AF100DB30A21284619F09DF92846FFF7C0FB0C
S3150800AF202946204619F094F94FF480712046C9F84D
S3150800AF300C6017F0EDFC0321204617F03EFD0025B6
S3150800AF400346214601200C4A009519F0CFF92846F8
S3150800AF5007B0BDE8F083204607F11303012118F076
S3150800AF60BBFA2046314619F073F92046C9F80C5049
S3150800AF7018F0CEFADFE700BFD3470208F0B589B06C
S3150800AF800D46044619F01FFCAB79002800F0A38093
S3150800AF900C33EA18EB5C033B082B00F23881DFE838
S3150800AFA013F00900360136018400360136013601F0
S3150800AFB05D007E00D2F80100D2F8051003ABB2F8A6
S3150800AFC0097003C302F1130301210B32204618F05E
S3150800AFD083FA0421284619F03DF92846FFF760FB55
S3150800AFE006460C2105A800F0BFFA05AB03CB33468D
S3150800AFF0C6F80100C6F80510079A002143F8092F7C
S3150800B0002046721C18F068FA2146002017F075FCD5
S3150800B010034603AA478303CAC3F81200C3F81610E7
S3150800B02020460821FDF770FF4FF40071204617F0FF
S3150800B0306FFC204618F06CFA2946204619F008F9E4
S3150800B0400321204617F0B9FC034600202146714A21
S3150800B050009019F04BF9012009B0F0BD0B212846E4
S3150800B06019F0F8F82846FFF71BFB2946204619F081
S3150800B070EFF821F09AFC05464FF44071204617F088
S3150800B08047FC4FF48051204617F04AFC284621F029
S3150800B09087FC4FF48061204617F045FCDBE728461D
S3150800B0A00FF0AEFF4FF40071F5E70621284619F0B8
S3150800B0B0D1F82846FFF7F4FA204617F008FF294684
S3150800B0C0204619F0C5F8204618F048FA214600200F
S3150800B0D019F04BF9BFE72B441B7B043B072BBBD866
S3150800B0E001A252F823F000BF09B100082FB10008E9
S3150800B0F091B1000859B0000859B0000859B00008C5
S3150800B10059B00008A7B1000820464FF4007117F09F
S3150800B110FFFBAA7920460C322A4402F109030021D2
S3150800B120013218F0D9F928460FF06AFF93E74FF471
S3150800B130806002F0CBFAB0B100274FF400612046D8
S3150800B14017F0E6FB2046CDE90577FDF7C7FE06466C
S3150800B150204617F0D9FB39460346009505AAB0B232
S3150800B16018F0B1FE77E72146012017F0C6FB00F17B
S3150800B1701201204618F007FA0621284619F06AF83F
S3150800B1802846FFF78DFA2946204619F061F862E746
S3150800B19028460FF035FF2146012019F016F92046FA
S3150800B1A018F0DCF957E721F000FC06464FF4007169
S3150800B1B0204617F0ADFB4FF48051204617F0B0FB40
S3150800B1C0304621F0EDFB4FF4C061204617F0ABFB8B
S3150800B1D02946204619F03CF82146012017F08DFB38
S3150800B1E0C268054682B1937901210C331A4402F1EB
S3150800B1F0130320460B3218F06FF9204618F088F929
S3150800B2002046E96819F024F80023EB6023E70020BC
S3150800B21022E700BFD347020810B5074C0749204666
S3150800B220002219F0AEF92046FFF7C2F9BDE8104032
S3150800B2300120002102F050BAC81800207DAF00088E
S3150800B24038B505460C4617F061FB00F018001028C3
S3150800B25006D121462846BDE83840044A19F026B9E1
S3150800B26020460FF0CDFE0C2038BD00BF81AE000889
S3150800B27038B50C468B7905460C331944E35C142B18
S3150800B28003D0152B0FD0002038BD013119F073FB00
S3150800B29015212846224619F0B6FB2146284618F0FD
S3150800B2A0D7FF0120F0E70146012017F026FB0B4BDC
S3150800B2B082689A4203D020460FF0A2FEF1E7A179F0
S3150800B2C0284621440D3119F056FB20460FF098FE0A
S3150800B2D02946012019F049F8E3E700BF5B4A02084E
S3150800B2E037B504460D460A46142119F08CFB294643
S3150800B2F0204618F0ADFF0321204617F05EFB3022EA
S3150800B3000346009221460120024A18F0EFFF00206A
S3150800B31003B030BD5B4A020810B5074C0749204602
S3150800B320074A19F02EF92046FFF742F9BDE8104002
S3150800B3302020002102F0D0B9D418002071B20008EC
S3150800B3405F4A020873B51E46ADF800208DF8023034
S3150800B350009B044601A801930D46114619F0F5FA1B
S3150800B3609DF80630B34203D1BDF804308B4205D0B0
S3150800B37028460FF045FE122002B070BD204617F091
S3150800B38035FC9DF80230827A9A4209D18288BDF846
S3150800B39000309A4204D128460FF032FE0020EBE72F
S3150800B3A06946204618F070F829462046014A19F0E1
S3150800B3B07DF8E1E7E1B200082DE9F04116461A43A7
S3150800B3C007460C461D46BDF8188005D12046BDE83F
S3150800B3D0F041114619F0A7BB4146204618F060FF18
S3150800B3E078B12146384617F088FA40238674C57422
S3150800B3F02146069338464346BDE8F041024A18F00E
S3150800B40075BFBDE8F08100BFDF4B0208F7B50546FA
S3150800B4100E460146012017F070FA036813F0F00F84
S3150800B42003D02946012018F0D0FF284617F054FD0E
S3150800B430B3790C3333445F789B781F400378C3F3A2
S3150800B440030000EA1310384019F036FB044668B9C1
S3150800B450284619F03AFB384019F02EFB044628B95D
S3150800B460284617F03CFD00F0F9FF0446284600215F
S3150800B47017F0BEFB1721304618F0ECFE3046FFF7F2
S3150800B4800FF9314644708470284618F0E1FE03210E
S3150800B490284617F092FA40220346009229460020D1
S3150800B4A0024A18F023FF03B0F0BD00BF954B02080F
S3150800B4B02DE9FF4107460E461446DFF83880434615
S3150800B4C0694638460A4A03F0B1FB0028F7D0102C23
S3150800B4D0254628BF102530462A4669461DF0A1FD97
S3150800B4E0641B2F442E44EAD104B0BDE8F08100BFA6
S3150800B4F0AB2B00209B2B002030B589B02022694653
S3150800B500FFF7D6FF6A460C4D04AB144603CC9C42A3
S3150800B51028606960224605F10805F6D1074C08AD92
S3150800B5201A4603CAAA4220606160134604F1080459
S3150800B530F6D109B030BD00BF9B2B0020AB2B0020F5
S3150800B54010B588B0694620200FF016FF044630B9BA
S3150800B5506846FFF7D1FF0122024B83F820202046D8
S3150800B56008B010BD9B2B002070B5134B054693F809
S3150800B57020300C468CB00BB9FFF7E2FF0023CDE96B
S3150800B5800033CDE9023354B91C22214605A8049498
S3150800B5901DF03FFD04A8FFF7AFFF0CB070BD102CDF
S3150800B5A0264628BF1026294632466846FFF780FFFA
S3150800B5B03544A41BE7E700BF9B2B002008B581B2E2
S3150800B5C0074818F042F8012000F04EFD30B9054A48
S3150800B5D0137D59075CBF43F00203137508BD00BF0E
S3150800B5E0E8180020E018002001238340DB430649C1
S3150800B5F001F1240252E8002F1A4001F1240C4CE80C
S3150800B60000200028F4D17047E01800200123074ADB
S3150800B61003FA00F002F1240353E8003F034302F162
S3150800B620240C4CE800310029F4D17047E0180020BA
S3150800B630044A4FF08040536A43F40023536207F0EC
S3150800B640DBB900BFE018002038B54FF01013194CCD
S3150800B650002563644FF4E063A4F848300123164AD2
S3150800B66084F85C30154B6562C4E91532256602F02C
S3150800B670B9F84FF48073A4F84E30114B84F8520091
S3150800B680A361104B25751A6829461378527804F178
S3150800B690080013445B106375A4F8B450A4F8AE50C0
S3150800B6A017F0D3FF294604F19000BDE8384017F09B
S3150800B6B0CCBF00BFE018002055555500D6BE898E70
S3150800B6C0734E0208B41A00202DE9F843214C994616
S3150800B6D0636A0F46DB0715469DF824609DF82880A7
S3150800B6E035D468B30120FFF791FF626A9DF82030D0
S3150800B6F022F4C07242EAC312052E626284F85060D0
S3150800B70007D102F0FFFC48B96D00ADB2BD4228BFB3
S3150800B7103D4694F8500019F0A2FB0646636A84F881
S3150800B7205C60A4F84470A4F8465084F84890B8F1D0
S3150800B730000F09D043F4801301206362BDE8F88343
S3150800B7400120FFF751FFD0E723F48013F4E7002028
S3150800B750F4E700BFE0180020024B586AC0F38000E7
S3150800B760704700BFE018002010B51A4CFFF7F4FF29
S3150800B770636A13F0010313D1A8B994F85D3094F8FD
S3150800B7804910253BDBB20133DBB2032B28BF00236C
S3150800B79041FA03F2D207F6D5253384F85D3014E072
S3150800B7A094F8503010B194F85120134303F0050370
S3150800B7B0052BE2D102F0A6FC0028DED194F85C3015
S3150800B7C0012B03D1032384F85C3010BD012384F8D0
S3150800B7D05C30D2E7E0180020024B586A00F00100FE
S3150800B7E0704700BFE0180020F8B52E4C18B1237D2D
S3150800B7F043F00803237519F05CFD40F27121B4F893
S3150800B8004620E66B151F4D43AE42236CB4F84470D0
S3150800B81018D2A3F5967301FB0733E768181A23892C
S3150800B8203B4483420EDA5143237D891B43F00803C8
S3150800B83023758142D4BF216120611A48BDE8F840CA
S3150800B84019F080BB40F271277A43A2F5E1722261B2
S3150800B850FFF78AFF236CB4F84420AE4207FB023395
S3150800B860636023644FF00003E3630F4B0CD31A683D
S3150800B870616A137B4907617D4CBF927912780B4444
S3150800B88093420CDC6375D8E7626A1B685207197B1A
S3150800B8904CBFDA795A78637D5B1A9342F2DA62759D
S3150800B8A0CBE700BFE0180020B41A002038B50546DB
S3150800B8B00D4C80B10320FFF797FE002384F84D3026
S3150800B8C00123A4F84A300420FFF78EFEBDE838406D
S3150800B8D01020FFF789BE0520FFF786FE012384F8AE
S3150800B8E0AD50A4F8B030EEE7E0180020274B70B54D
S3150800B8F05A6A0D4609B3160747D503F14D0603F1F3
S3150800B9004A0428B3D1061FD52388012B1CD95B0806
S3150800B91004202380FFF768FE1020FFF765FE19F064
S3150800B92087FC2388B0FBF3F202FB1300307055B393
S3150800B9300320BDE87040FFF757BE940625D503F1EE
S3150800B940AD0603F1B004DCE70420FFF75FFEE3E78A
S3150800B950D20314D5B3F84A10B3F84E2091420ED24A
S3150800B96022881020520092B22280B3F84E309342B9
S3150800B97028BF13462380FFF737FE0420CDE71020A3
S3150800B980FFF744FEF9E70520D3E770BDE01800206D
S3150800B99070B58AB005466B46484AAC791068516856
S3150800B9A0127A03C30C3408201A702C4401F08EFE58
S3150800B9B020B101222846A11D1DF08DFC0021A37986
S3150800B9C0CDF821108DF80F30A37AADF8251003F0C5
S3150800B9D00F0303F128026A4412F8282C8DF8201068
S3150800B9E0ADF81020062B08D8DFE803F0044F070748
S3150800B9F05F074B000D20FFF709FEA37A0DF113012F
S3150800BA00C3F380138DF81230E3680DF11200CDF8F8
S3150800BA101330238A09AEADF8173000231A4616F0FC
S3150800BA20C3FBE3791C218DF819304FF47F43ADF839
S3150800BA301A307F238DF81C30637928468DF81D301F
S3150800BA400023ADF81E30AB7903AC1233AB711DF091
S3150800BA50A6FCAB792B440C33224603CAB2421860C3
S3150800BA605960144603F10803F6D110682946186090
S3150800BA7013481DF03BFD4FF0804006F0BDFF0AB0AD
S3150800BA8070BD0D20FFF7B0FDB7E7D4F81230CDF83A
S3150800BA902130E38AADF82530EB79063BEB71A37AC2
S3150800BAA0C3F3C0138DF82030A7E7064B5B6A9B04E7
S3150800BAB044BF42F00102ADF810209EE7D7E902081C
S3150800BAC000190020E018002070B583790C33C418DB
S3150800BAD02379DA0702D44FF0FF3070BDA37AE27AF1
S3150800BAE003F00F05082DF6D8062D01D92846F4E7E8
S3150800BAF0911F1F29EFD8012D1FD10C2AEBD1244EF7
S3150800BB00736A13F0060F01D1DB05EFD416F059FB63
S3150800BB1020B916F04DFB0028E8D1DCE7A37A96F8A1
S3150800BB204820C3F3C010B2EBD31FD4D104F11201DD
S3150800BB3000F0010019F0F6FAEDE7042DD6D1144904
S3150800BB40144A486A0240002AC5D0096B0029CDD09C
S3150800BB508A79C3F380130C3288188A5CB3EBD21F38
S3150800BB6008D016F02EFB0028C0D116F018FB0028C6
S3150800BB70BCDBB0E704F10C01062208301DF01FFA01
S3150800BB80044616F01EFB0028B0D1002CAED0ECE718
S3150800BB90E018002008000400F0B5214C87B0A06A20
S3150800BBA000B3E76ABE79FDF799F90223FF210C363F
S3150800BBB0BA5DCDE90431BD1995F8233000215B093A
S3150800BBC00393AB8BD20902936B8B80B201932B8BB9
S3150800BBD0009305F1080318F08CF8A06AFDF78AFCB3
S3150800BBE00023A362E06A0FF00BFA0023E362636A9C
S3150800BBF023F00402DB07626208D594F85050052D3D
S3150800BC0006D102F07FFA18B184F85C5007B0F0BD8F
S3150800BC1094F8500019F023F984F85C00F6E700BFA1
S3150800BC20E018002013B5154C20F0BFFE236A0193D7
S3150800BC300023236220F0B4FE019BA3B9636A1A04A9
S3150800BC4006D517F095FDA0B1636A23F40043636235
S3150800BC50636A1B0305D5FFF79FFF636A23F4002376
S3150800BC60636202B010BD01A81DF077FB17F0EBFD6B
S3150800BC70E2E74FF0804006F0BFFEE9E7E018002053
S3150800BC8038B50E4D044601F087F8286B18B10FF049
S3150800BC90B7F900232B6317F0E8FC0948FEF71EF9ED
S3150800BCA0EB6A0BB1FFF7C4FC044884F0010119F0F4
S3150800BCB055F9BDE8384003481DF031BBE0180020AF
S3150800BCC0E818002000190020034B586A10F00500F8
S3150800BCD001D1FFF7D5BF7047E018002070B53B4C7F
S3150800BCE01646636A03F0010270B95AB120F05DFE88
S3150800BCF0636A054623F001036362FFF7E5FF2846FA
S3150800BD0020F04EFE002070BD002AFBD19B0704D50B
S3150800BD10236BBBB10120FFF7C9FD94F8483003F047
S3150800BD20FD03012B16D020F040FE0546C6B10E20B5
S3150800BD30FFF76CFC19F0BDFA42F2107303FB06001C
S3150800BD40606310E002201DF0AEFC20630028E1D1FC
S3150800BD500720D8E719F0FFF90028E4D11220D2E726
S3150800BD600E20FFF741FC0020FFF750FC636A13F032
S3150800BD700403C4D140F27122E363B4F84630E260AA
S3150800BD80023B5343236119F053FA0323B0FBF3F341
S3150800BD9003EB4303C31A253384F85D30FFF7E4FC4D
S3150800BDA019F087FA60602064B4F8B400002808BF68
S3150800BDB0F520FFF703FC064B04481A6813785278F7
S3150800BDC013445B10637519F0BDF898E7E018002076
S3150800BDD0B41A002038B51A4C0546237D23F008030B
S3150800BDE0237500F0D9FFB4F8B4302BB9A36813F45F
S3150800BDF0601F08BFA4F8B4300021114819F0AEF846
S3150800BE00104BA361636A5A0405D485F00100BDE8A6
S3150800BE103840FFF7E9BC626B6168521A002AF4DA07
S3150800BE2023F0010343F400436362FFF74DFF4FF02D
S3150800BE30804006F0E1FDFFF78FFC0028E5D138BD0C
S3150800BE40E0180020734E020808B5FFF785FCB0B16C
S3150800BE500B4B586A20F0040210F001005A6203D115
S3150800BE60BDE80840FFF70CBF00F096FF17F0FDFB92
S3150800BE70FFF7DEFBBDE808400020FFF7ABBF08BDB3
S3150800BE80E01800202DE9F04F4FF0000B2E4C89B03A
S3150800BE90E66AA36AB779C4E90ABB0C37F5190193B0
S3150800BEA06B6A904682468946039302F081F8F35DF1
S3150800BEB005F108073946C3F3C01306A88DF81830EC
S3150800BEC016F087F9FF238DF81930636A01A8C3F3C2
S3150800BED080230E358DF81A30CDE904578DF808B051
S3150800BEE08DF81BA08DF81C908DF81D80FDF7BCFB06
S3150800BEF030460FF085F8636A23F02402DB07626296
S3150800BF0005D40120FFF7BCFE09B0BDE8F08F0F4B42
S3150800BF1094F850501A68052D1378527813444FEA4E
S3150800BF20630363750AD094F8500018F098FF054625
S3150800BF30012084F85C50FFF74DFFE5E702F0E2F8D0
S3150800BF400028F0D0F4E700BFE0180020B41A00205B
S3150800BF5010B5074C2368DA0607D523F010032360CB
S3150800BF6018B90220A16816F0BCF80023A36010BD1A
S3150800BF7098190020F8B500230360037D0446980746
S3150800BF800DD5204650F8081FC90C01F4FC7141F084
S3150800BF900501FDF751FF237D23F002032375237D59
S3150800BFA02589190703D519F084F928446060174EC6
S3150800BFB06068314651F8043F2D1A7BB923600C603E
S3150800BFC0B368D3B1617D5A7D914217D2227D12079B
S3150800BFD00DD5BDE8F8400020FFF7BABF5A681F899B
S3150800BFE02A44D21B002AE9DA19461B68E5E75A688B
S3150800BFF01B6913441B1A002BEBDAF8BD1A895B6818
S3150800C000D31AE2680344D342F7D5E2E79819002029
S3150800C010014610B50446032016F063F8054B1B6865
S3150800C020D90305D4237D5A075CBF43F00203237561
S3150800C03010BD00BF98190020014BD868DC3870473E
S3150800C04098190020034B10B5DC6819F032F9DC3C6E
S3150800C050201A10BD981900201822002101481CF04A
S3150800C060D8BF00BF98190020034B1B6813EA00438A
S3150800C07014BF0120002070479819002030B5C0B1C0
S3150800C0804268B2B1104C25692B469BB945B1AB68DD
S3150800C090CB1A41BF5B42B3FBF2F303FB02228918BA
S3150800C0A00A4A816013684BB903601060237D013327
S3150800C0B0237530BD8342FCD01B68E6E79D686D1A80
S3150800C0C0002DF1DA1A46EDE798190020A819002084
S3150800C0D040B1436833B1084B1A7D013A1A7553F8D3
S3150800C0E0102F02B970479042116801D11960704744
S3150800C0F013460A46F5E700BF9819002038B50446E6
S3150800C100084D0846AB68A34201D1FFF721FF6B68CB
S3150800C110054A1BB1A342196801D1116038BD1A46F8
S3150800C1200B46F6E7981900209C1900202DE9F047E0
S3150800C130724D2B685B0700F1B080AB68002B40F0AE
S3150800C140AC8055E8003F43F0040345E80032002A76
S3150800C150F7D16C689CB119F0ACF8277D064617F044
S3150800C160080F2369A26819D010FA82F26260206863
S3150800C170D4F8048038BBDC334344C5E9024355E8A8
S3150800C180003F23F0040345E80032002AF7D1AC68E3
S3150800C190002C76D1BDE8F04701F09CBF606892B2EA
S3150800C1A0811AFF07A1EB060109D40029DFDAE7683F
S3150800C1B0DF1BCF4205D432441844831AD6E7002938
S3150800C1C0D5DA204651E090F814C00289D0F804E088
S3150800C1D01CF0080F18BF06EB020EAEEB02021CF0AD
S3150800C1E0010C11BF1146D0E90371C91B891808EB68
S3150800C1F003077F1A002F28DDBB4205D9E768A1EBA4
S3150800C2000801DC378F423AD994F814A01AF0010FC6
S3150800C2101DD12169D0F80C9027894144A1EB090169
S3150800C220C91BE768A1EB0E01DC37B9420FDD971B86
S3150800C230BCF1000F03D10169A1EB09010F44002FDE
S3150800C24005DB4B46C0F804E00446006890E7477DE6
S3150800C250617D8F42F9D2921BBCF1000F03D1D0E960
S3150800C26003135B1A1A44002A02DAFFF7D1FE70E7B5
S3150800C2701AF0080FA5D0C368C0F804E0E4E70B4637
S3150800C280E3E7A36813F4601F09D121462B6843F03E
S3150800C29010032B60012015F024FFBDE8F08704F198
S3150800C2A008063046FDF7D6FD2B68214643F01003F5
S3150800C2B02B600028EED1012015F013FFA36813F4B4
S3150800C2C0601F4FEAD341C3F3C2440ED0013CE4B227
S3150800C2D001F4FC7130462143FDF7AEFD03213046DB
S3150800C2E0FDF716FE002CD8D103E003213046FDF7F2
S3150800C2F00FFE3046BDE8F047FDF7F0BD981900205F
S3150800C30008B5034B996809B115F0EBFE08BD00BFE7
S3150800C31098190020014B9868704700BF98190020AB
S3150800C3200A4B70B59C6884420FD12146022015F04D
S3150800C330D8FE6668258918F0BCFFAD1BC5422146A4
S3150800C3404CBF0120032015F0CCFE70BD98190020C3
S3150800C350104B70B59D682E692C681CB9686864B95D
S3150800C360304470BD627D6B7D9A42F7D9204618F03D
S3150800C37011FE0028F2D12468EFE76FF0DB0362684C
S3150800C3801B1A134422899B1A2A699342D4BFC018E0
S3150800C3908018E6E798190020542310B50468084960
S3150800C3A00D20B4FBF3F40EF0B1FD0023512118461D
S3150800C3B0A2B20EF051FD002814BF1920002010BDAE
S3150800C3C019B30108014B1878704700BFBC2B002031
S3150800C3D03023104A82F81533837E1B01DBB282F8BC
S3150800C3E01E3382F81F3382F8213382F8203382F80D
S3150800C3F0223382F8233382F8243382F8253382F8ED
S3150800C400273382F82633437E1B01DBB282F8223CAF
S3150800C410704700BF00E100E037B504460EF0BCFDEA
S3150800C420204601F065F9054698B92046FFF7D0FF82
S3150800C430A38A0DF10601ADF80430E38A01A8ADF828
S3150800C440063018F0ADFD0122034B1A70284603B0DA
S3150800C45030BD0225FAE700BFBC2B00200138C0B268
S3150800C46003289ABF014B185C00207047E4E90208CC
S3150800C470431E012B05D9022902D8024B585C704786
S3150800C48000207047E1E90208431E042B054A07D835
S3150800C490052808BF03200621431E01FB0320704719
S3150800C4A0104670470CEA0208014B53F82000704703
S3150800C4B0E8E90208024BDB6993F87F00704700BF82
S3150800C4C0480B0020094B10B5D96968B1084B1C46C2
S3150800C4D053F8042F0AB18242FAD21B1B9B10013B68
S3150800C4E0DBB281F87F3010BD0123FAE7480B002044
S3150800C4F0E8E90208054B1B681B6A13F0100003D015
S3150800C50013F0030018BF0120704700BF801A0020EF
S3150800C5102DE9F34100264FF0FF31044601A80196A4
S3150800C52001F0E4FE019949B12046FCF78FFB032888
S3150800C53006D005282FD001A81CF0F1FE012023E023
S3150800C5401B4D1C4800F042FF2B683046597D01F010
S3150800C55047FB2F68184EF86AD6F808801CF064FF67
S3150800C56041460246384616F0FAF82B68B068DB6A88
S3150800C570036002F01FF82B681B6ADB0407D5204608
S3150800C580019916F0B4F8002002B0BDE8F08101A8C0
S3150800C5901CF0C5FEF7E7019801F0D8FE2046019980
S3150800C5A016F059F80028C9D0304600F00FFFEAE720
S3150800C5B0801A00208DC70008F817002038B52549CD
S3150800C5C004460B7D4A7D0133DBB2B3EB921F0B7534
S3150800C5D003D3032300200B7538BD016A09042CD543
S3150800C5E0032390F87520243A92FBF3F303EB4303F5
S3150800C5F0D21A2532D2B2B4F8505094F8743015F0E5
S3150800C6001001B4F9540084F875201CD118F02CFFD9
S3150800C61004F16C050146284602F0DCF9284618F0B4
S3150800C6204DFE00221146104615F072FD94F875006D
S3150800C630002118F018FF0120CEE75B001A4102F02E
S3150800C64003022532D7E702461946002002F092F87F
S3150800C650DEE700BFF8170020204B2DE9F04104461D
S3150800C6601860806A1CF0E0FE01462046FCF77EFA58
S3150800C670B4F850301A4E03F01403142B0CBF0022E2
S3150800C680A26AB36820461A60FFF798FFFFF732FFE1
S3150800C690144B051E144808BF184600F097FE94F878
S3150800C6A01480676818F005FE6D0008F00808034650
S3150800C6B0627DE8B2B8F1000F03D1FF1AB7F59B7F88
S3150800C6C007D5114618F024FEB068BDE8F04101F020
S3150800C6D071BF616818F008FEF6E700BF801A0020EF
S3150800C6E0F817002079C70008C9C7000870B50546BD
S3150800C6F0FFF700FF104B041E104808BF184600F04D
S3150800C70065FE2846FFF75AFF0D4E054660B13368A9
S3150800C7106000597D00F0FE0018F0FAFDBDE8704093
S3150800C720084B986801F046BF00F050FE294630686D
S3150800C730BDE87040FBF764BF79C70008C9C70008A1
S3150800C740801A0020F8170020034610B5094C552B0F
S3150800C75020680AD0562B0CD1002000F037FE20683E
S3150800C7600121BDE81040FBF74BBFBDE81040FFF7BD
S3150800C770BDBF10BD801A0020512803D1024B18688E
S3150800C780FFF7B4BFFFF7E0BF801A00200C4B512813
S3150800C79010B51C680FD1A06A1CF046FE014620465B
S3150800C7A0FCF7E4F9074BA26A9B682046BDE81040EF
S3150800C7B01A60FFF79BBFBDE81040FFF7C5BF00BF73
S3150800C7C0801A0020F81700200E4A512810B5146860
S3150800C7D005D0532809D0BDE81040FFF7B5BF617DE5
S3150800C7E00120BDE8104001F011BA2046FFF790FE7F
S3150800C7F030B101F0DDFB2046BDE81040FFF776BFFB
S3150800C80010BD00BF801A002038B50D46044600202A
S3150800C81000F0DCFD01F0CCFB29462046FCF792FB34
S3150800C8200022014B1A6038BD841A00200123074AEA
S3150800C83003FA00F002F1140353E8003F034302F140
S3150800C840140C4CE800310029F4D170471018002068
S3150800C850F8B5244E054673690C4613F4C07F03D019
S3150800C86099063CD401200CE039B15A0705D4D5F80D
S3150800C870A43013B90820FFF7D9FF73699B0601D5C1
S3150800C8800020F8BDB37FAF6A022B07F0080704D96A
S3150800C89017B114B90220F4E7ECB995F8921095F897
S3150800C8A03001063118F085FD85B20FB904B16D0067
S3150800C8B018F0FFFCF36A28441B1A002B0DDB73697A
S3150800C8C013F01C0FDCD11FB1002CD9D10520D8E7F5
S3150800C8D0002CFBD1D4E70320D3E70420D1E7002CB2
S3150800C8E0CED0C2E71018002038B504460B4B1860A6
S3150800C8F000F5947018F0E2FC2046FCF7EFFAC4B293
S3150800C900204615F0FBFB0546204615F0F9FB29469F
S3150800C9100246022015F0FCFB38BD00BF841A002031
S3150800C92038B50446114D4FF480616B69283043F4DD
S3150800C93000736B6118F060FB0121204615F0F3FFC8
S3150800C94000212046FFF784FF014620B12046BDE8B6
S3150800C9503840FFF759BF6869617D80F48070C0F37D
S3150800C9600020BDE8384001F051B900BF101800207A
S3150800C97008B5002000F02AFD01F01AFB0022014B41
S3150800C9801A6008BD841A002010B50446FFF7ACFFEC
S3150800C990064800F01BFD6168226C637D1120BDE826
S3150800C9A0104001EB920218F0C7BC00BFA5CC0008E6
S3150800C9B0454B37B51C680023A26A01935005D4F885
S3150800C9C0A03012D504F1A40001931CF0C6FCC4F8EB
S3150800C9D0A00050B194F846314FF48061013B84F8C9
S3150800C9E0463104F1280018F007FBD4F8A0500DB919
S3150800C9F0364B9D6894F94631022B0DDCD4F8A830E5
S3150800CA0013B1A36AD90502D5D4F8AC3023B14FF4D3
S3150800CA1080512046FCF778FAD4F8A410A36A0029B6
S3150800CA2014BF01210021AA794FEA830302F10C02FF
S3150800CA3003F00C0343EA0113A95C21F01C0143EA45
S3150800CA400103AB540DD1214A02F1140353E8003F08
S3150800CA5023F0080302F1140040E800310029F3D15D
S3150800CA6002E00320FFF7E2FE284601F0A3FD204678
S3150800CA70FCF734FAAB792B445B7B1BB1012180B2FE
S3150800CA8015F07BFB019B53B15B7903F00A03082B76
S3150800CA9002D12046FCF790FD01A81CF040FC6B79FA
S3150800CAA09A070ED5A36A1B040BD50820FFF7BEFE0E
S3150800CAB04FF4004104F1280003B0BDE8304018F0F7
S3150800CAC09BBA03B030BD00BF841A0020101800209E
S3150800CAD000232DE9F04385B00446032103A80393F8
S3150800CAE001F004FC039D35B9F4212046FFF78CFEBE
S3150800CAF005B0BDE8F083AB79694F0C331D442A793C
S3150800CB007B69D6074FD4DD064CBF07200420FFF704
S3150800CB108DFE002601212046FFF79AFE054650B9EC
S3150800CB207869617D80F48070C0F30020400001F0D0
S3150800CB3057F8FFF73DFF039801F008FCDDF80C8075
S3150800CB407A6998F80630510603F10C0308EB0309D5
S3150800CB5015D458F8033006203B61FFF767FEA36A31
S3150800CB601A060CD404F1280252E8003F43F0800369
S3150800CB7042E800310029F7D10120FFF757FE494660
S3150800CB80204615F0D6FE99F80430DB0740F184807C
S3150800CB90002E52D11DB129462046FFF735FE03A8BF
S3150800CBA001F0BCF9A4E7012023F010037B61FFF72D
S3150800CBB03DFEAE7AF0062FD50220FFF737FEA36AB0
S3150800CBC0AA7A83F00203C2F38002C3F340039A42AF
S3150800CBD02FD14FF4006104F1280018F00DFA50E83F
S3150800CBE0002F42F4806240E80023002BF7D1A26AA6
S3150800CBF082F00202A262BB77AA7AA36AC2F3C002D3
S3150800CC0003F001018A4284D183F0010316F003067A
S3150800CC1018BF0126A3627DE707F1140353E8003F16
S3150800CC2023F0040307F1140141E80032002AF3D186
S3150800CC30C5E7BB7F0133DBB2DDE72046FCF74EF9DB
S3150800CC40C0B215F05BFA06462046FCF747F9CDF860
S3150800CC500480A38F82B2009331460023022015F088
S3150800CC6049FA4FF0FF3103A801F040FB039B9A797C
S3150800CC701344DB7D002B8DD02046FCF72FF90121CC
S3150800CC8080B215F07AFA20460399FCF7BFFC002D0E
S3150800CC903FF42EAF294628E7002E3FF47BAFE0E7A6
S3150800CCA01018002008B50346114A532B10680BD0FC
S3150800CCB002D8512B18D008BD553B012BFBD8BDE82F
S3150800CCC00840F121FFF7A0BDFFF702FF094A02F16C
S3150800CCD0140353E8003F23F0200302F1140040E850
S3150800CCE000310029F3D1E6E7BDE80840FFF718BE92
S3150800CCF0841A002010180020174B513810B51C68EC
S3150800CD00052819D8DFE800F008180318191F204667
S3150800CD10BDE81040FFF7DCBE2046FFF701FE0F4ACC
S3150800CD2002F1140353E8003F23F0200302F1140034
S3150800CD3040E800310029F3D110BDF1212046BDE8B5
S3150800CD401040FFF761BD4FF4806104F1280018F028
S3150800CD5053F9F221F2E700BF841A002010180020C8
S3150800CD6010B50446FFF7C0FD054800F02FFBFFF796
S3150800CD701FFE627D61680220BDE8104018F0B4BA53
S3150800CD80F9CC0008034B5B6A13F0060F0CBFE220D0
S3150800CD90F1207047E018002008B5FFF7BBFA054BED
S3150800CDA0834206D101F004F9BDE80840002000F0EE
S3150800CDB00DBB08BDE018002070B51E4C1E4800F0DB
S3150800CDC005FB94F85C3094F85D200021C82018F023
S3150800CDD04BFB014604F1540001F0FCFD04F154003C
S3150800CDE018F06CFA00221146104615F091F966689B
S3150800CDF018F05FFA0246FFF7C5FFB61AB6F5FA6FDE
S3150800CE0005460BDCFFF718F9627DA0F5E1712846A7
S3150800CE1018F0B0FABDE8704001F0A8B86668FFF7E8
S3150800CE200BF93146A0F5E172637D284618F084FABD
S3150800CE30F0E700BFE0180020B1D1000838B501F0CE
S3150800CE40B7F8FFF7FFF8B0F5967F0E4C0EDDFFF743
S3150800CE5099FF0546FFF7F0F8627DA0F5E1712846CF
S3150800CE6018F088FABDE8384001F080B818F021FAC1
S3150800CE70E36B62689B1A0344E3630020BDE838400D
S3150800CE8018F005B8E0180020F7B5104C064694F8D7
S3150800CE904D500F462DB10020013D84F84D5003B08A
S3150800CEA0F0BD0B4B02201B68597800F099FE94F8E8
S3150800CEB048303A46CDE9005331460323206B18F033
S3150800CEC017F8206B01F076FB0120E8E7E018002050
S3150800CED0B41A0020094A02F1240353E8003F43F03C
S3150800CEE0080302F1240040E800310029F3D1044B7D
S3150800CEF001201B68597800F089BE00BFE0180020A1
S3150800CF00B41A002070B50A4C636A5B070DD58B7995
S3150800CF100C33CD1850B9E879CE58298918F049FA52
S3150800CF200644A6636B7984F84C3070BD0120F3E79C
S3150800CF30E01800202DE9F04F16468DB0021E069126
S3150800CF4008BF00211F46964B0592DD6A5B6AAC79DD
S3150800CF5038460C342A5DC3F3801B61F345122A5503
S3150800CF60314603F04002039215F02DF905EB04084B
S3150800CF700790285D08F108094946C00915F023F904
S3150800CF80039B8246002B44D1002844D115F019F999
S3150800CF9080F00103DBB25A463146384603F00103F6
S3150800CFA018F011FA0490002800F08A80039B002BE1
S3150800CFB033D1BAF1000F75D1079B002B72D015F04B
S3150800CFC0F1F800286ED001220AA90DF1270015F004
S3150800CFD0FCF8002874D09DF827302A5D591E4B426C
S3150800CFE04B41B3EBD21F6BD1062248460AA91BF068
S3150800CFF0E6FF002864D13368C8F80830B388A9F872
S3150800D00004302B5D67F3C7132B554FF0000AD34640
S3150800D01019E00123BFE7039BBDE7614B5B6A13F485
S3150800D020007A1CD115F804B0CBF3801B504615F0D6
S3150800D030D1F83368C8F80830B388A9F804302B5DEE
S3150800D04067F3C7132B55059B554E002B3ED196F813
S3150800D050AD30002B3AD0013B86F8AD3030E015F004
S3150800D0609EF8002806DA15F804B04FF0000ACBF34C
S3150800D070801BDBE700221146104615F0A0F815F8CC
S3150800D08004B08246CBF3801B0028CFD000230221B0
S3150800D0901A4608EB010017F003FF2B5D60F38613B1
S3150800D0A02B55C3E77A1E57422B5D5741B7EBD31F63
S3150800D0B006D10622314648461BF081FF0028A4D037
S3150800D0C00023049304980DB0BDE8F08F18F0F1F82A
S3150800D0D0F36A00F196019A7908F10E0013441A6B67
S3150800D0E0059B00939DF8583017F08FFF2D4B059A36
S3150800D0F007461B68A2B95978022000F071FDF06A4C
S3150800D10001F058FAF36A9A7913441F63FFF702F994
S3150800D110254B8361069BBBB9736A23F4806316E0CB
S3150800D120D979002000F05CFDF06A01F043FAF36A51
S3150800D1301E489A7913441F6300F048F9069BC3B941
S3150800D140736A23F4806317E0736A43F48063736237
S3150800D150039B9BB1BAF1000FB4D0002359461A4677
S3150800D16008F1020017F09CFE2B5D60F386132B5521
S3150800D170A8E7736A43F480637362EBE72B5D0022CA
S3150800D180C3F3C01349460AA88DF8283015F01DF8D0
S3150800D1902B5D9DF8282062F3C7132B55DAE700BFED
S3150800D1A0E0180020B41A00206936020865D3000882
S3150800D1B053282DE9FF471FD005D8512800F0C38012
S3150800D1C004B0BDE8F087A0F15503012BF8D855380F
S3150800D1D04FF0010118BF0120FEF788FB18F069F827
S3150800D1E05E4AD36B51685B1A03440020D36304B0CC
S3150800D1F0BDE8F04717F04BBE002303A84FF0FF31F8
S3150800D200039301F073F80398DFF8508158B1FEF7DD
S3150800D2105BFC0828074603D8514B1E5C31070AD425
S3150800D22003A81CF07CF8D8F8243013F0060F15D0A4
S3150800D230FFF704FE12E00728D8F8242015D112F4C7
S3150800D2408012EDD14046039916F005FA0028EAD077
S3150800D25016F00CFA10B10120FEF7C6FA01210846AD
S3150800D26004B0BDE8F047FEF741BB12F00404039D85
S3150800D27010D016F002040DD00120AA790C322A44E7
S3150800D280917A0090C1F380130C32C1F34011FFF775
S3150800D29051FE0446284601F059F829460120FFF7B1
S3150800D2A031FED8F82430DA072DD503F0800995F831
S3150800D2B006A014F086FF0AF10C0AAA4480F00103BE
S3150800D2C09AF80A00B9F1000218BF0122DBB20AF186
S3150800D2D00C01C0F3801018F076F860B12CBBD8F8B2
S3150800D2E0243028469B0733D5F40710D4730731D565
S3150800D2F0FEF74EFB97E7B9F1000F04D1494614F043
S3150800D30066FF0028EAD028460DF07AFE18E018F0E5
S3150800D310D4F8044648B1A8790C302844817A0C30F0
S3150800D320C1F38011FFF7B0FD0446042F03D1D8F8E6
S3150800D33024309907E7D57207E5D52846FEF728FB76
S3150800D340002C8BD16FE704B0BDE8F047FFF7C2BDEC
S3150800D350042FCBD10DF054FE65E700BFE01800207E
S3150800D36024EA0208512808B50BD1084800F02EF81F
S3150800D3700122074B104693F94C10BDE80840FEF70A
S3150800D38081BDBDE80840FFF713BF00BFB1D1000853
S3150800D390E01800200022024BC3E90022704700BFB4
S3150800D3A0A81A002010B5074C2022002120461BF0A1
S3150800D3B030FE0523A383044BA36100F0DFFA903007
S3150800D3C0206010BD881A00200552020810B50446D0
S3150800D3D01FF0E2FA0022044B5C60044BBDE81040E3
S3150800D3E09A611FF0D4BA00BFA81A0020881A002034
S3150800D3F0034B03EB80035868003818BF01207047B9
S3150800D400881A002010B504461FF0C6FA0022044BFD
S3150800D4109C61044BBDE810405A601FF0B8BA00BFC3
S3150800D420881A0020A81A002010B5074CA36953B122
S3150800D4300020FFF7E7FFFF23A38300F03DFEBDE8CA
S3150800D440104000F005BA10BD881A002070B5C5B2A4
S3150800D450212D044612D100F0F1FB0A4B220CC4F32D
S3150800D460074403EB84049A8362689A61054A9369C0
S3150800D47033B12846BDE8704011681847222DF5D10A
S3150800D48070BD00BF881A002038B50D4B04461A78BF
S3150800D49012B100221A7038BDC5B2FEF73BFF40B183
S3150800D4A0C38AB3EB144F284605D1BDE83840FEF7CA
S3150800D4B027BFFF23F5E7BDE8384017F087BE00BF52
S3150800D4C0A81A0020A0F121030E2B10B5044611D886
S3150800D4D0FEF720FF60B3C08AFF2829D0222C03D18B
S3150800D4E0BDE81040FFF7A0BF44EA0040BDE8104081
S3150800D4F000F012BAA0F131031E2B0ED8114B988BEF
S3150800D50044EA004000F01CFA312C11D10020FFF744
S3150800D51079FFBDE8104017F0C2BEA0F111030E2B2B
S3150800D52006D8132C40F4A02003D006D9142CDDD03D
S3150800D53010BD0122044B1A70D8E7BDE8104000F070
S3150800D540FFB900BF881A0020A81A00200B4A10B598
S3150800D550936904461BB11168BDE810401847084B8B
S3150800D5605B6813B1BDE810401847FEF7D3FE0146C5
S3150800D57018B183690BB12046EEE710BD881A002062
S3150800D580A81A0020024B186908B105F035BA704789
S3150800D590280B002038B50A4B1C6804B10C3400F07F
S3150800D5A0EDF90025C0F89050204600F0F9FA284613
S3150800D5B017F088FDBDE8384001481BF0B0BE00BF33
S3150800D5C0B01A0020002310B53E4A02F1100151E8B6
S3150800D5D0001F02F1100C4CE80034002CF5D140EA8B
S3150800D5E00104A00201D5FEF7A1FD210101D500F035
S3150800D5F025FDE20301D500F05BF9002C01DAFCF702
S3150800D60015FD630001D5FEF70DFBA00001D5FCF75B
S3150800D61053FBE10007D5FBF711F820B94FF080510D
S3150800D620294817F0A9FD620107D515F0A6FE20B90D
S3150800D6304FF08061244817F09FFDA30105D517F028
S3150800D64011FFFCF70BFB14F0A5FDE00108D515F05A
S3150800D65011F9072804D14FF080711B4817F08CFD8B
S3150800D660610201D514F090FD220201D514F044FDA3
S3150800D670E30207D515F0F9F820B94FF480111248DE
S3150800D68017F07AFDA00507D5FCF7EAFF20B94FF495
S3150800D69000710D4817F070FDE10507D5FCF744FA4F
S3150800D6A020B94FF48071084817F066FD620503D566
S3150800D6B014F037FD14F036FD230501D516F0C7FC26
S3150800D6C010BD00BF280B0020380B0020014B1B683B
S3150800D6D018407047280B002010B5044BD3E90642C2
S3150800D6E004430A43C3E9064210BD00BF280B0020C5
S3150800D6F038B50446344DFEF7AFFC002120222846F3
S3150800D7001BF087FC4CF20C000021FFF7E5FFC4B1C3
S3150800D710A3684FF6FF720020A18B2B60FBF736FF3C
S3150800D72002201BF0C0FF294B1860002849D0234669
S3150800D7300C3004F1200253F8041B934240F8041BF2
S3150800D740F9D1234B2348AB6000232B730DF094FCCF
S3150800D750FCF74EFB204600F045FD054678BB00F079
S3150800D760FFF920B14FF480700021FFF7B5FF00F0F4
S3150800D77007FA20B14FF400600021FFF7ADFF2CB186
S3150800D780B4F91210B4F9100001F00CF917F075FE8F
S3150800D79001F0DEFAFDF7D4FE054680B9FCF72EFC4B
S3150800D7A000F03EF800F0E2F8FFF7F4FD00F068F844
S3150800D7B018B9BDE8384000F069B8FFF7EBFE28460F
S3150800D7C038BD0125FBE700BF280B0020B01A002052
S3150800D7D085D500082C0B0020014BD3E906017047BC
S3150800D7E0280B0020054B9B69DA054CBF0320012056
S3150800D7F01B0548BF40F00400704700BF280B0020F7
S3150800D800014B1860704700BFB41A00202022034B52
S3150800D810C3E900229A6000221A767047DC1A0020B3
S3150800D82038B50025084C094B1C2229462046C3E971
S3150800D83000551BF0EEFBFFF7E9FF30236576C4E9D8
S3150800D8400333636138BD00BFDC1A0020B81A002014
S3150800D85008B51FF0AAF830230749084ACB60D360F9
S3150800D8600B6113614B61536100234B765376BDE818
S3150800D87008401FF095B800BFDC1A0020C01A002027
S3150800D880014B1878704700BFBD2B002010B5044C1B
S3150800D89023781BB917F0AEFC01232370002010BDB6
S3150800D8A0BD2B0020014B1868704700BFB81A00202E
S3150800D8B0F8B5164E1FF079F83546154C07460FCDC4
S3150800D8C00FC495E80700002584E80700FFF79EFFC8
S3150800D8D030233846C6E90333736175761FF060F85E
S3150800D8E00C4E103CE068302804D07368C6E9003056
S3150800D8F0FFF7CAFD54F8040B202801D0FFF7A6FD50
S3150800D9000135EDB2032DEDD1F8BD00BFDC1A0020BC
S3150800D910C01A0020B81A002010B504461FF045F8B2
S3150800D920064A137E42F82340013313761FF038F86F
S3150800D930BDE810404FF4803005F05EB8DC1A0020D0
S3150800D94010B504461FF031F8074A537E02EB8301EF
S3150800D9500133CC6053761FF023F8BDE810404FF42E
S3150800D960803005F049B800BFDC1A00209422002157
S3150800D97001481BF04EBB00BFF81A0020004870474C
S3150800D980F81A0020074B586940F20D1338B9002BD6
S3150800D990C1BF45224433B3FBF2F0C0B270470068FA
S3150800D9A0453BF3E7480B00202DE9F0414FF000080E
S3150800D9B082B0CDF80480F8B10546154F01AC09E0F0
S3150800D9C023601B687B612368C3F800802668002DE6
S3150800D9D0344611DD7B69453D002BF1D101201BF052
S3150800D9E062FE064620600028F1D101A81BF097FCCC
S3150800D9F0304602B0BDE8F081102000F02DFD019EF2
S3150800DA003046737943F00103737102B0BDE8F081C3
S3150800DA10480B002037B5184D0446EA6992F87D3060
S3150800DA2013B9002003B030BD01281CD002280CBF52
S3150800DA30022301238DF8043001238DF80530936FF6
S3150800DA40286923F4805323F00203936701A91AF087
S3150800DA5065FD0028E6D1012C07D1EA69936F43F0EA
S3150800DA6002039367DDE70423E4E7022CD9D1EA69C8
S3150800DA70936F43F48053F4E7480B002037B5174DEE
S3150800DA800446EB6993F87D2012B9002003B030BD37
S3150800DA9001281AD002280CBF022201228DF8042080
S3150800DAA001228DF805209A6F286922F044029A67A8
S3150800DAB001A91AF01DFD0028E8D1012C07D1EA6951
S3150800DAC0936F43F040039367DFE70422E6E7022CEF
S3150800DAD0DBD1EA69936F43F00403F4E7480B0020AF
S3150800DAE00422F0B51D4E0546F36985B083F87C20FF
S3150800DAF0407917F0C4FB2C79074694B1A879FFF74B
S3150800DB00BDFF044638BB01466A79012017F0B2FB0F
S3150800DB103B4622467179306905B0BDE8F0401AF0F7
S3150800DB2038BC2B6868790394029317F0A8FB009019
S3150800DB3022467179306902AB1AF02DFC044650B9B9
S3150800DB40A879FFF79BFF044628B9024601216B799D
S3150800DB50286817F090FB204605B0F0BD480B00205A
S3150800DB6010B5064C20691AF0A6FE28B920691AF0E5
S3150800DB70A4FE00F0010010BD0120FAE7480B0020C2
S3150800DB80014B18691AF09BBE480B002008B5FFF731
S3150800DB90F5FE024B1030D86108BD00BF480B0020C7
S3150800DBA038B50446084DFFF7F1FFEB692A689A670E
S3150800DBB044B1A088FEF786FC0122EB69002083F8B1
S3150800DBC07C2038BD2046F5E7480B0020034BDA6970
S3150800DBD0936F43F480339367704700BF480B002068
S3150800DBE0042238B5084B0D46DB6983F87C20FFF71D
S3150800DBF045FF044608B100F03BFC2A4600210120F7
S3150800DC0017F038FB204638BD480B0020022238B5ED
S3150800DC10094B0D46DB6983F87C20FFF7FBFE0446BB
S3150800DC2008B100F025FC2A460021012017F022FB46
S3150800DC3014F06FFA204638BD480B0020034A1368D3
S3150800DC4023F40043136000F029BF00BF480B0020EF
S3150800DC507FB5022304462A4D1022EE69002186F874
S3150800DC607C3068461BF0D5F9237A03B301238DF877
S3150800DC70043063680293A37A53B196F87D00FEF7E1
S3150800DC8003FC029B02881344029301238DF80D308E
S3150800DC90637A207B8DF80E30FFF7BCFE50B1EA6937
S3150800DCA0936F23F48033936700F0E2FB20E0236848
S3150800DCB00093DEE7E07A17F0E2FA6A4603466979E6
S3150800DCC028691AF06AFB0028E9D1EB69227AB3F8C9
S3150800DCD07A10E37A01F0010162B11A46012017F0C1
S3150800DCE0C9FA14F016FAEA69936F23F48033936736
S3150800DCF004B070BD0A462068012117F0BCFAF0E7A7
S3150800DD00480B00202DE9F0431C4A87B0D56995F8E1
S3150800DD106C3003EBC3004FEA800855F8087005EB32
S3150800DD2080061FB1304607B0BDE8F0831179106947
S3150800DD30717301AA0321B760B7731AF014FDDDE900
S3150800DD40031245F80800304608F11003E9501D444F
S3150800DD506A60BDF80630BDF80820B7839B1A32837F
S3150800DD609DF804207383072A08BFB368376204BF87
S3150800DD7043F00103B36007B0BDE8F083480B002009
S3150800DD8083689B0700D5704730B5154D87B00446A4
S3150800DD9001686A4628691AF0E8FC50B9238B628B39
S3150800DDA06946134403332869ADF804301AF0E1FCD8
S3150800DDB008B107B030BD009B9DF90E00636000F006
S3150800DDC001FE2073EB699DF8111093F87D00FEF7AC
S3150800DDD04FFBA368A07343F00203A36007B030BDEE
S3150800DDE0480B00202DE9F04F4FF6FF741F46A1425D
S3150800DDF0038B458B08BF818B1D4418BF8183A942BD
S3150800DE00064683B059DA4FF6FF708242A5EB010544
S3150800DE1002D09542A8BF15468B42ADB20BD84FF03B
S3150800DE200008A8452AD345462846B38B2B44B38316
S3150800DE3003B0BDE8F08FA3EB0108A845A8BFA84624
S3150800DE4032691FFA88F802EB010BB8F1000F62D0AD
S3150800DE50002F5ED0B946C2465246452A594628BFC3
S3150800DE60452248461BF037FA83B2AAEB0304A4B24C
S3150800DE7083443CBB318B0B46A845D4D2C91A736977
S3150800DE80A5EB080913FA81F41FFA89F9002FCAD0FD
S3150800DE904A46452A214628BF452238461BF01BFA22
S3150800DEA01FFA80F8A9EB08039BB20444002BBBD0E9
S3150800DEB03A68CAB117469946EAE70025284603B0E4
S3150800DEC0BDE8F08FD9F8002012B19146A246C3E703
S3150800DED099F8040001931BF0E6FB019BC9F80000C2
S3150800DEE060B18146A246B7E7387901931BF0DBFBA0
S3150800DEF0386040B1019B07469946C9E7A3EB0A0378
S3150800DF0043449DB290E7A8EB0908A8441FFA88F590
S3150800DF108AE73D4688E719460B46ADE72DE9F04105
S3150800DF2006461EF042FD0746FFF72CFD3546044619
S3150800DF30286818B16CB928461BF0F1F931680A4807
S3150800DF401BF0D4FA38461EF02BFD00233360BDE8DB
S3150800DF50F081D0F800801BF09AFB2B68013CC3F8CF
S3150800DF6000802D68E4B2E3E75C0B002010B5094C8D
S3150800DF70E369986F10F400700AD020691AF011FC52
S3150800DF8030B9012120691AF00AFC80F00100C0B2FC
S3150800DF9010BD00BF480B0020044BDA69926F92054A
S3150800DFA003D5002118691AF0FABB7047480B002000
S3150800DFB010B5154CE36993F87C30012B08D0002284
S3150800DFC01146104617F056F90122E36983F87C20BA
S3150800DFD00022032120691AF0CDF9002201212069C7
S3150800DFE01AF0C9FBFFF7D8FF002017F04BF917F016
S3150800DFF04BF9002017F049F9E269936F23F484730B
S3150800E00043F4C043936710BD480B002010B51EF0BB
S3150800E010CCFC0446FFF7CCFF074B5620DA69B2F86A
S3150800E02074300133A2F87430FFF790FA2046BDE841
S3150800E03010401EF0B5BC00BF480B0020F8B51C4DBB
S3150800E040EA69936F1C0704D523F008039367FFF763
S3150800E050DDFFEB699B6FD8060FD51EF0A6FC0646BA
S3150800E060FFF790FC0446134F24B101201BF01BFB5D
S3150800E0700146B0B930461EF093FCEA69936F9906DB
S3150800E08015D523F02003936700F04EFF78B11EF0F4
S3150800E0908CFC0446FFF7BAFF2046BDE8F8401EF0A0
S3150800E0A07FBC3846013C1BF02BFAE4B2DCE7F8BD2E
S3150800E0B0480B00205C0B002008B5FFF779FF00F03D
S3150800E0C0EDFC034A136823F40043136008BD00BF40
S3150800E0D0480B0020002210B5094C1046114617F0CF
S3150800E0E0C9F8206904F0DEFE17F0C3F804F114003D
S3150800E0F01BF015F9E269936F23F01003936710BDBF
S3150800E100480B0020024B1868C0F38020704700BFF8
S3150800E110480B002038B5154C0546E36993F87D3061
S3150800E12083420ED0431E042B08D8DFE803F0030B06
S3150800E1300F141600206905F01BFB10B9E36983F874
S3150800E1407D5038BD206917F0A2F8F6E7012120694D
S3150800E15017F09FF8F1E70321F9E7FFF7D3FF002847
S3150800E160ECD0206917F097F8E7E700BF480B0020C6
S3150800E17073B504460D4D407A0026287117F05AF8F3
S3150800E1806871207AFFF7C6FF0096637AD4E9002102
S3150800E19028691AF005FC32463146304613F0B8FFB6
S3150800E1A0206817F070F802B070BD00BF480B002059
S3150800E1B038B50B4C05462368206923F48063236031
S3150800E1C01AF07FFB38B10DB9002038BD236843F437
S3150800E1D080632360F8E7002DF6D00C20F5E700BF32
S3150800E1E0480B0020F0B5394C0546216889B011F076
S3150800E1F0010163D1202220461AF00BFF34481AF099
S3150800E200EAF8074610B1102009B0F0BD314E324B7E
S3150800E21030463360314B736017F030F83946304674
S3150800E22004F0D6FDAB682061DB0249D40120F2F781
S3150800E230F7FC0028E7D102224FF0FF3120691AF0D7
S3150800E24074F906460028DED10120FFF7B1FF4FF426
S3150800E25000733246224920691AF067FAB0F5007F42
S3150800E260D1D1287E00F048FA0028CCD120691AF0CE
S3150800E27053FB0028C7D100F0D3FA0028C3D13C23AA
S3150800E28094220393CDE9013296235022059001A9E1
S3150800E2902069CDE90623049304F0B4FE0028B2D120
S3150800E2A001201AF06CF80028ADD00E4A0E492069F4
S3150800E2B016F0E2FF236843F0010323600020A3E77A
S3150800E2C001211AF046F80028B0D09CE7480B002038
S3150800E2D0690345EC9C1B002099E400088C1B002070
S3150800E2E0DC1C0020315202085F5202082DE9F04179
S3150800E2F005460E46FFF706FD2F680446C7B9638B29
S3150800E300008B18440A30FFF74FFB03462860C0B15C
S3150800E31082790C321344A2681A71618B228BDF71E1
S3150800E3200A441A81084A0A2112799A711AF0C7FF13
S3150800E33020462B68B2B24FF6FF71BDE8F041FFF7F1
S3150800E34051BDBDE8F08100BF480B002070B50546F9
S3150800E3500D4BDC6994F86C6006EBC60004EB800094
S3150800E360FFF70EFDAA790C32AB18197941F00201B4
S3150800E3701971242101FB06446168A950227B5A7150
S3150800E380A27BDA7170BD00BF480B002038B5FDF7D7
S3150800E390C1FFC8B1847DC4B92A4DEB6993F87C20C6
S3150800E3A0022A10D1B3F8702053200132A3F8702046
S3150800E3B0FFF7CCF8012016F068FF2421EA6992F8E5
S3150800E3C06C304B43D45038BDFF242046FFF710F875
S3150800E3D0002831D01B4CE36993F87C20022AF2D13D
S3150800E3E0B3F8702053200132A3F87020FFF7AEF877
S3150800E3F0012016F04AFF23681B0407D5E36993F842
S3150800E4007C30012B02D05220FFF7A0F82422E169C4
S3150800E41091F86C305A438818806810F004001FBFC2
S3150800E42003220133B3FBF2F202EB42021ABF9B1A34
S3150800E43081F86C308850C6E75320BDE83840FFF7AE
S3150800E44085B800BF480B0020024BDB6993F87D00B6
S3150800E450704700BF480B0020044BDA69936F0343EB
S3150800E46093674FF0006004F0C7BA00BF480B00205E
S3150800E47038B505461EF090FA0446064B0820DB69B7
S3150800E48083F87E50FFF7E8FF2046BDE838401EF0C7
S3150800E4907EBA00BF480B0020F8B515461C4606464E
S3150800E4A01946104616F0EDFE2A462346304616F063
S3150800E4B002FF3E4FD7E9022300EA020401EA0305F8
S3150800E4C054EA05032FD0A4F108032B4325D0A4F55D
S3150800E4D08043083B2B4327D0A4F10C032B4319D0C8
S3150800E4E0231F2B433FD0324B23402BB124F001137B
S3150800E4F023F4A0432B4346D004F17F432B4335D066
S3150800E500600122D5FA69936FD9051ED523F4807365
S3150800E510936704E0002016F0B8FEFFF737FF2046A1
S3150800E520294616F0AAFEF8BDFFF730FFFA6992F8F9
S3150800E5307C30022BF3D140F60201906F814318BF5D
S3150800E5400123552082F87C302CE01EF025FA64223F
S3150800E5500646FB69082083F87E20FFF77DFF3046D4
S3150800E5601EF015FADBE716F091FED8E7FA69512096
S3150800E570B2F86E300133A2F86E30FEF7E7FF0120DD
S3150800E58016F083FECBE7FB6993F87C20012AC6D0F8
S3150800E59040F60202996F55208A4314BF01220222CF
S3150800E5A083F87C20FEF7D2FFB9E700BF480B0020AE
S3150800E5B00150010038B5044680790C4D0C302044D2
S3150800E5C013F0A8FD0123A179E279521A0C312144EE
S3150800E5D02869D2B21AF0A7F8246804B938BDA17917
S3150800E5E0E2790023521A0C31F1E700BF480B0020EC
S3150800E5F010B4254C2269B2F9001081422DDA03467F
S3150800E60094F814C00CF18041013932F9210002EB6B
S3150800E6108101984225DD312B28DDA17D8C4530D935
S3150800E62002EB810032F921409C4224DB14D001F12F
S3150800E630804C0CF1FF3C32F92CC0E41A002CACEBF0
S3150800E6400303B8BF6442002BB8BF5B42A34203DA98
S3150800E6500139C9B202EB8100024610465DF8044B47
S3150800E66070470A465DF8044B10467047002BD4BF26
S3150800E6700021617DD2E70131CCB2A44500F1040046
S3150800E680D0D810460246E8E7AC1B0020042307B59D
S3150800E6908DF80730002306481A460DF10701006970
S3150800E6A01AF004F99DF8070003B05DF804FB00BFF3
S3150800E6B0480B002037B504461EF077F90B4B054684
S3150800E6C018689B880090ADF80430094B69461869AC
S3150800E6D08DF8004019F0FBFF47F6FF72054B2846F8
S3150800E6E09C739A811EF05CF903B030BD2C2400207F
S3150800E6F0480B0020AC1B002037B58DF80700F6F74D
S3150800E700ABFF134C0368134D236083889DF80700FD
S3150800E710A380FF2803D0FE2809D1FFF7B7FF207092
S3150800E7200021286904F000FE002003B030BD2378DC
S3150800E73028698DF8073000230DF107011A461AF0EB
S3150800E740B5F810B19DF80700E9E72020EDE700BF0E
S3150800E7502C240020480B00200346044AB2F9020084
S3150800E7601BB1034B1B8BC01A00B27047AC1B0020B1
S3150800E770480B0020084B10B5B3F9004030B903EB3D
S3150800E7804103B3F902309C42A8BF1C46A242A8BF67
S3150800E7902246104610BD00BFAC1B0020024B1B6969
S3150800E7A0B3F90000704700BFAC1B0020034A137D75
S3150800E7B01269013BDBB232F923007047AC1B00201B
S3150800E7C07FB5ADF80210ADF80420ADF806304FF06D
S3150800E7D0C8124FF082136946CDE90223ADF800004E
S3150800E7E00C46FFF7E3FF042202ADB1F9003035F914
S3150800E7F0026B8342A8BF03461BB2B342A8BF334687
S3150800E80021F8023B531E13F0FF02EED194E80300F1
S3150800E810024B83E8030004B070BD00BFB01B0020A4
S3150800E8202DE9F04FDFF878A189B0DAF80000BAF8D8
S3150800E83004300690C0B2FF28ADF81C3003D1FFF7AC
S3150800E84025FF8DF81800534F06A9386919F03FFFC0
S3150800E8501EF0ABF84FF4FA710290386919F01EFFF2
S3150800E860386904F04BFD4C490090386919F016FFD9
S3150800E870386904F043FD4FF01E08484D01904FEAF1
S3150800E88088001BF066F8064680B14FF000030024A6
S3150800E890DDF804906B75AB75009B4B451EDA234675
S3150800E8A047F6FF72434571DB2E612C7502981EF000
S3150800E8B077F864231A4619461846FFF781FFFFF7CB
S3150800E8C075FF2B6928801B8800206B8047F6FF732D
S3150800E8D0AB810C23AB7309B0BDE8F08F9AF8003012
S3150800E8E0ADF81690FF2B34D14FF00C0338698DF82C
S3150800E8F015300DF1150200230DF1160104F0F8FE8E
S3150800E9009DF815B0AB7B5B4502D05846FFF7D2FEA3
S3150800E9104946386919F0C2FE0028C7D1386904F09B
S3150800E920EDFC019B83422CDC009B834229DB34B13E
S3150800E93004F18043013B36F92330834221D0A045B8
S3150800E9400AD8304608F105081BF005F85FFA88F87A
S3150800E95095E78DF81530D3E7002802DA6C75AC75A3
S3150800E96001E03128FBDD06EB840326F8240083F852
S3150800E97002B03869039319F08FFE039B0134D870EF
S3150800E980E4B209F101090FFA89F985E726F8232087
S3150800E990013387E7480B00200CFEFFFFAC1B002065
S3150800E9A02C2400208BB200294FF00A01B4BF053B86
S3150800E9B005331BB293FBF1F3014A10835383704767
S3150800E9C0480B0020024B5B8BC01A40B2704700BF51
S3150800E9D0480B0020044B10B51B8B0446C81A00B21E
S3150800E9E0FFF706FEE06010BD480B002010B5094C85
S3150800E9F02369B3F900108142B8BF0146FFF7D6FE76
S3150800EA008842A8BF084600B2FFF7F2FD0388638074
S3150800EA1010BD00BFAC1B002010B50146FFF7C6FEAF
S3150800EA2088420346A8BF0B46064C18B22269B2F9BB
S3150800EA3000209042B8BF1046FFF7DAFD038823800E
S3150800EA4010BD00BFAC1B002070B5044608B3114DBD
S3150800EA50B0F90030B5F90C209A421AD01DF0A5FF7E
S3150800EA60AB7B0646A078834201D0FFF723FEB5F9B3
S3150800EA700C20B4F900309A4206D0074BE1781869A1
S3150800EA8019F0F9FD2388AB813046BDE870401DF0CA
S3150800EA9087BF70BDAC1B0020480B00200022044B2A
S3150800EAA0DB691A605A629A64A3F86C20704700BF43
S3150800EAB0480B00202DE9F04F87B0074691469A4645
S3150800EAC0ADF80C101AF0B0FCB0F100083DDD002FCF
S3150800EAD03ED03C464FF0000B264EA379E57903F16C
S3150800EAE00C01ED1AEDB2214406EB0B002A461AF08A
S3150800EAF098FA2468AB44002CEFD19DF80C101E48F8
S3150800EB0001F023010091C0F808900DF1140942465E
S3150800EB1053461849CDF80490A0461EF06AF83C46BC
S3150800EB20A379E57903F10C00ED1AEDB206EB0801BD
S3150800EB3020442A461AF075FA2468A844002CEFD116
S3150800EB400422494638461AF0ACFE07B0BDE8F08FF5
S3150800EB509DF80C10084801F02301C0F808900DF143
S3150800EB6014090091534642460249CDF804901EF016
S3150800EB7040F8E5E7C41B0020982E00202DE9F04751
S3150800EB8084B0904699460390ADF808101AF04CFCEC
S3150800EB90071F002F25DD039D002D40D04FF0000AEA
S3150800EBA0204EAB79EC7903F10C01E41AE4B229445E
S3150800EBB006EB0A0022461AF034FA2D68A244002D04
S3150800EBC0EFD11948F119C0F8088001919DF808108D
S3150800EBD04B4601F0230100913A4612491DF0FDFF0C
S3150800EBE018B1002004B0BDE8F087039D7DB1074643
S3150800EBF0AB79EC7903F10C00E41AE4B2F119284474
S3150800EC0022461AF00EFA2D682744002DF0D103A8E3
S3150800EC1004211AF0ABFC012004B0BDE8F087014ED0
S3150800EC20CFE700BFC41B0020982E002030B514463D
S3150800EC300D460246064883B0019580218360234627
S3150800EC4000941DF0E2FFB0FA80F0400903B030BD31
S3150800EC50982E00200023F0B50E46D1688BB009BA6D
S3150800EC600291C17890F800C061F3070381781A4DC4
S3150800EC7061F30F23417802AF61F317436CF31F6307
S3150800EC800993936851681BBA0393836809BA1BBA38
S3150800EC900793136842681BBA0593C36812BA1BBA6E
S3150800ECA006AC0491AF600892069323468022294653
S3150800ECB0012000941DF0ACFF0028F6D1DDE908100C
S3150800ECC0DDE9063200BA09BA12BA1BBA30607160B9
S3150800ECD0B260F3600BB0F0BD982E00202DE9F84F16
S3150800ECE0DFF868908246D9F800B088461746BBF127
S3150800ECF0000F28D0002699F80450B54207D13D7078
S3150800ED0099F80400A84214BF0120022017E07419DC
S3150800ED106110C1EBC10159448879C4F3470400F076
S3150800ED200100B8EB000003D1062250461AF047F955
S3150800ED30002806DB02D0661CF6B2DEE73C70BDE8AA
S3150800ED40F88F2546D9E70320F9E700BFD41C002031
S3150800ED500022014B1A717047D41C0020F8B50546ED
S3150800ED601DF023FE104C85F3070563790646AB4272
S3150800ED7005D1002430461DF013FE2046F8BD0027B5
S3150800ED8020686571277110B11AF0E5FD276063796F
S3150800ED90002BEED0C5EBC5000CF0BEFA20600028AB
S3150800EDA0E7D160710724E5E7D41C00204840704786
S3150800EDB000EB0010084480B2704700BF90FAA0F03C
S3150800EDC000BA80B2704700BF044BD3F80120026036
S3150800EDD05B7903F01F030371704700BFBE2B002049
S3150800EDE0234B2DE9F041002914BF0C461C4600258B
S3150800EDF00646174613688AB0C4F801301379257099
S3150800EE0063715FFA85F84146384616F020FB38B13B
S3150800EE10237803F128026A44013302F8288C237008
S3150800EE200135252DEDD194F800803EB1424669465C
S3150800EE30A01D1AF0F6F80AB0BDE8F081B8F1000F87
S3150800EE40F9D00534F5B22946384616F000FB40B924
S3150800EE50B5FBF8F308FB13550AAB53FA85F515F815
S3150800EE60285C0136252E04F8015FEBD1E3E700BFE5
S3150800EE70BE2B0020034B002818BF03460B44987985
S3150800EE80704700BFBE2B0020F8B50D4682EA124235
S3150800EE9096B2314603462846FFF788FFFFF78EFFEE
S3150800EEA0FFF786FFFFF78AFFFFF782FFFFF786FF68
S3150800EEB0FFF77EFF0546FFF779FF164C002B14BFB8
S3150800EEC01F4627460446144B781CA3FB0423E21A64
S3150800EED003EB52035B0903EBC30203EB8203E41A59
S3150800EEE0E4B2214616F0B3FA40B93B786E40B6B2A2
S3150800EEF006FB03F307EB1347B879F8BD7B1D2A37E2
S3150800EF0001E09F4204D013F8010F8442F9D1F4E7D7
S3150800EF102046F8BDBE2B00204D91CFBA014B186E86
S3150800EF2080B2704700C001B80A4BD86800F070601C
S3150800EF30B0F1106F0CD008D8B0F1E06F08D0B0F17E
S3150800EF40006F14BF002001207047B0F1406FF8E74A
S3150800EF5001207047000002B80022034B1A609A800D
S3150800EF60FF229A71704700BF0B2C0020064A1379BE
S3150800EF70834207D9012312688340134214BF012034
S3150800EF800020704700207047DC1E0020054A034613
S3150800EF901068002208B91A607047C10748BF0132D5
S3150800EFA04008F7E7DC1E0020F0B541EA002087B0EC
S3150800EFB040F4902706200E461546F6F7F9FE1AF095
S3150800EFC0C8FC044640B901461A200DF0B9F96FF09D
S3150800EFD08C05284607B0F0BD43684761DAB222B906
S3150800EFE023F0FF0343F00103436011F0E3F8000246
S3150800EFF0062E1C4B40F0010060600CBF40F2011168
S3150800F0004FF48071204616F05AFAE360164B2A46EA
S3150800F010236002AB1E4605F110071D4610685168AD
S3150800F020083203C5BA422B46F7D1102130461AF0EA
S3150800F0307AFC10223146204601AB12F07FFB0546CA
S3150800F04020B1014640F207400DF07AF9102130460A
S3150800F0501AF077FC204612F044FE20461AF07BFC94
S3150800F060B7E700BF0044400400248000102A2DE9B9
S3150800F070FF4706460F46154623D800244FF00109D8
S3150800F080DFF84480DFF844A0D8F8002009FA04F332
S3150800F090134213D046EA042040EA0A006A46E9B257
S3150800F0A080B203F03BFD48B92A463946684619F04E
S3150800F0B086FF18B960B204B0BDE8F0870134202C89
S3150800F0C0E2D14FF0FF30F6E7DC1E00200080FFFF9C
S3150800F0D02DE9F3411D4E054601460622304619F034
S3150800F0E06EFF20B996F9060002B0BDE8F08100244B
S3150800F0F0A046EF1C2046FFF739FFD8B13B88CDF86C
S3150800F1000080ADF80330BB786946E0B28DF805306B
S3150800F1101AF07AFF21280DD0A8B903222946684695
S3150800F12019F04DFF30B92B6860B23360AB88B07107
S3150800F130B380D9E70134202CDCD12B683360AB8847
S3150800F140B380FF23B3714FF0FF30CDE70B2C0020BF
S3150800F150034B93F90630013301D1FFF7FDBE704723
S3150800F1600B2C0020F7B5044619F061F8631C58D13A
S3150800F170FFF7F2FE0024624E3379A3422CD84FF4EF
S3150800F18000410024084603F029FD20224FF0FF31F4
S3150800F1905C48346019F03DFF204600F01DFEFF264E
S3150800F1A00446594D5CBB594812F0D3F9014630B1B3
S3150800F1B010F1880F03D040F207400DF0C1F80C217A
S3150800F1C04F4A43F6FF7003F08DFC202138204D4A44
S3150800F1D003F088FC00202AE02046FFF7C7FE60B14E
S3150800F1E065B20521284616F06CF90321284616F063
S3150800F1F068F90621284616F064F90134BCE794F943
S3150800F2007530013305D02B7843B9132120461AF0FF
S3150800F2105DFE204600F0E0FD0446C3E784F875600D
S3150800F220F7E72046FFF7A2FE18B940F2064003B0FA
S3150800F230F0BD6B4606220021204616F098F90028F4
S3150800F24045D049238DF806304FF47F41304840EACF
S3150800F2500420084003F0C2FC0521204616F031F9C7
S3150800F2600321204616F02DF90621204616F029F925
S3150800F27001222349E3B29A400B6823EA02030B6092
S3150800F280244B93F90630A34201D1FFF765FE00200F
S3150800F29005460B791B4A013BC1B2994221DBFF2681
S3150800F2A00020D65400F098FD0546174F002D86D04D
S3150800F2B095F97530A34205D13B78EBB91321284659
S3150800F2C01AF004FE284600F087FD0546EEE76B4671
S3150800F2D006220121204616F04AF90028B4D07223E6
S3150800F2E0B0E75656A64200D025B1551895F90150F3
S3150800F2F0555401250130CFE785F87560E2E700BF70
S3150800F300DC1E0020EB2B0020E92B00203700040030
S3150800F3100080FFFF0B2C00202DE9FF41354C0646E7
S3150800F32001A8FFF733FE2379019A93421ED8627922
S3150800F330012A40D100274FF0FF383D4610E02368E8
S3150800F340EB40D9070BD5082202AB114668B216F076
S3150800F3500EF920B1039B43453CBF2F46984601351D
S3150800F36023799D42EBD378B2FFF7FCFE236813F0AE
S3150800F370010529D0002501220135202D18D002FAD1
S3150800F38005F71F42F8D13B432360A3680C210133DC
S3150800F39043F6FF70174A7361A36003F0A3FBA8B195
S3150800F3A0236823EA07032360A368013BA36073610C
S3150800F3B04FF0FF3519E0022AFAD10F4A134413F920
S3150800F3C0010D421CFBD0CFE70127DCE722790A4C66
S3150800F3D0013A2146D2B2601C19F001FE6DB22246EE
S3150800F3E020213820257003F07DFB284604B0BDE8AF
S3150800F3F0F08100BFDC1E0020EB2B00202DE9F04336
S3150800F400002489B0AF4D04213F2001AA2C7003F0D7
S3150800F41085FB00B10194019F002F4FD00026781E6E
S3150800F4204742474100242C70A74D0C212A4643F633
S3150800F430FF7003F073FBC0B10D23AB80019B2C60FA
S3150800F440032BAC6011D803AC2246142143F6FF7097
S3150800F45003F064FB48B994E8070085E807002A46E4
S3150800F4600C2143F6FF7003F03DFB019B042B06D0ED
S3150800F47004213F200DEB0102019103F033FB20210B
S3150800F4803820924A03F04AFB28B120224FF0FF3178
S3150800F4908E4819F0BEFD03222B795B00B3FBF2F30D
S3150800F4A08B4A1370FFF758FDF8F7CEFD014618B1E1
S3150800F4B040F207400CF044FF002413E001263746CB
S3150800F4C0B0E72B68E340D9070BD508224FFA84F832
S3150800F4D01146404603AB16F04AF810B94046FFF706
S3150800F4E041FE01342B799C42EBD38EB11021372093
S3150800F4F003AA03F013FB002852D10620F6F758FC9E
S3150800F5001AF027FA044680B901461A200CF018FFAB
S3150800F5103FB13D2003F01EFB00242B799C42C0F02E
S3150800F520AB80002009B0BDE8F0836A4A43684261AF
S3150800F530DAB222B923F0FF0343F00103436010F067
S3150800F54039FE0002644B40F0010040F20111606090
S3150800F550204615F0B4FFE360604B1021236003A832
S3150800F5601AF0E1F9102202AB03A9204612F0E6F8D8
S3150800F5700646102103A81AF0E4F9204612F0B1FB5A
S3150800F58020461AF0E8F9372003F0E4FA46B140F2CB
S3150800F590074031460CF0D4FE4FF0FF30FFF7E2FD8E
S3150800F5A0002623E03046FFF7E1FCF0B174B21022E2
S3150800F5B00321204603AB15F0DAFF1028814620D137
S3150800F5C00321204603AAFFF7EFFC8046494603A815
S3150800F5D01AF0B7F9B8F1000F0CD040F207404146CF
S3150800F5E00CF0AEFE2046FFF7BDFD01362B799E4294
S3150800F5F0D8D38DE748F2030040EA062080B203F02C
S3150800F600A9FA10220521204603AB15F0B0FF1028F1
S3150800F610814613D10521204603AAFFF7C5FC80467B
S3150800F620494603A81AF08DF9B8F1000FD5D148F26A
S3150800F630050040EA062080B203F08CFA1022062163
S3150800F640204603AB15F093FF10288146CDD106213D
S3150800F650204603AAFFF7A8FC8046494603A81AF0E5
S3150800F66070F9B8F1000FB8D148F2060040EA062052
S3150800F67080B203F06FFAB8E72046FFF777FCF0B1DF
S3150800F68066B204220C21304602AB15F070FF04283E
S3150800F6900AD1029B0122C3F300238DF80C300C21FA
S3150800F6A0304603AB15F022FF00231022CDE90333C1
S3150800F6B0CDE905330D21304603AB15F017FF0134AC
S3150800F6C02BE700BFE92B0020DC1E0020EB2B0020D7
S3150800F6D0EA2B002037000400004440040024800080
S3150800F6E0F8B5104B044618790F4B00221D46D1B2C7
S3150800F6F0884204D913F9017B561CA74204D10B4B47
S3150800F7001B788B4202D9F8BD3246F0E70649481CF9
S3150800F71019F065FC2C702021BDE8F8403820024A13
S3150800F72003F0E0B9DC1E0020EB2B0020EA2B0020BA
S3150800F73020F00040A0F20540F8B5032817D8DFE806
S3150800F74000F0021728330C790F78A4F11B025342F4
S3150800F75053414E88CD8801F108021948990016F0E0
S3150800F760E6F820B10771A0F80560C4710581F8BDF7
S3150800F7700E784D888C8801F108021248002116F08F
S3150800F780D6F80028F3D00671A0F80550A0F807406F
S3150800F790EDE70D480D784C6816F091F80028E6D08C
S3150800F7A00571A0F80540E2E707480C7816F087F8D7
S3150800F7B00028DCD007234371002304718371D6E740
S3150800F7C048EA020844EA020840EA020837B50D4B3F
S3150800F7D041881C6801AA0DF10203008817F022FA75
S3150800F7E0043CBDF80230A4B2A34288BFADF802407B
S3150800F7F00546019ABDF80210034816F010F88580F0
S3150800F80003B030BDE41F002020840A16002110B57D
S3150800F810821D8388044608461AF070F8024648B1E5
S3150800F8206188208817F02AFA0446034816F0AEF8CD
S3150800F830848010BD1A24F8E720020A1708B5014685
S3150800F840034631F8040B5A8817F0AEFB034816F046
S3150800F8509DF800230371437108BD00BF20020A1BEF
S3150800F86040F2055320F0004098422DE9F0410BD8AC
S3150800F87040F20153984209D840F2014398420DD00C
S3150800F88040F20A43984214D0BDE8F081A0F2035032
S3150800F890022816D8DFE800F024495C000D784C8869
S3150800F8A02D4816F00CF80028EED00571A0F8054092
S3150800F8B0EAE72A480C7816F002F80028E4D0047122
S3150800F8C0E2E727480F784E880D79CC8815F0F7FFC0
S3150800F8D00028D9D00771A0F80560C5710481D3E75F
S3150800F8E08C684E880D790F7884B1B1F8068001F1DD
S3150800F8F008021C48002116F01AF80028C4D007711F
S3150800F900A0F80560C571A0F80880BDE72346224621
S3150800F9102146144815F0E4FF0028B5D00771A0F871
S3150800F9200560C57104724472AEE70F4891F800800D
S3150800F9304F880E79CD880C8915F0C1FF0028A3D011
S3150800F94080F80480A0F80570C671058144819BE79C
S3150800F9500D784C680548A4E770EA02085CEA0208D4
S3150800F9606CEA020868EA020864EA020860EA020821
S3150800F9702DE9F04385B081460F4601A8134916467E
S3150800F9801D46DDF8308000F0ABF80446C0B9029B8E
S3150800F99001A8A3F80490DF8000F008F9029904464C
S3150800F9A00DB1CB882B60B8F1000F06D0CA88B242D9
S3150800F9B00AD84046083119F034FB01A815F0F2FEC2
S3150800F9C0204605B0BDE8F0831D24F6E784EA020860
S3150800F9D030B587B005460C4600930749134603A879
S3150800F9E0022200F09DF828B9049B03A89D80DC80BC
S3150800F9F015F0DCFE07B030BD7CEA020810B586B00B
S3150800FA0004460B4600920649022203A800F088F82D
S3150800FA1020B9049B03A89C8015F0C8FE06B010BD4B
S3150800FA2074EA0208044A0346106810B102789A423A
S3150800FA3000D170474069F8E7E81E002038B5074D41
S3150800FA402C784CB915F039FE02F084FD044B1C6085
S3150800FA50044B1C7001232B7038BD00BF132C0020EB
S3150800FA60E81E0020122C002070B5104E044635689A
S3150800FA70B5B9B0F5006F15D20D490434084610F033
S3150800FA80E0FF20460BF048FC224601463060084855
S3150800FA9010F0DCFF33683BB12846064B1C6070BD8E
S3150800FAA01220FCE72120FAE71920F8E7FC1E0020BF
S3150800FAB08CEA0208F81E0020084A136833B9417810
S3150800FAC0436141F00101417010607047197802786E
S3150800FAD09142FAD003F114025B69EFE7E81E0020B1
S3150800FAE038B5044608680D4618F076FB50B9094B38
S3150800FAF01B6800202A68C4E900531A60064B1B6875
S3150800FB00A36038BD2028FCD1044B1B68002BF0D11C
S3150800FB100920F6E7FC1E0020F81E0020F41E00202F
S3150800FB202DE9F0471D460C6816464FEA0429C4F32A
S3150800FB30072309F4E06949EA03091B4B09EB050A9F
S3150800FB401B680AF104029A4280462AD80123F20069
S3150800FB5093409D4225D2FFF7C3FF0746C8B924F450
S3150800FB607F4424F0C70444EA1A244FEA0A2AD8F83C
S3150800FB7004101FFA8AFA44EA0A0441F8044B894435
S3150800FB802A464846089919F04CFA012E04D109F874
S3150800FB90015C3846BDE8F087022EFAD129F8025CE6
S3150800FBA0F7E71D27F5E700BFF81E002038B504461D
S3150800FBB0054B00681D684068D4E901231146A8472B
S3150800FBC06368988838BD00BFAC2E00202DE9F84F31
S3150800FBD00F46884657F8041B0546144600203A4641
S3150800FBE01E4615F06BFDD8F80080404615F0DEFC81
S3150800FBF020B19DB941684FEA186359B90F213346B8
S3150800FC002246404615F0DCFD0D461AE04A799A422E
S3150800FC1004D008310D68002DF8D1EFE7DFF83490ED
S3150800FC20DFF83480D9F800B0D8F800A03846C9F80B
S3150800FC300040C8F80060A8470025C9F800B0C8F811
S3150800FC4000A02246012052F8041B15F037FD28466D
S3150800FC50BDE8F88FF01E0020EC1E002070B50D4B95
S3150800FC6004020E4604F4E064C0F307211B680C4343
S3150800FC70094A04349C42126809D9052B02D91D2168
S3150800FC8015F09EFD00231A461046336070BD1060BD
S3150800FC90043BF9E7EC1E0020F01E0020054B18680F
S3150800FCA008B1C3681BB1003818BF01207047406906
S3150800FCB0F6E700BFE81E002008B539B1FFF7B2FE27
S3150800FCC030B10020034B1B680B6008BD2220FCE7FF
S3150800FCD02D20FAE7F81E002037B50D461446CAB19E
S3150800FCE00F4B1B688B4217D815F087FD014601900C
S3150800FCF0A0B100232A46204619F000FB01A819F0F6
S3150800FD000EFB2246022052F8041B15F0D7FC0020F1
S3150800FD1003B030BD2220FBE72120F9E72D20F7E7C5
S3150800FD20F81E002070B504460D461B4A13686BB3CF
S3150800FD3093F87D10586811F0040129D110608C22BF
S3150800FD40184693F8706019F064F9034680F87060F5
S3150800FD502268C0F85A20A288A0F85E20A27980F806
S3150800FD6060202868D864AA79A98883F85220FF22D7
S3150800FD7083F8752083F8762040F6FF72A3F86E2084
S3150800FD80064AA3F85010116813605960184670BDEA
S3150800FD901A1D0346CBE700BF041F0020001F0020E2
S3150800FDA0054A0346106800B97047B0F86E209A42B3
S3150800FDB0FAD04068F7E700BF001F0020054A03464F
S3150800FDC0106800B9704790F870209A42FAD04068D7
S3150800FDD0F7E700BF001F002010B9024B18687047EC
S3150800FDE040687047001F00200023114A2DE9F041A2
S3150800FDF08C2113608046024601200BF02DF804463C
S3150800FE0020B905460B4E3060454502D32046BDE86D
S3150800FE10F08101200BF086F807468C220021013577
S3150800FE2019F0F7F887F8705037603E1DECE700BF09
S3150800FE30001F0020041F0020012310B58B4090F8F6
S3150800FE407110044621EA030149B280F871100029AD
S3150800FE5049D118F0D0F920461AF001F9102104F119
S3150800FE60180019F06EFD204601F020FA04F138005A
S3150800FE7019F055FA204617F0B9FF214A13681BB145
S3150800FE809C42596830D11160A36859050BD51A05EB
S3150800FE9009D443F40063A18994F87000A36004F1BF
S3150800FEA0780202F07DFA00232046636019F051F9C2
S3150800FEB015F07EFD4FF48072B2FBF0F2424394F8DF
S3150800FEC070300344B3FBF2F102FB1133DBB2591E67
S3150800FED0C9B2FD29F5D884F8703000236360094B50
S3150800FEE01A6852B91C6010BD1A465B68002BCBD045
S3150800FEF09C42F9D163685360C6E7131D5268F0E760
S3150800FF00001F0020041F002090F8743003F00B0334
S3150800FF10013BDBB20A2B9ABF014AD05C002070472E
S3150800FF209AEA02081FB5014690F870308DF8043039
S3150800FF30FFF7EAFFB1F862308DF80C00ADF806302D
S3150800FF40B1F8643001AAADF80A30B1F86630054850
S3150800FF5040F20311ADF8083019F00FF905B05DF855
S3150800FF6004FB00BF181F002007B590F870308DF805
S3150800FF70051001AA40F2072103488DF8043019F04C
S3150800FF80FCF803B05DF804FB181F002038B50A4BCF
S3150800FF9004461B680D462BB143699B0702D515F02D
S3150800FFA0C9FE30B12A4620680421BDE8384017F05A
S3150800FFB0CBBEA3699D6138BD081F0020014B1860A0
S3150800FFC0704700BF081F0020024B1868003818BF8A
S3150800FFD001207047081F002013B50446019120B977
S3150800FFE001A819F09CF9212012E008460029FAD048
S3150800FFF019F01AFA80B20028F2D0094B20461B687D
S3150801000001994BB1984728B92046019900F04AFC55
S3150801001002B010BD0020FBE701F086F8F3E700BF48
S31508010020081F002000487047271F0020044890F841
S31508010030261000F10B020430012918BF104670473B
S315080100401C1F002038B58379044613F0280F25D0E4
S315080100500368134DC5F80B308388A5F80F308379EB
S3150801006000206B740BF0B2FA40B92B68032043F0F9
S3150801007002032B60BDE838400BF0E0BC436A13F479
S31508010080404FEFD1226843F00803C0F80120A28847
S31508010090A0F80520A2794362C271E3E7212038BDA1
S315080100A01C1F00204379024A9B09D05C704700BF98
S315080100B0B5EA02080B6810B503608B88FF2A044667
S315080100C0838002D10723A37109E0032A08D8054BC7
S315080100D09B5C072B837102D1FFF7E4FFA07110BD6A
S315080100E00023F0E7B9EA02088379024A03F0070315
S315080100F0D05C7047ADEA020810B582798B79094C54
S3150801010002F0070203F00703A25CE35C9A4206D1F8
S31508010110062218F054FFB0FA80F0400910BD0020FD
S31508010120FCE700BFA5EA0208F722014B1A807047CF
S31508010130EA30002010B5044658B30068836CA34220
S315080101401FD1636883642246124918F0E2FF04F15D
S315080101500C0018F0FEFF04F1440019F0E0F8A0695C
S3150801016048B1143019F0DBF8A069183019F0D7F83E
S31508010170A06919F0F0FB2046BDE8104019F0EBBB69
S315080101801346002BDFD05A68A242F9D162685A6039
S31508010190D9E710BDC55D020870B5054648200E466B
S315080101A019F0D7FB044650B1FFF70EFF60B11C20CA
S315080101B019F0CFFBA06128B9204619F0CCFB002421
S315080101C0204670BD002303700321284615F0E8FB7D
S315080101D0AB6C22466360AC641723268100266381D3
S315080101E0144928462560267766640AF09DFD01F0C4
S315080101F045FF3246014604F10C000AF095FD02233B
S315080102002374FFF7E1FE18B90B4B1B78002BD7D0E7
S315080102100A4B19881729D3D9204615F04EFC002810
S31508010220CED11321204615F092FD636943F00203EE
S315080102306361C5E7C55D0208142C0020EA30002079
S31508010240F8B5054610B3002920DB114C2468247E35
S315080102508C421BDD3F2919DC032701F0030600EB5D
S31508010260A10191F831407600B74002F0030224EA71
S315080102700704B240224381F8312013B1002115F059
S315080102801AFE2846BDE8F84015F072BEF8BD00BF53
S31508010290141F002070B5164600221A7032800A7A99
S315080102A00D46072A4DD8DFE802F004090D111A1E7A
S315080102B0304AE86830F8023B338043E0EB68981D22
S315080102C05B88F9E7EB68981D9B88F5E7697B15F06C
S315080102D03FFE02221C4B18801846328032E0022368
S315080102E01A4833802EE01A4C2B7BE88923702B8819
S315080102F0E11C013363702B8801331B12A37000F0D4
S31508010300D9F90330308020461CE0124CA889EB89C4
S31508010310020AA3701B0A20706270E37000F03CFAAF
S3150801032058B1C3681A88022A07D19A782271DB78EC
S31508010330637106230748338004E00423FAE7802221
S315080103401A70002070BD00BF2E2C0020BDEA0208DD
S315080103501B2C0020152C0020054A064B1860136833
S3150801036043F001031360828B034B1A80704700BF69
S315080103700C1F0020141F00203224002000232DE921
S31508010380F04FDFF8B89191B0D9F80070054617F02B
S315080103900807CDE90633CDE908330AD0644B03F1E2
S315080103A0100253F8041B934245F8041BF9D10020A7
S315080103B015E01022394618F02CFE0320F5F7F8FC53
S315080103C019F0C7FA804648B10620F5F7F1FC19F08D
S315080103D0C0FA064630B9404619F0BDFA1A2011B0DE
S315080103E0BDE8F08FCDE90477F7F72EFE044668B12C
S315080103F0404619F0B0FA304619F0ADFA40F2074016
S3150801040021460BF09DFF40F20740E8E70FF0D2FEC8
S315080104104FF4A053DFF828A10002C6E9023A454B7A
S315080104207060336010223046776104AB06A911F07B
S3150801043085F90446A0B952464046049911F07DFA59
S31508010440044668B9BB463C4BBAB21B68D988914287
S3150801045027D810222946404605AB11F093FA0446DF
S31508010460404611F0E0F9404619F075FA304611F0A8
S3150801047038FC304619F06FFA049811F06AF8002C26
S31508010480BCD12B4B05F1100255F8041B954243F8D4
S31508010490041BF9D1D9F8003043F00803C9F8003034
S315080104A085E71A68BCB2210102EB04142046ADF8AF
S315080104B00EB00191009216F045F98246204600F0E9
S315080104C03FF930B3DDE90021AAF5205080B20328AF
S315080104D002D9BAF5245F1ED1525A00202146ADF839
S315080104E028200DF10D030DF10E02ADF82AA0FFF734
S315080104F0D1FEBDF80E2001460BA818F092FDBDF8F5
S315080105000E20404604320AA911F01AFA04460028B8
S31508010510A6D1013797E70AF55640FF3080B204287D
S31508010520F7D8525AADF82AA0ADF82820E7E700BF58
S31508010530302C002000248000141F00200C1F0020EE
S315080105400002C003134B01461B6870B513F0040380
S3150801055006D00022104B1C68E38990B2834209D861
S315080105600E4A14680022E58990B2854209D84FF6E9
S31508010570FF7005E0A56835F8125001328D42ECD1BD
S3150801058070BDA66836F8126001328E42ECD103447A
S3150801059098B2F5E70C1F0020101F0020141F002039
S315080105A0094B1B685B070AD5084B1A68D38983422E
S315080105B003D9936833F810007047C01A80B2044B08
S315080105C01B689B68F6E700BF0C1F0020101F002060
S315080105D0141F002038B5046805460C222046084930
S315080105E018F0EDFC50B90222064904F10E0018F084
S315080105F0E6FC18B902200C342C6038BD1020FCE743
S31508010600C0EA0208CEEA02082DE9F743102801914B
S315080106100BD0022804D04FF6FF7003B0BDE8F08373
S31508010620019B1888FFF78EFFF7E701A8FFF7D2FFAE
S315080106300228F5D01028EED11B4B019F1E6816F033
S31508010640040608D00024194BD3F80080B8F81660C0
S31508010650A5B2AE421AD80025154BD3F80080B8F8D2
S315080106601690ACB24C45D6D2D8F81000102200EB41
S315080106700510394618F0A3FC01350028F1D1A01957
S315080106806FEA40406FEA504080B2C6E7D8F81000DA
S31508010690102200EB0410394618F091FC01340028A9
S315080106A0D6D145F40040B8E70C1F0020101F0020E2
S315080106B0141F0020020408B51DD5124BC0F30E0005
S315080106C01B685B0713D5104B1A68D38A98420CD25C
S315080106D0136903EB001000F1100350F8042B98423C
S315080106E041F8042BF9D1102008BDC01A80B2074B76
S315080106F01B681B69EDE7FFF753FF0870000A48708E
S315080107000220F1E70C1F0020101F0020141F0020F3
S3150801071038B50446094B1B681D68A54209D220460F
S3150801072021B916F019F830B1103402E016F01DF8A7
S3150801073008B1204638BD103CEFE700BF141F002062
S31508010740437ADA0702D5C3F380007047034BC288A0
S315080107501B881A4214BF012000207047322400204A
S315080107600A4B1B68DB0708D570B1094B1B68DB8888
S31508010770834234BF00200120704728B1054B1B88EE
S31508010780834294BF00200120704700BF0C1F002040
S31508010790141F00203424002070B50246FFF7E0FF3D
S315080107A0E8B10F4B1968CD88954209D302F18050FB
S315080107B00B680138040103EB00101B5B93420ED052
S315080107C0002398B2854201D8002008E00E681C0172
S315080107D0345B06EB0310944203F10103F1D170BDBA
S315080107E0141F00202DE9F34100250E46A846174F90
S315080107F001903A68ABB2D18899421DD91468ABB257
S3150801080004EB0314B4F90430002B1CDA2046FFF775
S3150801081097FFC0B1E1680B889E4214D13246019810
S31508010820023119F03EF8E36882B21B88934207D079
S31508010830114601A818F09AFE404602B0BDE8F081BB
S3150801084043441FFA83F80135D3E700BF141F00207C
S315080108507FB5134B0E46054604460393A0B115F022
S3150801086013FB78B900223146204615F03DFC0228D3
S3150801087007D18023314600932046042303AA16F0A4
S3150801088000F80DB104B070BD204615F0CCFA044647
S315080108900028F7D015F0F8FA0028F5D1E2E700BFED
S315080108A00100FFFF2DE9F04F97B08346099115F036
S315080108B037FA099883790C33C45CC51818F0B4FD66
S315080108C0202C0646099F26D8012C28D9C74BA21EDB
S315080108D0D2B2D340DA0722D5384697F8068018F0FF
S315080108E0A3FDBBF80A2083B29A4228D214F001026A
S315080108F040F0A78004F07F03522B00F0A2801E2C43
S3150801090000F09F80099B214600935846042315F061
S31508010910E5F821240CE004F07F03522BDCD02146B4
S31508010920062300225846009715F0D8F841F2061416
S31508010930584615F0FAF9204617B0BDE8F08F474436
S315080109403A7B013B202A9BB246D8012ACED9023AE4
S315080109501E2ACBD801A151F822F000BFF9090108D6
S31508010960ED080108FD090108ED080108F10901086A
S31508010970ED080108E5090108ED080108F90901086A
S31508010980ED080108FD090108ED080108010A010839
S31508010990ED080108E5090108ED0801082F0A010813
S315080109A0ED080108ED080108ED080108330A0108F8
S315080109B0ED080108370A0108ED080108ED080108E4
S315080109C0ED080108ED080108ED0801083B0A0108D0
S315080109D0ED080108010A0108522A28D0D22A85D130
S315080109E00D2B06E0062B11D0142B7FF47FAF0DE0FB
S315080109F0052B7FF67BAF09E0022BF6E7042BF4E71C
S31508010A00032B7FF673AFDB073FF570AF022C00F0BF
S31508010A100281DBF800309B689F0516D40BF1440070
S31508010A2018F07DFC099BCBF84430002480E7012BA4
S31508010A30DFE7032BDDE7012BD7E7002B7FF456AF62
S31508010A40E4E709A818F06BFC63E71E2C00F036836F
S31508010A50584615F019FA0746002840F0828058468C
S31508010A6015F00DFA00287CD004F07F03522B00F014
S31508010A70CE80082C68D1B6B2152E14BF02201020DC
S31508010A80691D15F0E7F900285ED0DBF81430D807A0
S31508010A904BBF23F0010343F00103394601215846B0
S31508010AA04CBFCBF81430CBF8143015F004FA09987A
S31508010AB00D9014F083FF0446B0F80180B0F8039056
S31508010AC00D9818F0B1FC152814BF02251025053418
S31508010AD021462846FFF798FD21460390284615F03A
S31508010AE0B9F90490B8F1000F00F05281C84500F237
S31508010AF04F81022109200D9A14F081FFBBF80A7073
S31508010B008246023FBFB23E4640464FF0FF35494650
S31508010B10039A15F09BFC0446002800F07B8115F02A
S31508010B206BFA002800F0938101222146584615F0F8
S31508010B300AFB03468DF82E00002800F02E810D9A37
S31508010B40009222460821B2E0DBF8143013F00106C0
S31508010B504ED023F0010300215846CBF8143015F086
S31508010B60AAF9202C72D8032C75D9231F1C2B72D8ED
S31508010B7001A252F823F000BF650E0108570C0108BF
S31508010B80570F0108570C0108AF0A0108570C01084D
S31508010B9041100108570C01085F100108570C01089C
S31508010BA075100108570C0108630C0108570C010858
S31508010BB08D100108570C0108570C0108570C01083C
S31508010BC0A9100108570C0108B3100108570C0108B0
S31508010BD0570C0108570C0108570C0108570C010856
S31508010BE0BD100108570C01088310010855555150CD
S31508010BF043F0010301215846CBF8143015F05BF98F
S31508010C001223324621465846009614F067FF09A872
S31508010C1018F085FB09E7099DBA4C284614F0CEFE63
S31508010C202188B0F801602A46584614F06CFF2388DB
S31508010C30BBF80A10B34228BF3346172BB8BF172390
S31508010C405846ABF80A3015F057F8EEE6522C00F084
S31508010C502482D22CDBD0099B00220093214606234D
S31508010C6025E0099F384614F0A9FE0546B0F801802B
S31508010C70B0F803A0384618F0D7FB15280CBF204654
S31508010C800220691DFFF7C0FCB5F8053004900793EB
S31508010C90B8F1000F07D0D04505D815F035FD50B984
S31508010CA01023009701E00123009742461021584678
S31508010CB014F014FFB9E63A460221112014F09FFEFA
S31508010CC044464FF0FF35BBF80A3005909E1E039344
S31508010CD0063B9BB2B6B2089351462046049A15F0D4
S31508010CE0B5FB814668B35146079A15F0FCFB0446E5
S31508010CF0484615F081F940B94FF6FF739C4201D079
S31508010D000134A4B25445E7D91BE04FF000030DAAFC
S31508010D10ADF8343049460CAB584615F0B1FA039A8A
S31508010D20BDF83430053A9A42089A0690D8BF134658
S31508010D30002DADF8343009DB9D4202D1EB1CB342DC
S31508010D4008DB691C1CD10A230097AEE7351F9D42B3
S31508010D50A8BF1D46042211A93846ADF84490ADF83E
S31508010D60464018F09EFD2A463846069918F099FD20
S31508010D704FF6FF73043E761B9C42B6B2C0D1E0E73C
S31508010D803946059B04355D705846FFF7FFF84CE672
S31508010D900D9B009301234246D4E6049B13B12046DA
S31508010DA015F00EF9204615F03FF9D8B1002D54DC9F
S31508010DB00DA818F0B4FA082358468BF81C3050F8D9
S31508010DC00C2B40F2025192F870208DF8483000231E
S31508010DD08DF8442011AAADF84640ADF84A3018F00E
S31508010DE0CCF922E6ADF844000DF12E03214658460A
S31508010DF011AA15F045FABDF844300590BB4228BF43
S31508010E003B46002DADF844300ADBAB4202D16B1CE0
S31508010E10B34209DB6A1C0D9B1FD100930A23BAE76B
S31508010E20B51E9D42A8BF1D4602220CA90D98ADF814
S31508010E30304018F036FD2A4605990D9818F031FD0F
S31508010E404FF6FF73023E761B9C42B6B2E2D0601C97
S31508010E5080B28145BFF45BAEDCE702350D998AF8AD
S31508010E60015091E7DDF82490484614F0A7FDB0F843
S31508010E700330B0F801800493B8F1000F44D09845C7
S31508010E8042D84FF6FF774A460221052014F0B7FDEE
S31508010E904546BA46BBF80A400590023CA4B2294623
S31508010EA0584615F0B5FB504506464CD04FF400623E
S31508010EB02946584615F047F900283FD1304615F01E
S31508010EC03FFC00280CBF022310235745039321D06A
S31508010ED0304615F035FC0690384615F031FC069B70
S31508010EE0834203D1039B0133A34214DB384615F031
S31508010EF027FC059B013019465870584614F0D7FD52
S31508010F0093E500BFEA3000200123CDF80090424660
S31508010F100421CCE637460DF146013046ADF844507A
S31508010F20FFF7C8FB039B48469A1C11A918F0B9FCA0
S31508010F30039B023CE41A5545A4B2D7D0049B01355C
S31508010F40ADB2AB42ABD24FF6FF739F42CED10A2365
S31508010F50CDF80090DBE7DDF824900024484614F02C
S31508010F602DFDB0F80530B0F803A0B0F801600746CA
S31508010F704846039318F058FAC51FADB2102D0C94C4
S31508010F805AD82A46F91D0DA818F04BF8002E55D047
S31508010F90564553D84A460121072014F030FDA0468C
S31508010FA0074633460A249A45049307D93946BBF8B6
S31508010FB00A0014F007FD0328049B04D8B8F1000FB2
S31508010FC01CD0394699E7ADF84430039B5846ADF82D
S31508010FD048300DAB139300230BAA009311A90DF109
S31508010FE02E03ADF846A0ADF8505015F0A8FA0A2818
S31508010FF00446E3D0BDF82C3030B11E4623463246AE
S315080110000621CDF8009052E6ADF83030BDF82E3005
S315080110100CAAADF8323039460423BBF80A0014F09D
S31508011020DCFC4FF6FF72BDF82E309342C9D001336E
S315080110304FF001089BB2B6E70424DFE70124DDE798
S315080110400A23099C8BF81C30204614F0B7FC23466A
S315080110500022B0F80110584615F0E3FCE5E4099CB6
S31508011060204614F0ABFC0C238BF81C30B0F8032097
S315080110702346EEE75A460F210E20099B15F02AFD55
S31508011080D3E45A4621212020099BF7E75846099AB5
S31508011090B5F8011015F037FEC7E45846099AB5F8B0
S315080110A0011015F08BFEC0E45846099915F0C5FEE6
S315080110B0BBE45846697815F02BFFA8E5584615F0A4
S315080110C047FFA4E57FB5174A0646136842F6052089
S315080110D023F00803136015F0F4F9054650B1684684
S315080110E0FFF74CF9002014F09EFE044620B9294664
S315080110F0FFF7AEFB04B070BD1022684604F121016A
S3150801110017F05DFF38B10121204614F0D4FE63695A
S3150801111023F0010363611EB13146204615F0A9FA91
S315080111202046E0E70C1F002037B58B790A460C33B9
S31508011130CD180191C95C044611F0010329D01D2976
S315080111400AD101211E2014F05AFC0146204614F04A
S31508011150AEFC012003B030BD032916D10E4BB5F8FC
S3150801116001201B884189934228BF1346172BB8BF14
S315080111701723438114F0C0FD636940F2094123F046
S3150801118002032046636114F0DFFD01A818F0C7F8D1
S31508011190DFE71846DEE700BFEA30002038B5124B14
S315080111A004461B8842898B4228BF0B46172BB8BFBA
S315080111B017231146438114F09FFD636923F0020347
S315080111C06361A3699D693DB10022294620469A615A
S315080111D0BDE83840FEF7DABE40F20941204614F070
S315080111E0B3FDA3691D7038BDEA3000200148FEF73A
S315080111F0E5BE00BF01160108014818F0AEB800BFE8
S315080112007C1F002040F6FF732DE9F3410D46B0F827
S315080112106E100192994205D101A818F080F802B022
S31508011220BDE8F0811146134601229BBB1E4818F002
S315080112305DF9FFF7E1FF04460028F0D018F0F4F84D
S315080112406379074603F001086FF30003637104210C
S315080112502046A66818F02BFA4379044668F300037A
S315080112604371DB438179B6F86E200C31866003F051
S3150801127001036254C2F30322084442EA031242708C
S31508011280478022463046294616F0B6FF2046F8F72B
S31508011290FDFECEE75C79986024F0030414435C7183
S315080112A000221B68C1E700BF7C1F002070B50546F8
S315080112B0064C206800B970BD8368AB4204D1066844
S315080112C009F09EFE2660F4E70446F2E77C1F00203B
S315080112D00146014818F00AB9801F0020014818F094
S315080112E03CB800BF801F00200146014818F0FEB82F
S315080112F0781F0020034BD86818B103F10C0018F0C9
S315080113002CB870476C1F0020044BDA6822B958695B
S31508011310003818BF01207047012070476C1F002054
S31508011320014800F0C1BA00BF2D1301082DE9F04F9D
S31508011330867987B00C3605900546805BC0F30B00AD
S31508011340FEF72EFD044618B905A817F0E8FF4EE08A
S3150801135090F87230022BF7D1AB5B059AC3F30B01F8
S3150801136003F44053B3F5805F9060A95342D1537992
S315080113706FF300035371836B002BE5D0042105A895
S3150801138004F1380618F0CBF83046059918F0AEF88E
S31508011390A06B002301465A1CA9BBDBB2012B01D95C
S315080113A018F015F9A06B18F03FF803281FD9D4F8DF
S315080113B03890484699F8067018F036F80C3709EB54
S315080113C0070539F80770A0F10408474522D9524F95
S315080113D0D4F838A007F1100957F804BB534642461A
S315080113E029462046D8474F4510D00028F4D007B0E3
S315080113F0BDE8F08F383017F092FF059A537943F01C
S3150801140001035371BAE713460968C4E70028EED108
S3150801141030469AE7A06B18F007F804378742F7D3E6
S315080114206988A1F140033F2B0BD80421304618F0F7
S3150801143076F82046A26B698816F0D0FC0023A363D0
S31508011440D5E705290BD0062961D00429E0D1304614
S3150801145018F065F8A16BA06CFEF7BEFDEEE729460C
S31508011460204616F0B9FC02460028D1D12B79122B59
S3150801147006D0132B36D02046697916F085FCC7E7C6
S3150801148094F87330022BF6D040F67A4029898B1FDF
S315080114909BB2834224D86A89931F9BB283421FD881
S315080114A091421DD8AB89B3F5FA7F19D240F6764C2D
S315080114B0EF89A7F10A0080B2604511D8B4F86A002D
S315080114C00290B4F86800CDE90070204600F04AFBA6
S315080114D0021E18BF01222046697916F011FC97E70A
S315080114E00122F8E794F87330012B03D12046697974
S315080114F016F04AFCA3681A048AD523F40043A360AC
S315080115002B89012B84D120460AF08AFB80E72046E5
S31508011510A16B18F07DFD91E7D0EA02080138C0B247
S315080115200A289ABF014B185C00207047E0EA0208B6
S315080115300149024817F0E9BDB02E0020181F002006
S315080115401022074B28215A826422C3E905124FF655
S31508011550FF729A8300221A604FF47062DA84704728
S315080115601C1F002038B5114C94F82630EBB12268BF
S3150801157012F0010519D1201D0AF066FF236843F010
S315080115800203236016F093FC78B14EF6602294F8B4
S3150801159027304FF48271534305482A4609F0A2FBC6
S315080115A018B9236843F00103236038BD1C1F0020C6
S315080115B0181F002022F00042052A10B504D0B2F502
S315080115C0827F0AD0002010BD0C4A1B88918C00200E
S315080115D09942F8D190840120F5E7084B1A6893F8E7
S315080115E0264022F00102012C1A60F4D118F014FBEE
S315080115F0FFF7B8FF20460AF021FAECE71C1F002086
S3150801160030B5044685B00846039116F04CFD8307AC
S3150801161008D410F0010003D003A817F080FE0120BA
S3150801162005B030BD03998B7903F10C0288188A5CE1
S31508011630013A202A00F21781DFE812F0210015018C
S31508011640B1001501B4001501BD001501C40015014D
S31508011650CC001501D4001501DB001501E9001501BF
S31508011660F100150115011501F30015010101150117
S31508011670030115010C01150115011501E200037994
S315080116800BB103F588534278023A1E2AC4D801A140
S3150801169051F822F011170108191601081B1701083C
S315080116A01916010827170108191601083317010821
S315080116B0191601083F1701081916010863170108C9
S315080116C0191601084B170108191601086F170108A1
S315080116D0191601087B1701081916010819160108B8
S315080116E01916010885170108191601089517010821
S315080116F019160108191601081916010819160108FB
S3150801170019160108191601081916010857170108AB
S3150801171017212046FFF742FD7EE7002220461146A3
S3150801172015F051FE78E71A460021204615F0F8FE15
S3150801173072E700222046114616F0A2F86CE700224D
S315080117402046114615F04BFF66E71A46002120464A
S3150801175016F038F860E71A460021204616F051F8C7
S315080117605AE71A460021204616F00FF854E70022D8
S315080117702046114616F077F94EE71946204616F027
S31508011780DBF949E70093002320461A46194616F065
S31508011790DDF941E71946204616F02AFA3CE7B0F882
S315080117A00110B6E702338B710A46002341782046B9
S315080117B015F009FE33E70133002220468B7115F037
S315080117C0AFFE2CE702338B7142780023204616F0D0
S315080117D057F824E701338B71002320461A4615F082
S315080117E0FEFE1CE70133002220468B7115F0CDFF62
S315080117F015E70133002220468B7115F0E3FF0EE74A
S315080118000133002220468B7115F0FBFF07E70233EF
S315080118108B7142780023204616F025F9FFE6002150
S31508011820ACE705338B710023B0F80320B0F801004B
S3150801183000930B460146204616F088F9EFE600218B
S31508011840A9E703338B710A46B0F80110204616F052
S31508011850EEF9E4E603338B710A46B0F80110204627
S3150801186016F0EEF9DBE60020DAE600BF07B5837865
S3150801187001916A46082104488DF8003017F07DFC6D
S3150801188003B05DF804FB00BF181F00200022054BBA
S31508011890C3E90322C3E905221A70DA614FF6FF721A
S315080118A05A8470476C1F0020014B1860704700BFAF
S315080118B0681F002082780D4B13B55A60B0F80320D3
S315080118C091B2102910D040F60344A1420CD04179B7
S315080118D05B8C8DF80210ADF8042005216A46044890
S315080118E0ADF8003017F049FC02B010BD6C1F00209E
S315080118F0181F002073B5837901900C33C418C35C93
S31508011900132B0ED8042B12D9053B0E2B0FD8DFE863
S3150801191003F0200E0E200E0E0E0E0E181C0E0E0EC5
S3150801192025003E2B1FD0FF2B1DD0302B11D0F8F7E9
S3150801193077FB019B834202D001A817F0F0FC02B0A5
S3150801194070BD2046FFF7B6FFF1E7E2780E4B5A6005
S31508011950EDE7204601A90AF073F9E8E7204601A94F
S3150801196016F045FCE3E70025084E019B3BB12046EE
S3150801197056F8043B01A901359847102DF5D101A860
S3150801198017F0CDFCD3E700BF6C1F0020ECEA020874
S3150801199007B5FFF7A3FC20B103B05DF804EBFFF729
S315080119A0A9BFFFF7A7FC019018B1054B1B681BB12E
S315080119B0984703B05DF804FB01A817F0B0FCF8E7F7
S315080119C0681F0020024B1A78024B53F82230184739
S315080119D06C1F00202CEB020810B504460120FFF706
S315080119E0F1FF034B00201C70BDE81040FFF7EABF6A
S315080119F06C1F002010B50446062142F2050016F0B8
S31508011A003FF92368C0F80330A388A0F807300648D1
S31508011A10F8F728FB16F062F9407918B1BDE81040CD
S31508011A2016F096BB10BD00BFCDA0000810B5044640
S31508011A3006214FF6284016F023F92368C0F803302B
S31508011A40A388A0F807300648F8F70CFB16F046F904
S31508011A50407918B1BDE8104016F07ABB10BD00BF39
S31508011A6009A2000838B505460C4669B9022142F2B1
S31508011A701B0016F005F9B5F86E30A0F803300D48CD
S31508011A80BDE83840F8F7EEBA122142F21A0016F00C
S31508011A90F7F82146B5F86E30053020F8023C04F116
S31508011AA0100351F8042B994240F8042BF9D1024846
S31508011AB0E6E700BFE73A0208233B020808B500211A
S31508011AC042F20E0016F0DCF8BDE808400148F8F7C6
S31508011AD0C9BA00BF553C020838B590F872300446B9
S31508011AE0032B154606D1FFF7E9FF0123002084F8E9
S31508011AF0723019E0C9B9012B2DD9032140F20640EC
S31508011B0016F0BEF8B4F86E304571A0F803301348E4
S31508011B10F8F7A8FA16F0E2F88378002BE5D016F064
S31508011B20DDF8807840F4805038BDA3B102214FF624
S31508011B30044016F0A5F8B4F86E30A0F8033008484A
S31508011B40F8F790FA16F0CAF84379002BCDD016F0BB
S31508011B50C5F84079E6E70220E6E700BF693B0208D7
S31508011B609F3B0208F8B507460E4642F213000E21BE
S31508011B7015461C4616F084F8B7F86E30A0F80560CD
S31508011B80A0F80330BDF81830A0F80750A0F80B30BC
S31508011B90BDF81C30A0F80940A0F80D30BDF820307A
S31508011BA0A0F80F300648F8F75DFA16F097F880782E
S31508011BB020B116F093F8807840F48050F8BD00BF44
S31508011BC0E13B0208F8B507460D4642F219001C2109
S31508011BD01C46164616F054F8B7F86E300F3020F842
S31508011BE00C3C2B6804F1100240F80A3C6B6820F89B
S31508011BF0026C40F8063C234653F8041B934240F80E
S31508011C00041BF9D10648F8F72DFA16F067F880781B
S31508011C1020B116F063F8807840F48050F8BD00BF13
S31508011C20913A020870B506460D4642F27A00042139
S31508011C30144616F025F8A0F8036045718471064824
S31508011C40F8F710FA16F04AF8407918B1BDE870406D
S31508011C5016F095BA70BD00BFE73F020810B50446F5
S31508011C60022142F2300016F00BF8B4F86E30A0F8F3
S31508011C7003300F48F8F7F6F916F030F8437963B9E7
S31508011C8016F02CF8C088FEF78BF8044628B116F032
S31508011C9025F8017A2046FEF767F916F01FF840790C
S31508011CA020B116F01BF8407940F4805010BD00BFF2
S31508011CB0B9A4000838B5FEF7B5F90446FEF714FAD3
S31508011CC00546064813F062FE002303714371236833
S31508011CD0C0F80630A3880573438138BD200902057B
S31508011CE013B5C37A0093B0F80930D0F80520D0F8B7
S31508011CF00110007817F0BBFF0446034813F046FEAF
S31508011D00848002B010BD00BF20020403FF2337B54B
S31508011D100DF107008DF8073009F096FD04460448D1
S31508011D209DF8075013F032FE8480857103B030BDEB
S31508011D30200304014B7937B55B0705460C460CD4DD
S31508011D4020461421064A16F058FA01A8019413F000
S31508011D50AFFD10B9A3791C44257403B030BD00BF8B
S31508011D6054EB0208837810B5132B0C4608D1054BA2
S31508011D701B6803B198472046BDE8104017F0CFBA53
S31508011D8010BD00BF901F002010B500210446007841
S31508011D9016F0FFF948B16178207817F055FF044627
S31508011DA0034813F0F3FD848010BD0224F8E700BF51
S31508011DB02002560110B54178007817F0C9FF04468C
S31508011DC0024813F0E3FD848010BD00BF20025602CD
S31508011DD00020024B1870024B18707047412C0020E6
S31508011DE0402C0020F0B583780D460D2B91B04DD1CE
S31508011DF0821C09AC00F11A0326461068516808329C
S31508011E0003C69A423446F7D113881C2133802846E3
S31508011E1017F085FBBDF826402E6814F00C043CD15A
S31508011E20304617F001FB871EA7420DDA4FF0FF3443
S31508011E3000239C428DF81C301EDB01223146A31C6F
S31508011E4007A817F05BFA17E0631C0122314605A8BB
S31508011E5017F054FA9DF81430012BE9D023460122D4
S31508011E60314607A817F04AFA9DF81C3013B1013319
S31508011E701C44D9E78DF81C3009F08EFD012807D0DE
S31508011E80022834D048B9284617F049FA11B0F0BDEE
S31508011E909DF81C3013F0010FF5D09DF82F0000F0C6
S31508011EA0A5FB04469DF8300000F0A0FB07AF9DF89E
S31508011EB028200DF12901064605A8FEF7FBF8384644
S31508011EC09DF836200DF13701FEF7F4F80C4B1B7817
S31508011ED0DB0711D405A813F043FBCDE9010532460A
S31508011EE02146009705AB09A800F00CF8CBE79DF849
S31508011EF01C3013F0030FCFE74FF0FF30EDE700BFBB
S31508011F00402C00202DE9F74FB0F802C006461CF018
S31508011F10100F1C460C9F9DF934A0DDF838B033D05C
S31508011F205FFA8CF51CF0080F184614BF05F0080572
S31508011F3005F00F0517F0E2FF8146384617F0DEFF78
S31508011F4096F90F3080465A4604211348019376784C
S31508011F5013F0EDFC019BA0B105712268C0F80520BC
S31508011F60A28880F80B90A0F8092080F80CA043738A
S31508011F7086733B68C0F80F30BB8880F81580A0F8D7
S31508011F80133003B0BDE8F08FCDE90DAB0C9703B064
S31508011F90BDE8F04F16F012B978EB0208104619465B
S31508011FA0F8B522F0004340F20A4293420ED8B3F53F
S31508011FB0806F59D96FF480621344092B54D8DFE82E
S31508011FC003F00D101F3050505050530D40F201527E
S31508011FD0934234D0A3F20253032B45D8FDF740FCB4
S31508011FE00CE00D784C688A6901F108031F48002145
S31508011FF013F076FC10B10571C0F805400120F8BD53
S315080120000E784D880C798A6901F108031848002170
S3150801201013F066FC0028F1D00671A0F80550C471CA
S31508012020ECE70D784C884A690B1D1248002113F01C
S3150801203057FC0028E2D00571A0F80540DEE70F78C5
S315080120404E880D79CC8801F108020B48002113F05E
S315080120506EFC0028D2D00771A0F80560C57104810D
S31508012060CCE7FDF765FBC9E70020C8E788EB02085E
S3150801207084EB020880EB02087CEB020800487047F3
S315080120809D1F010830B5124B0D469942144689B079
S315080120901BD1930011D505A906A808F0C3FE06238E
S315080120A000220393059BE1B20293069B2846CDE9DC
S315080120B0003241F0005116F0FDFF064813F0FFFB10
S315080120C000B10471012009B030BD0020FBE700BF53
S315080120D0941F0020ACEB020822F00042B2F1A04F97
S315080120E008B504D1034813F0EAFB012008BD002016
S315080120F0FCE700BFB0EB020810B5047FD4B1102C81
S3150801210028BF102417F050F8621C81B2002306205C
S31508012110D2B208F0A1FE044650B90749074816F09D
S31508012120F4FF0748074916F0F0FF074809F0C8F811
S31508012130204610BD0424E5E7C82E0020981F00207C
S31508012140941F0020D82E0020C02E002022F0004225
S31508012150B2F5887F2DE9F0471C4600F0E2800ED8DB
S3150801216040F203139A423CD040F209139A4200F016
S31508012170C2800E2A00F0B3800020BDE8F08740F245
S3150801218007239A4247D0B2F5037F56D040F2062379
S315080121909A42F1D120684C30FDF7A6FF256807461B
S315080121A0644895F8736095F870A095F9759095F857
S315080121B07680A48813F083FB0028DDD0EB6C43609E
S315080121C0B5F8503087720381731E5E425E41C6724E
S315080121D080F80CA080F80D9080F80E80A0F80F40CA
S315080121E0CAE72078FDF7EAFD0028C5D0524894F8D9
S315080121F000806788A688E588247A13F060FB0028A2
S31508012200BAD080F80480A0F80570A0F80760A0F895
S315080122100950C472B0E72078FDF7D0FD0028ABD08D
S3150801222060782578FFF77AF90446444813F047FBA6
S315080122300028A1D0057144719EE7A578012D1ED00D
S31508012240022D2DD0CDB9E37894F80080023BDBB29C
S31508012250022B8CBF01253A4A94F90470667998BF16
S31508012260D55C94F90640374813F029FB28B180F864
S31508012270048045718771C671047201207DE7E37890
S3150801228094F80080023BDBB2022B98BF2C4A94F9E2
S315080122900470667998BFD55C94F906402A48E3E745
S315080122A0E3782A48023BDBB2022B94BF244A012574
S315080122B094F80180277898BFD55C94F904906679DB
S315080122C094F9064013F0FBFA0028D6D0A0F804804A
S315080122D08771C57180F8089046728472CDE72346E6
S315080122E00822002113F8014B194813F0F9FA0028BE
S315080122F0C3D00471C1E7174894F800806788A68897
S31508012300E588248913F0DBFA0028B6D080F8048022
S31508012310A0F80570A0F80760A0F80950A0F80B40CE
S31508012320ABE70D481C7813F0CAFA00283FF424AF2E
S31508012330047121E7ECEB0208E8EB0208E0EB02087E
S31508012340B4EB0208D8EB0208D4EB0208DCEB02086E
S31508012350D0EB0208CCEB0208E4EB02080022084B9A
S3150801236010B51A609A8002681A60187817F0ACFDE1
S31508012370044618B90349044816F0C7FE204610BD9D
S3150801238036240020E82E0020181F002008B5034B2C
S31508012390588809F06DFB002008BD00BF36240020CF
S315080123A073B5144606460D4620461421094A15F00A
S315080123B024FF01A8019413F07BFA48B9A3790C33D9
S315080123C01C44054BA6711B79A5800BB115F002FFBC
S315080123D002B070BDC8EB02083624002022F0004284
S315080123E00D2A73B51C460ED06FF4C0631A440B2A26
S315080123F012D80B2A10D8DFE802F03B12242C370F2B
S3150801240046505F84878E0422002153F8044B4448C2
S3150801241013F066FA00B18480002002B070BD2078FE
S31508012420FDF7CCFC0028F7D03E48267894F90150F0
S31508012430A47813F044FA0028EED006714571847128
S31508012440EAE72478384813F03AFA0028E4D0047108
S31508012450E2E725783548646813F031FA0028DBD0BD
S315080124600571C0F80540D7E7257831486468F3E770
S3150801247030482578646813F022FA0028CCD0057113
S31508012480A0F80540C8E72C482578646813F017FAC0
S315080124900028C1D005714471BEE7637827480D2B22
S315080124A096BF274A0125D55C247813F008FA002837
S315080124B0B2D004714571AFE7637800210D2B98BF3F
S315080124C01F4A204898BFD55C6368A27888BF012552
S315080124D0267813F005FA08B1067145716378012B60
S315080124E09AD88DF807300122002116480DF1070305
S315080124F0247813F0F5F900288ED00123047143716D
S315080125008AE7247810489EE70021636822780F48F5
S3150801251013F0E6F980E70E4813F0D1F97CE700BF1E
S3150801252030EC02081CEC020824EC020828EC02082C
S3150801253020EC020818EC020814EC020810EC020858
S31508012540F0EB02080CEC020808EC020800EC0208A1
S3150801255004EC020814220021014816F05ABD00BFF6
S315080125609C1F002073B505461AF01FFA1D4C064636
S3150801257063795B070ED4204614211B4A15F03DFEEC
S3150801258001A8019413F094F920B130461AF008FA1B
S3150801259002B070BDA3790C33234455B91A79FF2AC1
S315080125A001D001321A71304602B0BDE870401AF006
S315080125B0F7B9012D05D15A79FF2AF4D001325A719A
S315080125C0F1E7022D05D19A79FF2AECD001329A71E9
S315080125D0E9E7032DE7D1DA79FF2A1CBF0132DA715F
S315080125E0E1E700BF9C1F00202CEC0208042828BF45
S315080125F00020014B185C704734EC020830B585B0F1
S3150801260005460A4901A8FDF76BFA044650B901A81F
S31508012610FDF7CCFA044615B1029B9B792B7001A8EC
S3150801262013F0C0F8204605B030BD00BF40EC0208E3
S315080126302DE9FF4180460F4601A80C4916461D465D
S31508012640FDF74EFA70B9029C9DF8283084F804808B
S31508012650C4F80570C4F80960A4F80D50E37301A81D
S3150801266013F0A4F804B0BDE8F08100BF38EC020805
S3150801267030B585B005460C4601A80649FDF730FA7E
S3150801268028B9029B01A81D715C7113F08FF805B07A
S3150801269030BD00BF50EC020830B585B005460C4682
S315080126A001A80649FDF71CFA28B9029B01A81D7164
S315080126B05C7113F07BF805B030BD00BF48EC020829
S315080126C07FB505460E4601A80C49FDF709FA0446E9
S315080126D080B901A8FDF76AFA029B044625B1D3F829
S315080126E006202A605A89AA800EB11B7B337001A87D
S315080126F013F058F8204604B070BD00BF58EC020824
S3150801270010B50F4C88B0206008F0D4FD21686846E2
S3150801271015F0ADFD6846F9F73FFE044660B90A2093
S31508012720084A094908F0C0FA044628B908F01AF90E
S315080127300CF03AFBFEF704FF204608B010BD00BFB7
S31508012740D81F00205582020891C5020870B58EB0BF
S315080127500EF0FEFC002302AD29460DF107008DF8A7
S315080127600E308DF80730F5F72BF900286BD128467E
S3150801277015F090FB002866D0302864D09DF8073004
S31508012780012B17D172238DF80E30F2F761FECDE9D0
S315080127900601030C8DF81230BDF81D30ADF8100096
S315080127A0ADF813309DF81F308DF8153049238DF893
S315080127B016300AE049238DF80E3095E80300ADF886
S315080127C01410090C04908DF816109DF80E3013F0AC
S315080127D0280F07D1DDE90401ADF80C10090C0290A8
S315080127E08DF80E10274E33681869002830D13368E2
S315080127F05A690AB9244A126824490A609A690AB9BF
S31508012800234A126823490A6093F82220D20727D45B
S3150801281004A815F089FD0446F8B9316806A815F02B
S3150801282026FD06A8F5F76EF80446B0B9BDF92E00DF
S3150801283015F0FDFA15F07DFD2846FDF703FC16484F
S3150801284008F02CFA09E09DF80E3019079DD5B4E772
S3150801285014F043FC04460028C9D020460EB070BDCA
S3150801286093F8232000234FF0FF3006A9CDE906335C
S315080128708DF81A2015F056FE0028C9D040F20C44EE
S31508012880EBE700BFD81F002070E90208B41F00203B
S315080128906CE90208B01F0020292901082DE9F04139
S315080128A0114812F078FFE8B919F072FE05460E468E
S315080128B00D4F07F10C082846314615F0A5FA08F020
S315080128C08DF80446384612F062FF10B9404616F0F4
S315080128D026FDFDF7E3F908B9002CECD1BDE8F04176
S315080128E015F079BCBDE8F081E81F002008B5054B55
S315080128F01B782BB915F0FEFCB0FA80F0400908BD2B
S315080129000020FCE7422C0020012310B5044C23705B
S31508012910044B1B6803B198470023237010BD00BF01
S31508012920422C0020B01F002050EA010337B50446A7
S315080129300D4604D103B0BDE83040FFF7E5BFB1F15C
S31508012940FF3F08BFB0F1FF3F13D019F021FE22184F
S3150801295045EB010308490948C1E9002300239D42C3
S315080129600CBF21464FF0FF31CDE90033044A1AF076
S31508012970C4F903B030BD00BF680B0020B81F0020A2
S3150801298085290108D3B51AF010F8044619F000FE96
S315080129900B46104AD2E90067B04273EB070107D329
S315080129A0FFF7B2FF204602B0BDE8D04019F0F8BFE4
S315080129B0D2E900670022311A67EB03039342CDE996
S315080129C00022134618BF4FF0FF31034A03481AF095
S315080129D094F9E7E7680B002085290108B81F00204C
S315080129E00023044A52E8000F42E800310029F9D1D0
S315080129F0FAF7E8BDDC1F0020054A52E8003F034309
S31508012A0042E800310029F8D1024B1B68184700BF7C
S31508012A10DC1F0020B41F002037B51C68E10705D567
S31508012A2015F0E5F91649174816F06FFBA20723D5E5
S31508012A30FEF76AFCD0B9144D019019F0B6FF0446A9
S31508012A40284616F08AFC0190204619F0A9FF01983C
S31508012A5090B143799B070CD401A8022116F05FFDBA
S31508012A600198FEF741FC15F084FBE6E715F081FBBA
S31508012A70DEE7FEF72DFCF6E7002003B030BD00BF08
S31508012A80F82E0020181F0020E01F002008B5054871
S31508012A9007F074FF044B01211870BDE8084007F0E0
S31508012AA07DBF00BF082F0020432C002038B50446FF
S31508012AB048B119F07AFF05462146084816F016FD71
S31508012AC0284619F06DFF064B022193F9000007F01D
S31508012AD065FFBDE83840FFF717BF00BFE01F0020BC
S31508012AE0432C00202DE9F0410A4B0B4F04460E46B4
S31508012AF0386819681546EFF7BDFE40B933462A46C8
S31508012B00386844F48021BDE8F041F0F7D5B8BDE84E
S31508012B10F08100BF602E0020802E00202DE9F041B3
S31508012B200A4B0B4F04460E46386819681546EFF7E7
S31508012B30A1FE40B933462A46386844F48021BDE8E7
S31508012B40F041EFF765BFBDE8F08100BF602E0020B8
S31508012B50802E002038B5084D084B044619682868A8
S31508012B60EFF788FE30B9286844F48021BDE838407B
S31508012B70F0F7E6B838BD00BF802E0020602E002091
S31508012B802DE9F043134B0E461968134B05468DB0D4
S31508012B9018681746EFF76EFE80B933460A222846AB
S31508012BA0009702A90CF09FFC4FF0000804460DF1AE
S31508012BB00809444505D1002CEFD120460DB0BDE8E2
S31508012BC0F083284659F8041BF0F7BAF808F101080A
S31508012BD0EFE700BF602E0020802E0020F8B50B4BD2
S31508012BE00B4F06460C4638681968EFF743FE05464B
S31508012BF048B9E24316FA82F2386842F4802246F46A
S31508012C008021FFF7BDFF2846F8BD00BF602E0020D2
S31508012C10802E0020F8B50E46074630B329B300F0DA
S31508012C203FF80446F8B9124D01461822284616F00F
S31508012C30F0F920232B7033692E616B607369AB60E1
S31508012C4008F064FBFCF7FAFEBE6A002E08BF4FF4D3
S31508012C5080763046FCF708FF044620B9054B28461E
S31508012C601E60FCF729FF2046F8BD2124FBE700BFBB
S31508012C70E81F0020E41F0020014812F04EBD00BFE6
S31508012C80E81F002010B5054812F05FFD044618B983
S31508012C9000F018F816F064FE204610BDE81F002063
S31508012CA0074BDA69D20407D51B6A40F2044013F0D0
S31508012CB0010F18BF0020704740F20440704700BF5B
S31508012CC00080E00F30B5002485B002A8F2F7AAFB10
S31508012CD001A8BDF8085001940EF036FA00B1019426
S31508012CE00E48019C12F0EBFDA8B1002343718371D4
S31508012CF0C371037243728372C372012383746FF0C3
S31508012D002103C3746FF047030A2203755323027123
S31508012D10C4600582437505B030BD00BF60EC02088A
S31508012D201046044A1368591E033102D8002111605E
S31508012D3018477047182F0020034B1868034B0028C3
S31508012D4008BF1846704700BF002000208CEC020817
S31508012D50014815F058BD00BF0820002013B50B4CDB
S31508012D600229226005D10A4815F04DFD002002B05E
S31508012D7010BD0A4600930146064B054815F025FD88
S31508012D80003818BF01204000F1E700BF182F0020C6
S31508012D9008200020212D0108014815F045BD00BF76
S31508012DA0082000200021014815F060BD08200020F8
S31508012DB008B5064B1B68013305D0FFF7EDFF80F018
S31508012DC00100C0B208BD0020FCE700BF182F002093
S31508012DD0F0B50D4604468BB018B9002420460BB051
S31508012DE0F0BD1A4E3768002FF7D12022394602A8BE
S31508012DF016F00FF9236801A80193154B1B88ADF846
S31508012E001430144B1B68079300F0C4F804460028D5
S31508012E10E3D0306000F0E4F82046394615F09CFB13
S31508012E20204615F0DFFA38B10020306000F0D8F8F6
S31508012E30204615F0D2FAD0E7204600F07FFA00289E
S31508012E40F2D1002DCAD02046A847C7E704200020A2
S31508012E50C0EC0208C4EC0208024B1868003818BF17
S31508012E60012070470420002038B50C4602F034F8DA
S31508012E70A3780B4A13705A1E55425541A8420CD0E5
S31508012E80012B04D02846BDE8384002F007B8204691
S31508012E9001F0D6FF0028F5D038BD0020FCE700BFB9
S31508012EA0442C0020002108B5024B08465B68984768
S31508012EB0002008BD2C2F002010B5FFF73DFF0D4B54
S31508012EC00C461A1A534253418B4201D1002010BDB8
S31508012ED0094B1B683BB9094A064B002C08BF134628
S31508012EE0074A1360F2E715F0CEFD0028F3D0022059
S31508012EF0EDE700BF64EC0208042000208CEC020810
S31508012F0000200020431E033306D8044B984228BFED
S31508012F101846642838BF6420704700BF40420F0036
S31508012F2038B5194B05461B680C4603B1984744B199
S31508012F30236833B11B68013303D0E3680BB1A36877
S31508012F404BB915F05DFF00204FF4C172412100F025
S31508012F5029FA212038BD204602F0EEFF00230B4A4C
S31508012F6085F83C31C5E93743C2E9003363694BB19A
S31508012F70074A422110684FF4D272C31A584258417F
S31508012F8000F010FA0020E5E794220020402E0020E8
S31508012F90C8220020F8B5044619F0FEFC00260746AB
S31508012FA00E4B1B6893B19E68AEB196F82420D207E2
S31508012FB011D435460FCC0FC50FCC0FC523682B602E
S31508012FC096F8243043F0010386F82430384619F080
S31508012FD0DEFC3046F8BD1B68E4E700BF202F002061
S31508012FE010B5044618B9054B054A136010BD00F023
S31508012FF07BFED4F8E830002BF6D1F4E7C383020848
S315080130001C2F002008B502460868FFF77BFF0860F9
S315080130104868FFF777FF48608868FFF773FF88609D
S31508013020C868FFF76FFF0B69C860581C03D00B48C7
S31508013030834228BF03460B614B69581C03D00748D6
S31508013040834228BF034688694B61FFF75BFFBDE8EA
S3150801305008408861104601F073BE00BF40420F0068
S31508013060D0F8E0302DE9F04105460C4613B1C38D81
S315080130708B424CD0D5F8DC30002B4BD09E68002E05
S3150801308048D0D868002845D0013800B200281ADB94
S31508013090002106E0128A591CA24217D209B28842B7
S315080130A011DB0B1803EBD3735B1003EBC30206EBBF
S315080130B08202B2F80EC003F1FF3EA445EAD90FFA1F
S315080130C08EF08842EDDA2120BDE8F0814FF6FF72D5
S315080130D099B29142F7D09BB203EBC30306EB830681
S315080130E02846B6F9122095F83011D5F8F080F2F78E
S315080130F0C7F90746B8F1000F04D00023324628461F
S315080131001946C047EC85C5F8E06085F83971002095
S31508013110BDE8F0810E20BDE8F08100BF2DE9F0473A
S3150801312082B004460F46164602F038F8002863D1E5
S315080131304F4D2B68D4F8DCA0D4F8E0800BB1534589
S3150801314076D04FF00009AF6002F09EF801280746D5
S3150801315065D1204615F0C1FD002851D12B68DAF852
S315080131600010D8F8002013B1186888426BD02046A1
S3150801317015F068FDC5E900A8D4F8F0508DF8076088
S31508013180002D67D00022204611460DF10703A847F6
S31508013190204601F0BDF90546B9F1000F0FD076B901
S315080131A0D4F88C300BBB012F05D025B1314B00214A
S315080131B003205B689847284602B0BDE8F087B5FA50
S315080131C085F040F2F3423321400900F0EBF831462D
S315080131D0204601F00FFC284B05461B684146204650
S315080131E09847D4F88C30002BDDD000224FF40073B9
S315080131F0204600F089FDD6E700231D4D6B6098E750
S3150801320094F825309A07A9D5D4F894305B05A5D545
S315080132101A4B0122002120461B6898479EE7002188
S31508013220012000F0A9FD02F02FF80128FBD190E753
S315080132306B68002B85D0434583D1AB689F4215D077
S315080132404FF001097FE7696811B10968914291D088
S3150801325059688CE794F82A1094F83931324699421C
S3150801326028BF1946204601F0A5F891E70025A2E7EF
S31508013270402E00202C2F00201C2F002098220020F1
S31508013280F8B50F46054619F087FB3946064628461E
S31508013290FFF7E6FE044620B1304619F078FB2046D2
S315080132A0F8BD01F05DFF224639462846FFF736FF8D
S315080132B004460028F0D1284615F00FFD0028EBD06A
S315080132C095F8253013F002030DD0D5F894305B0537
S315080132D00DD5B5F82A31BB420BD0B5F82C31DB1B1D
S315080132E0B3FA83F35B09044A82F8DC30D4E7234650
S315080132F0F9E70123F7E700BF003E00B013B504461E
S31508013300694615F0F7F9204615F0E5FBFF28024650
S3150801331006D020469DF80010F2F730F902B010BD2C
S315080133200048FBE70080FFFF0029034B08BF002385
S31508013330C0F8F030002070476F8502084FF400731B
S3150801334007B50A490DF10602ADF8063015F009FA76
S31508013350BDF80630B3F5007F05D1022808BF002065
S3150801336003B05DF804FB2120FAE700BF2020002006
S31508013370024B1860024B1960FEE700BF20220020AD
S31508013380242F002038B5044D044C054B28602160D4
S315080133901A60FFF7EDFF38BD20220020242F0020F8
S315080133A02422002010B550B90548064B016006488D
S315080133B002601868054B18601868FFF7E3FF10BD2F
S315080133C0242F00200420002024220020202200206F
S315080133D0054B1B680BB918467047834201D01B6918
S315080133E0F8E70120704700BF2C220020094A13681C
S315080133F00BB918467047834207D11B690120136030
S31508013400054A1368013B1360704703F110021B69F3
S31508013410EEE700BF2C220020282200202DE9F74FD5
S31508013420064619F0C2FADFF82881012398F800B098
S31508013430DFF820910190BBF1000F06D089F8003022
S3150801344003B0BDE8F04F19F0ABBA3F4F88F800302A
S3150801345089F800B015F058FA08B115F053FA3D6825
S315080134603A495DB9DFF8F0A0DAF800200024AA424B
S315080134703B682FD84FF0FF3134483BE06B7D8BB169
S315080134802B68B34202D09A1B8A420BD96A68134445
S315080134902B60AB68003A18BF0122003B18BF012315
S315080134A06A75AB752D69DCE7907D20B1107D884280
S315080134B09CBF014614461269002AF5D1002CD9D0C1
S315080134C0D4E90001A275411AD4E902322046984787
S315080134D00135C9E71A46FF21EEE75A7D4AB11A684E
S315080134E0B24224D0921B824221D8914201D311467D
S315080134F01C461B69002BF0D15CB12046FFF776FF0D
S3150801350038B13B683C602361DAF800300133CAF808
S3150801351000303B685A7D6AB915F0F2F9064699F802
S315080135200030002B94D1019888F8003088E71C46B2
S315080135300021DEE7186800F0D3F8044615F0E0F933
S315080135400646002C84D1EAE72C220020FCFFFFBFA7
S31508013550462C0020452C00202822002038B5054697
S3150801356008B31822002115F054FD19F01EFA024677
S315080135702846FFF72DFF20B1104619F011FA02204F
S3150801358038BD0A4B1C6854B909491D600B681046B9
S3150801359001332C610B6019F003FA2046F0E704F1B8
S315080135A010032469EFE72120EAE700BF2C22002057
S315080135B02822002038B50446FFF70AFF19F0F5F965
S315080135C005462046FFF704FF637D23B9284619F00F
S315080135D0E7F90E2038BD00236375064B1B68A34225
S315080135E003D115F08DF9FFF719FF284619F0D8F917
S315080135F00020EFE72C2200202DE9F84FDDF828906E
S31508013600984604460D469246FFF7E2FEDDF830B0CD
S3150801361019F0CBF9074615F073F906462046FFF768
S31508013620D7FE637D23B12046FFF7C4FF0023A375A8
S31508013630BAF1010F23D175B9B8F1000F21D1B9F14A
S31508013640000F03D05A4631462046C847384619F076
S31508013650A7F9002019E035440D4BAA1B9A4210D848
S31508013660012363759DF82C303046C4E90058C4F827
S3150801367008902375C4F80CB0FFF7D0FEE6E7AE4212
S31508013680EAD1384619F08CF92120BDE8F88F00BF38
S31508013690FCFFFFBF2DE9F04107468846FFF798FE74
S315080136A019F083F93D68064615F02AF97B7D7BB149
S315080136B085420DD0094B2C1A9C4209D8304619F07F
S315080136C06FF9B8F1010F08BF25462846BDE8F08114
S315080136D0304619F065F90025F7E700BFFCFFFFBF83
S315080136E00023024A194600F03FBD00BFCB880208F5
S315080136F00C232DE9F74F13700F46144602210022B9
S31508013700064615F0C6F8DFF8648010B1164BC8F8FE
S31508013710003000254FF00609EBB209FB03F3D8F890
S315080137200010CA185079012804D923780C2B14D112
S31508013730212013E031F903B01179B2F902A030461C
S315080137400022019115F0A5F858B101992170B7F930
S3150801375000305B4505DB534503DC002003B0BDE8BB
S31508013760F08F0135D8E700BFD4EC0208282F0020D6
S31508013770014915F0CBB800BFB9540108014915F044
S31508013780C5B800BF8D54010870B5164E0328044606
S315080137900D4633781ED023FA04F202F00102AA423A
S315080137A01DD053B10122A240A54023EA02032B43AF
S315080137B0DBB233704BB1012070BD2DB10A4B01202C
S315080137C01B6898473378EDE73570074B00201B686F
S315080137D09847F0E79A07DED003F0FC03E9E70020F3
S315080137E070BD00BF482C00206C220020F8B50546A4
S315080137F00C4619F0D1F8104F06463B7833B1012D26
S3150801380004D01CB90D4818F045FE3C7021462846DF
S31508013810FFF7BAFF0A4B04461B783BB93B782BB92D
S3150801382015F041FA10B1074B1B689847304619F055
S31508013830AEF82046F8BD00BF492C002040220020E2
S31508013840482C00202C2F0020054A0B46117831B14F
S3150801385000211170034A01215268187810477047F0
S31508013860492C00202C2F002038B5074D04462B780B
S31508013870834207D001F0F2FC20462C70BDE838409F
S31508013880F3F76ABE38BD00BF472C00201B4B02293F
S3150801389010B5187002D0032904D010BD184B1B7837
S315080138A0002BFAD1FFF7D8FA0028F6D04FF00052CC
S315080138B0144BC3F88020BFF34F8FBFF36F8F01F00E
S315080138C083FC0028E9D001F0CBFA0028E5D10E4B9C
S315080138D01C6834B123689847BDE81040002001F000
S315080138E0B1BC14F06EFF094B186019F049FA084B80
S315080138F01860204601F070FCEEE700BF1231002087
S31508013900472C002000E100E09022002068220020D8
S315080139106422002038B504460D46FFF79DFA80B1AA
S315080139204FF00052124B1A6001F04EFC48B9012DB6
S3150801393007D8012001F086FC0E4B1B6823B15B6892
S3150801394098470D4B1C7038BD19F01AFA0B4B1A68BB
S31508013950801A186018F06CFE4FF47A72084B1B68CF
S3150801396002FB003014F02FFF012001F035FCE8E7D7
S3150801397000E100E09022002012310020642200209C
S3150801398068220020F0B585B019F006F8344D0446D2
S315080139902B7823B1334818F07DFD002852D118F051
S315080139A011FE02AA03A915F068F90346002838D0C2
S315080139B015F077F9029B98421CD100202A4B0399EE
S315080139C01B682A4E9942307020D90027C91A01234B
S315080139D024482B70264A3346CDE9007719F0ACF90D
S315080139E0002837D1234A1378D90701D53178F9B197
S315080139F0204611E015F053F9029B984228D000237E
S31508013A0018461949194A0968137003910121FFF7E4
S31508013A10BBFE002320462B7018F0B9FF002005B025
S31508013A20F0BD20462B7018F0B2FF212005B0F0BD7D
S31508013A3003F0FE031370002BDAD10F4B1B6898476E
S31508013A402046E9E7204618F0A2FF0E2005B0F0BD92
S31508013A500220B3E7032320462F703370F3E700BF34
S31508013A60492C00204022002060220020113100202C
S31508013A7049380108482C00206C22002038B518F076
S31508013A808BFF144D04462B78EBB9134A134913706F
S31508013A90134B144A14481A60144A5A60F3F704FD82
S31508013AA013491448F3F700FD134A144B1A60144BD3
S31508013AB05B6F03F44073B3F5007F02BF0222114B1B
S31508013AC01A6001232B70F3F759FE204618F05FFFA1
S31508013AD0002038BD4A2C0020492C0020E8EC0208B9
S31508013AE02C2F00208539010830220020ED370108E6
S31508013AF0F0EC020838220020693801086C220020FF
S31508013B00004000506022002037B50C46264D69B9A1
S31508013B100A46012106F054F8244BEC645C6006F071
S31508013B206DF82022224B5A6603B030BD0122114698
S31508013B3006F046F807221E4B0121DA60237901A80F
S31508013B4085F84C306379019315F025FA019BC2B2C9
S31508013B50D34000F00F0040EA031085F84D00A27922
S31508013B6085F84E20E27985F84F202068286501936B
S31508013B70BBB1012102888B420CD821794B1E134413
S31508013B800C4A1362C2F8CC1020220B4B5A6606F077
S31508013B9035F8C9E730F811500131AA4228BF2A463B
S31508013BA0E9E71A46E9E700BF003F00B04C3F00B01D
S31508013BB0006000B8004000B8005000B810B5054CC8
S31508013BC0237823B103F0E0FD0020207010BD0E20FC
S31508013BD0FCE700BF4C2C002008B503F0A3FD012229
S31508013BE0014B00201A7008BD4C2C0020D0F8E43097
S31508013BF013B11A68032A10D8094BDB6BC3F3C20247
S31508013C0013F0380F03F0070018BF504313F4E07F91
S31508013C10C3F3821203D050437047986A400E704727
S31508013C20008001B8431C07D06FF0FF02034B104018
S31508013C305A62A3F580535862704700BF00E000B886
S31508013C4010B504234FF03A4101240A4AD1F8180164
S31508013C50C2F81831C2F814314C634FF4005111639C
S31508013C60410742BFC2F81431A2F58052C2F8183191
S31508013C7010BD00BF002000BAF8B504460F46164627
S31508013C8018F08AFE0546A047044620B1284618F0D2
S31508013C907EFE2046F8BD05F02BF904220549D1F828
S31508013CA0F03E23EA07033343C1F8F03E024B5A6458
S31508013CB0ECE700BF003000B0002002B800F018039E
S31508013CC0182B0AD003070AD440F2011310F010008A
S31508013CD018BF1846034BD86770470020FAE701203A
S31508013CE0F8E700BF003F00B038B10368044A002B6B
S31508013CF008BF1346034A13607047014BFAE700BF32
S31508013D00D98902083C2F002010B4D0E95441224039
S31508013D100B4052EA030104D003495DF8044B0968D4
S31508013D2008475DF8044B70473C2F00200F2938B52A
S31508013D3005460C460ED801F0A7FA01280CD1074A08
S31508013D402846936E23F00F032343936614F0C8FFA6
S31508013D50002038BD2120FCE70220FAE7003F00B029
S31508013D60014BD86E704700BF003F00B0014B0020E1
S31508013D70D9667047003F00B003282DE9F347884606
S31508013D8064D8344B13F80090334B1E5C334B13F84D
S31508013D9000A018F001FE074604F0BEFE054640B134
S31508013DA000230022CDE9003301200023002104F07D
S31508013DB0E1FC04F0B9FE48B100230022CDE9003345
S31508013DC0002000234FF4004104F0D4FC002E3BD020
S31508013DD0234BDC6C04F00804224B3146DC6448466C
S31508013DE005F0E4F852463146484605F06DF91E4B92
S31508013DF0DC64DDB11D4B1868D0F89410F83003F077
S31508013E00BFFA1B490868FFF70DFF4FF0FF330B6038
S31508013E10184B1A68511C06D06FF07E401649C863C4
S31508013E20A1F58051CA634FF0FF321A60B8F1000F4D
S31508013E3004D0124B002103205B689847384602B02C
S31508013E40BDE8F04718F0A3BD3446C5E702B0BDE8A2
S31508013E50F08700BF00ED0208FCEC0208F8EC020846
S31508013E60004000B8006000B8005000B804200020E7
S31508013E70382F0020342F002000E000B82C2F002016
S31508013E800F4A536C13F0A00F15D1906C10F0040073
S31508013E9013D10C4BD3F8F03E23F07F4323F0FF03F5
S31508013EA05BB1D368C3F30362092A07D0B2F10C00E8
S31508013EB018BF01207047002070470120704700BFD6
S31508013EC0000002B8003000B0074A084B30B10221A1
S31508013ED0C2F864120422C3F8642270470421C2F8A6
S31508013EE064120222F7E700BF006001B8005001B86A
S31508013EF070B50D46064620B91C4B1B68D3B10E207A
S31508013F0017E001F0C1F901282DD1194B93F90040A9
S31508013F10D6F8E430C4F11C040BB193F92630E41A3F
S31508013F20641BC4F12B03002BB8BF5B42232B0CDDAA
S31508013F30212070BD01F10F03002BB8BF5B42232B73
S31508013F40F6DC0B4B19700020F3E786F8285018F0B9
S31508013F5023FD084A136A23F4FF2343EAC4231362A1
S31508013F6018F015FDEFE70220E3E700BF0420002063
S31508013F704B2C002000C000B8094B08461A6D910267
S31508013F800BD4D3F84021D20708D4D3F8803013F4E0
S31508013F90706F14BF0120002070470120704700BFD1
S31508013FA0004001B8F8B50D46D0F8943002EA01048C
S31508013FB023EA01032343C0F894304D4A01F00B0369
S31508013FC023EA0401D1642340A2F580526F0706460D
S31508013FD0D36410D50121FFF7CFFF60B104F088FF44
S31508013FE04FF4007314F0040F14BF424A424A136592
S31508013FF00422424B5A64E90606D514F0100F14BF81
S3150801400000221B223E4B5A652A0618D5230611D5CE
S315080140104FF40012374BDA6418F0BEFC0E2107463E
S31508014020032003F035F940F20122354B3846DA62AE
S3150801403018F0ADFC214606F1F80003F0A1F9EF05E9
S3150801404003D5E0053DD503F011F9A90503D5A20568
S315080140503AD503F017F915F48C6F1DD014F4806264
S3150801406037D096F825309B070CD5F28DB6F82A314C
S3150801407093422CD0B6F82C319F1A7B427B41214AB8
S3150801408082F8DC30D6F8E410304614F0A6FC80221B
S315080140901D4B98671D4B1A612B0510D504F028FF97
S315080140A01B4A14F4006FD2F8F03E14BF43F00063C4
S315080140B023F00063C2F8F03E0422104B5A64002034
S315080140C0F8BD03F0CDF8C0E703F0D6F8C3E701233E
S315080140D0D5E76805D6D596F825309907D2D5094B7F
S315080140E0114683F8DC200B4B30461B689847C9E715
S315080140F0006000B8005001B8006001B8002002B89D
S31508014100004000B8003E00B0003F00B0000002B811
S31508014110003000B098220020014B1868704700BF94
S315080141208022002037B518F037FC0024012300222D
S31508014130CDE90034002305461946104604F01AFB5A
S31508014140052002F0C7FB064B21461C60054B0220E1
S315080141505B689847284618F01AFC204603B030BD1C
S31508014160882200202C2F00202DE9FF4102290D4627
S3150801417016469846039004D1FFF7D4FF04B0BDE86C
S31508014180F08118F009FC1E4F04463B683BB1B34267
S3150801419005D018F0FCFB002321203B60EEE7194B04
S315080141A00022C3F800803E60002301264FF0000874
S315080141B010461946CDE9006604F0DCFA124B0520D3
S315080141C083F8008002F086FB43462A46052003A9A8
S315080141D002F09EFB0D4B039A1A6008B92046D8E7F0
S315080141E00B4D2B689847212804D0204618F0CFFBA1
S315080141F00020C3E731466B6802209847F5E700BF00
S3150801420088220020842200204E2C002080220020B3
S315080142102C2F0020044B5B6E9B044EBF0120034BE1
S31508014220187800F00100704700C001B84E2C002034
S3150801423090F827305A1F012A01D9082B05D14B7C42
S315080142402BB1012B05D0022B05D014F01FBC034856
S315080142507047034870470348704700BF20A107000D
S3150801426048E8010040420F000A78022A11D0101FBF
S315080142704242424152004B781201022B0BD0191FC0
S315080142804B424B415B000549054842EA8312FFF759
S31508014290F3BC0122EFE70123F5E700BFF0FFFF00BA
S315080142A0D15201080B78022B10D0181F4342434103
S315080142B05B004A78022A0BD0111F4A424A41520032
S315080142C00F21044843EA8202FFF7D6BC0123F0E72F
S315080142D00122F5E7FD5201082DE9F8430E78044657
S315080142E0042E0D4690F830810BD100275FFA87F925
S315080142F0484601F0C3FE08B14E4602E00137042FD5
S31508014300F4D1304601F0BAFE002849D094F830318C
S31508014310B34209D1AA88D4F8A4309A4204D16A884A
S31508014320B4F832319A4238D084F83061AB883046D5
S31508014330A4F834316B88A4F83231AB8804F5987542
S31508014340C4F8A430FF2384F82B3014F062FD84F8F6
S315080143502A00284601F022FE18BB284601F084FEF1
S31508014360F8B9D4F8E03053B194F83011414506D084
S315080143702046B3F91220F1F783F884F8390120466B
S3150801438001F0FAFE0949A4F834010123084AD1F8D3
S31508014390FC1004F1F80003F0FBFF0020BDE8F883E8
S315080143A021200C2384F83031F8E700BF004F00B014
S315080143B0A43F00B070B5054690F830010C460C28AC
S315080143C01FD0FF2901D1212070BD1AB14FF0FF324C
S315080143D00D4B1A6014F01DFD064695F8300101F0E3
S315080143E0BDFE844228BF0446E4B2B44238BF34460F
S315080143F0E0B285F82B0001F0DDFFFF28E3D00020AD
S31508014400E2E70220E0E700BF442F002010B590F84C
S31508014410303104460C2B44D0D0F8E03080F82A100D
S31508014420DBB3D0F8F020D2B990F839318B421CD3DE
S3150801443000222046FFF7BEFF48BB1B4B1B7813F033
S31508014440FD0F23D1204601F097FE18490123184A8A
S31508014450D1F8FC1004F1F80003F09AFF16E0B0F960
S315080144604220B3F912309A42E2DD0022204694F83E
S315080144703911FFF79FFF50B9C4F8E000204614F040
S315080144801FF84FF6FF739842014601D1002010BD6F
S315080144902046BDE81040FEF7F3BEFF2380F82B3017
S315080144A0F4E70220F3E700BFEE300020004F00B02A
S315080144B0A43F00B0F0B51D46144B04461B780F46C1
S315080144C0164685B05BB1D0F8E030E3B102AAB3F97C
S315080144D01230009200220BF07FFB05B0F0BD02A955
S315080144E014F008F99DF808103A462046F0F7C8FF77
S315080144F0014626B92A462046FFF75CFFEDE7204626
S31508014500FFF784FFE9E71846E7E700BFE1D50208A8
S31508014510F0B504468FB001F0CDF8D4F89C300546C5
S31508014520012B00D010B128460FB0F0BD6C492046CA
S3150801453014F0C5FCD4F8E0600146E58DC4F8E40042
S315080145403EB133682BB15B681BB11A68032A00F2C6
S31508014550A48018F021FA01462046FFF747FB0746D3
S31508014560084618F014FAD4F8E410B3898DF80E70D9
S31508014570EB1A9BB2D6E9012000FB03225948ADF894
S315080145800C3003680292994207D0204614F025FAA6
S3150801459080225549554B88671A61554D534E00F08F
S315080145A073FE0128FBD12B6CDB07F8D4736CDF0192
S315080145B0F5D4D4F8E41020460D919DF80E20029901
S315080145C008AB03F0DBFB002847D100F05DFE0128AC
S315080145D0FBD1464A4649536CD801FCD40B6CDB0720
S315080145E0F9D408A901A803F04FFD0546002834D1DE
S315080145F0E28D404B5A6494F8243060F3410384F801
S31508014600243001F04DF9D4F8E0305969431E0E689B
S31508014610DBB2FD2B049624D84B680128059330D1CB
S315080146200126DF1C06D90133334B5B6846D0DA1CF9
S3150801463041D80593024604A9204601F0F3F8002E55
S315080146407FF471AFD4F85431990529D494F82430FC
S3150801465043F0020384F8243065E7022528460FB0A3
S31508014660F0BDF71C13D9244B01361B6818BF012668
S31508014670DA1C1BD804934B68FF280593D1D0002078
S31508014680D8E70246204604A901F0CCF84BE74B6867
S31508014690FF280593C4D02A46F4E79F6A7F0E64E78C
S315080146A020464FF4803114F029F83CE7FF284B687F
S315080146B013D00593C3E7FF28C1D1E0E7DE1C06D86E
S315080146C00246204604A9059301F0ACF8BAE7FF288B
S315080146D0B8D10022204604A9F6E701200593A0E7F0
S315080146E0FC4F00B074220020003F00B0000002B861
S315080146F000C002B8008001B84C2F002038B590F8E8
S315080147003C510446002D37D018F046F91F221B4BA1
S31508014710013D1A651540A3F580531D65D4F840215E
S31508014720A3F580539A67D4F84421DA67D3F8403160
S31508014730DB071AD5D4F8E430DBB11A68122A18D97E
S31508014740196D4FF0FF3320290A4628BF202219B1D7
S31508014750C2F120029340DB43084AC2F84431D4F837
S31508014760A0201340064AC2F84431BDE8384018F083
S315080147700EB94FF0FF33EFE738BD00BF006001B84F
S31508014780005001B82DE9F0410B460646154611B908
S315080147902120BDE8F081002AFAD0032905D8002294
S315080147A001F018FB03460028F2D01C889A78B4F564
S315080147B0804F02F0070180F08680A1F1070C187975
S315080147C0DF88DCF1000343EB0C0305292B7394BF47
S315080147D00023C2F30013C2F3801C6B73930985F897
S315080147E010C003F00203C2F3C00C43EA0C03C2F380
S315080147F04012E8746B74AA74D6F89430AF82D8065E
S315080148004DD4063901294AD8B6F81280F76908F154
S31508014810FF38083C04EA0804395D2C4B80295B6D96
S3150801482008BF6FF07F014FF000031CBF323949B250
S31508014830A973AB6096F82700013404EA080460BB43
S315080148403B5D5B0103F47E63FF2B9CBFDB43D8B260
S31508014850D6F8EC3003B19847631CE87303EA0803FA
S31508014860F95C013303EA0803FA5C013303EA080336
S3150801487041EA0221FA5C013303EA0803F85C41EADA
S315080148800241002341EA00616A7C304603F0FCFDDF
S3150801489006232860AB7100207BE71846DCE7002376
S315080148A00020EB730A4BDA69C2F30723120448BFE7
S315080148B063F0FF035AB212F1800F1CBF323B5AB2A2
S315080148C0AA730346E5E7022063E700BF004000B884
S315080148D000C000B8F8B507460E468C88FFF7A8FC55
S315080148E097F827700546082F737C0CD1012B0AD837
S315080148F00146012003F0BCFD421C01D10220F8BD8E
S31508014900E30003330EE0053FFFB2012F8CBF002001
S315080149100120294603F0ACFD431CEFD0012F4FEAD5
S31508014920C403EED90E4A0344D2F8AC10326801F03A
S315080149301F01A2EBC10203213260B171002DDDD046
S31508014940B3F5803FDAD84FF22440690900FB031317
S315080149502D09B3FBF5F3D21A00203260CFE700BF69
S31508014960003E00B0F8B507460D4614468BB1FFF771
S3150801497067F929463846BE8A00F0E8FEB44228BFE0
S315080149803446A4B222462946044800F0F3FF2046DD
S31508014990F8BD14F0ACF80646F0E700BF0C0000BA03
S315080149A070B54FF03A434FF480640A4DD3F8186155
S315080149B00020C5F81841C5F8144104F05DFB4FF411
S315080149C000532B67730542BF034BC5F81441C3F85F
S315080149D0184170BD002000BA001000BA082310B1B2
S315080149E0024A53647047024AFBE700BF001002B847
S315080149F0002002B82DE9F04104460E4619B990F88F
S31508014A0024305A064AD44FF6FF73618ED4F8E470FF
S31508014A10994204D0334B1B680BB120469847324D57
S31508014A202B68BB4256D0314B1B6833B1002F54D08B
S31508014A30396801B1B968204698474FF007082046FA
S31508014A4001F09AFB002E3AD0294B93F90030C3F1B5
S31508014A501C0317B197F926209B1A062094F928609A
S31508014A6024499B1B0A6ADB0222F4FF2203F4FF2373
S31508014A7013430B62D4F8E4201F4B2A60986701F0B0
S31508014A8035FD002501211D4A1D4B1170204683F86D
S31508014A90845014F025F92846BDE8F0814FF6FF71D8
S31508014AA0114DD0F8E4702A6866F38613BA42418636
S31508014AB080F82430B7D101F05FFB4FF00108114AA5
S31508014AC04346D2F8FC1004F1F800A2F65C7203F032
S31508014AD05FFCB9E74FF00108B1E739462046984728
S31508014AE0ABE700BF7C220020742200207822002038
S31508014AF04B2C002000C000B8006000B84D2C0020E7
S31508014B00003F00B0004F00B0054A12681AB190F88C
S31508014B101E1119B91047084602F0CCBB0148704767
S31508014B207022002000FEFFFF3A4B2DE9F7431C686F
S31508014B3001F4007900F00103174653EA0902064613
S31508014B400D4640D04FF0000893B300230022012000
S31508014B500021CDE9008803F00DFE41462046FFF706
S31508014B60D3FF012241462086104613F076FCD4F87D
S31508014B70941004F1F80002F003FC27490868FFF7CE
S31508014B8051F84FF0FF330B60244B1A68511C06D0BD
S31508014B906FF07E402249C863A1F58051CA634FF080
S31508014BA0FF321A6094F8243043F0040384F8243061
S31508014BB0B9F1000F07D00121204613F09FFD25F416
S31508014BC0007506430D432B4632462046FFF79CF8EF
S31508014BD0FB070FD51349144A0868002113681160A9
S31508014BE00121124A117003B19847114B0021022085
S31508014BF05B68984717F00E0F08D04FF409723B21EE
S31508014C00002003B0BDE8F043FEF7CCBB03B0BDE816
S31508014C10F08300BF04200020382F0020342F002005
S31508014C2000E000B884220020882200204E2C0020B3
S31508014C302C2F002008B558220021064814F0E9F95E
S31508014C401022FF21044814F0E4F904F0D7FF0020EC
S31508014C5008BD00BFF43E00B0383F00B073B58621E9
S31508014C606F22A0F814118221C0F80021C0E941126F
S31508014C7064220C23C0E9432207224FF0FF350026A0
S31508014C8080F830314FF6FF730446C28700F14C02B3
S31508014C908264204AC385A0F8403080F82C304386C8
S31508014CA04263038780F82860C0F8A450458580F8D8
S31508014CB0265003F041FF2046FFF7BCFF0122164BA1
S31508014CC02046C3F8382294F92810FFF711F9602312
S31508014CD0124A41F6FF71D3644FF03A4211631167E4
S31508014CE00F4A2946D36440220E4B20465A64D4F80B
S31508014CF09420FFF757F90E230022CDE9003340F23D
S31508014D0002231046194603F035FD01F0D1F9304664
S31508014D1002B070BD4000FFFF005001B8004000B866
S31508014D20005000B8002002B8044BD3F8F03E13F047
S31508014D30806F14BF23200020704700BF003000B0E9
S31508014D400246F8B5B0F8344100F1F805FFF7ECFF73
S31508014D500B688E68013304BFD2F800310B604B68CB
S31508014D60013304BFD2F80C314B60771C3BD1D2F822
S31508014D700831CF688B607E1C3CD1D2F804610F697B
S31508014D80CE60013704BFD2F8F8700F614F69013759
S31508014D9004BFD2F8FC704F618F69013704BFD2F89E
S31508014DA010718F618F6967BBC0F1640408688C61F3
S31508014DB010B16F2838BF6F20C2F808314B68C2E9B5
S31508014DC04006C2E943340B692846C2F8F8304B69F4
S31508014DD00F49C2F8FC30D1F8FC1007230D4A03F03D
S31508014DE0D7FA0020F8BD04F16F031B1AB34238BF86
S31508014DF03346BEE704F18606361ABE4238BF3E463A
S31508014E00BDE76F34241ABC4238BF3C46CEE700BF23
S31508014E10004F00B0A43F00B038B50446074D2146FF
S31508014E202868621C003818BF012002F045FC2B686F
S31508014E300020003B18BF0123A37038BD8C22002037
S31508014E4038B5054C054B417800782568236002F092
S31508014E50B1FB00B1256038BD8C2200200CED02089B
S31508014E6070B517F099FD05460B4E00F00DFA0128AD
S31508014E7005D0284617F08BFD0224204670BDF3683D
S31508014E8013F0706FF1D1F46814F08054EDD128460F
S31508014E9017F07DFDF1E700BF000002B80A4B10B517
S31508014EA01B68044673B1094B48B10121084A1A60C7
S31508014EB0022003F057F90020064B1C7010BD01466D
S31508014EC01860F5E70220F9E78C22002090220020DD
S31508014ED004ED02084F2C0020014B1878704700BFDB
S31508014EE04F2C002038B517F057FD4FF6FF710A4AC7
S31508014EF013888B4203D117F04AFD0E2038BD074CA3
S31508014F00074D1B046567A4F580546367118017F084
S31508014F103EFD0020F2E700BFEC300020006001B83A
S31508014F200000FFFF2DE9F74304460F4615461E46C6
S31508014F30FEF7A6FF38B3A38A2BB3204613F027FC46
S31508014F4078B97A4BD3F8F02E1EB10E2003B0BDE81E
S31508014F50F08302F03003102BF7D002F0C002402A8A
S31508014F60F3D0DFF8F88103F0E7F8D8F81430D90759
S31508014F70EBD517F011FD0646032001F0A9FD20B176
S31508014F80304617F004FD0220E0E7D8F8142012F0A5
S31508014F900608F5D1304617F0FAFC644B4FF4006168
S31508014FA02046D3F8F09ED3F8C86E04F01DFE40B132
S31508014FB04FF4007201215E4B08465A64424613F0CB
S31508014FC04CFA94F825309A0707D5D4F894305B053E
S31508014FD042BF4FF40022574B5A6439462046FEF722
S31508014FE04FF9524BC3F8F09EC3F8C86E0028ADD1ED
S31508014FF094F82430980601D4002D58D0C5F3400002
S3150801500003F03CFF022315F4807F1FBF494A0021A4
S3150801501053644FF03A420BBF454A91615364536357
S3150801502003F066FF4FF4806315F0040F14BF424A7C
S31508015030424A15F0400F13654FF004023C4B2846CF
S315080150405A644FF0400314BF3D4A3E4AC2F8B8308D
S31508015050FEF734FE204613F046FD38B14FF480734F
S3150801506015F0010F14BF334A314A5364A90647D5CF
S315080150704FF6FF72B4F8403093420FD0324A3349A3
S31508015080526F100CC2F301120132B3FBF2F308801E
S31508015090294A2A492E481B0448675367003D18BF09
S315080150A0012594F8243065F3451384F82430204605
S315080150B013F013FEF0B1204613F015FDD0B14FF4ED
S315080150C00031204604F090FD431C03229BB221487F
S315080150D001A913F05BFE9DF8042002F00703052BD6
S315080150E09DF8053015D112070DD443F480731A4A79
S315080150F0C2F8D030002003B0BDE8F04313F084BEF7
S31508015100FFF7F0FECAE713F0040F09D19DF8063040
S31508015110EBE703F03002202A05D113F0010FF4E77B
S315080151204FF48073E3E79DF80630E0E7003000B0FE
S31508015130002002B8001002B8005001B8006001B89A
S3150801514000D000B800E000B8004001B8EC300020FB
S315080151500000FFFF0C0000BA003E00B000C001B815
S3150801516008B50B4BD3F84C114B1C10D011F08041EC
S315080151700DD1084B1B6813B10320FEF7FDFD4FF057
S315080151808062054B1A6501225A6102229A6208BD9C
S315080151900080E00F04200020001002B84FF400221E
S315080151A0034B586C03F500535A64C0F3C04070476B
S315080151B0000002B8024B034A00201A60704700BF7C
S315080151C078220020093B0108024B586900F00100CA
S315080151D0704700BF00C001B808B50D4B5A69D10721
S315080151E010D518B9BDE8084001F050BB5B69DA076C
S315080151F00DD401F03DFB0323064A1364A2F5805240
S31508015200536404E05B69DB0701D40028F1D108BDCA
S3150801521000C001B800A0095090F92430002B0CDA1F
S315080152204FF08053064A29B19360A2F58052D360A4
S3150801523000207047D3609360FAE70E20704700BFDD
S31508015240006001B84FF0806310B1024A536170479C
S31508015250014AFBE7001002B8002002B8202350B12A
S31508015260064AC2F8F433064B196C11F0010104D150
S31508015270032002F077BF034AF3E77047001002B82C
S3150801528000C002B8002002B80F4BDB68C3F3036302
S31508015290013B0B2B0FD8DFE803F006060C060606C2
S315080152A006080A08080802207047042070470520E6
S315080152B0704703207047054B5B6913F0060F0CBF57
S315080152C001200420704700BF000002B800C001B8E1
S315080152D0094AD368C3F303630B2B08D06FF49050C4
S315080152E0184100F0010080F0010040007047506C41
S315080152F010F48030EDD17047000002B80C490D4A10
S31508015300CB68C3F30363062B07D8042BD8B20BD893
S31508015310C31E5842584140007047072B06D1D1F8A1
S3150801532068011040ECD17047022070470020704791
S31508015330000002B85FFFF9FF094BDB68C3F303639B
S315080153409A1E012A8CBF00220122012B02701EBF60
S315080153504FF4026222FA03F303F001030B7070475C
S31508015360000002B811F0010311D09AB9552391FA38
S31508015370A1F193FAA3F34A081B0F490042EAC37243
S3150801538001F00203C0F8A02080F82930704722B93D
S31508015390AA23ECE70023024AF4E7014AF2E700BF31
S315080153A0B75635120F2370B51B4C11F0010F636701
S315080153B01A4B14D09AB901225A674FF0FF32C4F832
S315080153C04421D0F8A020C3F844214FF07042C4F814
S315080153D0482190F829201207C3F8482170BD4FF0DB
S315080153E0FF3602255D67C4F84461D0F8A060C3F8AA
S315080153F044614FF07046C4F8486190F82940240783
S31508015400C3F84841002AE9D0836C19604FF03A4342
S31508015410C3F8F450E2E700BF006001B8005001B8D4
S3150801542013B590F827300446033BDBB2072B96BF2A
S31508015430134A0021D15CFEF799FC012001F08CF991
S315080154404FF4F0620F4B0020DA644FF40072A3F5B3
S315080154508053DA6494F8273001905A1F012A0AD832
S315080154600421094B0DEB01009B6F0193012200F00A
S3150801547047FB02B010BD093B012BFAD80121F5E71C
S315080154801CED0208006000B8004001B8012310B500
S3150801549080F816312823C0F8FC300423044680F826
S315080154A02730044B196812F0E7FF2046FFF7B8FFCB
S315080154B0002010BDA0220020012310B580F8163166
S315080154C02823C0F8FC300223044680F82730044B11
S315080154D0196812F0D1FF2046FFF7A2FF002010BD80
S315080154E0BCE70208012910B5044604D90239012985
S315080154F015D90E2012E00C4B19680523012284F8F0
S3150801550016214FF4BC7284F82730C4F8FC202046D3
S3150801551012F0B2FF2046FFF783FF002010BD034BB0
S3150801552019680623EAE700BFB4E70208B0E70208EC
S31508015530012310B580F816314FF4BC73C0F8FC305E
S315080155400823044680F82730044B196812F094FFA3
S315080155502046FFF765FF002010BD00BFACE7020833
S3150801556038B5194B04461D6845B1EB6833B128684F
S3150801557001F0BAFDAB68186801F0B6FD134B144A81
S315080155801B6813602BB1DA681AB19B68186801F0B9
S31508015590ABFD104B1B682BB1DA681AB19B6818680A
S315080155A001F0A2FD0C4B1B682BB1DA681AB19B6896
S315080155B0186801F099FD2046FFF77EFF2046BDE8F1
S315080155C03840FFF72DBF00BFBCE70208B8E702085D
S315080155D0A0220020B4E70208B0E70208F8B5D0F81F
S315080155E0403104468B420D46164603D190F83C31AC
S315080155F0202B0ED0324629462046FFF7B3FE20233C
S3150801560084F83C310023C4F84051C4F84431FFF70B
S3150801561075F84FF00077074B32465F6429462046F6
S31508015620FFF7C0FE8022044B1A6103F500535F643D
S31508015630F8BD00BF001002B8000002B8072330B554
S31508015640144CE363144B61B94FF480424FF4804123
S31508015650C3F80811C3F80C21C3F81021C3F81421A3
S3150801566030BD44250D4940F040004D638863012152
S31508015670D9634FF480414AB1C3F80811054BC3F801
S315080156800C11C3F81011C3F81411E9E7C4F808118D
S31508015690F4E700BF006000B8005000B8004000B849
S315080156A0034BD3F8F80780F00070C0F340607047E9
S315080156B0000002B810B590F82730022B08D11C4B10
S315080156C0D3F89C1031B9C28D272A0ED90E2002E0D3
S315080156D0042B01D0002010BD154BD3F89C30002BAC
S315080156E0F8D1C28D272AF1D80121124B12481B681D
S315080156F0834219D031241148181A434243415B00A9
S315080157000B48A0F8B64050246343282404FB013310
S315080157100B491944895CFA31A0F8BC1009490B44B4
S315080157209A5C094B1A70D5E76FF003040123E7E782
S31508015730003E00B0C822002000F04902005A620269
S3150801574014EE020824ED0208502C002010B590F83A
S315080157502700A0B1304BD3F8A42012F0060F01D0D0
S3150801576004280DD94FF470622C4BDA604FF480721D
S31508015770A3F58053DA600022274BC3F8A02010BD99
S3150801578002F0020412F0040202D00B789B0637D409
S31508015790002C39D00B7803F00F03072B34D14B7843
S315080157A0022B31D98B7813F03E0F2DD0CC7814F01B
S315080157B0040F29D014F0010F0CBF04230A23A407F0
S315080157C048BF0633CB5CFBB1002A14BF0222012273
S315080157D0042840F6FF7003F01F0108BF490001398C
S315080157E040EA01310E4801654FF470600B49120217
S315080157F0C860A1F58051CA60074AC2F8A030BEE761
S31508015800002CC7D18B7823B90023054A13650122D9
S31508015810EAE70222DCE700BF003E00B0006000B8FC
S31508015820004000B810B5124B0C68C3F87842C3F8AB
S315080158307C42C8B1D0F8E030B3B15B69A3B1501E60
S31508015840C0B2FD2812D9013404BF6FF00100086007
S315080158500868FF2A186007D14A68013202D16FF039
S3150801586001024A604A685A60002010BD012AF2E71F
S31508015870004001B8FF2818BFC3434FF0180108BFFD
S315080158801023064A18BFDB00C2F8FC1318BF03F041
S315080158900803A2F58052C2F8FC337047002002B80B
S315080158A0024BD3F8F807C0F3C0407047000002B8AE
S315080158B04FF03A43D3F81421D2031ED54FF4803260
S315080158C00E49C1F81421A1F58051C1F818215A6D64
S315080158D0D1B2C2F30722C3F8A410C3F8A420042244
S315080158E0C3F8A4200022C3F8A420C3F8A420C3F84F
S315080158F0A420C3F8A420C3F8A4207047002000BA46
S31508015900F0220B4B01219A64A022A3F580539A64D5
S315080159104FF03A43826CC3F8F410FC21C3F8CC105B
S31508015920C3F8D0204FF40052C3F8F020704700BFE7
S31508015930006000B8F8B54FF03A440D4617460646DA
S3150801594017F02AF8012304226363084BE7602661EE
S315080159506561C3F814214FF00042054BC3F8802155
S3150801596017F015F80DB102236363F8BD002000BADC
S3150801597000E100E02DE9F04105460124006800F048
S315080159800700063004FA00F3A868EC685E1EA04218
S3150801599062D000EA060E6C6810441E430640A3EB6B
S315080159A00E000EEB040C8242644618D9D31A0EEB8C
S315080159B0030298B1431E052B04D94B1CACEB030318
S315080159C0022B59D80B460844ACEB010E03EB0E012A
S315080159D013F8014B83420C70F8D101466C688AB101
S315080159E0531E052B01F1010302D9E01A022812D828
S315080159F00A44611E00E0013313F8010C934201F8D1
S31508015A00010FF8D116F0C8FF0223AE60AB62BDE8FC
S31508015A10F04116F0BCBF0B46204622F0030E8E4419
S31508015A2053F804CB734540F804CBF9D122F00303AC
S31508015A30D01A920701EB030C04EB0307E2D0CA5C08
S31508015A400128E254DED09CF8013002287B70D9D0B7
S31508015A509CF80230BB70D5E7042A35D90878043A90
S31508015A60A86148780431A86111F8020CA86111F8F7
S31508015A70010CA861A8688CE70B4620F003070F44C0
S31508015A80ACEB010E1C684EF803400433BB42F9D156
S31508015A9020F0030310F0030F01EB030EA0EB030440
S31508015AA00CEB030728D011F80380012C0CF80380AE
S31508015AB022D09EF80130022C7B7018BF9EF8023066
S31508015AC0084418BFBB7088E7013A032A12D8DFE8F1
S31508015AD002F00F1507020B4613F8012B1946AA61A6
S31508015AE00A4612F8013BAB61114611F8013BAB615D
S31508015AF00B78AB61BDE8F08108446EE70A46F3E727
S31508015B0038B50B46154601464FF03A4468B10122AD
S31508015B101048C4F8F4201A46FFF72CFF25B14FF0B8
S31508015B203A430422C3F8F42038BD73B1D4F8D82017
S31508015B309A4284BF0122C4F8F4204FF03A42C2F8CF
S31508015B40D4300223C2F8F430E8E70123C4F8F4306C
S31508015B50E4E700BFCC0000BA38B5044616F01CFFCE
S31508015B604FF03A420121638F054651674BB3B3FAA9
S31508015B7083F3C3F11903DBB2A069C2F8B410C2F802
S31508015B808C300723C2F89000C2F8B0304FF4A02336
S31508015B9002F50052C2F81431A2F58052C2F8183142
S31508015BA000220C4B1A600C4B5B6C5B0209D54FF457
S31508015BB080020A4B04F1F8005A64D4F8941001F0F3
S31508015BC0DFFB4FF4E0232846E363BDE8384016F0CF
S31508015BD0DEBE00BFA4220020000002B8002002B8E1
S31508015BE02DE9F84305460C46B1B1D0F81880478F20
S31508015BF016F0D2FEB5F83CC0791E01EA0C0323F073
S31508015C000702032C0646DFF8F8E042445FD1DEF8C6
S31508015C10004024B916F0BBFE0E20BDE8F88324F037
S31508015C200104DEF8000020F00100A04254D100234F
S31508015C30CEF80030238894426FEA43436FEA534310
S31508015C4023803FD1EB8F08EB07091846083880B245
S31508015C5002F108044C4528BF4446082804D9B4F87B
S31508015C6000E0BEF5804F41D263440F431B1A3B4007
S31508015C709BB2AB87E887947811884FF03A42C1F313
S31508015C800C019165C2F89830C2F8B0004FF4802231
S31508015C90174B04F00704C3F814214FF00042154BC3
S31508015CA0C3F88021FFF704FE042C0BD14FF48002C0
S31508015CB0114B05F1F8005B6C104B5A64D5F894103A
S31508015CC001F05EFB304616F062FE0020A5E7601E75
S31508015CD0012898BF1446A4E7E88F4344E31A48BF4E
S31508015CE0DB1908389842A5DC304693E72246ADE72A
S31508015CF0002000BA00E100E0000002B8002002B866
S31508015D00A4220020154B10B51968CA8F8B8F488FAE
S31508015D1013440138073B8C69034023F007031C44ED
S31508015D2002F108034FF03A429BB2CB87C2F8B03072
S31508015D304FF480220A4BC3F814214FF00042094B55
S31508015D40C3F88021A07800F00700042803D1064A89
S31508015D50D3681B03FCD4054B1C6010BD042000202E
S31508015D60002000BA00E100E0000002B8A4220020E9
S31508015D7010B5064C216839B1CB0703D4044B186812
S31508015D80FFF72EFF0023236010BD00BFA4220020C9
S31508015D90042000204FF480320C4B0D49C3F818211A
S31508015DA04FF03A43C1F81421D3F8AC10D3F88C203C
S31508015DB0012302F0070206329340C1F30C01083BA6
S31508015DC0994201D8FFF774BD704700BF002000BA99
S31508015DD0001000BA2DE9F04780460C461646876939
S31508015DE0458F16F0D9FDB8F83C2005F1FF3C02EACB
S31508015DF00C0323F00701032C82463944B8F83E0008
S31508015E0019D14A4C24689CB90244073A02EA0C02A1
S31508015E1022F00702BC183B44E31A48BF5B198342C8
S31508015E2010DB504616F0B3FD00242046BDE8F08786
S31508015E3024F00104EFE7012C02D0022CEBD108383B
S31508015E400C46E8E7002E3FD08C4241D14FF03A424A
S31508015E50D2F858904FF03A41D1F8AC20B8F8127000
S31508015E60C2F30C02934247DA2588B5F5804FD8D29A
S31508015E70A378C5F30C0503F007037A1EA5EB0905FC
S31508015E803A43052B337005EA02052DD82DB2E843AE
S31508015E9040F241420421C00FFDF784FA7580E37888
S31508015EA03374D8F81C207B1E03EA0903D118B160A4
S31508015EB0A9B213FA85F5AF422FBF0023FF1AB7809F
S31508015EC0F26024BFB180F360504616F060FDACE77E
S31508015ED0A4F10802974284BFED0802EBC502B2F8A5
S31508015EE00090C9F30C09B5E7114B5B6D003B18BF70
S31508015EF00123A5EBC305C9E74B6D7A1EA3EB09037D
S31508015F003A431A400B4915B2002DCB680BDCC3F393
S31508015F100363D81E43424341DB003370CB6C728066
S31508015F201B0A3374BDE70823F7E700BFA422002044
S31508015F30004000B8000002B8054BA822D3F84C016E
S31508015F403121431C0CBF0120C0F38070FDF72ABA2A
S31508015F500080E00F10B50F4B1C78ACB90E4BD3F887
S31508015F60F8375B0309D490B10F23441EB4FBF3F44D
S31508015F7010300444E4B2204610BD40F61D023F210C
S31508015F802046FDF70FFAF6E70001C4B2F3E710243D
S31508015F90F1E700BFEE300020000002B838B5294D00
S31508015FA00446297819B92022274813F032F82378AC
S31508015FB0264A6188137051804FF2F0022449C1F8CC
S31508015FC0C821244A4BBBA1F50051D1F8F81711F4A1
S31508015FD0002F4FF0FF011CBF1F48C0F8DC301170BD
S31508015FE04FF040731A4AC2F834311C4BD3F8F837CC
S31508015FF013F480230BD14FF47F01C2F830111849ED
S31508016000C1F8303148F2C801164BC3F8F41007231A
S31508016010C2F8FC330122124B0DE000240E48022B74
S31508016020C0F8DC404FF0FF001070D9D107230422D5
S31508016030C1F8FC330A4BC3F8FC23012300202B705B
S3150801604038BD00BF512C0020E03F00B0EE300020E3
S31508016050002002B816310020004001B8000002B83D
S31508016060001002B8003F00B0034B1A6802609B8813
S3150801607083800020704700BFEE30002010B504462B
S3150801608000F044FF094BD3F8F80734B900F440206F
S31508016090B0F5402018BF012010BD022C0ABF80F4BC
S315080160A000300020C0F34040F6E700BF000002B808
S315080160B02049D1F8FC37FF2B31D01F48C3F303120F
S315080160C00270D1F8F81703F00F0309035BBFC2EB9F
S315080160D002120F3B02F1FF32D2184ABF03EB021339
S315080160E0D3B2DBB2154A164913700978154B1A68EB
S315080160F0E9B1B2F1A06F1AD3D3F85012124A134B71
S31508016100B1F1FF3F18BF1346114A136041F66A02FF
S31508016110104B1B68B3FBF2F30F4A13607047D1F8B3
S31508016120F83713F4002F0CBFB4235A23DAE7074BC9
S31508016130EAE700BF000002B817310020532C0020FF
S31508016140153100200080E00F5082E00F04EF0208AD
S31508016150A8220020C8220020AC22002020B1022853
S3150801616004D1034B18787047024BFBE700207047B0
S3150801617017310020532C00202DE9F74FD0F8A44001
S315080161804C22022C38BF02247B49013CCB6CD1F846
S31508016190DC507A49C3F38213DA400B680646A342F8
S315080161A090F83071764BDFF800A2DFF80092DFF83D
S315080161B0008202F0010216D11878904213D19AF89A
S315080161C00000B8420FD1D6F8A80060B1A8420AD19A
S315080161D096F82B5099F80000854204D1B8F80400C6
S315080161E003B0BDE8F08F98F800001A700C60FFF74D
S315080161F0B5FF0346002A00F0918004234FF07F4142
S31508016200604AC2F8BC30604BC3F8BC1096F82B3014
S315080162101B06C2F8BC30002040F271225B4B1921E3
S315080162201B68B3FBF2F36343182BB3FBF1F14FEA97
S31508016230004400F29380002C00F09B80B4FA84F2AB
S31508016240C2F12002C2F10F03012B38BF0123D4404A
S31508016250A14201D2013B6408421C03F01F0152000E
S315080162608A40121BDFF838B19208CBF8B0201A021F
S3150801627042EA03121343019300EB002300EB0325C3
S31508016280434B40F6970218682B21003818BF0120A6
S31508016290FDF788F8FA223E4B02FB04F01B6840F62C
S315080162A0FF72B0FBF3F00A2358433A4B00F57A74B0
S315080162B0C3F8D820019AA3F58053C3F8D820364AE3
S315080162C0A3F58053C3F8DC50D2F8F827520308D453
S315080162D0D3F8DC3003F47F02C3F303531343CBF83B
S315080162E0FC30C6F8A8502D4D00F6B8302C6001F0E8
S315080162F0C9FF4FF47A722A4BC3F8A400C3F8F80011
S315080163002B68B4FBF2F0B3FBF2F3A8F8043096F865
S315080163102B308AF8007089F8003061E796F82B006F
S31508016320984228BF1846C0B22FB1022F7FF473AF27
S31508016330FFF710FE70E7184BD3F8F8371903F7D4AF
S3150801634050B10F230138B0FBF3F00130154B1B6830
S31508016350034413F8010C5FE70120F7E7B1FA81F26C
S315080163603CB1B4FA84F3D21A002A3FF76BAF0F2374
S315080163706EE70F2370E700BF004001B8442F0020E5
S31508016380522C0020001002B8002002B8C8220020B2
S31508016390AC220020006001B8000002B8B02200203B
S315080163A0003F00B0A822002014310020133100203C
S315080163B0EE30002038B5254B05461A78244C0C2AB0
S315080163C002D1FF20207038BD104612F022FD014689
S315080163D01046FFF7C3FEA84228BF2846C0B2884226
S315080163E038BF08462378C0B28342ECD020703ABB46
S315080163F0184BD3F8F83713F4002321D14FF2F001E3
S31508016400154AC2F8C811C8B10F230138C0B2B0FB8A
S31508016410F3F3591CC3EB0313C01A431C0D4A1B01A2
S31508016420D2F8C80143EA01330343C2F8C831D2F8A6
S31508016430C8210A4BC3F8FC202078C4E70121EDE7FF
S31508016440074B1868FFF798FEF6E700BFEE30002005
S3150801645016310020000002B8002002B8003F00B043
S3150801646004200020014B1870704700BF1531002029
S3150801647010B50446FCF7F0FC78B1154B1B786BB9DF
S3150801648064B1144B1B784BB1134B1B78013B012BA1
S3150801649004D84FF40042114B1A6510BD104B1B6D01
S315080164A01B04FAD416F078FA044602F021FD4FF4DB
S315080164B000420C4B2046BDE810401A6502220A4BE1
S315080164C0C3F8D4240422054B5A6416F060BA00BFF7
S315080164D0542C0020552C0020B4220020002002B89C
S315080164E0000002B8001002B800D00350054BD3F8DB
S315080164F0843013F0030F4FF4802314BF024A034A72
S3150801650093647047004000B8005000B8006000B8B6
S31508016510F7B50646534C00F0F9FC01213A20EDF790
S31508016520B5F8514B2578514F1E7085BB2846FFF7A4
S315080165309FFF2378013B012B19D8E37B01A88DF82E
S315080165400430237C8DF80530EBF766F9C7F8D45487
S315080165504FF6FF72464BC3F88420F822A3F5805301
S31508016560C3F884200022414BC3F8D4240DE04FF62A
S31508016570FF723F4BC7F8D454C3F88420F822A3F519
S315080165808053C3F88420C7F8D4543A4B5BE0002003
S31508016590FFF76EFF2378013B012B08D8E37B01A89F
S315080165A08DF80430237C8DF80530EBF735F9002397
S315080165B0C7F8D434002ECBD062685AB32E4B1B6869
S315080165C003EB5203B3FBF2F3013B1B0243F0F8035F
S315080165D026782749022E294A1ED0032E4FF6FF7523
S315080165E0224826D0012E36D143F00203C1F8845041
S315080165F0C2F884300723C0F8D434E37B01A88DF8A8
S315080166000430237C8DF80530EBF7DEF80120FFF71F
S315080166102FFF17E0F823DBE74FF6FF7043F001037E
S31508016620C1F88400C2F884300622104BC3F8D4247A
S31508016630E3E743F00503C1F88450C2F88430042324
S31508016640C0F8D4340E4B4FF080421A650020FFF78C
S315080166504DFF03B0F0BDC1F88450C2F88430002361
S31508016660EEE700BFB4220020552C002000C00350DD
S31508016670006000B8002002B8C8220020005000B807
S31508016680001002B8F0B52B4F06463D4604460FCE1C
S315080166900FC5336885B02B6000F038FC01213A201C
S315080166A0ECF7F4FF0022244BC3F8D424A17A627ACA
S315080166B042EA0142C3F8E024217CE27B42EA014234
S315080166C0C3F8DC24217B627B41EA0240C3F8D80483
S315080166D03B78032B2AD8DFE803F022020C178DF842
S315080166E0041004218DF805200DEB01000022EBF7BB
S315080166F037F8E37B00228DF80830237C042102A8B1
S315080167008DF80930EBF72CF8637A01228DF80C30F5
S31508016710A37A042103A88DF80D30EBF721F8074B6E
S31508016720187805B0BDE8F040FFF7F2BE212005B0A4
S31508016730F0BD00BFB422002000C00350552C002034
S31508016740034B1B6D002BBCBF024BC3F88800704777
S31508016750000002B8004000B84FF0006338B1064A9D
S315080167601365064B4FF40032C3F884207047044A78
S315080167701365044BF6E700BF001002B8005000B8D5
S31508016780002002B8006000B82DE9F04700F018FCB7
S315080167904FF47A762D4BB0FBF6F618604FF4FA7380
S315080167A0734307462A48190E1B021818294A4FF03F
S315080167B0000341F1000103F0F9FE274BA0F58072B1
S315080167C005461A6320B948222B21FCF7EBFD012562
S315080167D04FF47A724FF0000A6A4353465008310261
S315080167E003F0E4FE1C4B1D4AB7F57A7F9A601C4BF1
S315080167F04FEA056819601B4B8946044618604FEA3B
S31508016800152505D29B222B215046FCF7CBFD0126E7
S315080168104FF47A73A8FB030103FB05117308C0182B
S3150801682041F100010023324603F0C0FE0E4B02344B
S3150801683019600E4B49F10009A408186044EA8974E5
S31508016840054B013C9C63BDE8F08700BFC8220020C8
S3150801685020A1070040420F0000C001B80211010043
S31508016860D8220020D4220020D0220020CC220020C9
S315080168700822044BC3F884215A600122024BDA60CC
S31508016880704700BF00E100E000C001B80822064BCE
S31508016890C3F88421C3F88420BFF34F8FBFF36F8FEA
S315080168A00422024BDA60704700E100E000C001B83B
S315080168B010B50446A242A2EB0000A3EB010104D2E3
S315080168C0034B01399B6B0133184401F0030110BDD9
S315080168D000C001B838B501250A4B02019D504FF495
S315080168E080730446084A8340536616F055F8074AEA
S315080168F0A540137823EA05031370BDE8384016F05E
S3150801690046B800BF00E101B800E001B85E2C0020DE
S315080169102DE9F84F164605468A461F4616F03CF8F5
S31508016920022E00F09180804616F03FF85A4B5B4ADA
S31508016930D3F8209092F86D405A6EE4B2520744BFDC
S31508016940D3F82090013404F0030416F029F84846D8
S31508016950214600F013F98446DAF80000012E04BF37
S3150801696001306044ACEB000C08BFCAF80000BCF16A
S31508016970804F7DD300F014F98145A1EB040188BF4E
S31508016980454BDFF838C188BF01F1FF3101F003013A
S3150801699088BF9B6BA0EB090E0CF80510A1B1F9078E
S315080169A042BF41F61F723E4B5A67BA0742BF3C4B7C
S315080169B03C4A5A677B0742BF0022374B9A673C0716
S315080169C042BF0022344B9A6511244FF0010A324B1B
S315080169D005F11002120103EB051BCBF80C01324934
S315080169E09C501A6A0AFA05F4586E0B78A2EB09024A
S315080169F0E4B2234372450B7025D34FF48073AB4041
S31508016A00034220D11CF80520002A40D10EB3274A9B
S31508016A10F807536607D541F61F7140F20110204B5E
S31508016A20596750675967B90706D51D4B1D4A1F494E
S31508016A301F485A6748675A677A0742BF01221D4BA2
S31508016A401A613B071AD4404615F0A1FF0120BDE89B
S31508016A50F88F194A2D0142F805A042F89C3C15F019
S31508016A609BFF11490B7823EA04030B7015F08FFF7E
S31508016A70404615F08CFF0020BDE8F88F2120FFF76E
S31508016A805FFE4FF48032044B4046DA60DCE7074A82
S31508016A9040465366D8E700BF00C001B8003E00B0C3
S31508016AA000E001B800001F1F5E2C002000D001B8CD
S31508016AB000000101000002B800E101B8562C0020CF
S31508016AC0024B1878003818BF012070475E2C002049
S31508016AD0034B10300001185800F00100704700BF41
S31508016AE000C001B870B50646FEF76EFB044608B14C
S31508016AF0FFF7CCFE00230A4D3046AB61EB612B62F2
S31508016B0000F04EF8074BC9B283F86D1028622CB114
S31508016B10FFF7AEFE4FF08062034B5A64002070BD4A
S31508016B2000C001B8003E00B0002002B838B515F023
S31508016B303CFF084B084A1D6A92F86D405A6EE4B24A
S31508016B40520744BF1D6A013415F02AFF284604F08E
S31508016B50030138BD00C001B8003E00B00346064A2D
S31508016B60103302EB00111B01D1F80C01D158C1F306
S31508016B70400112F068B900BF00C001B8064B1B6896
S31508016B80434303EB8171054B1B68A3FB003013F1EB
S31508016B90004341EB00007047D0220020CC220020A0
S31508016BA00C4A20F04043014610B5002014684FF006
S31508016BB00042E4FB0320084A890F126802FB03001E
S31508016BC0064B9B6B984204D901330131C01A01F077
S31508016BD0030110BDD4220020D822002000C001B82C
S31508016BE0044B01F0F071103041F003010001195016
S31508016BF0704700BF00C001B808B52220FFF7A0FD05
S31508016C004FF48022014BDA6008BD00BF00C001B80D
S31508016C1040B1836833B10649C268096803F1304354
S31508016C20032A00D8704743F8041B043AF8E700BF63
S31508016C300C23002070B51646054600B3F9B1F2B12A
S31508016C404268104B006803321B68920800F1304015
S31508016C509847044688B9EA68A86803323146920813
S31508016C6000F1304012F00FF9044630B9D5E90402B3
S31508016C70214600F1304012F0CCF9204670BD21249E
S31508016C80FBE700BF482F002070B50C68651C15D0BE
S31508016C90C4F302669E42C4F3074530D1A4B29442B6
S31508016CA02DD804EB8506B24229D2141BA50824F077
S31508016CB003040E59340F04D0012C08D000222124D4
S31508016CC002E06B1C51F82320C0E9002470BD0E4C6C
S31508016CD034F8133042EA03431A686B1C51F823400F
S31508016CE001EB83014B6822405E4036F0704404D1C3
S31508016CF01B0F032B04BF8B681A430024E4E70135F5
S31508016D0001EB8501C1E700BF18EF020807B501A825
S31508016D10EEF702FA254B2649D3F86022D2B2FF2AAA
S31508016D201DBFD1F87801130243EA0213D1F878316D
S31508016D301CBF20F47F621343C1F8F8331C4BD3F808
S31508016D40F837190354BF09200C20EDF7C7FDC822EF
S31508016D50184B42F201015A654FF4C02203F510435C
S31508016D60C3F868214FF48032C3F86C21124AC2F87D
S31508016D70701202F52042D2F8F827120308D44FF40C
S31508016D8070610E4AC2F8A0104FF42062C3F8A02021
S31508016D9001220B4BC3F8002403F53043D3F86821CD
S31508016DA0084B1A6003B05DF804FB00BF0080E00FD2
S31508016DB0000002B8008001B8006001B8002002B8DE
S31508016DC0005001B89C220020134B1B78002B20D0C1
S31508016DD0124B134A00201A60124B134A1A60134BBE
S31508016DE0134A1A60134B1A68134B1A60134B144A49
S31508016DF01A60144B144A1A60144B154A1A60154B3B
S31508016E00154A1A60154B164A1A60164B164A1A6025
S31508016E1070470220704700BF5F2C0020182300200E
S31508016E200CF802081023002074EF0208142300202E
S31508016E3094EF02085C2F00200C2300203023002049
S31508016E405CEF02082823002014F302082C230020F3
S31508016E5090EF02082423002044EF02081C23002097
S31508016E6098EF0208202300208CEF02080022012156
S31508016E7038B51E4B5A649A64DA641D4A5161022177
S31508016E809162DA68C2F303620D2A01D0002AF8D1A9
S31508016E9011220124174DDA634FF0FF302C7008F0E8
S31508016EA09FFE00232B70144D4FF4E8622868542185
S31508016EB0C01A18BF0120FCF775FA104B28681A6822
S31508016EC00F4B1968FFF7B6FE01F0FAFA0D4B186871
S31508016ED0FFF79EFE0C4B1868FFF79AFE4FF080628B
S31508016EE0034B5A6103F580535C6138BD000002B853
S31508016EF0001002B85F2C0020102300201423002064
S31508016F0018230020302300202423002001230D4AC2
S31508016F100D49C2F8803291660C4A53600C4A536097
S31508016F200C4A5360A2F580425360A2F54042536071
S31508016F3002F5C032536002F580425360A2F5004261
S31508016F405360704700900050FF0B001600D000B840
S31508016F50001000BA005001B838B50324FFF7D6FF70
S31508016F60114A124B124D1A65FFF7D0FE114BC3F8A1
S31508016F70104101232B6501F0DFF84FF460736B6153
S31508016F804FF400732B65FEF78BFC0021FEF772FCAC
S31508016F904022094B1C64A3F580535C64074BC3F874
S31508016FA084215A6038BD00BF0048F000000002B8CD
S31508016FB0001002B8005001B800A0095000E100E035
S31508016FC008B514F03DFB044B1B6FC3F300430133B3
S31508016FD0B0FBF3F008BD00BF008000502DE9F04F6B
S31508016FE0044687B00290894659F8043B5A1C06D1D3
S31508016FF02360029BE01A801007B0BDE8F08F37487E
S31508017000C3F301615FEA137B30F8110008BFC3F3CC
S3150801701007429BB218BF012243EA004011F03CFF28
S315080170204FEAC20A05460AF104032D48234483425E
S315080170301BD807230127C846CB4003F00103019358
S315080170409300049307FA0BF705EB8203039307F002
S31508017050940304F108060593039B08F10408AB425F
S3150801706008D1049954444944BDE71E4B9C42E0D8D3
S315080170700020C1E7059B53B917F0420F19D117F044
S31508017080280F0BD146F8085C58F8042C21E04FF478
S31508017090206232210020FCF785F9F3E740F6042245
S315080170A032210198FCF77EF905F5805246F8082C3D
S315080170B0EAE740F60D2232210198FCF773F905F546
S315080170C00052BBF1010F46F8082CDDD158F8042C03
S315080170D0D24346F8042C04350836BDE710EF0208FA
S315080170E0DF4F00B0E04F00B0F8B50646E0B1002426
S315080170F0144B25461F46144953F8042BAAB91348BD
S31508017100314600EB8500FFF769FF30B940F6AE322C
S315080171103621BDE8F840FCF745B90D4B013528186D
S3150801712047F8246023F81400F8BDB242FCD00134B4
S315080171300C2C02D031F81450DEE740F6C83236215D
S315080171400020E6E7DC2200203A240020404000B077
S315080171503C24002070B5044698B1B1B13A4A52F8B8
S31508017160043B834213D10023384A116CC907FCD466
S31508017170374800EB830011F08FFE364B1060012271
S315080171801A6470BD01330C2B02D1334D2CE0012357
S3150801719052F8041BA142F5D1304A32F81330E3E71D
S315080171A0C2F3016335F81300110C93B211F0FE0F07
S315080171B043EA0043606820D00434CAB2022A21682F
S315080171C008D9D4E90160033AC3E9001698600C347A
S315080171D00C33F3E704D16268C3E90012083403E00B
S315080171E0012A01D1043419602268531CD8D100221E
S315080171F0164B1A6003F58053C1E7120F072AEDD81B
S31508017200DFE802F00704090D1013181DC04303F542
S3150801721000531860E2E71A6842401A60DEE703F590
S315080172208053F6E711F004FED8E7012203F58053EF
S315080172308240F2E7012203F500538240EDE71A681E
S3150801724030EA0202FBD1C9E7DC22002000C002B8FD
S31508017250404000B000D002B818EF02083A240020D6
S315080172600122014B1A657047001002B80122014B31
S315080172701A657047002002B84022014B1A6570470B
S31508017280002002B84022014B1A657047001002B867
S31508017290064BDB68C3F30363984206D1044A936E2F
S315080172A023F0F00343EA011191667047000002B822
S315080172B0003F00B02DE9F743064611F0B2FD002460
S315080172C08046DFF8909015F067FB0DF1070105463A
S315080172D00DF10600FEF730F89DF806308BB9721CE1
S315080172E029D011F09EFDA0EB0804284615F04FFBA6
S315080172F09DF8063013B99DF807303BB3A642E2D88C
S3150801730024E0D9F80C3013F4603FE8D0D9F8180016
S3150801731011F015FE731C074603D011F082FDA0EB90
S315080173200804284615F033FB17F5007FE0D03846E8
S3150801733003B0BDE8F083284615F029FB9DF8063011
S31508017340002BC0D19DF80730002BBCD1004FEEE7CA
S3150801735000FEFFFF00C000B80122024B98611A61C6
S31508017360704700BF000001B8044BD3F8B03010B124
S31508017370C3F30332027003F00F007047000002B82E
S31508017380064B01F080015B6C03F480030B4302BFDB
S315080173904FF40012024BDA64704700BF000002B8CE
S315080173A0006001B80F4B1B788BB1012B11D10E4A26
S315080173B0012102F580528B4291600FD80A4A0B4986
S315080173C0002B08BF0A4693689B07FCD47047074AF7
S315080173D0EEE700224FF480539A60FFDE00239B6894
S315080173E0FBE700BF602C0020004003B8000003B88B
S315080173F038B50B4B0B4C002818BF1C46A569E36929
S315080174001D4007D0084B1B682BB12846984704F541
S315080174100054A56138BD6B05F9D5FFF7C3FFF6E73B
S31508017420004003B8000003B8342300204FF60401D6
S315080174304FF60502044B01201B6C9BB28B4208BF19
S315080174401346024A136670470080E00F00C001B870
S315080174502DE9F74F81460F464FF0FF35FFF766FBDB
S31508017460002601908A462C463046DFF8D8B006F148
S3150801747010031B015BF8033003F00308B8F1010F91
S3150801748015D13046FFF76AFB02460B46019851466D
S31508017490FFF70EFADBF8643006F10802D340DB0782
S315080174A039D5002F40D000252C463E60404601368E
S315080174B0082EDCD160B3234A0027D2F808C0916BA5
S315080174C00CF440330131A4FB0141641941F1000177
S315080174D0B3F5003F30D1536B0CF4405C013347F1EF
S315080174E00006BCF5805F22D1156B15F5807505FB85
S315080174F006F647F1000203FB0266A5FB0332324496
S31508017500594304FB0212A3FB04341444C9E90034A9
S3150801751003B0BDE8F08FA84271EB0403C6D207B1E8
S315080175203E6005460C46C1E73D463C46BEE732028B
S3150801753042EA13621B02E3E7136B13F5807347F103
S315080175400002DDE700C001B8F8B5062011F08CFC91
S31508017550044611F066FC42F21073041B9C42054670
S3150801756018D94FF080624F240B4B5A6441F26F775A
S315080175700A4E0BE011F055FC401BB8424FF48372DA
S3150801758021468CBF00200120FBF70CFF736C5B01C1
S31508017590F0D5F8BD1A24E9E7002002B8000002B8C0
S315080175A0034B1A6E596E03F500530A401A66704763
S315080175B000800A50FF28F8B506D1FF294FF00700C9
S315080175C006D0002967D103E0FF2962D10F2862D8C6
S315080175D00026324C324D84F8680084F8696068697F
S315080175E040F25D124B2100F00100FBF7DBFE11238F
S315080175F01022AB662B4B6E66C3F888219A6001216F
S315080176003B20ECF743F894F86910274A94F8683058
S315080176100A432649063341F82320254B3E201D6897
S31508017620ECF74EF86F08ED07024633462846394609
S3150801763002F0BCFF090241EA1061C0F3C05040EAFA
S3150801764041001C4BA065186B10F5807005D14FF4ED
S31508017650D6722B21FBF7A6FE022002460023002044
S31508017660012102F0A3FFE0653E20ECF729F840F678
S3150801767049435843000DFF2828BFFF20022838BF79
S315080176800220002184F86C00012000F06BFD002027
S31508017690F8BD0F2895D92120FAE700BF003E00B0B2
S315080176A000800A5000E100E0020D0C000080035042
S315080176B0C822002000C001B838B1054B93F868000C
S315080176C0087093F869001070704707230B70FAE782
S315080176D0003E00B02DE9F34105460F4668461146BE
S315080176E0FFF7B6FE0646B0B1AFB1DDE900321B0AB7
S315080176F043EA0263A5FB0384094B120A05FB02440C
S315080177001A6812B9FFF75CFC024600234046214677
S3150801771002F04CFF3860304602B0BDE8F08100BF88
S31508017720C822002070B5FFF70FFF0021022000F0E4
S3150801773019FD11F076FB04460F4D104ED5F8F433BA
S315080177401B070BD515F028F9BDE8704002220C4B32
S31508017750DA6001220B4B1A7015F019B911F061FBA9
S31508017760001BB0424FF405724FF045018CBF002053
S315080177700120FBF717FEE1E7000002B83F420F00C0
S3150801778000C001B8612C0020214910B50B78002BE7
S315080177903DD001221F4C94F869300133DBB202FA5D
S315080177A003F31D4A5366136608221C4BC3F8882146
S315080177B000230B7003231A4A39211364A2F5805258
S315080177C05364184B40F2C322586CC0F38060FBF730
S315080177D0E9FD4FF48041144A144BC2F89410144A37
S315080177E0216ED26E914202BFD3F86C216266D3F83C
S315080177F06431606E08BFA4F86E30B4F86E1000F0FC
S31508017800DDF8BDE810400121022000F0ABBC10BD37
S31508017810612C0020003E00B000A00A5000E100E003
S3150801782000A00950000002B800E001B800C001B884
S3150801783000800A5010B504463E20EBF741FF60432D
S31508017840034B00F5F42000F59070B0FBF3F010BD82
S3150801785040420F002DE9F74FFFF7ECFF0446FFF70B
S3150801786073FE15F099F800214B4F054668463970A5
S31508017870FFF7EEFD494B80469E69494BDB6813F0DD
S31508017880706F1CD1474B5B6913F0060A17D1E0B13B
S31508017890454B611D1868A1FB00B93E20EBF710FFA7
S315080178A0534602464946584602F080FE009B0902A5
S315080178B041EA106100029842019B994105D3284685
S315080178C003B0BDE8F04F15F062B80021022000F0C0
S315080178D049FC11F0A6FA8146DFF8C4B0DFF8D4A056
S315080178E0DBF8F4331B0741D5B8F1000F4DD0DDE9BC
S315080178F000893E20EBF7E4FE4FEA182141EA0961C7
S315080179004FEA1923A0FB019800FB0388264B1A6846
S3150801791012B9FFF755FB024600234846414602F0D5
S3150801792045FE0121214B013493F86930DFF86CC01B
S3150801793001331F4A361BDFF880E0DBB201FA03F395
S315080179400644CEF86030CCF86C605366DCF8182033
S31508017950DCF86C60241A921BA24216D2CEF8643067
S315080179600220CEF8603000F0FDFBA8E711F059FAC5
S31508017970A0EB0900504540F26A224FF045018CBF41
S3150801798000200120FBF70EFDAAE70222054BDA606B
S3150801799001233B7093E700BF612C002000800A5049
S315080179A0000002B800C001B8C8220020003E00B09D
S315080179B000900A503F420F0000A00A5001232DE90A
S315080179C0F74F9A4F044697F869208A469340984A92
S315080179D00E46936697F86820964B0546C3F8D82055
S315080179E04FF40032944B4FF0000B1A610223DFF873
S315080179F05482C8F80C30914B9B6903F1FF39A3EB0C
S31508017A000903002B40F3D4800BF1010BBBF1020FE4
S31508017A1057D9F4220D210020FBF7C4FC4FF08053FF
S31508017A20874A884F53664FF40031804BC7F86C512B
S31508017A30C3E918950025C7F86461A3F86E6011615A
S31508017A407C4AC2F8D85093F8692001239340784AB2
S31508017A50936614F0A1FF2A462B464FF4807E3E6AB0
S31508017A60D7F864C002F110010901795801F0030140
S31508017A70012910D10EFA02F111EA0C0F0BD107EB0D
S31508017A800215B442D5F80C5100F2A580AC4202D2D7
S31508017A90AE4280F0A3800132082AE3D16A4D2968F3
S31508017AA0012940F29E803BB16049B1F86A201A4328
S31508017AB0A1F86A20604A536603B0BDE8F04F14F096
S31508017AC066BF012397F869205C4D9340584A93662F
S31508017AD014F062FF4FF08052594B01905A66AB6918
S31508017AE003F10109C5F86C90D8F83010D8F80830B8
S31508017AF0DD036DD53A6EBE6DA9EB0202A2FB062621
S31508017B00FB6D01F58071A6FB03E5A2FB03C313EB2D
S31508017B100E03A1FB03EC45F1000501FB05CCB2EB15
S31508017B200E0266EB0C06120A42EA06625244B2EBF0
S31508017B30112F4FEA112603D3013345F10005921B94
S31508017B40043E964228BF1646C8F8186097F86D2075
S31508017B50D8F82010E318D2B245F100058C42D8F8BE
S31508017B60381084BF02F1FF32D2B2481C0ED04FF052
S31508017B70000E01F1010C99427EEB050008D2013293
S31508017B80B3EB0C03D2B265F10005F4E72A44D2B28D
S31508017B901D4602F0030287F86D20C8F8203001233C
S31508017BA097F8692001989340284A936614F0EFFEE6
S31508017BB0224B9B6900BF00BF00BF00BF00BF00BFCB
S31508017BC000BF00BFD8F86420D2007FF518AF25E7BB
S31508017BD056462546E3E7AC42BFF45AAF19438BB282
S31508017BE059E71B4A1478142C01BF0024194E147046
S31508017BF03470147801341470002B3FF45DAF0B4ECA
S31508017C00B6F86A401C43A6F86A400B4C6366114CE9
S31508017C1023780133DBB2022B23707FF44DAF0023A7
S31508017C20013129601370237046E700BF003E00B09A
S31508017C3000A00A500080035000D001B800800A5005
S31508017C4000E001B800C001B86022002000900A5087
S31508017C50632C0020622C00204FF00052014B1A6061
S31508017C60704700BF00E100E04FF00052034BC3F834
S31508017C708020BFF34F8FBFF36F8F704700E100E09D
S31508017C8037B50446FFF742F901213A20EBF7FEFC26
S31508017C90E17822791B4841EA0243C0F85C35E57967
S31508017CA0A37943EA0543C0F8603523784BB18DF8CB
S31508017CB0041004218DF805200DEB01000022E9F7D7
S31508017CC04FFD63785BB10421A37900228DF8043056
S31508017CD0E3790DEB01008DF80530E9F741FD2278CE
S31508017CE001235AB1084AC2F85835627802233AB1D3
S31508017CF0054A0020C2F8583503B030BD034AF2E7F9
S31508017D00024AF6E700C0035000D0035000E00350D2
S31508017D10F8B50B46002213F8044B944225D91D6881
S31508017D20854224D106245A791D79124B88181E6872
S31508017D3004FB0503104F33F8063C7B43B3420ED9C7
S31508017D4000238A5A7A43964202D804FB0300F8BDF7
S31508017D509D42FAD9013304FB03F2825AF2E740F253
S31508017D6044423D210020FBF71DFB0020EFE70833C5
S31508017D700132D2E73823002040420F002DE9F04FA7
S31508017D804FF0000EA2FB016BDFF8F4C2DFF8F482B4
S31508017D9016EB0C0C1F466BF10003E0457EEB030363
S31508017DA083B009D240F23E220E217046FBF7FAFA59
S31508017DB0022003B0BDE8F08FD7F814A00C4615468B
S31508017DC08146BAF1000F04D0DAF80030032B00F22D
S31508017DD09A809E4B9E4A9B6BD2F8FCA0C3F314086B
S31508017DE09C4B1B6F5A074EBF4FF440039B0503F08C
S31508017DF0E07348EA0308984BD3F8EC305B0048BFB8
S31508017E0048F0807848EA456813F054FC012D02468B
S31508017E10CED10028CCD0914B984200F0858003F54D
S31508017E20122303F5F863984200F090808C4B984230
S31508017E3000F0EB80002501902B4600204FF00071E1
S31508017E4002F0B4FB2B46019A013006FB03F300FB53
S31508017E500B33A6FB00600344C8F31300A0FB022101
S31508017E60203300FB05119B093B607E4BD20C1C603D
S31508017E7042EA41317C4B18F4801F08BF4942196018
S31508017E807A4B0C441C60BAF1000F5BD000237B606F
S31508017E90BB60DAF81C5018F0807F18BF6408002D03
S31508017EA046D099F82720093A012A41D9694ED6F8C8
S31508017EB03C21D0027FD4DAF80000002C00F0A9801A
S31508017EC0B4FA84F1072900F3A480C1F1080325FA5D
S31508017ED003F304FA01F10133B1FBF3F14B004FEA65
S31508017EE0442C0133E40D01E002330131A5FB0362A1
S31508017EF0B44574EB0202F7D2C1F30E031B0343F038
S31508017F000063BB6016E0042BDAF828807FF47CAFA7
S31508017F1018F0807F14BF4FF4400308F0E07328F08F
S31508017F20E07848EA03086FE7002351481D468CE7C5
S31508017F30DAF8000000230628FB603B6102D9DAF86B
S31508017F4030303BB9002003B0BDE8F08F0023494823
S31508017F501D467AE713F0AEFBDAF83010FFF7D8FEC4
S31508017F60044610B18378002B56D113F063FBDAF877
S31508017F703010FFF7CDFE04460028E3D08378002BA6
S31508017F80E0D040794FF4AE62003818BF01203D2198
S31508017F90FBF708FA207940F2715200384FF03D019B
S31508017FA018BF0120FBF7FEF9237962791B0243EA20
S31508017FB002133B61C6E781EAE172A2EBE1722E493F
S31508017FC0C8F3815811F808C019464FEA8C6C600845
S31508017FD0CCFB0201224602F0E9FA0346DAF8000070
S31508017FE00E280ED9194A916BB26CD6F83C61D206A5
S31508017FF007D501F4801106F40016314308BFC3F50D
S315080180008013C3F313037B6057E700231B481D4600
S315080180101BE72B4621025FE7407940F255520038AB
S3150801802018BF01203D21FBF7BDF9207940F25652D0
S31508018030003818BF01203D21FBF7B4F9237962798D
S315080180401B0243EA0213FB608FE700BF008001B8F9
S31508018050004F00B0004001B8000002B800F0490224
S31508018060005A6202402300203C23002038230020C6
S315080180700A3BB2DF313641DC20EF0208D694BFD67F
S31508018080006CCA88807C814A10B5044686B059B905
S31508018090214B4168D3F8FC30827A20480593006861
S315080180A06B46FFF76BFE69461D4B0A685A631A4B06
S315080180B0D3F8FC3033B34B6843B11A4B1A4AC3F8A9
S315080180C03C214A68A3F58053C3F83C218B6843B128
S315080180D0144B164AC3F81C218A68A3F58053C3F8C2
S315080180E01C21134AC868D2F8983123F4EE63034376
S315080180F0C2F89831D2F89031096923F4EE630B433B
S31508018100C2F89031002022890A4B9A6203F5A033FE
S31508018110186406B010BD00BF004F00B0042000204F
S31508018120008001B8006001B8FFFF0F0000F0FF0FE3
S31508018130000002B8004000B8074BD3F88022D207E6
S3150801814007D55B6E002B4FF48043B4BF034A044A3C
S3150801815013650020704700BF00800050002002B858
S31508018160001002B8064B1A6C9207FCD4022240EAA8
S3150801817001205860034B1A640122034B1A70704799
S3150801818000C002B800D002B8642C002040B10368D0
S31508018190012B05D90069034B002808BF184670470B
S315080181A00048704728EF020810B590B10468012C01
S315080181B00FD902696AB11168094B102C1960516807
S315080181C05960916888BFD268996094BFD960DA60AE
S315080181D010BD10220021024810F01BFFF8E700BF6E
S315080181E048230020064B586F1B6DC0F30112000C83
S315080181F002FB000003F01F0301331844704700BF58
S31508018200004001B81B4B2DE9F0410D4616461C6886
S3150801821058B34FF47A7343438A68A3F6AC539B1A4F
S315080182204A689B1A144AD8171168144FA1FB0332DE
S3150801823001FB002213F1807342F100025B0E43EA4F
S31508018240C213803B33620E4BD3F8C43073623B686A
S3150801825073B1204610F041FD50B1324629463B68BC
S31508018260D4F8D800BDE8F04118474AF6C873D9E7EB
S31508018270BDE8F08104200020582300204423002073
S31508018280003F00B0084BC1171A68A2FB000302FBA6
S31508018290013310F1807043F10003400E40EAC31028
S315080182A0803820EAE0707047582300200722194BCE
S315080182B070B51A64184B194A1D68194BEC08E00584
S315080182C0C0184FEA153141F10001002302F06EF999
S315080182D0144B154E18601548FFF7D4FF4042C6F8EF
S315080182E0DC0049F65800FFF7CDFFC6F8A80010488C
S315080182F0FEF756FC024660B1E301500818184FEA2A
S3150801830015714FF0000341F1000102F04FF9C6F86B
S31508018310B40070BD000002B8C822002065CD1D005A
S31508018320B2E60E0058230020003F00B0701101008C
S3150801833040420F0048B14FF47A72054BDB6802FBE5
S315080183400030A0F5FA50FFF79DBF47F23050FAE723
S315080183504823002010B5044698B10B4BD3F8FC000E
S31508018360FFF722FF4FF47A7303FB04F0074BA0F6DD
S31508018370AC50DA689B681044C01ABDE81040FFF794
S3150801838081BF4AF6C870F8E7004F00B048230020BD
S31508018390F8B50446084615461E46FFF705FF9CB183
S315080183A006F0020716F004060FD16FB14FF47A7082
S315080183B063685843002B4BD1FFF764FF2863606954
S315080183C0FFF7B8FFE8623EBBF8BD2069002839D03F
S315080183D04FF47A735843254BA0F6AC509B68C01AE4
S315080183E0FFF750FFA862A08B78B34FF47A7358430E
S315080183F01E4BA0F6AC509B68C01AFFF743FFE86115
S315080184002A461A49E068FFF7FDFE0021A069FFF731
S31508018410A1FF6863002FC9D1A06800BB47F230509D
S31508018420FFF730FF68614FF47A70236858432BB120
S315080184300E4B1B6803F51C5310331844FFF722FF34
S31508018440A861C1E74AF6C870CAE74AF6C870D4E710
S31508018450064B1B6803F51C5310331844ACE74FF45D
S315080184607A735843A0F5FA50DAE700BF482300208B
S3150801847008B9FFF7B7BE034881420CBF2F20BC20BD
S31508018480704700BF48E8010038B5054608461C464E
S3150801849010F0F1FC0246D5F8E400FFF777FE4368D1
S315080184A0A018002B044AA8BF4FF4FA721A44034BCA
S315080184B092FBF3F2104438BD0CFEFFFF18FCFFFFD8
S315080184C070B588B06D46194C0FCC0FC594E80F00EE
S315080184D085E80F00FC220021154810F09AFDAC2210
S315080184E00021144810F095FD20220021124810F0B1
S315080184F090FD10F040FD114B1B783BB16D460B4EBC
S315080185000FCD0FC695E80F0084E80F000C4A0D4BF6
S315080185101068516803C390680B4A18600B4BD3F86F
S315080185207831C3F38243536608B070BDE03F00B0AB
S31508018530583E00B0543F00B0E04F00B0512C002027
S3150801854038EF0208B03E00B0003F00B0000002B8A4
S3150801855008B514F021FA0E4B1A78A2B90D4A126819
S3150801856012F4843F0FD10C4A102111651B7863B9A7
S31508018570084B1B68DB0508D4074B20221A65BDE8A2
S31508018580084014F004BA054AEEE7044BF5E700BFC4
S315080185906A2C0020A00D0020002002B8001002B8A5
S315080185A00A4B197801F0FF0229B10021197008490F
S315080185B09202C1F80821597801F0FF0229B1002178
S315080185C059709302024AC2F80C317047652C002093
S315080185D0005000B8064BD3F8F00E064B9B6C1A01F7
S315080185E003D4054B9B6E1B0401D500F580707047BB
S315080185F0003000B0000002B8004000B810B514F011
S31508018600CBF90E2104460320FEF742FE40F2012271
S31508018610034B2046BDE81040DA6214F0B8B900BF32
S31508018620004000B8064B00201B6893F82430DB098C
S3150801863002BF0322034BC3F85022FBF745BC00BF18
S3150801864004200020006001B838B514F0A5F94FF0F0
S315080186508043244C0546C4F88030BFF34F8FBFF3DF
S315080186606F8F4FF00043C4F88030BFF34F8FBFF3CD
S315080186706F8F0123C4F88430BFF34F8FBFF36F8F19
S315080186800223C4F88430BFF34F8FBFF36F8F0423DF
S31508018690C4F88430BFF34F8FBFF36F8FFFF7E4FA47
S315080186A00823C4F88430BFF34F8FBFF36F8F1023AD
S315080186B0C4F88430BFF34F8FBFF36F8F2023C4F8FC
S315080186C08430BFF34F8FBFF36F8F8023C4F8843094
S315080186D0BFF34F8FBFF36F8F2846BDE8384014F0BC
S315080186E056B900BF00E100E038B514F055F9054662
S315080186F04FF080430B4C23604FF000432360022365
S31508018700636004236360FFF7A7FA082363601023F5
S31508018710636020236360802363602846BDE8384090
S3150801872014F035B900E100E0012370B5074C237058
S31508018730074B1E68074B3240D3E9005319402840BE
S31508018740FCF7F2F90023237070BD00BF682C0020E6
S3150801875060230020A00D00200022044B1A70044B50
S31508018760197811B11A70FFF7F3BE7047692C00200A
S315080187706A2C00202DE9F047DDF820A003EA01085C
S31508018780099B06460D4602EA000703EA0A09BAF1F9
S31508018790000F40F04F81031F0B4300F00F8105289E
S315080187A071F1000380F0E58050EA010300F075815C
S315080187B0431E0B4300F02581FFF746FFB84AD2E96D
S315080187C0004323EA050324EA06043C4343EA08076F
S315080187D0B44BC2E900471E6826EA0A0646EA0906B4
S315080187E01E60FFF7B5FE14F02A4F14BF48F20203C4
S315080187F04FF40043AC4AB007D26EAC4848BF43F4C5
S31508018800005383EA020122EA0302C266A84A0B4020
S315080188108166D366C4F380421203210348BF42F43A
S315080188208072E30648BF42F40052A24BA50648BF30
S3150801883042F40072600648BF42F480622106D96894
S3150801884048BF42F4006282EA010323F080539A4842
S3150801885019401A40C1608360984B17F4007FDA60AB
S31508018860974B07F4007200F0048101224FF480252A
S3150801887083F88820E30448BF45F48035A00348BF40
S3150801888045F48015A10748BF45F4001514F4001FE7
S31508018890DFF8688206D0D8F8000010F08EFB08B918
S315080188A045F40025E20248BF45F40035FB06854B31
S315080188B048BF45F480051A6A834985EA020323F00D
S315080188C001031A400A621D40CB61804B16F0010F65
S315080188D01D627F4B7F4A18BF1A467F4B7D071B6F68
S315080188E048BF42F000627D4882EA030123EA020397
S315080188F003677B4B0A4041661A677A4A04F001030B
S31508018900D16CA0F5803081EA030221EA0301C16432
S3150801891082641A40744B2002DA64D8F8002048BFF2
S31508018920724B92F8F62058BF714B610748BF43F462
S31508018930806322B114F4C06F18BF43F48073320701
S315080189404FF03A42BDE8F047D2F8181148BF43F054
S31508018950004383EA010222F4A02266481140C0F8C6
S3150801896018111340C0F81421634AC2F81831FFF7E9
S31508018970BBBEA0F580630B4306D020F48063A3F544
S3150801898000730B437FF418AF14F006F84449D1E994
S31508018990003223EA060322EA050242EA08023B43B9
S315080189A0C1E90032554A126892F8F610514A09B3DC
S315080189B013F4C06F1ED04FF4807311E013F0ECFF6F
S315080189C0374AD2E9003123F004033B4341EA08015F
S315080189D057EA0807C2E900314FF48063454A0BD0CC
S315080189E0C2F81431A2F58052C2F81831BDE8F04731
S315080189F013F0CDBF4FF48073C2F81831C2F81431A1
S31508018A00F4E713F0C9FF264AD2E9003123F001033E
S31508018A103B4341EA0801C2E900310123384A57EAD2
S31508018A2008071BBF9364A2F58052D364D36408BFB9
S31508018A309364DBE750EA01037FF4BEAEBAF1010F96
S31508018A407FF4BAAE13F0A8FF164A136823F00103A0
S31508018A5043EA090313604FF40053204AB9F1000FA2
S31508018A6004D05366A2F580521367BFE713675366AE
S31508018A70BCE793F8881071B183F88820214BD3F8A5
S31508018A80A41003F50053C3F8A410C3F8A0104FF0BF
S31508018A905023C3F8A4200025ECE6BDE8F08700BF03
S31508018AA0A00D002060230020004000B8006000B837
S31508018AB0005000B8004001B8006001B8005001B884
S31508018AC0003F00B0000002B8002002B8001002B84A
S31508018AD0043800030418000300C001B800E001B817
S31508018AE000D001B800C000B800D000B80D0A0A09C4
S31508018AF0090A0A09002000BA001000BA0420002059
S31508018B0000E000B800400050024B5868C0F3C000AE
S31508018B10704700BFA00D0020024B186800F0010045
S31508018B20704700BFA00D0020024B5868C0F3C03043
S31508018B30704700BFA00D002010B50446FEF70CFAD9
S31508018B40FFF782FD2046FCF7DBFEFEF78FF9FDF7FE
S31508018B501BFEFDF78DFEFFF7A9FB13490723134AF1
S31508018B60D1F8FC1004F1F800FFF712FC4FF0807100
S31508018B700020FEF735F84FF000720D4B4FF4001147
S31508018B800120C3F80021FEF72BF8FEF74FFC20B9A8
S31508018B9040F292321421FAF705FC10F0EAF9BDE821
S31508018BA010400120FDF7B4BC004F00B0A43F00B04F
S31508018BB000D001B88023074A5364082340B153649F
S31508018BC0054AD2F8C03E23F02003C2F8C03E7047DA
S31508018BD0024AF4E7001002B8003000B0002002B8DB
S31508018BE010B513F0D9FE012104460020FFF7E2FF74
S31508018BF0044B1961044B5B6898472046BDE8104051
S31508018C0013F0C5BE000002B82C2F00202DE9F04153
S31508018C1082B014460646FFF78FFAFCF7D5FA002804
S31508018C2000F0B5805E4B5D6915F0060540F0AF8032
S31508018C3013F0B2FE23790095022B05464ED1237B0C
S31508018C40022B39D00320FDF743FF20B9554BDB68CA
S31508018C505B0440F19E80A37B94F80C80003B18BF0F
S31508018C600123A2685049B8F1010F01920B7074D023
S31508018C7000234E4A4E4E13703278002A79D10420C9
S31508018C80FDF728FE0420464F42467B6F0DEB000197
S31508018C9023F0F85323F4F81343F0506343F4803375
S31508018CA07B670223FDF734FE0446002865D00121BF
S31508018CB03022404B31701A653F4E33689847212858
S31508018CC0044604D1012100207368984700242846E8
S31508018CD013F05DFE204602B0BDE8F0810320FDF7E2
S31508018CE0F7FE002855D12279D6F80031012A2268E3
S31508018CF030D0D01A00900020294B304A30495A67A3
S31508018D009867637B2F4A23F040000028C3F380133A
S31508018D100B700CBF0123002313702B4B2A4AD3F87F
S31508018D20C03E4FF003000CBF43F0200323F020039D
S31508018D30C2F8C03EFDF7CEFD194B244A03205A67F7
S31508018D40694601232279FDF7E3FD20B30122204B71
S31508018D501A7074E79A42CDD3CBE72379022B87D0D1
S31508018D60009BD6F800114FF000080B4413440193F9
S31508018D707EE73370FFF7ECFB81E70320FDF7AAFDD9
S31508018D8028460E4A124B7A671C7013F000FE0E2411
S31508018D90A0E72846F9E7284613F0F9FD212499E7C3
S31508018DA000C001B8000002B86D2C0020692C002013
S31508018DB06A2C0020001002B82C2F002000000101A7
S31508018DC06B2C00206C2C0020003000B0010C010037
S31508018DD0672C00202DE9F3410D460024074613F0C0
S31508018DE0DBFD214B06462046DFF88C801C70FFF719
S31508018DF0E1FE1E4BC8F87430C8F878406879431EFE
S31508018E0058425841FBF7EAFD40F60143C8F8783065
S31508018E102A792968012AD7F8083101D1994200D35C
S31508018E20CC1A042303200DEB03010194FDF770FD11
S31508018E3050B988220E4B30465A6413F0A8FD2124F6
S31508018E40204602B0BDE8F0810A4D2B6898472128D3
S31508018E50044604D1012100206B6898470024304656
S31508018E6013F095FDECE700BF672C00200000010117
S31508018E70002002B82C2F002000C001B8F8B5194C03
S31508018E800546207840F2E442B0FA80F03E214009D6
S31508018E90FAF788FA55B9607840F2E442BDE8F84035
S31508018EA0B0FA80F03E214009FAF77CBA4FF44066E1
S31508018EB00D4F0E4DD7F8083140F2E442C3F3812332
S31508018EC02370C5F8086160783E21B0FA80F0400940
S31508018ED0FAF768FAD7F80C31C3F381236370C5F83A
S31508018EE00C61F8BD652C0020004000B8006000B890
S31508018EF0F8B5084C084D636C0423084F6B64636C22
S31508018F005B0300D4F8BD042602207E640FF090FFAF
S31508018F106E64F4E7000002B8001002B8002002B837
S31508018F20A82238B51A4B5D6C03F500535A64102212
S31508018F309A60A3F5804302F100521A675A66FFF751
S31508018F402FFB144B1B7813B90320FDF7C3FC002430
S31508018F50114B9C67FFF7CCFF104A114BD2F8F01E54
S31508018F600B40C2F8F03E04220E4B5A640E4BAA0679
S31508018F70C3F8C84008D503F580739B6FB3F5817FA5
S31508018F8022BF8022024B1A61BDE83840FBF7AABF0F
S31508018F90000002B8672C002000C001B8003000B0FC
S31508018FA0DF0000FF002002B8003E00B010B551B93D
S31508018FB020B3154BDB681B0E13F00E0F1ED1134B96
S31508018FC01B6CD9071AD4FFF719FB0F4C0020FEF7C3
S31508018FD0CBF9032801D0092805D1A36ADA07F5D404
S31508018FE0A36CDB03F2D4FFF783FF0122084B5A6116
S31508018FF002229A62042203F580535A644FF4C0622E
S31508019000044B9A6510BD00BF000002B800C002B843
S31508019010001002B8006001B808B503210920FEF75F
S3150801902037F92022014B1A6108BD00BF000002B8BA
S315080190300D4A10B5D2F8A030D2F8A4100B40B3F1FE
S31508019040804F0CD34FF040400849094CC1F8A400A1
S31508019050D467C1F8A0004FF48021064AD161034ABA
S31508019060C2F8A03010BD00BF00400050006000509B
S315080190700000FF01001002B838B5054613F08CFC54
S315080190800E4B04461868FCF767FD35B1FFF764FB1C
S315080190902046BDE8384013F07ABC094B1B78002BF3
S315080190A0F6D0084B1D78002DF2D1FFF755FB2A465D
S315080190B04FF480400021FFF737FBE9E70420002041
S315080190C0692C0020682C00202DE9F84F594B0646DB
S315080190D00D4614465B6C002A40F0A98013F0A00FD8
S315080190E014BF4FF001094FF00009FBF7FBFEA0235F
S315080190F04FF0000ADFF858810320C8F84430FDF71D
S31508019100E9FB0420FDF7E6FB4B4FFFF725FB4B4B2D
S315080191104FF0040B7B67C7F878A0FFF7E9FE484BC9
S315080191204FF48071D3F8C02E42F02002C3F8C02E46
S31508019130FF22C8F808203F4A1161D3F8F02E4149A9
S315080191401140C3F8F01EC8F844B0C3F8C8AE7B692D
S3150801915013F0060F04D0FDF74FFD5846FDF7BAFB8D
S31508019160B9F1000F08D04FF40062374B5A644FF437
S315080191700042A3F5E0339A6666B1344BDB6C1807F7
S3150801918001D4FFF73BFAFFF747FF0420FDF7A2FBDF
S31508019190FFF706FA274B5A69D10746D5DA6812F05E
S315080191A0706FFBD12A4B2B4A5A642B4A936E23F0D4
S315080191B0F003936615B12046FFF75EFF274BD3F8F8
S315080191C04C315A1C01D05B0002D50122204B5A6151
S315080191D05CB31E4BDA6E03F500539A6603F5D0337A
S315080191E01B6A1B4A23F00103D3611D4BD96803F59A
S315080191F00053996003F50053D3F8841003F500531F
S3150801920099674FF03A43D3F8181103F50053C3F899
S315080192101411144BD96C03F500539964124903F5DB
S31508019220803359664FF608435364BDE8F88F4FF00B
S3150801923000095AE7000002B800C001B800000101A0
S31508019240003000B0DF0000FF001002B8004000B88F
S31508019250002002B810003000003F00B00080E00F87
S31508019260004001B800C000B85000002F9E4B2DE900
S31508019270F04F9A6EDB6E85B002EA03089B4BC3F882
S3150801928068804FF03A43D3F81461D3F818311E4079
S31508019290974BC3F81461974B9A68DB6802EA030A8D
S315080192A0954BC3F808A003F52043DA691B6A02EA5D
S315080192B00309924B09F47702DA61914BD3F8042238
S315080192C0110706D4D3F804311A07C3F3C00740F1CE
S315080192D0E98013F061FB8B4B5A695F6E1B6F12F0C5
S315080192E0060F07EA0307884A27F0007323F4006389
S315080192F014BF4FF0010B4FF0000B53667B0706D5E1
S31508019300824A92F86D300133DBB282F86D3013F080
S315080193103EFBB8F1000F00F0E38018F400442BD0AF
S3150801932013F03AFB0146FFF755F90446784B1D68D9
S315080193302A682B689A42FCD02A689A42FCD0FFF721
S3150801934049F9A04240F0B080084613F020FB714B62
S315080193501C60714B5D6C15F4E05240F0A78024F057
S315080193607F4424F0DF040CB9FFF7DAFD6B4B0120CB
S315080193701B6898474FF0807418F0020F4FF00005EC
S3150801938014D0654B5D495B6C03F460424A64002A5C
S3150801939000F0A0801D0400F1A08013F4005F0CBF4B
S315080193A04FF000534FF0006300251C43C8F34038C3
S315080193B04FEA48085A4B3340002B4BD016F4206F1E
S315080193C00AD040F6A31206210020F9F7EBFF002088
S315080193D0FFF752FE26F48026F00506D5FF22474BF5
S315080193E044F4C0649A60FFF709F916F0090F0BD027
S315080193F040F6B81208210020F9F7D4FFFFF70CFE52
S315080194004FF03A4301225A6316F0106F0CD040F61A
S31508019410C11209210020F9F7C5FFFFF7FDFD00225A
S3150801942011461046FCF76CFB16F4202F0AD040F6BD
S31508019430C91207210020F9F7B5FF0020FFF71CFE26
S3150801944026F48026F10301D5FCF7A4FC002EB8BF4B
S3150801945048F0080872070ED54FF03A431B6B13F410
S31508019460005F4FF4005317BF214A2E4A136344F491
S31508019470000408BF1363730548BF44F0040416F4D7
S315080194808023019300F0B780FCF73CFC01380628DD
S315080194904AD8DFE810F03B013E013B014101440196
S315080194A047014701BB4634E7044641E70192FFF706
S315080194B037FD124B019A5A6415F4805307D115F4F6
S315080194C0806F0CBF4FF080544FF0806454E74FF023
S315080194D0804451E74FF0007366E74FF0004363E7B6
S315080194E04446454666E700BF004000B8006000B83C
S315080194F0002000BA004001B8006001B8002002B897
S3150801950000E100E000C001B800E001B8003E00B08B
S3150801951018ED02085C230020000002B8402F002045
S31508019520090B0B89001000BA40F6FA120321002034
S31508019530F9F738FF4FF03A420121D2F88C30D2F8C8
S31508019540AC0003F00703063301FA03F3C0F30C007A
S315080195501B1A9BB2072B12D97E4B5B6C58020ED491
S315080195607D48D36CD26E406D58B103F007030633BC
S315080195709940C2F30C03C91A89B2072901D844F4E0
S315080195800074764B1B78002B35D04FF03A43D3F84D
S31508019590143113F4A02F2ED1714B724A1B7893B94B
S315080195A0FB0410D4137873B1E3086F4943EA457392
S315080195B083F00103D1F8F01E03F001035B0021FAE1
S315080195C003F3980717D10420FDF784F9674B684917
S315080195D05967FFF7C1F8634A137843B9654B1B7896
S315080195E02BB1654B654A1B682340134201D144F4EC
S315080195F0804427F48057BAF1000F27D01AF4805F08
S3150801960018BF44F480241AF4807F18BF44F4002458
S315080196101AF4005F18BF44F010041AF4007F18BF4B
S3150801962044F020041AF4806F18BF44F040041AF479
S31508019630006F18BF44F080041AF0805F06D0504BC3
S315080196400021186845F48055FBF7E6FDB9F1000FCE
S315080196503ED019F4802F18BF45F4007519F4803FE0
S3150801966005D0484B03201B6844F48054984719F4E5
S31508019670801F18BF44F4003419F4001F18BF44F0C2
S31508019680020419F4003F18BF44F4801419F4800F3A
S3150801969018BF45F0100519F4002F19D0324BD3F82D
S315080196A0C03E13F0C00F13D02A4AD368C3F303632D
S315080196B0032B01D0072B05D1936CD90602D4D36CA1
S315080196C01A0736D54FF400222F4B29F40029DA61FF
S315080196D0002F00F019813B0540F190802B49DFF8F6
S315080196E08CA0CB782A4A002B58D04FF40060013B56
S315080196F0DBB25066CB7033B9264B1B78E3B140F623
S315080197000142254B5A670023002275E044F4803450
S3150801971010E744F400640DE744F480640AE744F46E
S31508019720807407E7174B02201B6844F00804984722
S3150801973000E744F40014CBE7DAF8783013F4A05FB5
S3150801974015BF4FF4807340F60143CAF85830CAF87A
S315080197507830D8E7000002B8004000B86A2C00202B
S31508019760692C00206C2C0020003000B000C001B824
S31508019770000001016B2C0020A00D0020088D0100BE
S3150801978004200020402F0020002002B8562C00207B
S3150801979000E001B8672C002000D001B80320FDF7CE
S315080197A099F8DAF81430AA4813F0060F04BF41F6FF
S315080197B01F73A84AA84908BF53674FF40062A54B0F
S315080197C05A66DAF8143013F0060308BFCAF8783077
S315080197D0B0F86A3013F400625CD023F40063A0F891
S315080197E06A300B7803F0FF0A002B57D1FDF704FA0C
S315080197F0FFF796FB534620221C431543B80009D5AB
S315080198002E20FCF79DFF4FF00052924B45F00805BC
S315080198101A675A66F90606D52B20FCF791FF10221E
S315080198208C4B1A675A6617F0306F05D1FA045FD563
S31508019830BBF1000F00F0B4803B0111D52920FCF7DC
S315080198407FFFFFF761F948B1844B8549814A536621
S315080198500B6701F54051C968480422D445F004054F
S3150801986017F0007B28D00420FDF734F82720FCF7F1
S3150801987067FFFFF755FB4FF00072764B5A66794B37
S31508019880D3F8F02E520674D40222774B9A6045F02B
S31508019890020528E00B784FF40053ADE74FF4004377
S315080198A032E7136720205366FCF74AFF2D2045F05F
S315080198B00C05FCF745FFD3E717F0807FDFF8ACA16D
S315080198C042D00420FDF706F82820FCF739FFDAF81C
S315080198D07830002B35D1FFF723FB5E4B5F4A45F005
S315080198E001051A675A66FEF79DFE00225F4B9A65C7
S315080198F0BB0409D55E4A5379002B00F0A480013BCD
S315080199005371002348EA0308424620462946FEF7D2
S315080199100BFF019B0BB1FCF72BFA4FF00042554B9D
S3150801992006F00436C3F81461534B19F4002FC3F833
S3150801993080211EBF4FF400224B4BDA6105B0BDE80A
S31508019940F08FCAF878B0C8E7F904CED50420FCF739
S31508019950C1FF4A4BCAF87430FDF74EF9DAF864309C
S3150801996013F0407FC1D12A20FCF7EAFEFFF7D8FAA7
S3150801997085E7D3F8C03E9B0689D40222404B9A60FC
S31508019980404B1B6893F82530980780D5304B93F8E0
S31508019990DC30002B3FF47BAF80223B4B1A6176E724
S315080199A0334A13794BB1013BDBB2137113B92C4B13
S315080199B0364A5A6700231C439AE70420FCF78AFFB4
S315080199C00320FCF787FF294B2C4A5A6712F0E4FF5C
S315080199D082460DF10F00FDF7C7FC2D4B83461B7818
S315080199E00BB1FEF70BFEBBF1030F0ED1DFF898B0F2
S315080199F00020FDF7B9FC032807D1DBF82830D90781
S31508019A00F6D4DBF84830DA03F2D49DF80F30032B8D
S31508019A1006D101221F4B50461A7012F0B8FFC9E74A
S31508019A204FF03A43D3F8143113F4A02FF1D1FEF7CE
S31508019A3093FE504612F0ABFF174B03201B6898475D
S31508019A404FF48043B7E70520FCF744FF012359E7A4
S31508019A50003E00B000E001B8672C0020100000208D
S31508019A6000D001B8003000B0002002B800C001B82B
S31508019A70562C0020002000BA00E100E00000010198
S31508019A80001002B804200020000002B80000010DF1
S31508019A906D2C0020692C0020402F00200122024B4A
S31508019AA01A62DA61704700BF002002B8094A08B590
S31508019AB0D369116A0B40084923F47F00DB07C861A3
S31508019AC006D5D1684FF0FF30C1F303610FF05CFA98
S31508019AD008BD00BF000002B8002002B80C4A08B54C
S31508019AE0936CD26C13400B4A9364DB070FD50A4B70
S31508019AF040F663421878122100F00100F9F752FC8A
S31508019B00BDE80840002201200021FEF70DBE08BD70
S31508019B1000C000B800E000B8A00D002070B5154DD2
S31508019B202C6C6B6C1C40144B24F002021A64E2077D
S31508019B3005D540F6CA4200202968F9F733FCA30780
S31508019B4016D502220C4B1A640C4A6B6814687CB150
S31508019B50DBB2042B07D100220121094B18682346E1
S31508019B60BDE870401847052B02D100221146F4E7DB
S31508019B7070BD00BF0080095000A00950982200203E
S31508019B800420002038B50B4C0B4DD4F88430DB0784
S31508019B9006D4A36FD4F884201340084A936738BDC6
S31508019BA0D5F804315A06F0D5FFF7B8FF4023C5F8B2
S31508019BB08431EAE7008001B800E100E000A001B8BD
S31508019BC070B514460D4612F0E7FE064BD3F8C06E83
S31508019BD074402C407440C3F8C04E12F0D8FE06EA11
S31508019BE0050070BD003000B0034BD3F8C03E994361
S31508019BF00CBF012000207047003000B0174BD3F886
S31508019C00C02E12F0010312D0154B93F84C30154AA9
S31508019C1043F08073C2F8D0304FF4801302F5005236
S31508019C20C2F8B430A2F58052C2F8B83070471106AE
S31508019C30EDD40D4B93F84B1121B1D20602D593F809
S31508019C404831E4E74FF480120020084B0549C3F870
S31508019C50B820C1F8D000C3F8B4207047003000B06E
S31508019C60003F00B0004000B8003E00B0006000B8F8
S31508019C7081F0004102E000BF83F0004330B54FEAAE
S31508019C8041044FEA430594EA050F08BF90EA020F1B
S31508019C901FBF54EA000C55EA020C7FEA645C7FEAAE
S31508019CA0655C00F0E2804FEA5454D4EB5555B8BFD1
S31508019CB06D420CDD2C4480EA020281EA030382EA42
S31508019CC0000083EA010180EA020281EA0303362DD4
S31508019CD088BF30BD11F0004F4FEA01314FF4801CA7
S31508019CE04CEA113102D0404261EB410113F0004FB9
S31508019CF04FEA03334CEA133302D0524263EB430370
S31508019D0094EA050F00F0A780A4F10104D5F1200E0D
S31508019D100DDB02FA0EFC22FA05F2801841F1000168
S31508019D2003FA0EF2801843FA05F359410EE0A5F13C
S31508019D3020050EF1200E012A03FA0EFC28BF4CF06D
S31508019D40020C43FA05F3C01851EBE37101F0004523
S31508019D5007D54FF0000EDCF1000C7EEB00006EEB30
S31508019D600101B1F5801F1BD3B1F5001F0CD34908BA
S31508019D705FEA30004FEA3C0C04F101044FEA445211
S31508019D8012F5800F80F09A80BCF1004F08BF5FEA98
S31508019D90500C50F1000041EB045141EA050130BD78
S31508019DA05FEA4C0C404141EB0101013C28BFB1F58A
S31508019DB0801FE9D291F0000F04BF01460020B1FAD5
S31508019DC081F308BF2033A3F10B03B3F120020CDAA8
S31508019DD00C3208DD02F1140CC2F10C0201FA0CF086
S31508019DE021FA02F10CE002F11402D8BFC2F1200CEB
S31508019DF001FA02F120FA0CFCDCBF41EA0C019040A1
S31508019E00E41AA2BF01EB0451294330BD6FEA0404E9
S31508019E101F3C1CDA0C340EDC04F11404C4F12002D4
S31508019E2020FA04F001FA02F340EA030021FA04F3E6
S31508019E3045EA030130BDC4F10C04C4F1200220FA3D
S31508019E4002F001FA04F340EA0300294630BD21FA7B
S31508019E5004F0294630BD94F0000F83F4801306BF41
S31508019E6081F480110134013D4EE77FEA645C18BF35
S31508019E707FEA655C29D094EA050F08BF90EA020FCC
S31508019E8005D054EA000C04BF1946104630BD91EAC4
S31508019E90030F1EBF0021002030BD5FEA545C05D1C7
S31508019EA04000494128BF41F0004130BD14F5800406
S31508019EB03CBF01F5801130BD01F0004545F0FE417A
S31508019EC041F470014FF0000030BD7FEA645C1ABFAF
S31508019ED0194610467FEA655C1CBF0B46024650EAE6
S31508019EE0013406BF52EA033591EA030F41F4002112
S31508019EF030BD00BF90F0000F04BF0021704730B598
S31508019F004FF4806404F132044FF000054FF000016C
S31508019F1050E700BF90F0000F04BF0021704730B52D
S31508019F204FF4806404F1320410F0004548BF404202
S31508019F304FF000013EE700BF42004FEAE2014FEA57
S31508019F4031014FEA02701FBF12F07F4393F07F4F32
S31508019F5081F06051704732F07F4208BF704793F035
S31508019F607F4F04BF41F40021704730B54FF4607448
S31508019F7001F0004521F000411CE700BF50EA01024B
S31508019F8008BF704730B54FF000050AE050EA0102F4
S31508019F9008BF704730B511F0004502D5404261EB64
S31508019FA041014FF4806404F132045FEA915C3FF4A5
S31508019FB0D8AE4FF003025FEADC0C18BF03325FEA42
S31508019FC0DC0C18BF033202EBDC02C2F1200300FAF3
S31508019FD003FC20FA02F001FA03FE40EA0E0021FA18
S31508019FE002F11444BDE600BF70B54FF0FF0C4CF406
S31508019FF0E06C1CEA11541DBF1CEA135594EA0C0FB8
S3150801A00095EA0C0F00F0DEF82C4481EA030621EAF2
S3150801A0104C5123EA4C5350EA013518BF52EA03352D
S3150801A02041F4801143F4801338D0A0FB02CE4FF0DF
S3150801A0300005E1FB02E506F00042E0FB03E54FF00F
S3150801A0400006E1FB03569CF0000F18BF4EF0010E07
S3150801A050A4F1FF04B6F5007F64F5407404D25FEA03
S3150801A0604E0E6D4146EB060642EAC62141EA5551B6
S3150801A0704FEAC52040EA5E504FEACE2EB4F1FD0CF8
S3150801A08088BFBCF5E06F1ED8BEF1004F08BF5FEA76
S3150801A090500E50F1000041EB045170BD06F0004628
S3150801A0A046EA010140EA020081EA0301B4EB5C04D5
S3150801A0B0C2BFD4EB0C0541EA045170BD41F48011CD
S3150801A0C04FF0000E013C00F3AB8014F1360FDEBFF2
S3150801A0D0002001F0004170BDC4F10004203C35DACE
S3150801A0E00C341BDC04F11404C4F1200500FA05F351
S3150801A0F020FA04F001FA05F240EA020001F00042F2
S3150801A10021F0004110EBD37021FA04F642EB060167
S3150801A1105EEA430E08BF20EAD37070BDC4F10C0491
S3150801A120C4F1200500FA04F320FA05F001FA04F255
S3150801A13040EA020001F0004110EBD37041F1000141
S3150801A1405EEA430E08BF20EAD37070BDC4F120054C
S3150801A15000FA05F24EEA020E20FA04F301FA05F2B4
S3150801A16043EA020321FA04F001F0004121FA04F25C
S3150801A17020EA020000EBD3705EEA430E08BF20EA2C
S3150801A180D37070BD94F0000F0FD101F00046400066
S3150801A19041EB010111F4801F08BF013CF7D041EAE8
S3150801A1A0060195F0000F18BF704703F000465200EC
S3150801A1B043EB030313F4801F08BF013DF7D043EABD
S3150801A1C00603704794EA0C0F0CEA135518BF95EA73
S3150801A1D00C0F0CD050EA410618BF52EA4306D1D1FA
S3150801A1E081EA030101F000414FF0000070BD50EA19
S3150801A1F0410606BF1046194652EA430619D094EAA3
S3150801A2000C0F02D150EA013613D195EA0C0F05D18C
S3150801A21052EA03361CBF104619460AD181EA0301E0
S3150801A22001F0004141F0FE4141F470014FF0000098
S3150801A23070BD41F0FE4141F4780170BD70B54FF033
S3150801A240FF0C4CF4E06C1CEA11541DBF1CEA1355B3
S3150801A25094EA0C0F95EA0C0F00F0A7F8A4EB050495
S3150801A26081EA030E52EA03354FEA013100F088808C
S3150801A2704FEA03334FF0805545EA131343EA126355
S3150801A2804FEA022245EA111545EA10654FEA00260A
S3150801A2900EF000419D4208BF964244F1FD0404F5C3
S3150801A2A0407402D25B084FEA3202B61A65EB03051F
S3150801A2B05B084FEA32024FF480104FF4002CB6EBDC
S3150801A2C0020E75EB030E22BFB61A754640EA0C005C
S3150801A2D05B084FEA3202B6EB020E75EB030E22BF9C
S3150801A2E0B61A754640EA5C005B084FEA3202B6EBDD
S3150801A2F0020E75EB030E22BFB61A754640EA9C009C
S3150801A3005B084FEA3202B6EB020E75EB030E22BF6B
S3150801A310B61A754640EADC0055EA060E18D04FEA29
S3150801A320051545EA16754FEA06164FEAC30343EAC9
S3150801A33052734FEAC2025FEA1C1CC0D111F4801F96
S3150801A3400BD141EA00014FF000004FF0004CB6E78F
S3150801A35011F4801F04BF01430020B4F1FD0C88BF2E
S3150801A360BCF5E06F3FF6AFAEB5EB030C04BFB6EB39
S3150801A370020C5FEA500C50F1000041EB045170BD2C
S3150801A3800EF0004E4EEA113114EB5C04C2BFD4EB59
S3150801A3900C0541EA045170BD41F480114FF0000EDD
S3150801A3A0013C90E645EA060E8DE60CEA135594EA59
S3150801A3B00C0F08BF95EA0C0F3FF43BAF94EA0C0F5C
S3150801A3C00AD150EA01347FF434AF95EA0C0F7FF4D1
S3150801A3D025AF104619462CE795EA0C0F06D152EA25
S3150801A3E003353FF4FDAE1046194622E750EA410609
S3150801A3F018BF52EA43067FF4C5AE50EA41047FF41A
S3150801A4000DAF52EA43057FF4EBAE12E74FF0FF3C7E
S3150801A41006E000BF4FF0010C02E000BF4FF0010C4F
S3150801A4204DF804CD4FEA410C7FEA6C5C4FEA430CC8
S3150801A43018BF7FEA6C5C1BD001B050EA410C0CBF17
S3150801A44052EA430C91EA030F02BF90EA020F002079
S3150801A450704710F1000F91EA030F58BF994208BFE0
S3150801A46090422CBFD8176FEAE37040F0010070479D
S3150801A4704FEA410C7FEA6C5C02D150EA013C07D1F4
S3150801A4804FEA430C7FEA6C5CD6D152EA033CD3D03F
S3150801A4905DF8040B704700BF8446104662468C4639
S3150801A4A01946634600E000BF01B5FFF7B7FF00286C
S3150801A4B048BF10F1000F01BD4DF808EDFFF7F4FF95
S3150801A4C00CBF012000205DF808FB00BF4DF808ED20
S3150801A4D0FFF7EAFF34BF012000205DF808FB00BF43
S3150801A4E04DF808EDFFF7E0FF94BF012000205DF865
S3150801A4F008FB00BF4DF808EDFFF7CEFF94BF01201A
S3150801A50000205DF808FB00BF4DF808EDFFF7C4FF12
S3150801A51034BF012000205DF808FB00BF4FEA410265
S3150801A52012F5001215D211D56FF47873B3EB625296
S3150801A53012D94FEAC12343F0004343EA505311F0BD
S3150801A540004F23FA02F018BF404270474FF000004F
S3150801A550704750EA013005D111F0004008BF6FF08D
S3150801A560004070474FF00000704700BF4A0011D203
S3150801A57012F5001211D20DD56FF47873B3EB62524E
S3150801A5800ED44FEAC12343F0004343EA505323FA5A
S3150801A59002F070474FF00000704750EA013002D1CF
S3150801A5A04FF0FF3070474FF00000704753B94AB972
S3150801A5B0002908BF00281CBF4FF0FF314FF0FF30BC
S3150801A5C000F082B9ADF1080C6DE904CE00F006F889
S3150801A5D0DDF804E0DDE9022304B070472DE9F04F08
S3150801A5E0099D0C46002B4DD18A420F468446964654
S3150801A5F0B2FA82F360D94BB102FA03FEC3F1200223
S3150801A6009F4000FA03FC20FA02F217434FEA1E465E
S3150801A6101FFA8EF44FEA1C42B7FBF6F106FB1177D7
S3150801A62001FB04F042EA0742904208D91EEB0202F6
S3150801A63001F1FF3702D2904200F231813946121AEE
S3150801A6401FFA8CFCB2FBF6F006FB102200FB04F4A1
S3150801A6504CEA024C644508D91EEB0C0C00F1FF329A
S3150801A66002D2644500F21E81104640EA0140ACEB75
S3150801A670040C002125B12CFA03F30022C5E90032A6
S3150801A680BDE8F08F8B4205D90DB1C5E9000100215E
S3150801A6900846F5E7B3FA83F100294DD1A342C0F084
S3150801A6A0F380904280F0F080064623460846002D46
S3150801A6B0E6D0C5E90063E3E7002B40F0A3808A1AD8
S3150801A6C04FEA1E471FFA8EF60121B2FBF7F407FB84
S3150801A6D014204FEA1C4242EA004206FB04F090426B
S3150801A6E00FD91EEB020204F1FF382CBF4FF0010906
S3150801A6F04FF00009904203D9B9F1000F00F0CC8060
S3150801A7004446121A1FFA8CFCB2FBF7F007FB10221B
S3150801A71000FB06F64CEA024C664508D91EEB0C0C02
S3150801A72000F1FF3202D2664500F2B3801046ACEB67
S3150801A730060C40EA04409DE7C1F120068B4004FA65
S3150801A74001FE22FA06F720FA06FCF4408A401F4366
S3150801A7504EEA0C0300FA01FE4FEA17484FEA13497D
S3150801A7601FFA87FCB4FBF8F008FB104449EA0444D5
S3150801A77000FB0CF9A1450ED93C1900F1FF3A2CBF93
S3150801A7804FF0010B4FF0000BA14503D9BBF1000FA8
S3150801A79000F08B805046A4EB09041FFA83F9B4FB39
S3150801A7A0F8F308FB134403FB0CFC49EA0444A445EB
S3150801A7B006D93C1903F1FF3801D2A4457BD8434693
S3150801A7C043EA0040A4EB0C04A0FB02984445CC469E
S3150801A7D0434602D306D1CE4504D20138B9EB020C61
S3150801A7E068EB0703002D6CD0BEEB0C0264EB030487
S3150801A7F022FA01F304FA06F6CC4000211E43C5E904
S3150801A80000643DE702FA03FEC3F1200104FA03F2EC
S3150801A81000FA03FCCC404FEA1E4720FA01F11FFA61
S3150801A8208EF6B4FBF7F00A4307FB1044110C41EA14
S3150801A830044100FB06F48C420ED91EEB010100F11E
S3150801A840FF382CBF4FF001094FF000098C4202D99D
S3150801A850B9F1000F2CD04046091B92B2B1FBF7F4AF
S3150801A86007FB141142EA014204FB06F1914207D99A
S3150801A8701EEB020204F1FF3801D291421ED844466A
S3150801A880521A44EA004120E7861A64EB03030120C1
S3150801A8900DE7F44402384AE7023C724431E70239CB
S3150801A8A07244CCE6F4440238DFE602383C4472E7E7
S3150801A8B002387144D0E7023B3C4481E7023C7244CA
S3150801A8C0DEE72946DCE600BF704700BF08B5064B40
S3150801A8D0044613B10021AFF30080044B1B6803B192
S3150801A8E09847204604F0FCFA000000006423002083
S3150801A8F070B50D4D00260D4C641BA410A64209D156
S3150801A9000B4D00260B4C12F0ABFA641BA410A642A1
S3150801A91005D170BD55F8043B01369847EEE755F861
S3150801A920043B01369847F2E7183100201831002018
S3150801A930183100201C310020094A5168C84390FA91
S3150801A940A0F048B1B0FA80F0042805DC0123834061
S3150801A9500B43536040B270474FF0FF30704700BF5A
S3150801A960902300200021034B28220348C3E9001144
S3150801A9700EF04FBB902300206823002038B505460A
S3150801A980FFF7DAFF04460448294600EBC4000EF037
S3150801A990BCFB204638BD00BF68230020C3B2042B88
S3150801A9A010B515D804230B4A03EBC003134453E827
S3150801A9B0002F0A4343E80024002CF8D10122064956
S3150801A9C0824051E8003F134341E800300028F8D19E
S3150801A9D010BD00BF6823002090230020F7B54FF073
S3150801A9E0040C01260827184A1849194D106800B39E
S3150801A9F00B7806FA03F420421DD0E04352E8004FD3
S3150801AA00044042E8004EBEF1000FF7D117FB03C31D
S3150801AA102B4453E8000F43E800E4002CF9D10190D8
S3150801AA2048B1087801AA0B4905EBC0000EF0A5FB51
S3150801AA30012003B0F0BD0B78506883422EBF002376
S3150801AA400133DBB20B70D1E7902300206E2C002076
S3150801AA506823002078563412024B1868003818BF4C
S3150801AA60012070479023002038B505460C4611F0A1
S3150801AA709CFF084B1B6853B1D3E9042395429C41BB
S3150801AA802CBF0124002411F08BFF204638BD1C463B
S3150801AA90F9E700BFA82300202DE9F0414FF0FF3464
S3150801AAA025460746884611F080FF144B1E68A6B94D
S3150801AAB011F076FFB5F1FF3F08BFB4F1FF3F08D0AB
S3150801AAC0BC4275EB080316D3E71B65EB08083C4641
S3150801AAD0454620462946BDE8F0817269D6E9033123
S3150801AAE05B1842F10002A34272EB05013CBF1C460A
S3150801AAF015467668DBE734463546EAE7A82300209B
S3150801AB002DE9F74F109F0E46DDE90CA915469DF86C
S3150801AB103CB008B1026882B93FB129463046B84708
S3150801AB2040F2034003B0BDE8F08F002DF8D0002EA7
S3150801AB30F6DB28460EF00FFFF2E7019011F035FF1C
S3150801AB408046584600F0EEF90446404611F028FFC3
S3150801AB50019B8CB947B129463046B847032031468F
S3150801AB6000F0C4FB1A20DDE7002DF7D0002EF5DB37
S3150801AB7028460EF0F0FEF1E7256200252360DFF88E
S3150801AB8080800E9BC4E906A9A660E360A762D8F88F
S3150801AB90003084F824B0656098471AEB000649EB43
S3150801ABA0010911F002FF144B0746D3F800E0C4E986
S3150801ABB0046972462AB1D2E90401864279EB010198
S3150801ABC011D2A5B9C4F804E01C600C4B1C682CB161
S3150801ABD0D8F800309847FFF75FFFA047384611F0CD
S3150801ABE0DFFE00209EE7516815460A46E2E76A68D5
S3150801ABF062606C60E9E700BFA82300209823002063
S3150801AC00A02300202DE9F74F4FF0000881460D4695
S3150801AC1092461E4611F0C9FE4746DFF87CB0019000
S3150801AC20DBF800408CB9B8F1000F08D0184B1C6846
S3150801AC302CB1184B1B689847FFF72EFFA0470198C0
S3150801AC4003B0BDE8F04F11F0ABBE22684A4511D1F9
S3150801AC502DB1A268296822F000428A420AD126B992
S3150801AC60626857B9CBF8002008E05146206AB04718
S3150801AC700028F5D027466468D4E77A60D4F80480BA
S3150801AC8020460EF0EEF944464FF00108CAE700BF28
S3150801AC9098230020A0230020A8230020014B186038
S3150801ACA0704700BF9823002070B50E46094904462F
S3150801ACB00846154605F0C5FE0023074A30211360EC
S3150801ACC0064A05201660064A15602246BDE8704008
S3150801ACD000F0C2B84C2C0308A8230020A0230020AA
S3150801ACE09C23002070B50446164618460022002308
S3150801ACF086B0CDE904230B4B0D461B6813B92120F9
S3150801AD0006B070BD04A998470028F8D1DDE90423E7
S3150801AD100290CDE900232946324620460EF0DBF99A
S3150801AD20EEE700BF9C230020F8B5054610200F4624
S3150801AD30164600F0F1FA044601461022074805F0C6
S3150801AD4085FE44B101230020E3602B68C4E901763E
S3150801AD5023602C60F8BD1A20FCE700BF4C2C0308C1
S3150801AD602DE9F84F814688460027DFF8B4A0294E19
S3150801AD7048464146FFF778FED8B911F016FE264B2C
S3150801AD8006461B689847FFF787FE05460C464FB1EE
S3150801AD90B1F1FF3F08BFB0F1FF3F03D01F4B1B685E
S3150801ADA003B19847304611F0FBFD28462146BDE818
S3150801ADB0F88F11F0FAFDDAF8004084B16368CAF831
S3150801ADC0003011F0EDFDA368346033F000430AD179
S3150801ADD030680EF046F9002301273360C8E711F001
S3150801ADE0DFFD3460C4E72368002BF1D01D68002D10
S3150801ADF0EED0A26832F00043EAD0D5E9007B236A97
S3150801AE002168A868D8470028E2D1002FE0D03D463E
S3150801AE10EFE700BFA4230020A023002098230020E9
S3150801AE20A8230020F8B504460D4611F0BEFD094BCE
S3150801AE301B684BB1D3E90667C4E90067DB682B6079
S3150801AE40BDE8F84011F0ACBD00260027C4E900674B
S3150801AE50F5E700BFA42300202DE9F0474FF6FC785B
S3150801AE60002416461B4F03311B4B07EB001501EA5D
S3150801AE7008084FEA001A1B686A80814627F80A8083
S3150801AE8002FB08F0EC60984718FB06F39BB20246F2
S3150801AE9068602B81D8B11149284651F8291005F067
S3150801AEA0D2FD21462A8968680EF0B3F82146234661
S3150801AEB09E4204DC002057447E80BDE8F0876A681C
S3150801AEC0E868541850500133EC604144F0E71A2001
S3150801AED0F3E700BFB0190020AC230020102D0308AA
S3150801AEE038B5094C04EB00156B682BB1284605F0FB
S3150801AEF0ACFD68680EF02FFD2846BDE838401022E3
S3150801AF0000210EF086B800BFB0190020034B0201DC
S3150801AF10C3E90010002102480EF07BB8AC230020DB
S3150801AF20B019002038B5094B020103EB0015EC688E
S3150801AF30284621469A5A05F089FD24B12368EB6013
S3150801AF406B88013B6B80204638BD00BFB0190020D5
S3150801AF50024B03EB00139878704700BFB019002025
S3150801AF6030B4064C04EB0013DD685A880D600132D3
S3150801AF70184630BCD9605A8005F069BDB019002061
S3150801AF80044A010102EB0013505A10B11B89B3FBA5
S3150801AF90F0F07047B01900200020124B10B5187058
S3150801AFA0114B124C1860124B206018706060A0603B
S3150801AFB0FFF7E6FF80B2A0F10E036380A0F1140348
S3150801AFC0013060810B49201DE38005F03AFD2046DA
S3150801AFD0094905F036FD04F108000849BDE81040A5
S3150801AFE005F02FBD702C0020CC230020542400200E
S3150801AFF06F2C0020442D03084D2D0308572D0308F7
S3150801B00070B5044680B311F0D0FC637905466FF339
S3150801B01082036371237913F0100605D01023237177
S3150801B020BDE8704011F0BCBC104903F0030331F8C8
S3150801B03023203046013A21F823202146FFF790FFC5
S3150801B0400B4B0C4E1C681CB90A4B28461C70E7E7CB
S3150801B050237A1BB933781BB92468F4E7012BFBD192
S3150801B060204663689847F7E770BD00BF542400205F
S3150801B070CC230020702C002010B5044611F095FC55
S3150801B080034B1A6822601C60BDE8104011F088BCA9
S3150801B090CC23002010B5064B00F0E0001A78541CAA
S3150801B0A01C70044B03F8320003EBC203596010BD50
S3150801B0B06F2C0020B42300200022F8B50E4C0F494E
S3150801B0C02378934214D951F83260551C86424FEAC7
S3150801B0D0C2070ED15E1E0A48B21AD20007F108014C
S3150801B0E001449D4288BF002238440DF078FF26703E
S3150801B0F0F8BD2A46E5E700BF6F2C0020B8230020DB
S3150801B100B42300202DE9F04F0446460789B048BF0D
S3150801B11000F0F7040492029111F047FC604E04F026
S3150801B120030706EB870336F827205B8881469A4290
S3150801B13004F0EF0A4FEA870830D20020FFF7F2FE43
S3150801B140054638B336F827304846013326F82730FE
S3150801B15011F026FC28460EF09AFA029B029AAB7168
S3150801B160049B85F804A01344EB7111F01EFC80467C
S3150801B1704C4B1C68002C40F08B80404611F010FCAB
S3150801B18006EB87004522294605F060FC284609B0EA
S3150801B190BDE8F08F01224846434B1A7011F000FCB6
S3150801B1A025071DD51F2C1BD904F0E003B0440393D2
S3150801B1B011F0FBFBB8F8023036F827904FF0000B78
S3150801B1C099452CBF00230123DFF8E480019311F090
S3150801B1D0E7FB06EB87030593344B1B789B4508D39E
S3150801B1E084F004005146C0F3800000F07FF8002582
S3150801B1F0C6E798F80030039A1A4204D0D8F80490A2
S3150801B200D9F8003023B90BF1010B08F10808E3E777
S3150801B21007935A79D00708D51A79510705D501999F
S3150801B22041B98AEA0202920704D099461B68002BA3
S3150801B230EFD1E5E748460EF090F80579079007A89B
S3150801B2400EF06DF82946002000F050F811F0ADFB1C
S3150801B250059B36F827205B8805469A4234BF0123A9
S3150801B2600023019309D20020FFF75CFE079058B12D
S3150801B27036F82730013326F82730284611F090FB97
S3150801B280079D002DBCD065E70122074B1A70F4E72C
S3150801B290237A012B02D1204663689847246869E717
S3150801B2A054240020CC230020702C00206F2C002071
S3150801B2B0B42300200022014B1A607047D0230020D6
S3150801B2C010B5044611F071FB074A13682BB91460CF
S3150801B2D02360BDE8104011F063BBA34202D01A46B1
S3150801B2E01B68F3E710BD00BFD023002070B50546E3
S3150801B2F00E46054B1C6804B970BD6368314628467D
S3150801B30098472468F7E700BFD0230020014908467B
S3150801B31005F097BB642D0308012838BF012038B50D
S3150801B320C41C24F00304204605F0ACFC054601467E
S3150801B3302246084805F08AFB2DB921460220FFF767
S3150801B340D5FF284638BD2246002128460DF061FE64
S3150801B350F7E700BF642D030810B5064C237823B917
S3150801B360ECF772FE18B901232370002010BD40F2D4
S3150801B3700740FBE7712C002038B50B4B04461B78B8
S3150801B3800D464BB12146284606F0BCFB002840F283
S3150801B390074008BF002038BD04490548FFF7DCFF10
S3150801B3A00028EFD0F7E700BF712C0020EFBEADDE15
S3150801B3B0BEBAFECA436A70B55904044616D4154A7C
S3150801B3C003F4004392F82620012A10D1826A9204D6
S3150801B3D00DD4002B00F101010CBF532014200AF0F3
S3150801B3E054FC18B9636A43F00803636270BD002B05
S3150801B3F0FCD1094D661C29463046F4F77DFE002826
S3150801B400F4D12B68C4F80130AB88A4F80530AB79C0
S3150801B410E371E7E71C1F0020271F00202DE9F041F3
S3150801B4201E4E3071C0B3334600224821EBF720FF88
S3150801B43038B905464FF0480807463379AB4202DC6E
S3150801B4400020BDE8F0813468002108FB0544142278
S3150801B450A76104F134000DF0DCFDA0224FF4A073BE
S3150801B460C4E90723072304F1100084F83130E77390
S3150801B470E7710DF054FF04F114000DF050FF20465A
S3150801B4800EF06FFA40F20113E3857F23A76284F871
S3150801B490323067620135D0E73060D1E7D423002026
S3150801B4A0084A03461179814209D9106840B103EB6C
S3150801B4B0C30300EBC300406A00F001007047002097
S3150801B4C0704700BFD423002038B504460D46FFF760
S3150801B4D0E7FF034640B10020044B04EBC4041B6894
S3150801B4E003EBC4032B6038BD2120FBE7D4230020DE
S3150801B4F02DE9F04F0446344A93B0106851680FABF2
S3150801B50003C3906812AA1860E37B94F82E7002EBC5
S3150801B510430333F80C1C636A94F82F60DA0444D4A5
S3150801B5200126374641F0100194F80E80C3F34049CD
S3150801B5305B0348BF49F002098BB288F00808012F5E
S3150801B54094F800A094F831500B9304F1080BD4E950
S3150801B5500723C8F3C00894F9324005D0022F03D057
S3150801B560042F14BF00270327012E05D0022E03D06E
S3150801B570042E14BF002603265046CDE90C230EF0EF
S3150801B58094FADDE90C230121CDE90760CDE90051E3
S3150801B5905046CDE90547CDE903B90B99CDF80880A1
S3150801B5A000F0FEFC13B0BDE8F08FA26A950648BF0D
S3150801B5B041F02001500648BF41F04001DA0348BF77
S3150801B5C041F00401B0E700BF6E2D030837B5044604
S3150801B5D048B104782046FFF763FF10B9002003B08D
S3150801B5E030BD0134E4B2074D2B79A342F6D9204682
S3150801B5F001A9FFF769FF08B90198F0E70134E4B238
S3150801B600F2E700BFD42300202DE9F04F054600F1EB
S3150801B610100A87B0504605F1140B0C4617460DF073
S3150801B6207EFE58460DF07BFE00200EF03CF80646DD
S3150801B630002800F00381012F40F2726818BF4FF00D
S3150801B6401F08012C60D0022C0CBF062404240221F9
S3150801B65030460EF090F9012130460EF08CF921465C
S3150801B66030460EF088F930460DF0DEFE012384B22D
S3150801B670A8EB04010A22009389B242F60723304651
S3150801B6800EF0C9F904230444A4B2A8EB04010093FB
S3150801B690122242F60423304689B20EF0BCF9071984
S3150801B6A0BFB2A8EB0709B9F1010F04962EDC0024F5
S3150801B6B0644F97F82630002B00F0A08050460DF015
S3150801B6C02EFE6B6A2E6143F080026A62DB0400F18A
S3150801B6D0A78097F82600002840F0A2800DF0E3FF26
S3150801B6E00590002800F09C8041460EF04FF900288D
S3150801B6F000F0A0805846059C0DF011FE6B6A6C613E
S3150801B70043F480736B628BE00524A0E700200DF0FB
S3150801B710CAFF05900028CAD00221F5F763F8A8F1F7
S3150801B7200204E41BA4B28442074611D224F00101A3
S3150801B7308BB2411A05A803930DF018FF039B1F4608
S3150801B74002233FB90598E0B905A80DF0E8FDAEE773
S3150801B7500323F6E7791C0498C9B203930EF00BF993
S3150801B760039B049819460EF006F9059904A80DF0ED
S3150801B77076FF00200DF097FF0590002832D0E41BD4
S3150801B780A4B2022C38BF0224A31E9BB20F2B30D9B8
S3150801B79010210393F5F726F8039B044683421ED22C
S3150801B7A023F00F018BB2411A05A803930DF0DEFEB3
S3150801B7B0039B1C460623611C0498C9B203930EF029
S3150801B7C0DAF8039B049819460EF0D5F8059904A8EA
S3150801B7D00DF045FFBB1C1C44A4B23FB968E740B154
S3150801B7E00723E8E705A80DF09AFD3C460234A4B202
S3150801B7F05EE705A80DF093FD3C46EEE7A9EB0401CB
S3150801B80089B230460EF0C2F8044650460DF087FD5F
S3150801B8106B6A2E6143F080026A62002C3FF456AFD0
S3150801B820686A10F010000AD0284607B0BDE8F04F44
S3150801B8300EF076B905A80DF072FDF1E71A2007B0EA
S3150801B840BDE8F08F1C1F002070B5144B0546197909
S3150801B85018680023994201DC1A201AE0426AD607C1
S3150801B86018D490F83940640714D4DCB203460C495D
S3150801B87003F8014BD1F80B6042F00902C0F80160E8
S3150801B880B1F80F60497C9E8099714262FFF730FEDC
S3150801B8902C7070BD01334830DCE700BFD42300208B
S3150801B8A01C1F00208378F7B5122B0D4632D10B6881
S3150801B8B001A99A790C3213441E79DF783046FFF7CD
S3150801B8C003FE88B9019C636A23F0100363628FB98A
S3150801B8D03146A069621C104B00F06CF922223946E8
S3150801B8E00D48A7610DF095FB284603B0BDE8F04069
S3150801B8F00DF015BD20460EF034F8636A5A0603D5D5
S3150801B90023F040036362EFE7304604F13401F6F7AA
S3150801B91011FAE9E703B0F0BD441F002073B5144DD1
S3150801B920144C2A68236802F0400103F002030B4312
S3150801B9301BD093064CBF0126A67AF4F777FB01962E
S3150801B940837983F00803C3F3C0030093E388A288CD
S3150801B950217A607A00F0E0FA40B9236823F00203FD
S3150801B96023602B6823F040032B60002002B070BDD2
S3150801B9701C1F0020DC23002001210020054BA3F118
S3150801B9800802C3E9000043F8081C4FF0101351726E
S3150801B99053607047E4230020014B187B704700BFB2
S3150801B9A0DC230020024BD87A003818BF01207047E3
S3150801B9B0DC23002070B51F4D2B68590707D50021D8
S3150801B9C0084600F0CFFA2B6823F004032B601A4EC1
S3150801B9D02B68326803F0080302F00202134310D001
S3150801B9E0F4F724FB83791A071FD5F6F71FF80446DF
S3150801B9F0C8B92B6823F008032B60336823F00203C8
S3150801BA003360FFF78BFF044668B9EB7A5BB12B68A5
S3150801BA105B0708D40121084600F0A4FA40B92B684F
S3150801BA2043F004032B60204670BDF5F7E3FFDEE71C
S3150801BA300446F8E7DC2300201C1F0020032805D153
S3150801BA400A4A136843F00803136008E0012808D17D
S3150801BA50064BDA7A42B11A6842F008021A60FFF711
S3150801BA60A9BF10F0FD0FEBD000207047DC230020A2
S3150801BA70A0F11B03E02B10B5044618D8042142F2A5
S3150801BA8024000CF0FDF86FF06F0343714223A0F810
S3150801BA90034083710748EEF7E5FA0CF01FF9407980
S3150801BAA020B10CF01BF9407940F4805010BD2120DB
S3150801BAB0FCE700BF853C020837B504460D460EF083
S3150801BAC0B0F96988204609F068FF6A7E2B7E204610
S3150801BAD043EA0223A4F862306A7F2B7F43EA0223F2
S3150801BAE0A4F86430EA7EAB7E43EA0223A4F8663002
S3150801BAF01B23A4F86C302D4B5A8B9B8BA4F868201A
S3150801BB00A4F86A30022384F872300CF073FB2046DD
S3150801BB100EF080FA94F87330022B15D100F06CFB05
S3150801BB2070B194F9753001330AD105212046A3680D
S3150801BB3043F48053A36003B0BDE830400EF0C6B9A4
S3150801BB400021204609F02CFF00212046F4F724FBAA
S3150801BB504FF6FF73288C984225D000F0C7F9009458
S3150801BB6000F0B2F96A46ADF8040040F20621104821
S3150801BB700DF003FB002240F2022120460DF0B9FA2E
S3150801BB802046F4F7CFF920460EF050FA2046F6F78C
S3150801BB9065F8A368012123F480432046A3600EF0CB
S3150801BBA099F903B030BD0020D9E700BF1C1F00205A
S3150801BBB0181F0020F7B504460F46164668465A79F7
S3150801BBC0991D1D46F4F776FA2CB969463046F4F7FD
S3150801BBD0A9F80446A0B140F2032384F87670A4F8C4
S3150801BBE0723033682946C4F85A30B3882046A4F817
S3150801BBF05E30B37984F86030FFF75EFF03B0F0BDBD
S3150801BC00032140F206400CF03BF86B88A0F803309C
S3150801BC100D2343710148EEF725FAEFE7693B020860
S3150801BC2007B590F870304FF4887101AA03488DF86A
S3150801BC3004300DF0A2FA03B05DF804FB181F0020CA
S3150801BC402DE9FF4103780446302B0E4639D006D834
S3150801BC50052B25D0082B41D004B0BDE8F0813E2B39
S3150801BC60FAD183780C2B4BD8022BF5D9033B092B38
S3150801BC70F2D801A252F823F011BD010851BE0108FC
S3150801BC8059BC010859BC0108E9BD010859BC01089C
S3150801BC9059BC010859BC010859BC01083DBE010837
S3150801BCA0B0F80300F4F77CF828B1617909B141F4D9
S3150801BCB080510EF08FF8304604B0BDE8F0410DF022
S3150801BCC02EBBB0F80300F4F76BF80028F3D0A1787F
S3150801BCD009B141F480510EF0D6F8ECE7B0F803004B
S3150801BCE0F4F75EF80028E6D0627990F8743022B14C
S3150801BCF043F0010380F87430E9E703F0FE03F9E73E
S3150801BD00212B00F0BA80292B1FD0202BD3D0A3E7F3
S3150801BD108088F4F745F80028CDD0E278002ACAD100
S3150801BD20E179A27942EA0122A0F86220E17AA27AAF
S3150801BD3042EA0122A0F86420227A617A42EA0122C3
S3150801BD40A0F86620F4F7EEF8B5E7C778851C3C2F0E
S3150801BD5002D10EF023F8AEE790F80680B8F1000F8D
S3150801BD6023D1564A146AC2F82080CFB12946204603
S3150801BD7047F480570EF055F8E76084F8728040F270
S3150801BD800121204601AACDE901470DF0F6F9A3687C
S3150801BD90414643F480632046A360F4F74DF88AE7E9
S3150801BDA029462046FFF788FE85E74FF6FF73408C44
S3150801BDB098420BD000F09AF840B1F4F737F92B46C0
S3150801BDC00246FF210020FFF7F5FE74E72B463C4AA1
S3150801BDD02234154618685968083303C5A3422A460A
S3150801BDE0F7D11B882B8066E7B0F80300F3F7D8FF75
S3150801BDF000283FF460AF40F20911B4F8053090F815
S3150801BE007020A0F86C308DF80420ADF80630227A3F
S3150801BE10E37943EA0223ADF80830A27A637A43EA62
S3150801BE200223ADF80A30227BE37A43EA0223ADF80E
S3150801BE300C3001AA23480DF0A0F93CE78088F3F7F6
S3150801BE40AFFF00283FF437AFA179F4F78DF832E751
S3150801BE508088F3F7A5FF00283FF42DAF90F87030DE
S3150801BE600E218DF80430D4F8063001AACDF8053034
S3150801BE70D4F80A30CDF80930DCE78088F3F790FF6B
S3150801BE8000283FF418AF90F870304FF403718DF81D
S3150801BE900430E37801AA8DF80530A3798DF80630C8
S3150801BEA0E3798DF80730237A8DF80830637A8DF8AF
S3150801BEB00930A37A8DF80A30BCE700BF1C1F0020A1
S3150801BEC0441F0020181F002050B11422064B1B687E
S3150801BED0C31AB3FBF2F3007C40EA032080B2704731
S3150801BEE04FF6FF70704700BF602F002002460949D0
S3150801BEF00B7A0968FF2B01D10020704703EB8303F6
S3150801BF0001EB830031F82330C3F30B039342F4D0DA
S3150801BF10437CEFE7602F0020F8B507460E4642F24C
S3150801BF204100082115461C460BF0AAFE9DF818305B
S3150801BF304771C3709DF81C3086710371A0F80750CC
S3150801BF40A0F809400648EEF78DF80BF0C7FE4079D0
S3150801BF5020B10BF0C3FE407940F48050F8BD00BF14
S3150801BF6065A1000838B505460C4642F2420006218D
S3150801BF700BF086FE0023C57043718371C37103728A
S3150801BF8004710648EEF76EF80BF0A8FE407920B169
S3150801BF900BF0A4FE407940F4805038BDCDA10008CD
S3150801BFA02DE9F041154606460F4642F2360019219B
S3150801BFB01C46DDF824800BF063FE2B0AC371230AA5
S3150801BFC083729DF81830857103739DF81C3044728D
S3150801BFD043739DF820302D0C240CC670878005729A
S3150801BFE0C4728373D8F80030C0F80F30B8F804303B
S3150801BFF08676A0F813309DF8283043759DF92C30C4
S3150801C00083759DF83030C375002303769DF8343067
S3150801C01043769DF83830C3760648EEF723F80BF0D9
S3150801C0205DFE407920B10BF059FE407940F480500D
S3150801C030BDE8F0816DA2000838B505460C464FF6F5
S3150801C040194005210BF01CFEC57044600548EEF742
S3150801C05009F80BF043FE407918B1BDE838400DF0F8
S3150801C0605ABF38BD9138020838B505460C464FF611
S3150801C0701A4005210BF004FEC57044600548EDF72A
S3150801C080F1FF0BF02BFE407918B1BDE838400DF0F1
S3150801C09042BF38BDC138020870B50D4606460121B2
S3150801C0A0DAB1FFF7C9FF0446A8B9072142F23500FC
S3150801C0B00BF0E6FDC6702B684360AB880381084820
S3150801C0C0EDF7D0FF0BF00AFE437923B10BF006FE1C
S3150801C0D0447944F48054204670BDFFF7C5FFE2E772
S3150801C0E0FD3902080A4610B50421044642F2370012
S3150801C0F00BF0D1FD032303710023C47043718371CF
S3150801C1000548EDF7AFFF0BF0E9FD407918B1BDE839
S3150801C11010400DF000BF10BDF13802080A4610B5EF
S3150801C1200421044642F238000BF0B5FD03230371DE
S3150801C1300023C470437183710548EDF793FF0BF033
S3150801C140CDFD407918B1BDE810400DF0E4BE10BD33
S3150801C1503D390208F8B506460F4642F2390006216E
S3150801C16014461D460BF08CFD01238471240A0371C4
S3150801C170C7704671C47105720548EDF773FF0BF078
S3150801C180ADFD407918B1BDE8F8400DF0C4BEF8BD63
S3150801C190893902080C4B01461A789AB95B689B07DC
S3150801C1A010D490F97520013218BF012291F8523046
S3150801C1B013F0400005D091F8600010F0400018BF58
S3150801C1C0D0B270470122F1E7EC230020024B5868F0
S3150801C1D000F00200704700BFEC230020024B5868AC
S3150801C1E000F00800704700BFEC230020014B1B68D4
S3150801C1F0184700BF6C2F002008B509F075F901280A
S3150801C20009BF034B0020586800F0100008BD00BFA5
S3150801C210EC23002007B502460846042802F001016E
S3150801C22013D9B1B903200C4B5A6002F0800301936C
S3150801C23002F04003009302F0200302F0040200F02A
S3150801C240ABFB002003B05DF804FB0029EBD0032803
S3150801C250E9D12120F6E700BFEC23002038B50D49C6
S3150801C2600D48FFF779F80446054688B90B4B0C4A81
S3150801C2701A600C4A5A600C4A9A600C4ADA6000F055
S3150801C280F7FB032104462846FFF7C4FF084B1D7038
S3150801C290204638BDEFBEADDEBEBAFECA6C2F002001
S3150801C2A08DC90108EBA30208D9C90108E9E101080A
S3150801C2B0EC23002038B504460320FFF72DF8054680
S3150801C2C0D0B194F87030037094F8753043702046F5
S3150801C2D0F3F71AFE2A46A87040F2026107480CF0E5
S3150801C2E008FF074B2046DB680121984794F975003A
S3150801C2F0BDE83840F2F72CBF38BD00BF181F002033
S3150801C3006C2F002070B5054608200E46FFF704F885
S3150801C310044680B195F8703000210370064B4660DB
S3150801C320DB68284698472246BDE8704040F201611D
S3150801C33002480CF0DEBE70BD6C2F0020181F0020CD
S3150801C34038B5054608200C46FEF7E6FF024638B121
S3150801C350C0E90054BDE838400D2102480CF0C9BEB9
S3150801C36038BD00BF181F002038B5054608200C4601
S3150801C370FEF7D2FF024650B195F8703040F20561DA
S3150801C380037044600248BDE838400CF0B2BE38BDBF
S3150801C390181F002013B504460191114612B301A9CD
S3150801C3A00420FEF7E9FF019B104A2046B3FBF2F190
S3150801C3B002FB113345F218020021019301AB0DF07E
S3150801C3C07FFF0820FEF7A8FF024648B194F87030AF
S3150801C3D040F204610370019B436005480CF089FE35
S3150801C3E002B010BD45F2180201ABE8E740420F0062
S3150801C3F0181F002010B504460120FEF78DFF0246DE
S3150801C40048B194F8703040F203610370BDE81040FA
S3150801C41001480CF06EBE10BD181F002038B5054640
S3150801C42008200C46FEF778FF024650B195F87030A1
S3150801C43040F20761037044600248BDE838400CF0D9
S3150801C44058BE38BD181F0020014B5B68184700BF4E
S3150801C4506C2F002010B50F4C2368D3B10022D3F8F6
S3150801C460A0001A7783F83D2083F85E2005F071F85D
S3150801C4702068442160300DF064FA206821211D30BE
S3150801C4800DF05FFA20682121BDE810403E300DF01D
S3150801C49058BA10BDF8230020F0B5062087B0E9F791
S3150801C4A087FC0DF056FA054640B901461A20FFF7F2
S3150801C4B047FF6FF08C04204607B0F0BD2F4E306859
S3150801C4C005F047F8044640B110F1880F05D001463A
S3150801C4D040F20740FFF734FFEDE709F005F80328B6
S3150801C4E0074622D10024346003F064FE0002686026
S3150801C4F06C6140F2011128460DF0DFFD204B6946BB
S3150801C500EB60204B2B6000230093EBF769FD044693
S3150801C510E0B1014640F20740FFF712FF284605F051
S3150801C520E0FB28460DF017FAC5E732686B686A61C1
S3150801C530DAB222B923F0FF0343F001036B6003F07B
S3150801C54039FE000240F001006860D2E7032FE5D109
S3150801C55001AB102202A9009805F066F810210446DD
S3150801C56002A80DF0E0F902A910200DF0F7F9102143
S3150801C57002A80DF0E6F9009B3360CFE7F42300200B
S3150801C5800044400400248000FF282DE9F84316BF23
S3150801C5901C4D1D4B45EA002581464FF0060088468D
S3150801C5A0174608BF1D68E9F703FC0DF0D2F90646E0
S3150801C5B018B30146284604F0F1FF0446304605F053
S3150801C5C090FB30460DF0C7F914F1880F0FD1B9F178
S3150801C5D0FF0F0ED1FFF760FF044660B90A4B1D68CD
S3150801C5E00020C8F8005007B13C60BDE8F883002C6C
S3150801C5F0F6D02120F7E70025F2E71A206FF08C0420
S3150801C600F1E700BF06800400F42300202DE9F0417C
S3150801C6108AB006AC884615460346264600F1100739
S3150801C620224618685968083303C2BB421446F7D133
S3150801C630102130460DF077F9002306200593E9F716
S3150801C640B7FB0DF086F9044610B310274FF4807135
S3150801C6500DF033FD194B1A49036005ABC16032462B
S3150801C66028460293CDE900873B46EBF7F7FB0546DB
S3150801C670F0B9394640460DF056F9394630460DF0BF
S3150801C68060F9204605F02DFB20460DF064F90BE014
S3150801C6906FF08C0140F20740FFF752FE1021304639
S3150801C6A00DF04FF96FF08C0528460AB0BDE8F08108
S3150801C6B0014640F20740FFF743FEDEE7002480000B
S3150801C6C0004440042DE9FF410546062088461646E2
S3150801C6D0E9F76EFB0DF03DF9044648B901461A2003
S3150801C6E0FFF72EFE6FF08C05284604B0BDE8F081F1
S3150801C6F003F060FD2A466D4600232F46000260605E
S3150801C7006361204606F580710DF0D7FC144BE36092
S3150801C710144B236002F110032E4610685168083243
S3150801C72003C69A423546F7D1102138460DF0FBF873
S3150801C730434610223946204605F000F8054620B141
S3150801C740014640F20740FFF7FBFD102138460DF080
S3150801C750F8F8204605F0C5FA20460DF0FCF8C3E7BF
S3150801C76000444004002480002DE9F0434FF00009FD
S3150801C77087B0044606200E4617469846CDE9049921
S3150801C780E9F716FB0DF0E5F8054670B303F012FD5F
S3150801C79000024FF480516860C5F8149028460DF0E0
S3150801C7A08CFCDFF874901B4B21462B601022C5F8D0
S3150801C7B00C9004AB04F0C2FF044628BB05AB0293F8
S3150801C7C010233246CDE9008349463B46049805F0D5
S3150801C7D01FF90446C0B9049804F0BBFE284605F0C3
S3150801C7E080FA28460DF0B7F80AE06FF08C0140F29E
S3150801C7F00740FFF7A5FD049804F0ABFE6FF08C0423
S3150801C800204607B0BDE8F083214640F20740FFF70E
S3150801C81097FDE0E7002480000002C003F0B50E464C
S3150801C8200446154693B02022304643490CF0C7FB0F
S3150801C83068B92022284641490CF0C1FB38B9404B5A
S3150801C8401B681B7D002B64D040F203401BE0246C5F
S3150801C8502022304604F151010CF0B1FB38B92022EF
S3150801C860284604F171010CF0AAFB0028ECD0062039
S3150801C870E9F79EFA0DF06DF8044630B901461A201B
S3150801C880FFF75EFD1A2013B0F0BD0027009703F0ED
S3150801C89091FC000260604FF48041204667610DF00B
S3150801C8A00CFC284B3046E360274B06F12002236037
S3150801C8B004238DF804300DF1050350F8041B90424A
S3150801C8C043F8041BF9D10DF1050020210DF02BF8D1
S3150801C8D028460DF1250305F1200250F8041B904264
S3150801C8E043F8041BF9D120210DF125000DF01BF8A1
S3150801C8F001A96B464122204604F020FF014650B9A2
S3150801C900204605F0EEF920460DF025F8009804F0CA
S3150801C91020FE0020B7E710F1870F03D040F2074049
S3150801C920FFF70EFD204605F0DCF920460DF013F859
S3150801C930009804F00EFE87E78C2E03086C2E030878
S3150801C940F8230020000002091241000100F0C0038B
S3150801C950402B07D1094B1B6873B100F03F0053F810
S3150801C96020007047802B01D1054BF4E7054A06489C
S3150801C970C02B08BF104670470348704700240020A3
S3150801C980FC230020EDA402087DCE0108014B1B689B
S3150801C990187A7047F8230020003918BF0121003B97
S3150801C9A018BF012310B50B4C003A246818BF0122A1
S3150801C9B0A3749DF808302070003B18BF0123E37467
S3150801C9C09DF80C302174003B18BF0123627423754E
S3150801C9D010BD00BFF823002001280AD002280ED076
S3150801C9E098B90B4B1A68936943F0010300209361C8
S3150801C9F07047074B1A68936943F00203F6E7044B3D
S3150801CA001A68936943F00403F0E72120704700BFD1
S3150801CA10F823002038B5094D2C6854B9A4200CF028
S3150801CA2098FF286038B1224605490648FEF77CF981
S3150801CA3038BD0020FCE71A20FAE700BFF8230020DA
S3150801CA4009A1020804240020024B034A00201A60A7
S3150801CA50704700BF00240020282E0308024B034A12
S3150801CA6000201A60704700BFFC230020002E03082F
S3150801CA7010B5144CFFF7EEFC2068A4210CF061FFF9
S3150801CA8003224FF0FF3123681A70D9600022102162
S3150801CA901A7783F83D2083F85E201A829A741972F0
S3150801CAA09A61EBF7D1FA044648B908F01DFD032847
S3150801CAB0054B08BF00232046044A136010BD40F207
S3150801CAC00740FBE7F823002037000400F423002081
S3150801CAD02DE9F04383680446590687B040F1B180D1
S3150801CAE023F0400383600DF0B0FB802802D0402874
S3150801CAF040F0AA8094F9758004F13409B8F1FF3F32
S3150801CB001DD108F0F1FC012871D1636B04201A8844
S3150801CB108DF808201A4632F8021B090A8DF8091001
S3150801CB20D3F8023002A9CDF80A3053680A22CDF8A3
S3150801CB300E30F2F79BFAB0F1FF3F804657D0A56851
S3150801CB4015F4807553D10620E9F732F90CF001FF87
S3150801CB50074698B901461A20FFF7F2FB204641F22B
S3150801CB600601FFF7CFFB20460021F4F77BFF04F10E
S3150801CB70340007B0BDE8F0430DF0B7BB20460DF011
S3150801CB8064FB802828D1494D394645EA08252846B7
S3150801CB9004F004FD0646384605F0A3F816F1880F99
S3150801CBA01BD1434D394645EA0825284604F0F6FCCB
S3150801CBB00646384605F095F838460CF0CCFE96B987
S3150801CBC0606B2A4602A90A30FFF720FD70B31021CF
S3150801CBD002A80CF0B6FEC1E72E4620460DF035FB3D
S3150801CBE04028E9D1DDE7314640F20740B4E794F839
S3150801CBF07430DA0702D4A368DB05AFD5002201A990
S3150801CC0004F118000192FFF75DFD18B1019804F0CF
S3150801CC10A0FCA3E7606B019A02A90A30FFF7F6FCAC
S3150801CC200546019804F095FC002DD0D1204602A9AD
S3150801CC30F4F718FF02A810210CF083FE48460DF000
S3150801CC4054FB07B0BDE8F083636B1A88002A85D1C7
S3150801CC50882801D04B2881D10021013313F8012FEF
S3150801CC60002A7FF47BAF01310829F7D1206C01A98D
S3150801CC7000F598700192FFF725FD0028C6D1606B73
S3150801CC80019A02A90A30FFF7C1FC0546019804F08A
S3150801CC9060FC002D9BD1204602A9F4F7E3FE02A809
S3150801CCA010210CF04EFE04F13400C8E7058004009B
S3150801CCB0038004002DE9F043804693B006200F4611
S3150801CCC016469946E9F774F80CF043FE044648B946
S3150801CCD001461A20FFF734FB6FF08C05284613B07E
S3150801CCE0BDE8F08303F066FA002300026060636121
S3150801CCF04FF4804120460DF0E0F95A4BE3605A4B58
S3150801CD0023605A4B1A68137F022B21D102F1600363
S3150801CD1002F1800153F8040B8B4247F8040BF9D151
S3150801CD2002F1A00153F8040B8B4246F8040BF9D122
S3150801CD30D2F8A0302046C9F8003004F0D2FF2046C8
S3150801CD400CF009FEB8F1000F40F085800025C5E713
S3150801CD509369DB072DD5464B03F1200253F8041BD3
S3150801CD60934247F8041BF9D1424B03F1200253F8C9
S3150801CD70041B934246F8041BF9D14B4620223E492F
S3150801CD80204604F0DBFC0546204604F0AAFF2046AF
S3150801CD900CF0E1FD002DD5D0294640F20740FFF7FA
S3150801CDA0CFFAB8F1000F99D0082140460DF07CFB67
S3150801CDB094E74946EBF714F9054690B1014640F266
S3150801CDC00740FFF7BDFAB8F1000F03D00821404626
S3150801CDD00DF06AFB204604F084FF20460CF0BBFDEB
S3150801CDE07CE76B46412201A9D9F8000004F07BFCD7
S3150801CDF00546204604F075FF20460CF0ACFD4DB102
S3150801CE00294640F20740FFF79BFAD9F8000004F0DB
S3150801CE10A0FBC6E73A460DF105030DF1250153F8C6
S3150801CE20040B8B4242F8040BF9D132460DF1450148
S3150801CE3053F8040B8B4242F8040BF9D101A841219E
S3150801CE400CF07FFD384620210CF06DFD202130467F
S3150801CE500CF069FD76E7002245F2160140460DF011
S3150801CE601FFA73E70000020912710001F823002076
S3150801CE707A2D03089B2D0308AC2E030845F20603F9
S3150801CE80994210B5044637D01FD840F20323994278
S3150801CE9007D045F2020399423FD040F20123994255
S3150801CEA01FD1244894F870100CF0FAF894F87330EE
S3150801CEB04FF4A041012B14BF80204020FFF746FD07
S3150801CEC000220346204698470BE045F2170399428C
S3150801CED02ED045F21A03994205D045F20C03994220
S3150801CEE01FD0482007E0C0210DF0BFF907212046D1
S3150801CEF0FFF708FA002010BD93791A44517C41F4D2
S3150801CF009051FFF7FFF994F873302046012B14BFAF
S3150801CF10802140210DF0A9F9ECE705210DF0C4FAAD
S3150801CF20E8E70DF092F94128E4D005212046F5E716
S3150801CF300220E0E704240020B1F5A04F2DE9F041D5
S3150801CF400446164600F01481A1F5A043DD1F042D01
S3150801CF5000F215819279083B0C321644026C92F85C
S3150801CF605021032B05D8DFE813F043009B00B900D5
S3150801CF700001D10719D5771D1022394682480CF0D0
S3150801CF801EF8002862D008F0AFFA0128206C0ED1ED
S3150801CF9003213A4690F95E01F2F706F81021054693
S3150801CFA038460CF0CEFC002D4CD100276BE03B46F1
S3150801CFB01022032190F95E0108F098FA94F873306B
S3150801CFC00546012B0DD13B4604F11802153653F8D7
S3150801CFD0041BB34242F8041BF9D1A36843F48073D6
S3150801CFE0A360102138460CF0ACFC002DDDD011E011
S3150801CFF012F00107D9D008F077FA01282DD1236C50
S3150801D000062093F95E81E8F7D3FE0CF0A2FC0546EB
S3150801D01018B91A250021284612E001465B4840EA5C
S3150801D020082004F0BBFA8046284604F05AFE284632
S3150801D0300CF091FCB8F1000F0FD0414640F20740C1
S3150801D040FFF77EF9082120460DF02EFA2046082121
S3150801D0500DF02AFA40F2034020E0206C06F105089B
S3150801D06043460A22022190F95E0108F03FFAD6F8F2
S3150801D07005300546A362D6F80930E362B6F80D30E5
S3150801D08023860028C6D1226C92F8503123EA070379
S3150801D09082F8503120460DF0C5FA0020BDE8F0812E
S3150801D0A0920782D508F020FA012806F10506206CB8
S3150801D0B009D10621324690F95E01F1F775FF102173
S3150801D0C0054630466DE706213346102290F95E0182
S3150801D0D008F00CFA10210546304684E793077FF5D8
S3150801D0E064AF08F001FA01281AD1236C062093F9D6
S3150801D0F05E71E8F75DFE0CF02CFC0546002888D029
S3150801D1000146234840EA072004F048FA074628461C
S3150801D11004F0E7FD28460CF01EFC0FB139468DE7F1
S3150801D120717989B90A46731D13F8010F60B901327D
S3150801D130062AF9D194F85210206C81F0080104F1FD
S3150801D1404C03C1F3C00106E000394FF0060218BFCF
S3150801D1500121206CB31D90F95E0108F0C7F9054657
S3150801D16000287FF457AF02278DE702F004078AE704
S3150801D1700CF0D7FF0022236C83F85C218AE7BDE80F
S3150801D180F041FFF77BBE00BF5C2E03080380040055
S3150801D19006800400F0B5B1F5A04F05468DB008D05C
S3150801D1A045F21304A14244D00DB0BDE8F040FFF7A3
S3150801D1B065BE0023046CCDE90833CDE90A3394F83A
S3150801D1C05D310DF1200C042B2CD11F4B1B6893F8F4
S3150801D1D05E205AB1674603F13E024E333E46106859
S3150801D1E05168083203C69A423746F7D104F5847363
S3150801D1F0069305F15303059305F15A03049323791D
S3150801D20028460393637904F1C8020293A37904F1CA
S3150801D210F801CDE900C304F1B8030DF07AFC00204A
S3150801D2200DB0F0BD013B022B9CBFD4F82C310893FD
S3150801D230DCE7016C01F584710CF08FFF4A21284661
S3150801D2400DF013F8EBE700BFF8230020F0B545F21F
S3150801D2500E06B142044613468DB00BD045F21303B0
S3150801D260994260D0B1F5A04F77D10CF05AFF002052
S3150801D2700DB0F0BD9979026C0C310B44591D02F5BC
S3150801D2808C72153351F8040B994242F8040BF9D103
S3150801D290256C102205F58C7105F584700BF08FFE4F
S3150801D2A020B90B2120460DF0FFF8E0E70023CDE970
S3150801D2B00833CDE90A3395F85D310DF1200C042BBD
S3150801D2C02AD1284B1B6893F83D205AB1674603F1CA
S3150801D2D01D022D333E4610685168083203C69A422C
S3150801D2E03746F7D105F5A073069304F15A0305935A
S3150801D2F004F153030493EB7A204603932B7B05F140
S3150801D300B80202936B7B05F1F801CDE900C305F17B
S3150801D310C8030DF0FEFBAAE7013B022B9CBFD5F81B
S3150801D3202C310893DEE7056C102205F5A07105F589
S3150801D3308C700BF044FE0028B3D1D5F858314B2137
S3150801D3409B0748BF94F87430204644BF43F0020354
S3150801D35084F874300CF089FF89E70DB0BDE8F04018
S3150801D360FFF78CBDF823002073B545F21406B142C8
S3150801D37004461AD045F21906B14221D0B1F5A04F9B
S3150801D38028D10CF0CEFE216C204601F59473019349
S3150801D39001F1B803009301F1110201F1C8035131FA
S3150801D3A00DF058FC002002B070BD036CD3F828219B
S3150801D3B00B4BB2FBF3F103FB1121FEF7D5FFF1E7A6
S3150801D3C013781BB90C210DF06FF8EBE749210CF026
S3150801D3D04CFFE7E702B0BDE87040FFF74FBD00BF5D
S3150801D3E040420F002DE9F04F97B01546DDE9209828
S3150801D3F004AA06468C4692461C46524B229F03F1C6
S3150801D400100B9646186859680833AEE803005B4561
S3150801D4107246F6D16B46202261465046FFF7A4F9BB
S3150801D4208346002871D1484B05F1100208936523FC
S3150801D4308DF824300DF12503184655F8041B95423D
S3150801D44043F8041BF9D110210CF06DFA0DF13503DF
S3150801D450184604F1100254F8041B944243F8041BBD
S3150801D460F9D110210CF05FFA99F80630062183F0FC
S3150801D4700803C3F3C0038DF84530D9F800300DF120
S3150801D4804600CDF84630B9F804300124ADF84A30E3
S3150801D4900CF049FA98F80630062183F00803C3F31D
S3150801D4A0C0038DF84C30D8F800300DF14D00CDF899
S3150801D4B04D30B8F80430ADF851300CF034FA002389
S3150801D4C035228DF854306846239B08A98DF85340B8
S3150801D4D0FFF74AF98346C0B9102123980CF023FABD
S3150801D4E03B463522684608A98DF82040FFF73CF9E6
S3150801D4F0834650B9B27C0146C2F1100238460BF098
S3150801D50088FD102138460CF00EFA102168460CF0F9
S3150801D51018FA352108A80CF014FA102150460CF017
S3150801D52010FABBF1000F06D0082130460CF0BCFFFB
S3150801D53017B0BDE8F08F5A4645F2120130460CF095
S3150801D540AFFEF5E7BC2D03080062746C70B51E4684
S3150801D5500423054696B014468DF8143001F12002CD
S3150801D5600DF1150351F8040B914243F8040BF9D157
S3150801D57020210DF115000CF0D6F922460DF13503DF
S3150801D58004F1200152F8040B8A4243F8040BF9D13D
S3150801D59020210DF135000CF0C6F904AB02932023C6
S3150801D5A001931A9B314600930E48412305AA04F0BC
S3150801D5B042FA0446412105A80CF0C3F954B12146A3
S3150801D5C040F20740FEF7BCFE082128460CF06CFF26
S3150801D5D016B070BD224645F2150128460CF060FECC
S3150801D5E0F6E700BF0000020945F20D039942F7B5B7
S3150801D5F0044627D00DD8B1F5A04F1DD045F2040336
S3150801D600994200F08F80204603B0BDE8F040FFF74D
S3150801D61035BC45F21103994200F0A68045F215037F
S3150801D6209942F0D1006C90F85D31052B06D8DFE8F8
S3150801D63003F0503A423A55500CF073FD002738462C
S3150801D64003B0F0BD93790C331A44561D02F1250532
S3150801D6502A463146FFF7E2F8074620B10B21204654
S3150801D6600CF022FFEBE73146236C113351F8042BFA
S3150801D670A94243F8042BF9D1236C01F12002313375
S3150801D68051F8040B914243F8040BF9D1216C204659
S3150801D69001F1D8030093D1F8943001F13102113127
S3150801D6A0FFF754FFCAE7204645210CF0DEFD204668
S3150801D6B0FEF7A0FEC2E7204645210CF0D6FD364B03
S3150801D6C020461B68D9684B1C5A425A41FEF762FE2E
S3150801D6D0B4E7462120460CF0C8FDAFE72E4B1B6880
S3150801D6E093F85E5065B1002100F1110200F5A070B2
S3150801D6F001900091204611463E330CF023FF9DE729
S3150801D7001021C8300CF0E7FD00283DD0082120463D
S3150801D7100CF0CAFE294640F20740FEF711FE40F218
S3150801D72007478CE79179036C0C310A44511DA833DC
S3150801D730153251F8040B914243F8040BF9D1256CC3
S3150801D740102205F1A80105F198000BF038FC20B963
S3150801D750042120460CF0A8FE70E7D5F8583143F0AD
S3150801D7600103C5F8583169E70B4B056C1968102296
S3150801D7704E3105F5A0700BF022FC0028E8D11021E6
S3150801D78005F1C8000CF0A7FD216C2046C8310CF044
S3150801D79000FD47219EE700BFF823002045F2160346
S3150801D7A09942F7B5044600F0B0810CD8B1F5A04FFF
S3150801D7B00FD045F20303994210D0204603B0BDE8C5
S3150801D7C0F040FFF75BBB45F217039942F5D10220FA
S3150801D7D002E00CF0A6FC002003B0F0BD9379056CBD
S3150801D7E00C33D618F379DF070CD4FEF7EFFC18B91A
S3150801D7F094F97530013305D0052120460CF054FE05
S3150801D8002120E9E7A24F337A3A68127A9A4202D876
S3150801D810A27C9A4201D90621EFE7D6F80530C5F868
S3150801D8200B30B6F80930A5F80F300223AB7294F91C
S3150801D830523094F85210002BB2BF012381F008032D
S3150801D840C3F3C003AB7094F8603083F00803C3F3E5
S3150801D850C0036B70337A102B28BF1023A374F37996
S3150801D860D8072BD5AB79DA0728D5737A2A7A1340E4
S3150801D87085F85131B37A6A7A134085F8503195F9AA
S3150801D8805E3101331ED0206C90F850319B0719D4B4
S3150801D89081F00801062290F95E0104F14C03C1F3F7
S3150801D8A0C00107F023FE68B140F21B412046FEF78E
S3150801D8B029FDA3685907A3D508219EE7002385F802
S3150801D8C05131DAE73B68F079597C00F0080229B151
S3150801D8D012B1AA79120703D403218EE7002A73D05D
S3150801D8E0AA79110770D5D5F8581141F00401C5F880
S3150801D8F05811B5F8501121F4807121F00101A5F8EC
S3150801D900501193F81CC0B179BCF1020F03D000295C
S3150801D91037D0022171E729B3012283F83D20DA7C49
S3150801D92052BB042385F85D3194F91330022B03D1D8
S3150801D930D5F858315B07CFD507F0D6FD01285CD15C
S3150801D94094F97500461C58D0002201A9C0B2FEF709
S3150801D9501BFE002851D1236C93F85021900748D417
S3150801D9600A214AE793F85E20002AD2D083F83D10AF
S3150801D970DB7C002BCDD1D4E793F85E30002BD0D1D8
S3150801D980C7E7024312F0040209D185F85D211B7C21
S3150801D990002BA1D194F8743098079DD4C4E7727905
S3150801D9A01878052A28BF03223A4902EB82020A445B
S3150801D9B0125C85F85D211B7C1BB994F874309907B4
S3150801D9C0B2D5002AB0D187E71A7F012A02D1B279E6
S3150801D9D0002AA6D1420703D4AA7912F00402D4D0A8
S3150801D9E072791878052A28BF03222B4902EB82028D
S3150801D9F0DDE793F851319907B2D594F97500421CC0
S3150801DA0018D0226C0821D2F8583143F04003C2F8E5
S3150801DA10583107F082FD052194F9750007F051FD8B
S3150801DA20032194F9750007F04CFD062194F9750058
S3150801DA3007F047FD95F85D31206C042B00F59870C9
S3150801DA4021D13B6803F11D022D3352F8041B9A427A
S3150801DA5040F8041BF9D1D5F8583195F85D2103F042
S3150801DA600401DAB923F00203C5F85831E274002932
S3150801DA7046D0216C204601F1940301F1710251311E
S3150801DA80FFF718F9A7E6102200210BF0C2FAE2E720
S3150801DA90F8230020CD2D0308E62D030843F00203E1
S3150801DAA0C5F8583149B90123013AE374032A3FF607
S3150801DAB092AEDFE802F010181025A37C0F2B89BF60
S3150801DAC094F87430012343F0080384F8743088BF4E
S3150801DAD00223E374CDE7204645210CF0C6FB204618
S3150801DAE0FEF788FC77E6204645210CF0BEFB3B682D
S3150801DAF02046D9684B1C5A425A41FEF74BFC6AE646
S3150801DB00432120460CF0B1FB65E60CF07AFB422175
S3150801DB10F7E700BFF8B50446FEF73CFB266C054659
S3150801DB2028B394F975305F1C0BD086F85E31FEF781
S3150801DB304DFB072101200CF004FB024638BB1A21D4
S3150801DB4011E02046F1F7E8FB86F85E01236C93F9AC
S3150801DB505E310133EBD1FEF739FB60B1A3685D078E
S3150801DB600FD441F205212046FEF7CCFB0DE0FF2339
S3150801DB7086F85E31EFE794F975300133EED1002569
S3150801DB80D7E7052120460CF08FFC0020F8BD324965
S3150801DB90867909680C3691F800C0831983F801C0A3
S3150801DBA091F81CE0281E18BF0120BEF1010F0DD106
S3150801DBB083F802E0D870487C00B3D87800071DD4F2
S3150801DBC0A3685B07DDD441F20321CCE78F69BEF177
S3150801DBD0020F07F002070ED191F85EE0BEF1000FC1
S3150801DBE009D04FF0010E83F802E0D870002FE2D178
S3150801DBF040F00800DEE74FF0000EF4E7BCF1030F32
S3150801DC0007D0096911F0FF1F1EBFD97841F0040139
S3150801DC10D97094F874108F0708D5D978480705D4B0
S3150801DC20BCF1030FCFD041F00401D970002D18BF04
S3150801DC30032510215D7119719D71216C9059C1F8E7
S3150801DC4003009888A1F807009B7920464B720621A4
S3150801DC500AF07AF8012099E7F8230020F0B545F291
S3150801DC600E06B142044615468DB00ED045F213068E
S3150801DC70B1425CD0B1F5A04F40F0BD800CF051FA2D
S3150801DC80236CD3F85831190757D5236CD3F8582183
S3150801DC9012070CD4AA7903F584730C3215446A1D4C
S3150801DCA0153552F8041BAA4243F8041BF9D100237F
S3150801DCB0256CCDE90833CDE90A3385F85C3195F849
S3150801DCC05D310DF1200C042B2AD14D4B1B6893F8BD
S3150801DCD03D205AB1674603F11D022D333E461068B1
S3150801DCE05168083203C69A423746F7D105F5A0733B
S3150801DCF0069304F15A03059304F1530304932B790C
S3150801DD0005F1C80203936B790293AB79CDE900C398
S3150801DD1005F1B803204605F1F8010CF0FAFE0CE00E
S3150801DD20013B022B9CBFD5F82C310893DEE7056C25
S3150801DD3095F85C3123B1012B54D000200DB0F0BD0C
S3150801DD40102205F5A07105F584700BF038F920B19C
S3150801DD500B2120460CF0A8FBEFE7D5F858310DF159
S3150801DD60200C9B0742BF94F8743043F0020384F8F1
S3150801DD707430012385F85C310023CDE90833CDE9F8
S3150801DD800A3395F85D31042B25D11D4B1B6893F891
S3150801DD905E205AB1674603F13E024E333E4610688D
S3150801DDA05168083203C69A423746F7D105F58C738E
S3150801DDB0069304F15303059304F15A030493EB7A8A
S3150801DDC005F1B80203932B7B02936B7BCDE900C364
S3150801DDD005F1C8039EE7013B022B9CBFD5F82C3100
S3150801DDE00893E3E705F58C710CF0B7F9882120460D
S3150801DDF00CF03BFAA1E70DB0BDE8F040FFF73EB8DD
S3150801DE00F823002045F21403994213B504462BD092
S3150801DE100CD8B1F5A04F13D045F20E03994232D072
S3150801DE20204602B0BDE81040FFF728B845F21903AD
S3150801DE309942F5D1137813BB0C210CF035FB10E090
S3150801DE400CF06FF9216C204601F59473019301F1E9
S3150801DE50B803009301F1510201F1C80311310CF025
S3150801DE60F9FE002002B010BD036CD3F82821114B2E
S3150801DE70B2FBF3F103FB1121FEF776FAF1E78721ED
S3150801DE800CF0F3F9EDE79179036C0C310A44511D55
S3150801DE9003F58473153251F8040B914243F8040BC8
S3150801DEA0F9D1226CD2F8583143F00803C2F8583137
S3150801DEB0D7E700BF40420F0045F2100330B599423B
S3150801DEC0044685B000F0A6800CD8B1F5A04F27D03E
S3150801DED045F20503994228D0204605B0BDE83040F1
S3150801DEE0FEF7CCBF45F21103994200F0B08045F226
S3150801DEF012039942F0D1016C91F85D3113B1043BDB
S3150801DF00012B03D82046B8310CF043F9236C93F85A
S3150801DF105D31042B40F2DF80052B03D1862192E087
S3150801DF200CF0FFF8002005B030BD9179036C0C3177
S3150801DF300A44511DC833153251F8040B914243F86E
S3150801DF40040BF9D1206CD0F8583113F0040354D0DE
S3150801DF5090F85D31042B22D1604B1B6893F85E5013
S3150801DF6065B1002100F111020091114600F5A0707A
S3150801DF7001903E3320460CF0E5FAD3E71021B8307C
S3150801DF800CF0A9F958B1082120460CF08DFA40F297
S3150801DF9007402946FEF7D4F940F20740C3E7216C4A
S3150801DFA091F85D3101F1C80213B1043B012B12D876
S3150801DFB001F1F803039301F59873029304F15A03E7
S3150801DFC0019304F15303009301F1B8032046D831B4
S3150801DFD0FFF708FAA6E701F5A073019391F85C012A
S3150801DFE0D1F82C31C34003F0010343F080030093B9
S3150801DFF0134601F151021131BCE780F85C3100F199
S3150801E000C802009300F5987100F5A07320460CF03C
S3150801E01095FE87E7056C102205F1980105F5A070B4
S3150801E0200AF0CDFF20B1042120460CF03DFA79E72C
S3150801E0308821D5F858319B0742BF94F8743043F0CC
S3150801E040020384F8743020460CF00FF96AE7056C70
S3150801E05095F85D3105F5A070042B1ED11F4B1022D2
S3150801E06019684E310AF0ABFF0028DCD1102105F101
S3150801E070B8000CF030F9216C01F1F803039301F5AE
S3150801E0809873029304F15A03019304F1530300931D
S3150801E09001F1C80201F1B80398E70146102205F11A
S3150801E0A098000AF08CFF0028BDD105F1B801204679
S3150801E0B00CF06FF8216C91F85C310133DBB2142B4B
S3150801E0C081F85C31D8D0D1F8583123F00103C1F871
S3150801E0D058318421B7E78721B5E700BFF823002027
S3150801E0E045F215039942F7B5044651D00CD8B1F556
S3150801E0F0A04F19D045F20D0399421BD0204603B013
S3150801E100BDE8F040FEF7BABE45F216039942F5D1CD
S3150801E110016C01F1D8030093D1F8943001F1310271
S3150801E1201131FFF713FA01E00BF0FBFF0027384620
S3150801E13003B0F0BD93790C331A44551D02F1250637
S3150801E14032462946FEF76AFB074620B10B212046CF
S3150801E1500CF0AAF9EBE72946236C113351F8042B85
S3150801E160B14243F8042BF9D1236C01F12002313372
S3150801E17051F8040B914243F8040BF9D1216C20465E
S3150801E18001F1940301F171025131FEF793FDCDE7D7
S3150801E1900CF037F8236C93F85D31052BC6D8DFE808
S3150801E1A003F0190311111E19204682210CF05DF89E
S3150801E1B00C4B20461B68D9684B1C5A425A41FEF73C
S3150801E1C0E9F8B3E7204682210CF04FF82046FEF71E
S3150801E1D011F9ABE7832120460CF047F8A6E785211C
S3150801E1E0F9E700BFF8230020204B10B51B68044649
S3150801E1F09B6913F0040310D141B180F8773090F888
S3150801E2007010BDE810401A480AF04ABF90F87330FA
S3150801E210012B03D18368580705D410BD022B02D1FF
S3150801E22083685907F9D494F9772094F87730002A46
S3150801E230F3DBB3B9012384F8773094F877305B08B8
S3150801E240EBD04FF47A7294F87010534308480022C1
S3150801E250FCF748FD94F8773063F07F0384F877304C
S3150801E260DBE75A06E9D45B00E5E700BFF82300209F
S3150801E2700424002045F21E0330B59942044615468A
S3150801E28089B010D845F21603994213D845F201030D
S3150801E290994200F0828145F20C03994222D0B1F5E8
S3150801E2A0A04F00F080812A46204609B0BDE83040DB
S3150801E2B0FEF7E4BDA1F5A043173B072BF3D801A24E
S3150801E2C052F823F0A9E30108A7E20108A7E2010829
S3150801E2D0A7E2010855E50108A7E2010821E50108B9
S3150801E2E095E3010890F97730002B02DB8268530722
S3150801E2F007D5204609210CF0D7F841F2092009B0C3
S3150801E30030BDAB792B44914D5B7C2D6803F0080138
S3150801E3106D7CD5B121B903210CF0C6F82120EEE7B1
S3150801E32013F0040F03F0010308D042F008028260DB
S3150801E33093B9A36843F02003A36013E0002BF8D038
S3150801E340836843F010038360F3E7580744BF42F03C
S3150801E3500802A260DB0703D5A36843F01003A36094
S3150801E3600029E6D1A368224643F00403A36078494D
S3150801E3702046FCF7D9FC0221204607F011FB47F29B
S3150801E3803053002245F21A012046FCF7ABFCA3687C
S3150801E3909D054AD5A368580747D594F8700009B072
S3150801E3A0BDE830400BF0CBBD90F87430D90745D5A0
S3150801E3B090F9753001333AD094F9131001291DDC0F
S3150801E3C0A26893060DD5614B15071B6801D4187C05
S3150801E3D038B1187F10B91878032802D09B699807B5
S3150801E3E02CD501290AD0594B11071B6801D41A7C6F
S3150801E3F022B11A7F12BB1B78032B1FD10023CDE94B
S3150801E4000433CDE9063307F06FF8012801AB2DD0A7
S3150801E410A06AE16A228E03C31A802046BDF8042049
S3150801E42004AB0DF10601F3F7CDFB002067E783681E
S3150801E430DA0616D4FDF7CAFE0028BDD0434B1B6881
S3150801E440197F022929D1DA7C3AB393F85E3023BBC6
S3150801E450A3685A0717D520460CF026F841F2022080
S3150801E4604DE7FDF797FE0028E4D0E7E70A220221E7
S3150801E47094F9750007F07BF80028CED1CDE90100A3
S3150801E480ADF80C00C9E7204641F20221FDF73AFF33
S3150801E49001212046FFF7A8FEE0E720460BF013FE10
S3150801E4A0A56860B96B0705D5082120460BF0FCFF66
S3150801E4B01A2024E71A212046FDF724FFF8E715F06C
S3150801E4C0040508D0FDF78AFEC8B1204694F97510EF
S3150801E4D0FDF7A4FFA9E722461D492046FCF724FCBF
S3150801E4E00221204607F05CFA47F230532A4645F2E4
S3150801E4F01A012046FCF7F6FBA3685D07E2D4226CF5
S3150801E500D2F8583143F020032046C2F85831FFF7B4
S3150801E51001FB002889D0412120460BF0A6FE84E79D
S3150801E520FDF75CFE002868D0226C002A65D0A36836
S3150801E530580762D5D2F8583199065ED42978002948
S3150801E540E0D1052120460BF0AFFF6EE7F823002046
S3150801E550C1A2020890F87430D80707D44021204692
S3150801E5600BF083FE29462046FDF7CCFEA368590722
S3150801E5707FF55BAF204645F21A010AF091FD204668
S3150801E58022461F490AF0C5FDA368022123F03C0370
S3150801E5902046A360F1F750FC47E702461849194897
S3150801E5A0FCF7C2FB41E745F21A010AF079FDA368B7
S3150801E5B023F03E03A360236C6BB193F95E01421C01
S3150801E5C009D094F97520013203D0D3F858315B0686
S3150801E5D001D5F0F7C7FD2246204609490AF099FDFB
S3150801E5E02246074907480AF094FD20460221F1F719
S3150801E5F023FC20460BF0B8FE17E702207FE600BF92
S3150801E600C1A20208181F002045F21E0399422DE9EE
S3150801E610F3410446154611D845F21603994214D812
S3150801E62045F20103994200F0438345F202039942F8
S3150801E63000F09C80B1F5A04F00F040832A462046A1
S3150801E64002B0BDE8F041FEF719BCA1F5A043173B9E
S3150801E650072BF3D801A252F823F000BF7DE6010883
S3150801E6603DE601083DE601083DE601086BEC0108B7
S3150801E6703DE601083DE8010803E80108874E3368CD
S3150801E6801A7F022A11D1DA7C7AB193F85E3063B91E
S3150801E69041F20221FDF736FE20460121FFF7A4FDCE
S3150801E6A041F2022002B0BDE8F081A368590701D5FD
S3150801E6B00220F7E72046FDF76DFD3368051E1A7837
S3150801E6C018BF0125032A07D019696AB211F0FF1F7D
S3150801E6D028D042F0040503E094F87420920729D45F
S3150801E6E09A69960723D41A7F012A20D045F008058E
S3150801E6F002210B200BF025FD024600B38379034462
S3150801E7005D7394F97530013303D094F87430DD07DD
S3150801E71003D5A36843F00203A3600621204609F046
S3150801E72013FB0CE094F874108F07D2D4D8E75B7CFE
S3150801E730002BDDD041F203212046FDF7E3FDA36856
S3150801E740224643F00403A36055492046FCF7ECFA38
S3150801E7500221204607F024F947F23053002245F2F8
S3150801E7601A012046FCF7BEFA00209BE78368580782
S3150801E77003D494F97730002B05DB236C53B1D3F816
S3150801E7805831D90606D5204609210BF08DFE41F2EE
S3150801E790092087E720460BF096FC28B90821204670
S3150801E7A00BF082FE21207DE7206CD0F8583143F02A
S3150801E7B01003C0F85831AB790C332B445A68C0F8AA
S3150801E7C003201A89A0F8072001229B7A4372236C39
S3150801E7D0DA70A26812F0040610D1224630492046A2
S3150801E7E0FCF7A2FA0221204607F0DAF847F230537D
S3150801E7F0324645F21A012046FCF774FAA3689A05CF
S3150801E800B2D5236C002BAFD0D3F85831DB06ABD584
S3150801E810FDF7E4FC94F9751030B1A3689F0703D49A
S3150801E8202046FDF7FBFD9FE70846F0F79FFB28B159
S3150801E83094F87430DE0701D40521B0E7236C002B68
S3150801E8403FF436AFD3F85831D8067FF531AF99067C
S3150801E8503FF52EAFFDF7C2FC48B1A3689A0706D467
S3150801E8602B7823B9052120460BF01EFE7CE7A36809
S3150801E870256C23F00203A360D5F85831074F43F0FE
S3150801E8802003C5F858313B68EA791B7A934202D8C6
S3150801E890A37C934206D9062181E700BFF82300200D
S3150801E8A0C1A2020894F9521094F852300029B2BF55
S3150801E8B0012383F00803C3F3C003102A28BF1022DB
S3150801E8C06B7094F86030204683F00803C3F3C003E5
S3150801E8D0AB70A274AE79FDF75DFC90B3F30730D542
S3150801E8E094F97530D4F84080581C20D088F85E31E8
S3150801E8F006F00D063B689A69910704D41A7F012A26
S3150801E90001D0320701D406F0F7061A78032A1BD07C
S3150801E9101B6913F0FF1F01D046F0040607210220E8
S3150801E9200BF00FFC0190A8B940F20340BAE6204665
S3150801E930F0F7F2FC88F85E01236C93F95E31013336
S3150801E940D6D106F00C06D5E71B7F002BE6D106F0DB
S3150801E950FB06E3E790F806C03A680CF10C0C13784D
S3150801E96000EB0C014B70137F012B06D0022B45D10E
S3150801E97092F85E30003B18BF01238B701023CE70CE
S3150801E98016F0010608BF32460B711FBF2B7A6A7A49
S3150801E99003F003034B71236C14BF02F003024E719B
S3150801E9A08A7183F851214A7983F8502150F80C204D
S3150801E9B0C3F80A208A88DA818A791A7406B3206C20
S3150801E9C090F8501111F002061AD194F85210062245
S3150801E9D081F0080190F95E0104F14C03C1F3C0010D
S3150801E9E006F084FD60B13146FDF7AAFC20460821F0
S3150801E9F00BF05AFD01A80AF092FC95E70023BCE743
S3150801EA00019E002E90D0FDF7E1FB95F806C018B9D6
S3150801EA1094F9753001330FD01CF0010F04D0236C23
S3150801EA2093F95E31013307D1052120460BF03CFDF0
S3150801EA303046FCF7E5FAB5E63B680CF00802597C66
S3150801EA4029B112B16A7B100703D40321EDE7002A25
S3150801EA5070D06A7B11076DD5D5F8581141F00401BC
S3150801EA60C5F85811B5F8501121F4807121F001014A
S3150801EA70A5F85011187F697902280FD091B942EA91
S3150801EA800C0212F0040240D185F85D211B7C002B93
S3150801EA90DBD194F874309807D7D40DE021B993F8EF
S3150801EAA05E203ABB0221C0E7012283F83D20DA7CC9
S3150801EAB032BB042385F85D3194F91330022B03D157
S3150801EAC0D5F858315A07C0D506F00EFD01284DD1A3
S3150801EAD094F97500431C49D0002201A9C0B2FDF77B
S3150801EAE053FD002842D1236C93F85021910737D45E
S3150801EAF00A219AE783F83D10DB7C002BD2D1D8E7AF
S3150801EB0093F85E30002BD4D1CCE72A791978052AF7
S3150801EB1028BF03227C4801EB810101448A5C85F800
S3150801EB205D211B7C1BB994F874309907C4D5002A5A
S3150801EB30C2D18AE71A7F012A02D16A79002AB8D195
S3150801EB401CF0040F03D16A7B12F004029CD02A79C7
S3150801EB501978052A28BF03226C4801EB8101DCE7F5
S3150801EB6093F851319A0701D40A2118E694F97500E8
S3150801EB70431C18D0226C0821D2F8583143F04003BF
S3150801EB80C2F8583106F0C9FC052194F9750006F05A
S3150801EB9098FC032194F9750006F093FC062194F973
S3150801EBA0750006F08EFC32460621204609F0CCF89F
S3150801EBB095F85D31206C042B1DD13B6800F59870E2
S3150801EBC003F11D022D3352F8041B9A4240F8041B27
S3150801EBD0F9D1D5F8583195F85D2103F004018AB9C0
S3150801EBE023F00203C5F85831E274B9B181212046F0
S3150801EBF00BF03BFBB8E51022002100F598700AF0EE
S3150801EC0008FAE6E743F00203C5F8583141B901238A
S3150801EC10032AE37412D9042A7FF4A6AD8421E6E710
S3150801EC20A37C0F2B89BF94F87430012343F00803A2
S3150801EC3084F8743088BF0223E374D7E7012A07D022
S3150801EC40204682210BF011FB2046FDF7D3FB8BE50D
S3150801EC50204682210BF009FB3B682046D9684D1CEA
S3150801EC606A426A41FDF796FB7EE590F87430D8074B
S3150801EC7007D4802120460BF0F8FA29462046FDF7ED
S3150801EC8041FBA36859077FF56FAD45F21A01204686
S3150801EC900AF006FA224620461D490AF03AFAA368FE
S3150801ECA023F00403A36002212046F1F7C5F85BE5CA
S3150801ECB0024617491748FCF737F855E545F21A0190
S3150801ECC00AF0EEF9A36823F03E03A360236C6BB147
S3150801ECD093F95E01421C09D094F97520013203D0DB
S3150801ECE0D3F858315B0601D5F0F73CFA224620469F
S3150801ECF007490AF00EFA2246054906480AF009FAB2
S3150801ED0020460BF031FBCEE7CD2D0308E62D03088F
S3150801ED10C1A20208181F002007B506480AF01DFB04
S3150801ED20042101900DEB01000AF0F9FB019803B0EB
S3150801ED305DF804FB08240020F7B5186810F00200F6
S3150801ED4003D0164E316811B9012003B0F0BD002475
S3150801ED50042223460DEB020001940AF0CFFABDF80E
S3150801ED600630DB0702D4FFF7D7FF044600250C4F10
S3150801ED7057F8043B23B12146BDF80400984748B12A
S3150801ED803368002BE0D0074B022193F90000FBF70B
S3150801ED9005FED9E70135062DEAD1F1E70824002059
S3150801EDA00C240020722C002010B50948FBF7E6FD5B
S3150801EDB00024084B0849187020200C60FCF76AF9F2
S3150801EDC0064BC3E90044C3E90244C3E9044410BD40
S3150801EDD07C2F0020722C0020082400200C240020FF
S3150801EDE010B501213A20E4F751FCBDE81040002393
S3150801EDF0042203210220E5F79DBD08B502F05EF95C
S3150801EE00E2F7DAFA02F082F9E2F7F2FA0CF0FEFF1B
S3150801EE10F8E710B50446E2F779FB2046E1F788FCE6
S3150801EE2010BD0120704700B5C3B0F3F737FD09F0EF
S3150801EE3057FA48B1FFF7F5FF30B101A809F0FCF917
S3150801EE4010B901A8FFF7E5FF43B05DF804FB704769
S3150801EE507047E8F79FBD704708B501F0DEFD01F080
S3150801EE60E7FDBDE80840E4F70FB8E2F739BBE2F77A
S3150801EE705BBC08B5E8F76EF801F09AF9E9F7E4F82A
S3150801EE8000F0B0FE01F098F901F0C2FDBDE80840B6
S3150801EE900DF062BE08B5E6F7D3FB00F09FFEE6F774
S3150801EEA0DFFBBDE8084002F04BB970477047704771
S3150801EEB0FFF7B9BF7047FEE700239A4200D17047B2
S3150801EEC010B550F8234041F8234001339A42F8D14E
S3150801EED010BD00230360704703680B60016070472B
S3150801EEE0FEE74369406CDA1C1438B2FBF0F203EB17
S3150801EEF0C203CA1DB2FBF0F20333B3FBF0F30132CE
S3150801EF00023301EBC20100FB0310704738B5054611
S3150801EF1044692146FFF7E5FF6A6CE31D143AB3FB22
S3150801EF20F2F3013304EBC304204438BD73B5064636
S3150801EF300D460024F36B01225B6901A9281998473C
S3150801EF40019B013309D1736C043462196A405B422F
S3150801EF501A42EFD0204602B070BD0024FAE770B518
S3150801EF6005460C46E3F79AFFEB6B2046BDE8704071
S3150801EF70DB68184770B50025044686B00562E36963
S3150801EF80AB4202D8206A06B070BD666C2068E36B96
S3150801EF9005225B6901A906FB0500984701A800F04F
S3150801EFA030FC00F053FC10B1236A013323620135AA
S3150801EFB0E5E738B50446456C006804F1400305FBEE
S3150801EFC00101E06B00F04FFC05462046FFF7D2FF32
S3150801EFD0284638BDF0B50546002687B0EC69013CE0
S3150801EFE0B44203D80C46204607B0F0BD01B14C1E09
S3150801EFF06F6C2868EB6B05225B6901A907FB0400A6
S3150801F000984701A800F0FDFB00F020FC0028EAD192
S3150801F01021460136E2E7F0B504460D46466CE36B38
S3150801F020006887B005225B6901A906FB05009847B8
S3150801F03001A800F0E6FB00F009FC20B101A800F0E8
S3150801F040B7FB07B0F0BD29462046FFF7C3FF0646C2
S3150801F050676C2068E36B05225B6901A907FB06005B
S3150801F060984701A800F0A4FB431CEAD0B54238BF73
S3150801F0700130E6E72DE9F0434FF6FF79D0F8248011
S3150801F08004460E46C84514BF45460025002787B0E5
S3150801F090E369BB4202D807B0BDE8F083E26B236897
S3150801F0A0606CD2F814C000FB0530052201A9E047BF
S3150801F0B001A800F0A6FB022806D0C8450CD1721C8F
S3150801F0C029462046FFF775FFE3690135B5FBF3F2DB
S3150801F0D0013703FB1255DBE729462046FFF79BFF5D
S3150801F0E0B0F1FF3F14BF024632460132E8E7036832
S3150801F0F0F0B5CC1A436C0646B4FBF3F4002587B089
S3150801F100F36937685A1E9542706C08D3706C336878
S3150801F11000FB043007B0BDE8F04000F0A2BB0134A3
S3150801F120B4FBF3F203FB1244F36B05225B6901A9F5
S3150801F13000FB0470984701A800F063FB00F086FB0A
S3150801F1400028E3D10135DBE710B423F00304224498
S3150801F1509B070A44436C18BF04325B4282EA0104E6
S3150801F160234203D05DF8044BFFF7C1BF10465DF893
S3150801F170044B70472DE9F041D0E90A369E42044610
S3150801F18086B028D11422C369456802FB135528465F
S3150801F19006B0BDE8F0812068676C331AB3FBF7F354
S3150801F1A0E26B07FB0300D2F8148001A90522C047C8
S3150801F1B001A800F026FB012804D0636C1D44013B1D
S3150801F1C03340ED1A31462046FFF791FF0646A36AFA
S3150801F1D0B342E0D1DBE70025F9E708B50830134665
S3150801F1E0D1E90012E3F7E0FD012008BD13B50C468D
S3150801F1F0002121760093616813462246E2F754FB03
S3150801F20018B1E37D03B1A07EA075A07D02B010BD43
S3150801F21073B5164600F108050C46284609680DF12E
S3150801F220070200F0A1F9032E06D16368834203D1D0
S3150801F2302846216800F07FF9012002B070BDD01E72
S3150801F240009B42424241187E824211D11A688A4283
S3150801F2500ED85A688A420BD35A6901325A61D3E9E0
S3150801F260030282423FBF986840F8221001321A61B0
S3150801F2700120704710B5032A029C07D1A26A5340A0
S3150801F280626C5242134201D100F055F9012010BDBA
S3150801F29008B5C36800209847BDE80840E3F706BEED
S3150801F2A0012814BF0420022070B5002442431C70B3
S3150801F2B0CC7D101D02F002024CB91AB1012220F0D0
S3150801F2C003001A7000F108034868184470BD1AB1A2
S3150801F2D0012220F003001A7000230C7E01F120059B
S3150801F2E0DAB2944201D80020F0E735F833205E1CE3
S3150801F2F0824206D901EBC30300F10802D86910441A
S3150801F300E4E73346801AEBE773B5054690F84260A1
S3150801F3101C4630460DF10303FFF7C2FFEB6B012EC6
S3150801F3205B690DD1324601A998479DF8033013B19F
S3150801F330BDF806300193BDF80430236002B070BDF4
S3150801F3400122214602B0BDE870401847F0B50546CE
S3150801F35000244868EB6B87B00E4601225B6902946C
S3150801F36002A908309847274695F84230012B40F004
S3150801F3708480632C02D9029807B0F0BD612C08D8A5
S3150801F38005AB224631462846FFF7BEFF9DF81430E5
S3150801F3901BB305AB2246314628468DF81070FFF798
S3150801F3A0B3FF95F84230012B059B55D14FF6FF72F5
S3150801F3B0934200F09680082205A904A800F06DFA88
S3150801F3C0059B9DF81010C3F30722914240F08980EE
S3150801F3D0DBB2029A1A44029283E095F84230012B75
S3150801F3E030D122463146284603ABFFF78DFF314619
S3150801F3F0284604AB621CFFF787FF3146284605AB52
S3150801F400A21CFFF781FF102208230DEB02010DF163
S3150801F41007008DF8073000F040FA102205A90DF112
S3150801F420070000F03AFA039BDAB2002A52D19DF896
S3150801F4300720B2EB132F4DD1DDE9043203EB02436A
S3150801F440029347E0302C2BD944E09DF80720B2EB14
S3150801F450134F3FD1049BF3E7013342D0102205A98C
S3150801F4600DEB020000F019FA059B9DF81010C3F385
S3150801F4700742914235D19BB2ABE7312C3FF67BAFC0
S3150801F48087D005AB224631462846FFF73DFFBDF832
S3150801F4901430002B7FF47DAF95F84230012BA0D0B4
S3150801F4A022463146284603ABFFF72EFF314628464A
S3150801F4B004AB621CFFF728FF102320220DEB030182
S3150801F4C00DF107008DF8073000F0E7F9039B9AB2B2
S3150801F4D0002ABAD095F84230012B14BF0123022322
S3150801F4E01C44013440E713B500240194049C00949C
S3150801F4F0E2F768FD02B010BD13B501240194049C1E
S3150801F5000094E2F75FFD02B010BD00234FF0FF3211
S3150801F51030B544689C4202D10023037230BD0168AC
S3150801F52001EBC30541F833206A600133F2E7C0E90C
S3150801F5300012FFF7EABF0023F0B545689D4210D0D7
S3150801F5400468DF0054F8332004EBC306B2F1FF3F29
S3150801F55008D0C2F31302914204D14FF0FF33E351AD
S3150801F5607360F0BD0133E9E70023F0B545689D42B4
S3150801F57002D14FF0FF300EE00468DE0054F8334044
S3150801F580671C09D0C4F31307B94205D1240D1470B9
S3150801F590036833445868F0BD0133E8E7704770B52E
S3150801F5A09400224605460E460DF066FC431C0AD019
S3150801F5B058B922463146284609F001FD002814BFEC
S3150801F5C03D20002070BD6E20FCE77120FAE713B5D7
S3150801F5D0044601A8E5F7A0FD9DF8063023804FF4FF
S3150801F5E080736380E5F7B0FD6060002002B010BD4E
S3150801F5F0E5F758BD08B5E5F745FD002008BD10B586
S3150801F600044644EA010313F00303084609D1934269
S3150801F61001D1002010BD54F8231040F823100133FE
S3150801F620F5E72146920009F0FCFCF2E710B504461D
S3150801F6300DF026FC431C10D088B9E5F785FD234655
S3150801F64020F003002044984201D1002010BD53F850
S3150801F650042B0132F7D03E20F8E76E20F6E7712039
S3150801F660F4E70A4601390144E7F794BE13B50023C6
S3150801F670044601461B220DF107008DF8073000F0FC
S3150801F6800CF922689DF80730B3EBD26F0CBF012045
S3150801F690002002B010BD13B50023044601462022FE
S3150801F6A00DF107008DF8073000F0F7F80DF10700A6
S3150801F6B01A22211D00F0F1F862689DF80730B3EBB4
S3150801F6C0926F0CBF0120002002B010BD0068431CD8
S3150801F6D0584258417047006810F07E0F0CBFC0F3BE
S3150801F6E0C160002070470068C0F3D31070470068F6
S3150801F6F000F07F0001288CBF0020012070470368B5
S3150801F70013F07E0F14BF042008207047036813F016
S3150801F7107E0F03D1406820F07C40704713F07800D3
S3150801F7201CBF03F07F03D81F7047006800F07F00F5
S3150801F7307047032809D0022803D1C1F10201C8B2D2
S3150801F740704700290CBF07200020704737B50546CA
S3150801F75001F10C0443696946012220469847BDF820
S3150801F7600030012201932046AB6901A9984703B0ED
S3150801F77030BD37B501F10C044369012269460546D6
S3150801F780204698474FF6FF72009B99B291420DD1D8
S3150801F7901B0C1B0443F4254343F0A50301930122E3
S3150801F7A02046AB6901A9984703B030BD0020FBE7A5
S3150801F7B037B5044600251B22011D0DF107008DF8FA
S3150801F7C0075000F06AF860689DF80720B2EBD06F21
S3150801F7D003D120F0784003B030BD0DF107001B229C
S3150801F7E004F108018DF8075000F057F8A0689DF854
S3150801F7F00730B3EBD06F01D1C043EAE74FF0FF30D2
S3150801F800E9E74BF29A22036810B5B2EB134F0446A7
S3150801F81013D19BB2012B13D1FFF7CAFF01300CD0CC
S3150801F8204FF6FF72E068B2EB104F4FEA104309D169
S3150801F83080B2C01A18BF012010BD2368013303D056
S3150801F8400420F9E70220F7E70320F5E701288CBF32
S3150801F850002001207047033801288CBF00200120B1
S3150801F8607047143070472DE9F041054698460369FB
S3150801F87008460E4617469847044638B943463A4657
S3150801F88031462846E3F782FB044618B13146284635
S3150801F890FFF75CFF2046BDE8F0811F2A0B689EBF73
S3150801F8A04FF0FF3191408B43590801F055315B1AEE
S3150801F8B003F033319B0803F033330B44017803EB30
S3150801F8C013130A444FF0013103F00F334B43A2EBF4
S3150801F8D013620270704770B5054614460E460DF060
S3150801F8E05BF82B685C4034405C402C60BDE8704096
S3150801F8F00DF04DB808B50BF0D5FEBDE8084000215E
S3150801F900E3F798BE0029CCBF01210021E3F792BE97
S3150801F91002214FF42070E4F783BA704770477047A5
S3150801F9207047704770B5054614460E460DF034F813
S3150801F9302B685C4034405C402C60BDE870400DF09B
S3150801F94026B8022A10B54FF0000405D9033A022A4F
S3150801F9500CD90360047110BD11F4000218BF4FF0F1
S3150801F9607F4221F07F4313430C0EF2E721F0FF0398
S3150801F970CCB2EEE708B5D1F88020D1F8841002F0B0
S3150801F9800702FFF7DEFF08BD036C0B42FCD1704787
S3150801F99010B50C460121FFF7F7FF846110BDB0F1E0
S3150801F9A0B24F04D1012907D829B9C2617047002984
S3150801F9B0FBD0012900D10262704710B50C466021BF
S3150801F9C00246FFF7E1FF14B10123136110BD0223BB
S3150801F9D0FBE70A46012138B5157800F58053044638
S3150801F9E059603DB94369D90704D54021FFF7CCFFD2
S3150801F9F00223036153789078D1681B0320B939B182
S3150801FA0043F40073616203E043F400730029F9D1FA
S3150801FA10D17809B143F48073117909B143F04003F0
S3150801FA20517909B143F08003D17990790901127AA4
S3150801FA3041EA80010A431343E36045B16369DB0781
S3150801FA4005D420212046FFF79FFF0123236138BDF6
S3150801FA5010B50C460421FFF797FFC3689B055EBFE7
S3150801FA604FF4007100F58053D960446210BD034616
S3150801FA70142B084604D00AD8012B08D0122B06D11C
S3150801FA80022803D0032808BF0120704700207047C9
S3150801FA903AB122F0030202F1A04202F5603209B935
S3150801FAA0106070470002FBE70369002BFCDB436823
S3150801FAB0DB071AD50223C3610369D907FCD42023BE
S3150801FAC0C36103699A07FCD40369002BFCDB4FF475
S3150801FAD04073C361036913F00C4FFBD1012200F592
S3150801FAE000535A6043689B07FCD470470369002B8F
S3150801FAF0FCDBA9B92AB10123C3610369D907FCD57E
S3150801FB0070470223C3610369DA07FCD40369002B32
S3150801FB10FCDB4FF48073C36103695B01FCD4704756
S3150801FB202AB11023C36103699907FCD570472023BD
S3150801FB30C36103699A07FCD40369002BFCDB4FF404
S3150801FB400073C36103691B01FCD4704738B50D46C0
S3150801FB50FFF7AAFF2B682A791B0703F0E04343EA5C
S3150801FB60C2632A7D13436A7943EA8263AA7943EA1F
S3150801FB704263EA7943EA02632A7A43EA02536A7AD2
S3150801FB8043EA0243EA68D20102F47E5213432A7C0D
S3150801FB9043EA02136A7C43EAC203AA7C43EA820364
S3150801FBA0EA7C43EA4203C36038BD11B1012902D098
S3150801FBB0704782627047C262704770B5054614463F
S3150801FBC00E460CF0E9FE2B685C4034405C402C6024
S3150801FBD0BDE870400CF0DBBE00207047F3F74EBF5E
S3150801FBE008F0F4BE0020704708B10CF012BF2120BE
S3150801FBF0704708B9212070470029FBD0036813F024
S3150801FC00704209D1C3F30E030B601BB94368002B7D
S3150801FC10F0D00B6000207047B2F1004F07D182681F
S3150801FC20D2040ED5C369002BE4D01B68ECE7B2F108
S3150801FC30204FF4D0B2F1304FF1D0B2F1404FEED0AF
S3150801FC40D8E703F07F03DFE737B50C46054610B959
S3150801FC50212003B030BD0029FAD0002301A9019360
S3150801FC60FFF7C7FF0028F4D1296811F0704102D1C6
S3150801FC70019B2360EDE7AA68B1F1004FC2F3803317
S3150801FC80C2F34035C2F3003207D1062103EB45031F
S3150801FC9001FB0233019A5343EBE7B1F1204F04D13B
S3150801FCA02B4402EB82021344F4E7B1F1304F02D040
S3150801FCB0B1F1404FCCD12B44ECE72DE9F3470D4682
S3150801FCC090469A460446F0B1E9B106680F6806F00F
S3150801FCD07049BE422AD0B9F1004F11D186EA07030D
S3150801FCE0B3F1805F13D3BAF1000F36D1B8F1000F23
S3150801FCF01FD0A368AA68534013F4E04F19D002E055
S3150801FD00B9F1404FEAD0212002B0BDE8F0870023BF
S3150801FD10204601A90193FFF76CFF0028F3D1019A48
S3150801FD20C2F30E0216431743BE42ECD1B9F1000FD6
S3150801FD30D9DB0023694620460093FFF75AFF0028BE
S3150801FD40E2D1019001A92846FFF753FF0028DBD12C
S3150801FD50DDE900239A42D7D0D5E7AA68B8F1000FA2
S3150801FD6003D0A3685340D904CDD49304E1D4CAE798
S3150801FD70F7B50C46054648B141B100230B60036847
S3150801FD8003F070430B60C268032A02D9212003B02D
S3150801FD90F0BD012A70D812B143F000632360D5E99A
S3150801FDA00223900102F0407169D5B1F1407F69D013
S3150801FDB0002BEBD04FF00072236823F040731343F6
S3150801FDC02360EA68022A07D12A69032ADED823F4BE
S3150801FDD07F0343EA02432360EB68032B03D12B69B4
S3150801FDE0F62BD3D9A370AB681A0442BF236843F430
S3150801FDF000432360EB68032B09D023682A6823F4A0
S3150801FE00FF4323F07F03C2F30E02134323602B68DB
S3150801FE10AE68002B06F4805740DB16F4E84FB5D1DF
S3150801FE202B6806F4806603F0704303F10043B3F1CF
S3150801FE30804F04D21EB1236843F4806323600023F4
S3150801FE40284601A90193FFF7D4FE00289FD12B6804
S3150801FE5013F070413BD12368019A23F4FF4323F041
S3150801FE607F03C2F30E0213432360002F8FD0EB6981
S3150801FE70002B8BD00F208AE743F080638EE7B1F120
S3150801FE80407F04D1002B81D04FF0407294E702F0F5
S3150801FE908072002B90D1002A8ED077E7730406F47E
S3150801FEA000520DD4002A3FF471AF236843F400537E
S3150801FEB02360002FB4D0236843F480532360AFE74F
S3150801FEC0236843F480432360002AF2D0EDE703F068
S3150801FED05043B3F1004F06D0B1F1304F03D0B1F121
S3150801FEE0404F7FF453AF019B2268013B03F07F0328
S3150801FEF022F07F0213432360002F3FF448AFEA69DB
S3150801FF00002A3FF443AFB1F1004FB3D1117F71B16C
S3150801FF10002E3FF43CAF43F400732360537F002B5C
S3150801FF203FF435AF236843F4807323602FE7537F8B
S3150801FF30002B3FF42CAF002E3FF429AFF2E773B53F
S3150801FF400C46054608B921201AE00029FBD00123F1
S3150801FF50C6684B609E4217D8002301A90193FFF793
S3150801FF6073FE68B9019B06B11C336A699A4209D3C3
S3150801FF702A69002AE7D0226043F000530020A360D3
S3150801FF8002B070BD1D20FBE7023E012EDBD800231F
S3150801FF90F4E72DE9F0410D46044698B0002869D0EA
S3150801FFA0002967D000234FF000728360C0E900235F
S3150801FFB0036215A92846FFF7DBFE002857D120461C
S3150801FFC015990CF030FDAB68DB043CD52B68002B8A
S3150801FFD052DA4FF00108EE696946376873682046B8
S3150801FFE0CDF804800093029700F0D8F8B36820464C
S3150801FFF003A9CDF810800393059700F0CFF8F368AD
S31508020000204606A9CDF81C800693089700F0C6F884
S315080200103369204609A9CDF8288009930B9700F081
S31508020020BDF8736920460CA9CDF834800C930E9757
S3150802003000F0B4F8B36920460FA9CDF840800F93B3
S31508020040119700F0ABF8284612A9E5F72DFE70B90C
S31508020050204600F0A3F8284615A9FFF770FF30B925
S31508020060204615A90CF005FD20460BF0F1FB18B049
S31508020070BDE8F0812120FAE70F20F8E770B50E46B1
S31508020080154604468AB000283ED000293CD0002AEC
S315080200903AD00023012229463046FFF70EFE88BBD6
S315080200A0F3688BBBEB68013B012B2DD84FF08073AD
S315080200B0A060C4E90030206207A92846FFF758FE67
S315080200C000BB204607990CF0AEFC304601A9FFF7A3
S315080200D036FFB8B9204601A900F060F8284604A9F7
S315080200E0E5F7E2FD70B9204600F058F8284607A958
S315080200F0FFF725FF30B9204607A90CF0BAFC2046BF
S315080201000BF0A6FB0AB070BD2120FBE770B50D46C1
S31508020110164604468AB000283ED000293CD0002A5A
S315080201203AD00023012231462846FFF7C6FD88BB8E
S31508020130F3688BBBEB68013B012B2DD84FF081731B
S31508020140A060C4E90030206207A92846FFF710FE1E
S3150802015000BB204607990CF066FC284601A9E5F77C
S31508020160A3FDB8B9204600F019F8284604A9FFF7F6
S31508020170E6FE78B9204604A900F010F8304607A929
S31508020180FFF7DDFE30B9204607A90CF072FC2046BF
S315080201900BF05EFB0AB070BD2120FBE7436813B97A
S315080201A0416070475B685A68012AFBD159607047FB
S315080201B0FFF718BD012070470020704770B5064644
S315080201C00D4614468CB0CAB11022002108A808F0C0
S315080201D020FF002207AB029305AB019306AB0093FF
S315080201E03046294608ABCDE90522E5F729FE18B9B6
S315080201F0099B6360059B23600CB070BD6FF0860097
S31508020200FAE708B5FFF7EEFC002814BF6FF0920074
S31508020210002008BDFFF7F5BFF0B51C4600238BB0DA
S3150802022023600F461646FFF7DDFC70B968460CF0E8
S31508020230F0FB054648B9324639466846E5F726FCD4
S3150802024010B926600BB0F0BD25606FF09200F9E791
S3150802025020F00803102B05D0202814BF6FF0860063
S31508020260002070470020704720F0FF03B3F5824F45
S3150802027006D14138C0B2012894BF00200120704738
S315080202800020704710B50024436814601B0A04D086
S31508020290012B0AD06FF0850010BD0088FFF7E4FF36
S315080202A000B1013100201160F6E72C31FAE7406807
S315080202B010B5000A029C04D0012807D06FF08B0003
S315080202C010BD934209D96FF08C00F9E703F12C00AF
S315080202D09042F8D8103103F11C020020C4E9041236
S315080202E0EEE72B2A03460AD9012200200A80488013
S315080202F01A684A605A689B688A60CB6070476FF0D2
S31508020300890070472DE9F0470F46924699460546F9
S3150802031094B078B171B16AB14288D31D072B4FEAFE
S31508020320D3085AD0038803F4E043B3F5805F04D1B7
S31508020330530708D06FF0860427E0B3F5005FF7D0BD
S31508020340B3F5804F49D002AE20220021304608F08C
S3150802035060FE324641462846E6F76CF90446A0B9DD
S3150802036043465246394628460096FFF7A0FF0446FA
S3150802037058B9282201460DEB020008F04AFE0AA8DF
S315080203800CF047FB28B16FF09204204614B0BDE882
S31508020390F08731460AA8FFF7FCFD58B1482814BF72
S315080203A06FF092046FF085040AA8FFF71DFC002877
S315080203B0EBD0E8E76B681B0A06D14A46414628464F
S315080203C0FFF760FF0446EFE7524639463046FFF725
S315080203D088FF04460028F0D0E6E76FF08504D4E7E4
S315080203E02DE9F0439DB00D46DDE9248916461F46E0
S315080203F00446002868D0002966D0002A64D0002B5B
S3150802040062D0B8F1000F5FD0B9F1000F5CD020229C
S31508020410002102A808F0FDFD20463246294602AB15
S31508020420E6F786F90446F8B90AAD02AE0FCE0FC54D
S3150802043096E80F0085E80F000C9A7B1C22F0807262
S315080204400E9322F4804208F1020323F0030342F4D6
S31508020450005201A90AA80D940F930C920194FFF772
S31508020460F3FB28B16FF0920420461DB0BDE8F08375
S31508020470019B01334345019329D82822214612A814
S3150802048008F0C7FD12A80CF0C4FA0028EAD10AAA95
S3150802049002A912A8E5F722FC012812D058B1482869
S315080204A014BF6FF092046FF0850412A8FFF79CFB45
S315080204B00028D9D0D6E704233B70019BC9F800303F
S315080204C0F3E76FF08B04F0E76FF08604CCE76FF082
S315080204D08904C9E7FFF716BFFFF782BF2DE9F04F78
S315080204E09FB01546DDE928AB0F46994606462A9A75
S315080204F0002800F09F80002B00F09C80BAF1000FC4
S3150802050000F09880002900F09580002D00F0928076
S31508020510BBF1000F00F08E80002A00F08B800023CA
S31508020520B0F80080CBF8003008F44F41EB00B1F583
S31508020530824F13605FD15FFA88F112290ED128F033
S31508020540FF01B1F5824F02BF083B5B0813601368CF
S31508020550B3F5047F04BF40F20923136000232A4639
S3150802056003933946304603ABE5F7AEFF0446002847
S315080205703DD1039C40460734E408FFF775FE08B1EF
S31508020580013D01370DF1100820220021404603944F
S3150802059008F03FFD214642463046E6F74BF8044648
S315080205A028BBC6460DF1300CBEE80F00ACE80F00BA
S315080205B09EE80F008CE80F00EB1C214623F003038C
S315080205C0282214A8CDE90F47119308F022FD2B46DD
S315080205D0524649463046CDF80080FFF768FE044683
S315080205E028B914A80CF015FA38B16FF0920420460F
S315080205F01FB0BDE8F08F2C46C4E742460CA914A8E2
S31508020600FFF73CFD98B9524649464046FFF769FE50
S3150802061004460028EBD15A4629463046FFF732FEF1
S31508020620044614A8FFF7E0FA0028E0D0DDE76FF0E9
S315080206309204F6E76FF08604D9E72DE9F0479CB0F5
S315080206400C46DDE9249A15461F468046002866D0E0
S31508020650002964D0002A62D0002B60D0B9F1000FBD
S315080206605DD0BAF1000F5AD08368DB075AD520222B
S31508020670002102A808F0CDFC21462A46404602ABD4
S31508020680E6F756F8044638BB0AAD02AE0FCE0FC5DA
S3150802069096E80F0085E80F0001A90AA8B8F80050E5
S315080206A00194FFF7D1FA01462846FFF7DDFD012836
S315080206B004BF042307F8013B4FF0000308BF09F102
S315080206C0FF39CDE90D3709F1030323F00303054684
S315080206D00F9329B16FF0920420461CB0BDE8F0874B
S315080206E0019B4B4521D8282212A808F092FC12A891
S315080206F00CF08FF90028EDD10AAA02A912A8FFF771
S3150802070005FD48B9019B2B44CAF8003012A8FFF729
S315080207106BFA0028E0D0DDE76FF09204F6E76FF097
S315080207208604D9E76FF08404D6E76FF08904D3E725
S3150802073010B4048804F4E044B4F5805F06D0B4F536
S31508020740005F03D05DF8044BFFF7DCBD6FF0850050
S315080207505DF8044B704770B40488DDE9035604F467
S31508020760E044B4F5804F04D0CDE9035670BCFFF7D8
S3150802077037BE6FF0850070BC7047F8B51E46038811
S315080207800F4603F44F43B3F5824F154610D1089B23
S31508020790E5F79AFE044648B9069B9D420BD82A46B7
S315080207A03946304608F03DFC079B1D602046F8BDD9
S315080207B06FF08504FAE76FF08904F7E7E5F768BD95
S315080207C0F0B5044617461E460D468DB0D1B1C8B1DE
S315080207D02022002104A808F01CFC3A462946204695
S315080207E004ABE5F7A5FF58B9169B31460293159B4C
S315080207F004A80193149B0093DDE91223E6F7A6F8F1
S315080208000DB0F0BD6FF08600FAE7E6F7BFB910B48F
S3150802081013460C46014640B104B932B9224601F1E3
S3150802082060005DF8044BE6F71FB96FF086005DF8C5
S31508020830044B704713B50C46014650B14CB142B150
S315080208403BB10093603013462246E6F74BF902B0F5
S3150802085010BD6FF08600FAE708B528B19822002184
S3150802086008F0D7FB002008BD6FF08600FBE7E5F726
S315080208708FBDE5F70DBDF0B5044615461F460E4673
S315080208808DB019B96FF086000DB0F0BD0028F9D009
S315080208902022002104A808F0BCFB2388CDE90865BC
S315080208A0B3F5105FEED16388C02B16D0B3F5807FFF
S315080208B015D0802B15D110208542CDE90400E1D34D
S315080208C0169B39460293159B04A80193149B009321
S315080208D0DDE91223E6F73AF8D6E71820ECE72020F6
S315080208E0EAE76FF08500CFE7F8B50E4614461D46CF
S315080208F0074600283DD0E1B302B9D3BB5C220021EA
S31508020900384608F086FB31463846069AE6F788F8EE
S31508020910A0B97288D208182ABA6510D0202A1BD024
S31508020920102A26D10F2D24D907F1380304F1100213
S3150802093054F8041B944243F8041BF9D1F8BD172D49
S3150802094017D907F1380304F1180254F8041B944224
S3150802095043F8041BF9D1F1E71F2D0AD907F1380329
S3150802096004F1200254F8041B944243F8041BF9D1FB
S31508020970E4E76FF08600E1E7FFF7B6BF70B50D460C
S315080209801646044688B098B101B98AB900212022D0
S31508020990684608F03EFB21466846E6F733F928B969
S315080209A033462A4669462046E6F75EF808B070BD21
S315080209B06FF08600FAE7F0B50D4616461F4604465E
S315080209C08BB0A8B1A1B19AB193B10021202202A895
S315080209D008F01FFB214602A8E6F714F930B9334698
S315080209E02A462046009702A9E6F77CF80BB0F0BD26
S315080209F06FF08600FAE708B528B15C22002108F0F4
S31508020A0008FB002008BD6FF08600FBE7E5F7C0BCCF
S31508020A1008B50CF0A1F8002008BD00F005B809B128
S31508020A20E6F712B92220704700207047E6F756B952
S31508020A30E6F738BBE6F772BBE0F736BE40B2E6F732
S31508020A409FBB0E2070470E2070477047704770474D
S31508020A50F8B50C468D18073552421540A5F1080718
S31508020A600646384600F03AFAA188381B628801EB36
S31508020A70E00189B2A2EBE00225F8041C25F8062C4F
S31508020A80A288C310AAB1A4EBC202B2F802C0D180EE
S31508020A9003EB0C015180E28892B1D31A9BB204EBA4
S31508020AA0C20425F8023CA380B3680344B3603846FF
S31508020AB0F8BD15F8082C42F0020205F8082CEAE7F8
S31508020AC025F8022CF0E72DE9F04F4FF0000887B021
S31508020AD09946531C109B0546174614BF144608240C
S31508020AE0CDF81480002B00F0C580C3F800800029D9
S31508020AF000F0C28042688A4240F2BE80073121F085
S31508020B0007060BF052FF05AACDE9008282463A464D
S31508020B104B463146284600F0E5F9059F834607B15C
S31508020B2030B950460BF03CFF192007B0BDE8F08FEC
S31508020B30B7F8028029694FEAC802C0EBC80801392A
S31508020B40B8F1270F29617AD9B9F1000F51D1864236
S31508020B5006F1080848D0224639462846FFF778FFA4
S31508020B6004460590059B9844404600F0B7F9059956
S31508020B7006F10F004A88C308A2EBD002A8F80220A1
S31508020B80CA88A8F80430002A30D0D31A9BB201EBDF
S31508020B90C202A8F8063093808B88F608A380B8F8B4
S31508020BA004303A46E380414600232846668000F030
S31508020BB006FAAB680833AB60237843F00103237067
S31508020BC02B6901332B616288AB68504603EBC2037B
S31508020BD0EA68AB60934288BFEB600BF0E1FE109BBC
S31508020BE0083400201C60A0E73C46BBE7A8F80620AC
S31508020BF0D2E707EB08042046039200F06FF90BF1DF
S31508020C000703DB080599638008F10703DB08A3805D
S31508020C10CB8893B1DB00039AD81D821A5A44C2F3D1
S31508020C20CF020B44E2809A80A38808F1FF384FEA84
S31508020C30D808A1F80280CB80BBE7E380F4E7B9F1D4
S31508020C40010F1BD107F10803B3FBF4F204FB1233BD
S31508020C50B3B1224639462846FFF7FAFE04462378F8
S31508020C603A4643F00103237021460123284600F041
S31508020C70A6F9A8E7222058E7212056E78642E8D1B6
S31508020C803C46ECE707B500224FF0FF3101AB019273
S31508020C90E6F7E0FA019803B05DF804FB07B500939E
S31508020CA013464FF0FF32FFF70EFF03B05DF804FB61
S31508020CB02DE9F74F05460C46002900F0DC80D0E9FD
S31508020CC005680BF072FE14F8087C34F806CCFB07AC
S31508020CD0009002D5BCF1000F06D100980BF060FE19
S31508020CE0012003B0BDE8F08FAB68D5F8109034F850
S31508020CF004ECA3EBCC0B09F10103A4F108010CF1F6
S31508020D000102C5F808B02B61BEF1000F39D0A1EB7C
S31508020D10CE03D888B3F802A00190187807F0020724
S31508020D20C00723D41FBB0198A0EB0A07012F28D1BD
S31508020D300CF10202ABF108075244C5F81090AF60F5
S31508020D4034F802ECBEF1000F1DD114F8081C24F881
S31508020D5006EC6EF3000104F8081C013A5A801A7868
S31508020D606EF300021A700022DA8040E04FB114F8DE
S31508020D70087C72446FF3410704F8087C00279F80B9
S31508020D80DEE70B46DCE701EBCE0AD5E9007007EB96
S31508020D900009CA450ED314F8081C013A6FF300017C
S31508020DA004F8081C002124F8061C5A801A7861F3F4
S31508020DB00002D7E711F83E10574611F001012FD06D
S31508020DC014F8081C013A6FF3000104F8081C002104
S31508020DD092B224F8061C5A801A7861F300021A7035
S31508020DE0C3F107023A44C2F3CF02DA80BA80002E70
S31508020DF03FD0B3423DD37288002A08BF1E46B8F1D7
S31508020E00000F06D0434504D8B8F80220002A18BFB6
S31508020E1043460098C5E905630BF0C2FD002060E76A
S31508020E20AEEB0C0EBEF1010FCAD1BAF802C0AAF88F
S31508020E3002109444BAF80620CAB10AEBC207002186
S31508020E402A69013A2A61AA68083AAA6014F8082C9B
S31508020E5024F8061C6FF3000204F8082C1A78A3F883
S31508020E6002C061F300021A70002FB9D17BE7174658
S31508020E70E5E71E46C3E7222033E710B50446E6F740
S31508020E800FFA2146BDE81040FFF712BFFFF7F5BF7C
S31508020E9070B5049E15461A4696B1002333608DB185
S31508020EA081B14D4333462946FFF7F8FE044628B971
S31508020EB0306818B12A46214608F0ABF8204670BDBC
S31508020EC02224FBE72124F9E707B5002201AB0192A8
S31508020ED0E6F7CEF9019803B05DF804FB0023036038
S31508020EE043607047F0B5D0E90540551C08BF082293
S31508020EF0002B4FF0000518BF0446DDF818C0CCF8E1
S31508020F000050002C37D09DF814706588FF0007EB57
S31508020F10C505C2F1000E2078C00708D51BBBE088BC
S31508020F20A0B104EBC004658807EBC505F3E78D425B
S31508020F30F4D363B904F10806B6FBF2F002FB1066B5
S31508020F4070180EB1A842EAD8CCF80040F0BD082ABB
S31508020F500FD06088013004EBC000461A06EA0E0676
S31508020F60801B8542F0D2A0880028EFD0A4EBC004EB
S31508020F70D9E70846E8E72046E8E7034610461A692D
S31508020F80DAB108B921B918680378DB0702D47047C1
S31508020F909869F9E739B9C3887BB100EBC3000378CE
S31508020FA0DA07F8D47047012907D183882BB1A0EB59
S31508020FB0C3000378DB07F8D47047002070472DE991
S31508020FC0F041D0E90545074688461646F3B19442EC
S31508020FD00FD042B1954215D1424601213846FFF754
S31508020FE0CCFF05460EE00A463146FFF7C6FF044621
S31508020FF0F2E70A460021FFF7C0FFB5420446EBD0E6
S31508021000002EE9D0C7E90545BDE8F081944208D02B
S315080210108C4228BF0C46B54205D0454538BF4546E1
S31508021020F0E70C46F7E74546ECE770B500261C469E
S31508021030C3E90001C3E90266C3E905001E611A771E
S315080210405E62FFF74BFF23690139C9080133418004
S315080210502361A36830460833A360E3680833E36074
S3150802106070BD08B5E6F70EFA08BD002307B568464F
S3150802107000938DF80430E3F707FB03B05DF804FB31
S3150802108010B50BF089FC04460AF00AFE2046BDE8B4
S3150802109010400BF07CBC4FF4C870E6F785BA70476F
S315080210A0704708B5FDF7D8FEFDF7E1FEFDF7E1FE4C
S315080210B0FDF7F0FEBDE80840FDF7F7BE08B5E6F70E
S315080210C0B9F8FFF7ECFFE6F76FF8E5F72DFFFFF73C
S315080210D0ADFCE6F701FAE6F757FBE6F7F9F8FFF78C
S315080210E0DFFF00F007F8FDF7C0FEBDE80840FFF78E
S315080210F0D8BF704708B5FDF7AAFEFDF7A9FEFDF7AA
S31508021100A8FEFDF7A8FEFFF7F4FF08BD08B5FDF730
S31508021110CDFEFDF7CCFEFDF7CBFEBDE80840FDF798
S31508021120C9BE00F000B807B513200DF10601FFF796
S3150802113076FCBDF8060003B05DF804FB70477047FD
S31508021140F1F7A0BDF1F74CBC002303600E207047EF
S31508021150704710B5044608B1E6F75CFC2046BDE8C0
S315080211601040FFF793BE00F4E040B0F5805F04D06C
S31508021170A0F50053584258417047012070472DE99F
S31508021180F0411F4600F0FE4386B0B3F1106F1646D3
S31508021190DDE90CCEDDF838800BD120F01F6424F48B
S315080211A0702434B9D1E908234C68240A04D0012CE6
S315080211B00CD06FF0850006E0CDE903E8CDE9017CA5
S315080211C00096FFF723FC06B0BDE8F081CDE903E8F7
S315080211D0CDE9017C0096FFF74AFBF4E73AB100290C
S315080211E018BF00232121D21A184407F012BF7047EC
S315080211F038B5037904460D464BB9636900202B605E
S31508021200237E012B0AD028606FF0960005E0D0E90C
S31508021210081200F0C2FE0028EFD038BD022323765A
S31508021220FBE72DE9F04F9B46002389B08DF81B306A
S31508021230159B9246DDE91278002B89460B460CBFB0
S315080212404FF400624FF4806207A9149EE6F728FD60
S31508021250044620BB079D484629880DF11B02E6F77E
S315080212608DFD0446D8B99DF81B00404541D8D5E9FD
S3150802127008126B681B0A012B30D0022B12D0002BE6
S315080212803AD1CDE903064B462846CDE901B7CDF852
S3150802129000A0FFF7F0FA10F1860F04460DD1C6F842
S315080212A000800CE0CDE903064B462846CDE901B796
S315080212B0CDF800A0FFF7DFFA0446002CEFD142462C
S315080212C0214638463368FFF789FF079800F034FE4F
S315080212D0002C18BF204609B0BDE8F08FCDE90306F9
S315080212E04B462846CDE901B7CDF800A0FFF768FAC4
S315080212F0E2E76FF08904D2E76FF08604CFE70023AE
S315080213002DE9F3414668D0F8148004460F46304664
S315080213101146136000F012FE054688B9304600F001
S315080213200FFE054660B9F6B276B9B8F1000F05D1D7
S31508021330A06820F47F4020F0030060B16FF08605B4
S31508021340284602B0BDE8F0810146606900F0CEFD8C
S315080213500028EDD1F2E74FF6F87362889A4219D857
S3150802136094F80480B8F1000F00D101A83946E6F7CF
S3150802137005FF05460028E3D10FCC3F683E460FC657
S3150802138094E8030086E80300B8F1000FD8D1019B60
S315080213907B61D5E76FF08505D2E741F205239842CE
S315080213A01AD8B0F5905F09D241F2010398420CD0DF
S315080213B0B0F5885F09D06FF0850070472923A0F53C
S315080213C0905080B2C340DB07F5D511F0070F0CBF6A
S315080213D000206FF086007047B0F5105FEBD121F060
S315080213E04003802B06D0B1F5807F0CBF00206FF03A
S315080213F0860070470020704770B5046A05460E4697
S315080214003CB90120FFF760FD286228B120466E62CA
S3150802141070BD6FF08A00FBE76FF08C00F8E7F8B54D
S315080214200F46114606461546FFF7E6FF044620B95B
S315080214302A463946306A07F0F4FD2046F8BD2DE9FA
S31508021440F041089D88461F46048802B32046FFF7E6
S315080214508AFEE0B12B680BB9D3002B6020462968B7
S31508021460FFF79BFF044678B9CE1DB2EBD60F11D112
S31508021470069B9A4211D84146384607F0D2FD2B6898
S31508021480079A0733DB0813602046BDE8F0816FF040
S315080214908504F9E76FF08604F6E76FF08904F3E747
S315080214A02DE9F04F456885B02D0A0446DDE90E6739
S315080214B0894692469B46DDF8408006D0012D18D013
S315080214C06FF0860005B0BDE8F08FCDE90178009689
S315080214D0FFF753F910F1860FF4D15B465246494697
S315080214E02046CDE90F780E9605B0BDE8F04FFFF716
S315080214F0A6BFCDE90F780E9605B0BDE8F04FFEF708
S31508021500EDBF10B50446006A10B1616AFFF721FE05
S315080215100020C4E9080010BD38B50546FFF7F1FFFB
S315080215202B7E0446012B0ED0023B012B0ED8EB690B
S31508021530012B18BF6FF0960428220021284607F0CF
S3150802154068FD204638BDEB69002BF2E76FF096047A
S31508021550F2E713B50446C0B101A9E6F74FFE044601
S3150802156098B9019B1A7E022A12D103221A761A798F
S31508021570FF2A10D01AB1586900F0F4FC0446019803
S3150802158000F0C5FC002818BF0446204602B010BD6C
S315080215906FF09604F3E76FF08404F0E773B5054637
S315080215A008460C4600F09DFB002328461A4601A968
S315080215B0E6F776FB50B9019E35460FCD0FC495E87E
S315080215C0030084E80300304600F0B6FC02B070BDA2
S315080215D070B5144602881D461046049EFFF7C3FDE1
S315080215E068B944F2010322F44050984207D002F443
S315080215F04F42B2F5824F02D0B2F5844F0ED1B442B1
S315080216000FD82246284607F00CFD0021321B28195E
S3150802161007F0FFFC0020059B1C6070BD6FF085007B
S31508021620FBE76FF08900F8E7F0B50F461E46154648
S3150802163085B04AB300230122336003A9E6F730FBDB
S31508021640044658B903984368D0E908121B0A08D019
S31508021650012B13D000F070FC6FF08604204605B00B
S31508021660F0BD3B46CDE90056FFF7B2FF04460398A4
S3150802167000F062FC002C08BF0446EFE73B46CDE9C2
S315080216800056FEF7DAFFF1E76FF08904E6E770B570
S3150802169014460288049D02F4E040B0F5804F1CD13E
S315080216A044F2010022F44056864207D002F44F4221
S315080216B0B2F5824F02D0B2F5844F0ED1AC420FD8A2
S315080216C01846224607F0ADFC00212A1B204407F0E3
S315080216D0A0FC0020059B1C6070BD6FF08500FBE72F
S315080216E06FF08900F8E7F0B50F461E46154685B035
S315080216F00AB3002303A91A463360E6F7D1FA044669
S3150802170038B9039803885B0406D400F015FC6FF019
S315080217108604204605B0F0BDCDE900563B46D0E921
S31508021720081200F0ABFB0446039800F005FC002CF7
S3150802173008BF0446EDE76FF08904EAE72DE9F041B0
S315080217401F46002388B0054688461646CDE9043367
S3150802175007923B60002A60D0B2F1005F60D205AA08
S3150802176004A9FFF7CCFD0446A0B9049B1A6ABAB1CC
S31508021770049B41465A882846069206AA029203F113
S31508021780240201925A6A00921B6A3246FFF788FEC1
S315080217900446F8B10498002835D0FFF7BDFE32E0BA
S315080217A06B681B0A07D107990498FFF725FE0446BA
S315080217B00028DDD0EEE7012B03D007926FF08604EE
S315080217C0E8E7284607A9079600F08FFA0446002894
S315080217D0E9D0DFE70498069B4288C2B943804FF6F0
S315080217E0F872934216D82B8813B102889A42E5D129
S315080217F06B8813B142889A42E0D13946FFF7F8FC62
S3150802180004460028C6D1204608B0BDE8F0819A42AF
S31508021810D4D1E4E76FF08504BCE76FF08604F2E7FB
S315080218206FF08504EFE710B50446006868B104282E
S315080218300CD005280FD06FF0860000232360A388FA
S3150802184023F4FF7323F00103A38010BD04F10800FB
S31508021850FFF7D1F8F1E704F10800FEF7FDFFECE720
S315080218602DE9FF4105469846002303932B6808464F
S315080218701746002B52D1B8F1000F134603A914BF1D
S315080218804FF480624FF40062E6F70AFA044600282B
S3150802189046D1039E384631882A1DE6F76FFA044672
S315080218A000283DD16B7968F300036B717168D6E93C
S315080218B00823090AB8F1000F1DD0012911D00229FF
S315080218C000D0B9BB3146009705F10800FFF70CF8BE
S315080218D0044628BB042303982B6000F02DFB04461C
S315080218E024E03146009705F10800E5F74FF904466A
S315080218F0B0B90523EFE7012909D0022900D0C9B9F1
S315080219003146009705F10800FFF736F8E0E7314659
S31508021910009705F10800FEF778FFE8E76FF08804FC
S315080219202846FFF780FF039800F006FB204604B01E
S31508021930BDE8F0816FF08604F2E70123FFF790BF56
S3150802194038B505462B68D3B112B90024204638BDEE
S31508021950042B07D0052B0DD06FF086042846FFF717
S3150802196062FFF3E705F10800FFF708F804460028C6
S31508021970EBD0F3E705F10800FEF749FFF6E76FF04B
S315080219808804E3E72DE9F041054600680E46174646
S31508021990984648B36A79D20726D52A7922B3BA4233
S315080219A025D804280ED0052819D06FF086040023FE
S315080219B0C8F800702B71EEB92846FFF734FF2046A7
S315080219C0BDE8F08105F10800FEF7F5FF0446002898
S315080219D0EDD17EB92846BDE8F041FFF724BF05F1EF
S315080219E00800FEF727FFF1E76FF08804DFE76FF0DC
S315080219F08904DCE721463A463046D8F80030FFF734
S31508021A00EDFB2846FFF70FFF002C08BF0446D6E772
S31508021A101FB501240394089C0294079C0194069C12
S31508021A200094FFF7FEFB04B010BD036819430CBF10
S31508021A300120002070472DE9F04707469A46002301
S31508021A4086B0059307F0FE43B3F1106F0846DDE949
S31508021A500E589146109E0BD0002D48D12846356067
S31508021A6000F06AFA6FF08604204606B0BDE8F087F1
S31508021A703B464FF4804205A9E6F712F9044628B117
S31508021A8075BB3560059800F057FAEDE705990B889E
S31508021A9023F0FF03B3F5E24F02D0B3F5E44F0CD1BE
S31508021AA04B880733B8EBD30F07D21DBB0846356000
S31508021AB000F042FA6FF08904D6E753464A4638469A
S31508021AC0CDE901860095FFF75AFB04463DB905980C
S31508021AD0356000F031FA002C08BF0446C4E760B14D
S31508021AE041462846E6F7BEF8C6F80080CAE76FF010
S31508021AF08604F5E76FF08904F2E7059800F01CFA08
S31508021B000446B1E7E6F7AEB808B50088DDE9022172
S31508021B10FFF729FB20B1BDE808401046E6F7A2B850
S31508021B206FF0850008BD2DE9F04F1F46002389B0E6
S31508021B309046129ACDE905331360438805460E4648
S31508021B40002B00F0CB80038803F4E043B3F5804F03
S31508021B5000F0C48039463046FFF767FF002800F0D8
S31508021B60BD80284606AA05A9FFF7C9FB0446002830
S31508021B7040F08180059A6B68126A8AB1059B9A467B
S31508021B80D3F820B06B685AF8249F1B0A78D0012B29
S31508021B9000F09D806FF086040598FFF7B2FC6AE0B4
S31508021BA01A0A61D1B5F800A069885046FFF7DBFA30
S31508021BB080B15046FFF7F1FB044600285BD10AF4D0
S31508021BC0E043B3F5805F02D0B3F5005F0AD107316F
S31508021BD0CA0817E02AF0FF03B3F5E24F37D06FF0D1
S31508021BE0850448E00AF44F43B3F5844FEFD047F231
S31508021BF001039A450FD149080131C90801EBC10110
S31508021C0001F13B02079207990598FFF7F5FB04468F
S31508021C100028B3D02FE044F201039A4503D1C9083C
S31508021C2001F11002EEE747F202039A4505D1C90807
S31508021C3001EB410101F15A02E4E744F202039A4533
S31508021C4005D1C90801EB410101F14A02DAE72AF096
S31508021C50FF00B0F5E24FBAD0B0F5824F01BFCC1DF6
S31508021C60E4086400621CCDE7284607A900F03DF89F
S31508021C7004460028C7D0059828B3FFF74DFC22E092
S31508021C802B885B040BD43B46424631462846CDE9AF
S31508021C90019ACDF800B0FFF737FF044609E053462C
S31508021CA04A4659462846FEF743FD10F1860F044672
S31508021CB0E9D00598002C7FF46FAF1299FFF798FACE
S31508021CC004460028D7D1204609B0BDE8F08F53460E
S31508021CD04A4659462846FEF7FDFBDEE76FF08604BC
S31508021CE0F1E71822002107F094B9426870B5120A82
S31508021CF00588438806D0012A56D000236FF086004D
S31508021D000B6022E005F4E042B2F5805F02D0B2F53C
S31508021D10005F05D10733DB0840D16FF0850014E078
S31508021D2005F44F42B2F5844F03D10733DB080AD1D3
S31508021D30F3E747F20102954208D15B080133DB0853
S31508021D4003EBC3033B3300200B6070BD44F2010270
S31508021D50954202D1DB081033F5E747F202029542B3
S31508021D6004D1DB0803EB43035A33ECE744F20202DD
S31508021D70954204D1DB0803EB43034A33E3E725F034
S31508021D80FF05B5F5E24FD0D0B5F5824FC5D1073379
S31508021D90DB085B000133012BD5D1BEE725F0FF0531
S31508021DA0B5F5824FCFD1F6E705F4E046DC1DB6F568
S31508021DB0805F25F0FF024FEAD40002D0B6F5005F35
S31508021DC006D100284AD0B2F5824F07D1034640E031
S31508021DD005F44F46B6F5844F02D190B3C31C32E0E0
S31508021DE047F20106B5420DD15B080133DB0803EB66
S31508021DF0C3033B330333800723F0030335D1072C90
S31508021E0023D132E044F20106B54202D1DB0810338F
S31508021E10F0E747F20206B54204D1DB0803EB4303B7
S31508021E205A33E7E744F20206B54204D1DB0803EB6C
S31508021E3043034A33DEE7B2F5E24FCED0B2F5824F1C
S31508021E4005D00B68033323F003032C337BE74300E7
S31508021E500133012B00D10B68013BCBE7B2F5824F68
S31508021E600B6806D0033323F00303B2F5824FECD195
S31508021E7002E0023323F003030433E6E72DE9F347CE
S31508021E8045680446DDE90A672D0A884691469A4658
S31508021E9006D0012D16D06FF0860002B0BDE8F08795
S31508021EA0CDE90067FEF757FC10F1860FF5D15346C8
S31508021EB04A4641462046CDE90A6702B0BDE8F047E0
S31508021EC0FFF7E5BBCDE90A6702B0BDE8F047FEF7C2
S31508021ED003BB037E022B06D1C3695A1C03D0013306
S31508021EE0C361002070476FF09600704703466FF093
S31508021EF040420846591E914207D338B103F140437E
S31508021F0093428CBF00200120704701207047034688
S31508021F1068B1017E8A1E012A0BD80329C26903D138
S31508021F20012A01D1FFF7F8BA1AB1013ADA6100209B
S31508021F3070476FF096007047FFF7E9BF00207047B9
S31508021F40C0B2FF280CBF6FF086000020704707B5A5
S31508021F5000216A46FEF732F98C3018BF012003B019
S31508021F605DF804FB13B500216A460446FEF726F916
S31508021F708C3002D1002002B010BD00212046E4F7C1
S31508021F8045F9014610B16FF09800F4E76A46204613
S31508021F90FEF714F98C30EDD0F5E72DE9FF41074637
S31508021FA01446884600293FD0002A3DD0B2F5005F84
S31508021FB03DD202F1240631460120FEF785FF054689
S31508021FC0C0B303463A4621464046E6F775F97F69A5
S31508021FD000243846FFF7BBFF01281FD021462B46AF
S31508021FE0324638460094E4F74FF80146C8B93846EF
S31508021FF002AAFEF7E3F8044620B9029B9E4205D0E0
S315080220006FF0980438460021E4F700F9314628466D
S31508022010FFF79FF8204604B0BDE8F0816FF08A0406
S31508022020F4E76FF09804F1E76FF08604F2E76FF0D1
S315080220308D04EFE76FF08C04ECE7FFF78AB82DE919
S31508022040F047D0F814A086B081468846174650460F
S31508022050002104AAFEF7B2F8044610BB049E01202A
S315080220603146FEF731FF0546002837D0214650464D
S3150802207004AA0394FEF7A2F8044670B903AB024613
S315080220802146CDE9005350463346E4F769F8039BE7
S3150802209004469E4209D06FF0980431462846FFF757
S315080220A058F8204606B0BDE8F0870028F5D13B4629
S315080220B0424631462846CDF80090E6F71BF9044613
S315080220C00028EAD1D8F800302BB13B68002B08BFAC
S315080220D06FF09104E1E76FF09104DEE76FF08C048C
S315080220E0DFE78B69184700207047704770474FF043
S315080220F000007047002070477047704700207047FD
S315080221000020704700207047002070470020704763
S3150802211070477047002070477047112070470020AB
S3150802212070477047704750E8003F0B4340E800325B
S31508022130002AF8D17047C94350E8003F0B4040E8EF
S315080221400032002AF8D17047431E032B06D8DFE86F
S3150802215003F0020402040320704704207047704704
S31508022160002070470020704770477047002070476C
S3150802217000207047704770477047704700207047C5
S31508022180002070477047704770470020704700204C
S3150802219070477047002070470020704770474FF01D
S315080221A0FF3070470020704770477047002070471D
S315080221B0002070474FF0FF3070471120704700200B
S315080221C070470120704700207047002070470020A2
S315080221D0704770477047704701F059BB38B50446D7
S315080221E00AF0E3FBD4E90A1205462046E6F7CCF8DC
S315080221F0B4F84C10B4F84E20E060521A40F271213D
S3150802220001FB020303F59C53083328462361BDE804
S3150802221038400AF0C5BB08B52030FFF784FFBDE891
S3150802222008404FF08050F0F7E7BB38B50D46044634
S315080222300830E7F753FE85F001010025204602F033
S315080222408DFEE06BA56110B1E7F754F9E56304F179
S315080222504000BDE8384007F062B810B5044619B325
S3150802226090F856208AB190F857300133DBB29A4279
S3150802227080F8573009D10121FFF7D7FF4FF0807157
S315080222802046BDE81040FFF7C6BF236ADA030BD51E
S31508022290636A62689B1A002B06DA01212046FFF759
S315080222A0C4FF4FF08061EBE7236A1B0424D402F0D3
S315080222B0BFFF1123B0FBF3F394F9682003EB031372
S315080222C0C01A83B212FA80F0102888BFC3F110032D
S315080222D05BB2083A1A4484F8682040F27121B4F8CD
S315080222E04C2020461A44636801FB023301216360CD
S315080222F0BDE8104002F043BE0023EEE72DE9F74F92
S3150802230016461D4682699DF85830044688460E9F31
S315080223109DF840909DF848B09DF850A00193002A78
S3150802232040F0D28005F01C021C2A04BF0626B046DD
S31508022330EB0600F1A98005F00302032A08BF05F09F
S31508022340FD0505F0F70505F01402142A40F0A080F1
S31508022350A80600F1AA80BDF844209DF85C00A4F8FE
S315080223605420FFF7F1FE00221BF0020F84F86900E1
S31508022370A26740F09D801BF0040F00F09B8000F0DE
S31508022380FD00012814BF0323042384F874309DF842
S315080223906000FFF7D9FE00231AF0020F84F88E00B8
S315080223A0C4F8883040F088801AF0040F00F086805E
S315080223B000F0FD00012814BF03210421606C84F893
S315080223C08410FFF7A9FE49F6FF7104F12000FFF712
S315080223D0B2FEFF2384F85A30019B1BB1236A43F4E9
S315080223E08053236205F01803182B02BF236A43F4AD
S315080223F000432362236A6A0723F4C04323620CD488
S3150802240019F0010F1CBF43F400532362236A19F023
S31508022410020F1CBF43F480432362236AA4F8505078
S315080224202B43236204F16203002F49D03A68C4F8A9
S315080224306220BA889A809DF83430012B03D14FF472
S315080224408061FFF770FE236A9DF8302023F44073FB
S3150802245043EA0223236202F0EBFE9DF85430C0F3EE
S315080224600B0040EA03309DF83C30A4F88C00A4F82F
S315080224704C802046A4F84E6084F85830FFF7AEFE2A
S31508022480002003B0BDE8F08F4FF0010AD3465AE7A1
S3150802249000222046A16AE5F777FF40F271227243CD
S315080224A08242BFF455AF4520EBE705F0FC0552E73B
S315080224B002236AE7012368E702217FE701217DE714
S315080224C0C4F862709F80BEE70C20DAE72DE9F7436D
S315080224D0894617460446019330B901A806F01FFF3C
S315080224E0422003B0BDE8F083012920D0022910D08A
S315080224F089B98369C3B900F128054FF40036236AFE
S31508022500D9061ED55A0726D501A806F008FF0020C7
S31508022510E7E7406C20B901A806F001FF0C20E0E7C6
S315080225201946FFF7FAFDDCE700F13005E5E78369AE
S3150802253023B900F12C054FF48026E0E700F13405B3
S31508022540F9E79B0707D5B9F1000F04D101A806F0F0
S31508022550E6FE1220C5E704F1200840463146FFF799
S31508022560EAFDF80702D5284606F0D9FE019921B1F7
S31508022570284606F0BBFF00230193286806F054FF9D
S31508022580236AD90605D51F2801DC032F16D028464B
S31508022590DDE740F27262904204DD284606F0BFFE8D
S315080225A007209EE7B9F1000F08D1BF2806DD9A0772
S315080225B004D0284606F0B3FE452092E72046D4E921
S315080225C00C12E5F7E1FEA36983B140F27122B4F871
S315080225D04C305343984209D9B4F84E308342E8D373
S315080225E000F51C70B0FBF2F0A4F84C000AF0DDF915
S315080225F0A36905467BB1BB070DD531464046FFF7B1
S3150802260092FD6368C3F57A7602F053FEF04202D56C
S315080226102046E9F785FE28460AF0C2F977E708B5A3
S3150802262048B1CB0701D4002008BD4FF480112030F1
S31508022630FFF779FDF7E74220F6E708B548B1CB0779
S3150802264001D4002008BD4FF480112030FFF773FD36
S31508022650F7E74220F6E7E6F77FB938B58369044615
S315080226600D463BB1036A13F0010011D194F85930B3
S31508022670FE2B0CD004F120004FF40011FFF753FD96
S3150802268001202B68C4F85B30AB88A4F85F3038BDEC
S315080226900020FCE7036A10B5044613F4602025D02F
S315080226A09A0307D504F1280006F039FE236BA362C4
S315080226B000232363236A5B0307D504F12C0006F083
S315080226C02EFE636BE362002363634FF4602104F119
S315080226D02000FFF730FD2046FFF780FD0120B4F801
S315080226E08C305A1C62F30B03A4F88C3010BD10B55B
S315080226F00446403006F0FAFE2046BDE810404FF088
S315080227000071FFF788BD012313B54189009304467A
S315080227108389C289084601F01DFDE0B1E279531E9C
S31508022720072B1AD86389934217D922899A4214D851
S31508022730237C43B9637C33B9A37C23B9E07C10B903
S31508022740237D0F2B07D9607D1B3000F01F000B2855
S315080227508CBF0020012002B010BD0020FBE7F8B5AF
S315080227608D790C460C354B5D4F1903F0400343F047
S3150802277004034B550623B91C7B70164600F00FF866
S31508022780635D002E60F386136355A3797A7803F1A5
S3150802279002031344E371A4BF06367E70F8BD37B54B
S315080227A00246136A084603F4007403F48015DB052F
S315080227B005D47CB902F0C6FC204603B030BD4CB93C
S315080227C0B5FA85F4D2F85B1064090160B2F85F20A5
S315080227D08280F1E7019092F95A30B5FA85F40093AE
S315080227E000231A4619461846FFF7E7FC6409E3E789
S315080227F050E8003F0B4340E80032002AF8D1704700
S31508022800C94350E8003F0B4040E80032002AF8D19D
S31508022810704738B505460C4602F02DFE20B149F63A
S3150802282040439C4228BF1C46EA68A2420BD240F2A9
S315080228307121B5F87A304B43934238BF1346A34207
S3150802284028BF23461A462A6138BD03469A6A443087
S31508022850920404D5D3F82821998FECF715BB93F87F
S315080228606F10ECF707BB0020704701207047002065
S315080228707047704700207047002070470120704754
S31508022880C82070470020704700207047704770477D
S315080228901120704770477047002070477047002024
S315080228A070477047012070477047704790F8852037
S315080228B010B5531C03F00F03072B28BF0023044649
S315080228C063F30302034480F8852083F87E1090F8A8
S315080228D085306F2B4FEA13129EBF013262F307133C
S315080228E080F88530FFF7E1FF204694F83011FFF7AC
S315080228F0CEFF10BD70477047704710B101F1B000A6
S31508022900704701F1D4007047F8307047806A704703
S315080229102830FFF76DBF2830FFF772BFC06A7047CD
S315080229202C30FFF765BF2C30FFF76ABF00F59C70A5
S31508022930704708B50B79DB0702D4FFF7DBFF08BD42
S3150802294091F90510BDE80840FFF7B0BF70B540F22F
S31508022950712606FB01F345685643826A1D4412072F
S31508022960044645600ED500F14005294600F13402B9
S31508022970E7F7CEFD334629462046BDE870400122D8
S3150802298001F0DEBB05EB5605456070BD836A590545
S3150802299005D4D0F8A03013B15B799A0708D4D0F8D9
S315080229A0A40000B9704743799B0701D40068F8E789
S315080229B00120704780F87710704738B504460D46EF
S315080229C0E6F78CFA80B2FFF7CDFB78B14288022D82
S315080229D0A08F11D0032D0BD0012D06D1238F626B48
S315080229E01B01B3FBF2F3184480B238BD0122EEE7AD
S315080229F04FF47A43626BF4E7638F5B00073313FB8A
S31508022A000200F1E738B5044601F085FD04F1A40099
S31508022A1006F085FC04F1A80006F081FC04F1AC007E
S31508022A2006F07DFC04F1A00006F079FC2046E6F7E4
S31508022A3055FAC4B22046FFF761FB05462046FFF762
S31508022A405FFB01462846FFF758FB38BD38B5836A4F
S31508022A5004461B0713D50246B0F87C3052F8341FD9
S31508022A604B4340F271214B4300F14001E7F750FD19
S31508022A70236C20469D08E6F789F92844E06040F26F
S31508022A807125616B204601396943FFF7C2FE636B04
S31508022A90B4F87C2020465A436368012105FB0233B9
S31508022AA06360BDE8384002F06ABA38B5D0F8343106
S31508022AB0044600F5947543B3B3F90030A4F83231ED
S31508022AC02046E6F70BFAC0B2FFF7DAFE94F8303181
S31508022AD094F8312104F1440102F0C6FC0146284665
S31508022AE0EBF778FFD4F83431B4F9322183B1B3F96C
S31508022AF000309A420FD0A36A9B030CD52046BDE844
S31508022B0038404FF40041E6F7FFB947F6FF73D5E7B9
S31508022B1047F6FF73EDE738BDFFF7C7BF836A0A4674
S31508022B2000F14401C3F34030ECF75AB938B504460C
S31508022B300D463AB94FF4C0212830FFF761FE9DB918
S31508022B40002038BDFFF7A8FE98B128344FF4C021FB
S31508022B502046FFF755FE1DB14FF40031FFF748FE38
S31508022B604FF48021204601E04FF40031FFF740FE82
S31508022B70E6E71120E5E72DE9FF41836A04469B0350
S31508022B802CD5D0F8343163B3B3F900500020B4F928
S31508022B903281EBF7E1FDA842B4BF0026012602F016
S31508022BA068FCC82294F83011EBF7E4FD0746204684
S31508022BB0E6F794F9AF42CCBF00270127A5EB080830
S31508022BC00FFA88F30293002346EA4706CDE9005630
S31508022BD01A4694F8301180B200F00BFE04B0BDE834
S31508022BE0F08147F6FF75D1E7FFF7C5BF8630704714
S31508022BF0F8B504460E4600295AD040F27123476BAF
S31508022C0030465F43A7F28A277F08394602F0DFF982
S31508022C1094F88E30851FADB29D4239463046A8BF1C
S31508022C201D4602F0D4F994F88F20831F9BB2934273
S31508022C30A8BF1346F21E012AB4F88610B4F88820F3
S31508022C402BD8B1F5296F44F29020B8BF4FF4296109
S31508022C508142A8BF0146B2F5296FB8BF4FF429626F
S31508022C608242A8BF02461B2DB8BF1B251B2BB8BF25
S31508022C701B23304684F8913084F89050A4F88A10C1
S31508022C80A4F88C2002F0A3F9831F9BB2AB42A8BF1B
S31508022C902B46DBB284F89230F8BDB1F5A47FB8BFF3
S31508022CA04FF4A471B2F5A47FB8BF4FF4A472DAE761
S31508022CB01B23EFE72DE9F341476B490089B28F429F
S31508022CC0044616461D4639D040F2712243684163CE
S31508022CD002FB073302FB11334360E6F7FFF84FF0B6
S31508022CE0000887B233464246012138460195CDF897
S31508022CF00080FFF73FFA3846FFF744FA414638465E
S31508022D00FFF739FA0123618F228FB14218D0954213
S31508022D10668700D02587238F626B1B01B3FBF2F30C
S31508022D20204694F83011A4F89C30FFF761FF04217D
S31508022D30204602B0BDE8F041E6F7E6B80023E2E72E
S31508022D409542E7D1A26A1207E5D5002BE3D102B074
S31508022D50BDE8F081F0B585B004460E466A4600F134
S31508022D60860300F18E07154618685968083303C5A5
S31508022D70BB422A46F7D11868314628609B88204606
S31508022D80AB80FFF735FF9DF80B2094F891309A42F5
S31508022D9011D1BDF80620B4F88C309A420BD19DF8B1
S31508022DA00A2094F890309A4205D1BDF80420B4F866
S31508022DB08A309A4207D04FF48141204605B0BDE8D1
S31508022DC0F040E6F7A1B805B0F0BD37B5044694F869
S31508022DD08E50BDF818008D420BD1B4F88650954234
S31508022DE007D194F88F509D4203D1B4F88850854292
S31508022DF01BD08DF80610ADF80420019D84F88E10BC
S31508022E0084F88F30A4F8880094F830112046C4F864
S31508022E104051A4F88620FFF79DFFB4F88A30A4F83B
S31508022E208630B4F88C30A4F8883003B030BD70B55B
S31508022E30044616460D4690F83031B1B1994214D07F
S31508022E400122FFF727FD294600222046FFF720FD2B
S31508022E502946204684F83051FFF77CFF2046BDE814
S31508022E6070404FF48441E6F74FB819462046FFF7FB
S31508022E7071FF002EF2D170BDF8B51D46C36A04462D
S31508022E805B070F46164610D404212C30FFF7B0FC18
S31508022E9084F89A702046A4F89660A4F898504FF4DD
S31508022EA00061BDE8F840E6F72FB8F8BD10B511B1D4
S31508022EB090F89A400C7012B1B0F89610118013B1BE
S31508022EC0B0F898201A80C06AC0F3800010BD4FF48B
S31508022ED000412830FFF78CBC00F5A270704790F8C5
S31508022EE030017047F8B5044609F05FFD6568064685
S31508022EF002F0DFF92B1AB3F5FA7304D53046BDE8AA
S31508022F00F84009F04DBD40F27122616B94F8705099
S31508022F105143B3FBF1F3A28F98B2121AA28794F81F
S31508022F206F2000FB1522252592FBF5F705FB1722D4
S31508022F30002AB8BF521984F86F20B4F89C20121AD6
S31508022F40A4F89C20626800FB1122002120466260D8
S31508022F5002F015F8D2E700232DE9F3474E79044625
S31508022F60B20758BF06F00106084648BF0326ADF861
S31508022F70043058BF01360D46FFF7B9F8074607F081
S31508022F801F03002BE36A15BF4FF001084FF0000834
S31508022F904FF003094FF002099B050CD59DF8043042
S31508022FA0294666F3010368F345138DF80430204673
S31508022FB0019A00F019FB284606F036FA8246494677
S31508022FC0284606F0ECF99DF80430AA7966F301035F
S31508022FD068F345138DF804308DF805A0BDF8043062
S31508022FE00C32AB529DF80430A91898066B7948BF83
S31508022FF08F7043F001036B7109F0D7FC0646204631
S31508023000294650F8A47F06F071FA94F8463120460C
S31508023010013384F84631E5F761FF80B2FFF7A2F87B
S3150802302080B14388A26A12070ED5B4F87C209A4268
S3150802303002D92046FFF756FF304602B0BDE8F047F0
S3150802304009F0AEBC0123EDE7656802F032F9804665
S31508023050E9F760F98442EFD1A5EB0805B5F57A7F61
S31508023060EADD1FB1D4F8A030002BE5D1E9F7A0FCC0
S31508023070E2E7F0B5036B0446990790F8775087B0F4
S3150802308001D5FFF7BFFC236BDA0733D5A76A3B07DF
S3150802309023D517F4002F14BF032601262046E5F789
S315080230A01DFF94F89B30314605930023049394F848
S315080230B03E30C7F380020393238F80B20293638F55
S315080230C00193636BC3F34F03009304F1710300F09A
S315080230D010FE30B9002007B0F0BDBE0C06F002069D
S315080230E0DCE7012104F13000FFF78AFB4FF40051B7
S315080230F0FFF77EFB236B980410D52046E5F7EEFE14
S31508023100A16AC0B2C1F3403100F058FB0028E1D0F1
S315080231104FF4005104F13000FFF772FB236BD90418
S3150802312009D500212046E6F7FBFB4FF4805104F14E
S315080231303000FFF765FB236B5A0512D52046E5F7E3
S31508023140CDFE002394F89B60C2B21946304600F0C1
S3150802315073FC0028BED04FF4806104F13000FFF7FB
S315080231604FFB236B5B0711D52046E5F7B7FE616B6C
S31508023170238F628FC1F34F0180B200F09AFD0028B7
S31508023180A8D0042104F13000FFF73AFB236B1F078E
S3150802319009D5204601F0AEFB00289BD0082104F190
S315080231A03000FFF72DFB236BDE0618D52046E5F720
S315080231B095FEE16A80B211F4805100F0DB800021AD
S315080231C000F00CFE002885D04FF4805104F12C0043
S315080231D0FFF716FB102104F13000FFF711FB236BF2
S315080231E0580613D52046E5F779FE94F8773080B26B
S315080231F00093D4E9082300F0D4FD00283FF46AAF0F
S31508023200402104F13000FFF7FBFA0025236B19056C
S3150802321016D52046E5F762FE00230093B4F89830E7
S31508023220B4F8962094F89A1080B200F07AFA002838
S315080232303FF450AF4FF4006104F13000FFF7E0FAB3
S31508023240236B13F480462FD19A0513D52046E5F74A
S3150802325045FE94F8772094F8301180B2E7F706F91C
S3150802326000283FF437AF4FF4007104F13000FFF73E
S31508023270C7FA3546236B1B0616D52046E5F72EFEFA
S31508023280B4F88C3080B2009394F89130B4F88A205E
S3150802329094F8901000F0D4FD00283FF41BAF80216B
S315080232A004F13000FFF7ACFA236B9F0610D52046CF
S315080232B0E5F714FE94F8771080B200F0A6FD002810
S315080232C03FF408AF202104F13000FFF799FA0025F0
S315080232D0236BDE0508D504F130004FF48071FFF741
S315080232E08FFA204601F031F9236B180408D504F148
S315080232F030004FF40041FFF783FA2046FFF774FCCB
S31508023300236BD90308D504F130004FF48031FFF757
S3150802331077FA2046FFF7BAFA236B9A0308D504F11F
S3150802332030004FF40031FFF76BFA2046FFF7BCFA7C
S31508023330236B9B071AD5002220461146FFF7B2FADD
S315080233402046FFF7B1FA2046E5F7C8FD94F877104C
S3150802335080B200F010FE00283FF4BCAE04F1300043
S315080233600221FFF74DFA2046E6F7C4F8012084F851
S315080233707750B0E600F049FD24E708B5022006F0CA
S3150802338092F910B100F0DDFD012008BD10B5044622
S315080233904FF440712830FFF733FA2046BDE8104053
S315080233A00021E6F7BDBA012310B5A1F12002C1F149
S315080233B0200423FA04F403FA02F222438B40D0E9EA
S315080233C0084123400A40134314BF0120002010BDC0
S315080233D0C36A10B5044613F0080012D00123A1F1FE
S315080233E02002C1F1200023FA00F003FA02F2024396
S315080233F08B40D4E9080103400A40134314BF012055
S31508023400002010BD10B50C46C9B2FFF7E1FF70B136
S31508023410EAF7E2F9C4F12002A4F12003E04001FA36
S3150802342002F2104321FA03F3184300F0010010BD1B
S3150802343070B504460E46E7F7C3F909F0B6FA05462B
S315080234400221204684F87760E5F75EFD20460121D1
S3150802345001F084FD2846BDE8704009F0A1BA70B5AE
S3150802346004460D4609F0A1FA0646E8F753FF8442D8
S3150802347001D1E9F77DFA304609F092FA2946204643
S31508023480BDE87040FFF7D4BF0B68C0F840317047FB
S3150802349038B540F64805D0F840310C460B609BB269
S315080234A0AB4204D90B21FFF7ADFF08B9258038BD19
S315080234B044F290232380FAE708B5E5F7CDFE00F03B
S315080234C0DDFA00F008F8E7F77BF8E7F7A5FEBDE8AE
S315080234D00840E7F721BF704770B515460E461C46E9
S315080234E0FFF712FA2B684EB103606B6843602368D4
S315080234F0C0F825302368C0F8153070BD83606B6844
S31508023500C3602368C0F829302368C0F81930F4E785
S3150802351070B50546FFF7F8F9044609F046FA064675
S315080235204FF480712846FFF7F3F94FF400612846F5
S31508023530FFF7F6F9304609F033FA002328462361E5
S315080235402375236284F82430FFF7E0F9802310F00C
S31508023550080F14BF237584F8243070BD10B50446CD
S31508023560FFF714FF2046BDE810401021E5F7CCBC52
S3150802357010B504464FF46061FFF7D5F92046BDE859
S315080235801040FFF703BF7FB506460C46FFF7BCF9A6
S315080235904FF4C06105463046FFF7C2F94FF40061A1
S315080235A03046FFF7C0F94FF48060EAF78FF82246F3
S315080235B070B969462846EBF74DFB6B4605F11002D2
S315080235C013F8011B02F8011DAA42F9D104B070BD15
S315080235D06C4602F11006234610685168083203C386
S315080235E0B2421C46F7D1E8E737B50D46ADF80420D6
S315080235F0FFF78AF9044600F1200302460199284694
S31508023600EBF758FA236A0133236223B994F8243074
S31508023610013384F8243003B030BD37B50D46ADF812
S315080236200420FFF771F901990446024600F11003D6
S315080236302846EBF7A3FA30B123690133236113B99C
S31508023640237D0133237503B030BD41F0004141F4B7
S31508023650E0210160704707B501A8019105F05FFEF8
S31508023660002003B05DF804FB7047704700207047DE
S3150802367010B5DC1D043383734379C47123F0030345
S3150802368043F003030E244371012344738371C37306
S315080236900182827410BDD31CC371FF23437343791D
S315080236A0827323F0030343F0030343710123C173B7
S315080236B083717047D31CC3713E2343734379827364
S315080236C023F0030343F0030343710123C173837198
S315080236D070470F234373042383734379A0F81110A9
S315080236E023F0030343F00303437140F20173C380DB
S315080236F00123C27303747047D31CC37143794173A0
S3150802370023F0030343F00303437101238273837196
S31508023710704708B50023FFF7ABFFBDE80840E6F798
S315080237203FBC2DE9F84380460220894617461E46C5
S3150802373005F0B9FFD0B10C2343730823837340F60F
S3150802374001334579C38025F003059DF8203045F0FD
S3150802375003054571A0F8108080F81290A0F813703E
S31508023760A0F81560C373E6F71BFC0120BDE8F883D1
S3150802377008B5022005F097FF30B101221121FFF7A3
S3150802378099FFE6F70DFC012008BDF8B504460F4679
S31508023790164613211D460922FFF78CFF83790C333F
S315080237A01C44A170E77026712B68C4F80530AB88F3
S315080237B0A4F80930BDE8F840E6F7F2BB70B506464C
S315080237C002200D4605F06FFF044668B11421042253
S315080237D0FFF770FF83790C331C44A170A4F80360C9
S315080237E06571E6F7DDFB012070BD08B504F0A3FD9F
S315080237F008BD2DE9F041074602200D4690461E46B1
S3150802380005F051FF0446E0B109222121FFF752FFD4
S315080238100A2283790C331C44BDF9183084F80380D4
S3150802382093FBF2F323729DF81C30A7806372BDF9ED
S315080238302030A67193FBF2F3E571A372E6F7B0FBAB
S315080238400120BDE8F08137B5044605F0EDFD3E22BC
S31508023850A379C0B20C33E518E254831E6B700D23AC
S31508023860AB70AB791C38012BE8768DF8073009D195
S315080238700023E91D1A460DF10700FEF795FC9DF88F
S315080238800730AB712046E6F78BFB03B030BD7047B5
S3150802389010B5E6F7BFFB837900210C33C418E0782C
S315080238A0E4F7E0FD6168FEF7BAFE0446E6F7B8FB00
S315080238B02246BDE8104000234FF61941FFF7D8BE4D
S315080238C010B5E6F7A7FB837900210C33C418E07814
S315080238D0E4F7C8FD6168FEF7B0FE0446E6F7A0FB0A
S315080238E02246BDE8104000234FF61A41FFF7C0BE34
S315080238F02DE9F041E6F78EFB837900250C33C418CF
S31508023900E678E6F787FB0768E6F784FBA6F1FE0387
S315080239105942594105603046E4F7A4FD3B4629461B
S315080239202279FEF7D3FD0446E6F77AFB2B462246B2
S31508023930BDE8F04142F23701FFF79ABE2DE9F041A0
S31508023940E6F768FB837900250C33C418E678E6F7B0
S3150802395061FB0768E6F75EFBA6F1FE035942594189
S3150802396005603046E4F77EFD3B4622790121FEF7E3
S31508023970ADFD0446E6F754FB2B462246BDE8F04168
S3150802398042F23801FFF774BE2DE9F047E6F742FB2B
S3150802399083790C33C418277994F8038027B9B8F1C8
S315080239A0010F27D0E4F7C0FF00260534BE420ADB22
S315080239B00025E6F735FB2A46BDE8F047002342F222
S315080239C03901FFF755BE2078B4F80150A0F1FE037D
S315080239D05942594194F803900434E4F743FD58B127
S315080239E02A464B464146E4F799FE05460028E0D1A9
S315080239F00136DBE71225DCE74225DAE710B5E6F7FA
S31508023A0009FB837900210C33C418E078E4F72AFD10
S31508023A1080B1211DFEF721FE00280CBF0C240024CC
S31508023A20E6F7FEFA2246BDE81040002342F23501C7
S31508023A30FFF71EBE4224F3E7FE282DE9F8430646A1
S31508023A40894690461F4616D0022005F02CFE0446EB
S31508023A5090B106221221FFF72DFE1223A5792046E0
S31508023A600C352544AB7085F803902E71A5F80580B0
S31508023A70EF71E6F795FA0120BDE8F883704710B5AD
S31508023A80E7F76AFE0446FEF787FB2043C0B210BD7D
S31508023A9038B5E6F7BFFA8379C17903F10C02024415
S31508023AA0CB1A02200021B2F8035005F027FF04467C
S31508023AB040B9E6F7B5FA0722BDE8384042F21901DD
S31508023AC0FFF707BE2846E5F7F5F938B12146E7F7C5
S31508023AD0B7FB0446E6F7A4FA2246EDE72046F7F7CF
S31508023AE08FFA0224F6E770B5E6F794FA8379184452
S31508023AF0B0F80F60B0B2E5F7DDF980B1002100F049
S31508023B00A1FE0546E6F78CFA044602232A4642F245
S31508023B101B01FFF7ADFDA3791C44668270BD022521
S31508023B20F0E770B5E6F776FA83790C33C418B4F879
S31508023B3003502846E5F7BEF9A0B1611D00F082FEE2
S31508023B400646E6F76DFA04460223324642F21A019F
S31508023B50FFF78EFDE37923449D72E3792D0A1C440F
S31508023B60E57270BD0226ECE710B5E6F753FA8379DB
S31508023B700C3318444479B0F80300E5F79BF960B1B1
S31508023B802146E7F739F90446E6F74AFAE2B240F27D
S31508023B900641BDE81040FFF79CBD0224F4E770B564
S31508023BA0E6F738FA83791844B0F80F5008F0FDFEA4
S31508023BB004462846E5F77EF980B11621FFF74FFC41
S31508023BC00025204608F0ECFEE6F72AFA2A46BDE862
S31508023BD0704000234FF60441FFF74ABD0225F0E77D
S31508023BE0F8B5E6F717FA847905460C340444B4F8AE
S31508023BF00300E5F75FF9064640B9E6F711FA02222D
S31508023C00BDE8F84042F21301FFF763BDAB79E979E3
S31508023C1003F10C020220CB1A2A44002105F06EFE9B
S31508023C20014618B9E6F7FCF90722E9E7837903336F
S31508023C3083713046B4F80D50B4F80F70E7F782F87E
S31508023C4004463A4629463046E5F7A0FCE6F7E8F97F
S31508023C502246D5E738B508F0A8FE0446FFF70FFF57
S31508023C6000280CBF0C250025E6F7DAF92A4642F2A7
S31508023C700E01FFF74EFDE8F7E7F82046BDE83840A3
S31508023C8008F08EBE10B5E6F7C5F983790C330344FE
S31508023C90B3F80300B3F80510C0B2E5F7D9FCE6F7A6
S31508023CA0BFF9BDE81040002342F224011A46FFF785
S31508023CB0DFBC2DE9F84381460220884617461E4690
S31508023CC005F0F1FC044690B10A220321FFF7F2FC43
S31508023CD00023A57920460C352544EB70A5F80490F7
S31508023CE0A5F806802F816E81E6F75AF90120BDE80C
S31508023CF0F8832DE9F043814685B002200E461F4619
S31508023D009DF844808DF80F2005F0CDFC0546002865
S31508023D1044D022222921FFF7CDFC0022AC79304675
S31508023D200C342C4404F10E0304F11401C4F80E20D9
S31508023D309A806261228300913A460DF10F01FEF7DD
S31508023D4034FA9DF84030A4F80490E37006F00103B3
S31508023D50A3719DF80F3016F0FD0FE3713B68A3605F
S31508023D60BB88A3814FF6FF7304D0032E08BF4346D0
S31508023D704FF0FF08BDF8302028466283BDF834208C
S31508023D8084F82180A283BDF838206384E2839DF8F3
S31508023D903C2084F82020E6F703F9012005B0BDE8A7
S31508023DA0F083F8B50746022016461D4605F07BFC49
S31508023DB0044690B10C220421FFF77CFCA1799DF8F8
S31508023DC018300C31214420468F80C1F80660C1F8AC
S31508023DD00A50CB70E6F7E4F80120F8BD70B506463E
S31508023DE002200D4605F05FFC044668B10322302125
S31508023DF0FFF782FCA37920460C332344A3F8036019
S31508023E009D70E6F7CDF8012070BD70B50646022012
S31508023E100D4605F048FC044688B104220821FFF73E
S31508023E206BFCB5FA85F2A37952090C332344204672
S31508023E30A3F803605A719D70E6F7B2F8012070BDC7
S31508023E402DE9F84381460220884617461E4605F0A4
S31508023E502AFC0446B0B10B220721FFF72BFCA579F1
S31508023E60BDF820300C3525442046A5F80390A5F860
S31508023E700580A5F80770A5F80960A5F80B30E6F7DE
S31508023E808FF80120BDE8F883F8B5074602200E46EA
S31508023E90154605F008FC0446A0B10D220521FFF7D8
S31508023EA009FCA37920460C332344A3F80370A3F82C
S31508023EB00D602A68C3F805206A68C3F80920E6F780
S31508023EC06FF80120F8BD2DE9FF4116466A4680467D
S31508023ED00F4615460A9C03F1100E9446186859684F
S31508023EE00833ACE8030073456246F6D124B90220CA
S31508023EF005F0D9FB044608B31D22ED212046FFF73B
S31508023F00CAFBA3790C332344A3F80380A3F80D70E4
S31508023F102EB13268C3F805207268C3F809200F3338
S31508023F2004AE2A4603CAB24218605960154603F11E
S31508023F300803F6D12046E6F733F8012004B0BDE8B7
S31508023F40F08113B51321827901900C3284188154B9
S31508023F504FF44072C280E5F713FEA07020B901A89B
S31508023F6005F0DDF902B010BD8000013060700198DD
S31508023F70E6F716F8F6E770B5064602200D4605F08E
S31508023F8092FB044678B104220521FFF7B5FB00220D
S31508023F90A37920460C332344A3F803605D719A7013
S31508023FA0E5F7FEFF012070BD13B5837901900C3346
S31508023FB0C418C05CE4F77EFF20B901A805F0AFF982
S31508023FC002B010BD6378019913F0300F0CBF0122BD
S31508023FD000228B7904338B714B7962F300034B71A0
S31508023FE0E5F79EFCECE72DE9F041E6F713F883794D
S31508023FF00C33C418B4F803801FFA88F0E4F75AFFA2
S31508024000054600B3A2796179FEF790FD0646E6F702
S3150802401007F807460223324642F27A01FFF728FBDF
S31508024020BB7938463B44A3F81280E5F7B9FF46B98F
S31508024030A37933B12846FEF752FF01462846FEF712
S315080240402DFCBDE8F0810226E1E700F09EBE70472E
S3150802405038B5044601F00DFA054658B9C820EAF7FC
S31508024060DBFCC82202212846EAF784FB8442A8BF61
S31508024070044624B22046EAF7CFFC01F0FAF9BDE875
S315080240803840C8220221EAF775BBB0F90020B1F917
S3150802409000302DE9F0479A4204460D4648DC08F0FE
S315080240A084FC8046E5F7BCF900283ED1EAF754FBC2
S315080240B0824601F0DEF9C8220221EAF75BFB47F6DF
S315080240C0FF73B5F9002081469A4202D1EAF76EFBE0
S315080240D0288047F6FF73B4F900209A4202D1EAF71C
S315080240E05DFB2080B5F90000FFF7B2FFB4F9003096
S315080240F007468342C8BF2080B4F90000EAF776FC77
S31508024100FEF7C0FB064658B15046EAF76FFC48462A
S31508024110EAF782FC404608F043FC3046BDE8F087E1
S31508024120EAF71AFB20802F80F4E741F20C06F1E742
S315080241302126F2E74368143B4360A0230B607047CD
S315080241401AB94268A2EB530242600A6802EB83027A
S315080241500A607047884210B51BD8052819D9B1F5E7
S31508024160486F16D8B3F5FA7F13D240F67644A2F111
S315080241700A0080B2A0420CD8BDF8080001339BB2EF
S3150802418043434B435B00B3EBC20F94BF01200020AD
S3150802419010BD0020FCE7C94350E8003F0B4040E849
S315080241A00032002AF8D17047002070472DE9F04105
S315080241B004460E4600250127214685F00100FEF732
S315080241C09CFB4FF48051FFF7E6FF8368804633B9BC
S315080241D038460DB1BDE8F08101250746ECE7028AAB
S315080241E0B24206D100220121204698470028EFD183
S315080241F0EFE70268D10502D500221146F4E79307D4
S31508024200E6D52046FEF7C2FB02460028E0D1052184
S31508024210D8F80830E8E708B5FEF788FB00230380DC
S31508024220436008BD70B506460C4608F0BEFB054657
S315080242303046FEF77BFB30B103781C4304704FF41B
S315080242400070EEF7D9FB2846BDE8704008F0A8BB17
S31508024250E5F766BB07B542798DF8071022F0030227
S3150802426042F00302427140F203320DF10701C280A5
S31508024270012205F030F803B05DF804FB70B50C4670
S315080242800546072120461646FFF7E4FF2046E6F7CD
S3150802429007FA214646702846BDE87040E5F740BB56
S315080242A038B50C4600210546FEF787FB47F6FE732E
S315080242B0241AA4B29C4205D928462821FFF7B8F841
S315080242C0002038BD0120FCE738B504460D460146F4
S315080242D00020FEF712FB03689B0505D429462046F3
S315080242E0BDE83840FFF7DCBF002038BD2DE9F041B4
S315080242F015461F469DF81880FEF7FFFA044608F091
S3150802430054FBB8F1010F064623D154E8003F43F4A3
S31508024310807344E80032002AF7D105B354E8002F27
S3150802432042F4007244E80023002BF7D1FF2120460D
S31508024330FFF731FF54E8002F48EA020244E8002357
S31508024340002BF7D13046A5602782BDE8F04108F078
S3150802435027BB4FF480712046FFF71DFFDDE74FF4B8
S3150802436000712046FFF717FFE0E773B506460120FE
S315080243700C46FEF7C2FA002305461A460093214662
S315080243803046FFF7B3FF6B6863B14FF4807120467E
S31508024390E4F7BAFD55E8003F43F4007345E80032F6
S315080243A0002AF7D108F001FB05462046FEF7BEFAB9
S315080243B028B103881BB14FF40070EEF71DFB28469F
S315080243C002B0BDE8704008F0EBBA38B505460C46AF
S315080243D0FEF793FA83684BB10221204600229847DA
S315080243E021462846BDE83840FFF7BFBF38BD012938
S315080243F038B505460C4608D0CC1E012C03D8014612
S315080244000120FFF7E2FF012038BD2221FEF7D2FA8A
S3150802441020462946FFF7D9FF0020F5E708B5FEF73B
S315080244206CFA006800F0F00008BD10B501460446B3
S315080244300120FFF7F3FF20B92146BDE81040FFF738
S31508024440EDBF10BD70B506460C4601460120FEF7C3
S3150802445054FA314605460020FEF74FFA2B680268E1
S31508024460014643EA0200C0051ED49B0502F4007207
S3150802447003D49AB94FF0FF3070BD2B8A1B1B98B232
S315080244807AB1098A091B89B28842A8BF08464FF63B
S31508024490FF73984208BF4FF0FF30EDE74FF6FF7003
S315080244A0EFE74FF6FF71EFE70120E5E72DE9F34164
S315080244B004460191014601201546FEF71EFA2146D9
S315080244C006460020FEF719FA80462046FEF71EFA2F
S315080244D0810606D501A804F022FF0C2002B0BDE829
S315080244E0F08108F062FA336807469A0503D4D8F8C9
S315080244F000309B0509D50199301D8D6004F0F6FF41
S31508024500384608F04DFA0020E8E708F049FA20464E
S315080245100199A847E2E738B5014604460120FEF7A5
S31508024520ECF905460C3004F0FAFE281D04F0F7FEF5
S3150802453021460020FEF7E1F904460C3004F0EFFEAE
S31508024540201DBDE8384004F0EABE70B501460546AE
S315080245500120FEF7D2F90646043004F05DFF044650
S3150802456070B14FF400713046FFF715FE2146284612
S31508024570A368984720B12046BDE87040F6F740BDCB
S3150802458070BD00238260C0E90031704708B50B464A
S3150802459001461846FEF7B1F90068C0F3402008BD87
S315080245A0FFF725BFCB1E012B70B504460D461646EE
S315080245B006D81A21FEF7FEF940212046E4F7A4FCA4
S315080245C0324629462046BDE87040FFF710BF38B587
S315080245D004460D46FEF7DAF928B1012D04D1222147
S315080245E02046FEF7E7F9002038BDF8B50C468B7968
S315080245F007460B44D3F80D60D3F811303246E5F777
S3150802460071F909212046FFF725FE2046E6F748F804
S31508024610A579E9F7E1F80C3566F0FF062544064068
S31508024620C5F80160E9F7D8F83846C5F805102146F5
S31508024630FFF70EFE02213846FFF7F4FDF8BD70B506
S315080246400E46054601460020FEF757F9012E044696
S3150802465003D0022E11D0012070BDC16828468B797D
S3150802466019440D31FEF75AFAE068F6F7C9FC00203C
S315080246702946E060FFF779FEEDE7C068F6F7C0FC69
S315080246800023E360E7E738B50D46044601460120F4
S31508024690FEF733F9012D08D100F112012046FEF783
S315080246A03DFA21462846FFF760FE012038BD08B5C7
S315080246B0FEF72CF9C0F3C00008BD08B5FEF72EF9BF
S315080246C000F0010008BD38B50C4602210546FEF782
S315080246D027F90C212046FFF7BDFD2046E5F7E0FF46
S315080246E04FF0FF3383700223C3700E2343706FF0BB
S315080246F02F0303710523214643712846BDE8384036
S31508024700FFF7A6BDF8B504460D46E4F7E7FB4FF0FA
S31508024710FF3180B2FDF737FD2046FFF7C8FF80F06C
S315080247200107FFB221463846FEF7E7F80646C06893
S31508024730012D837903D0022D20D00120F8BD0C3338
S31508024740C5182B892046EA88A988FEF7B3FA69882C
S315080247506A7849005200204689B2FEF7F7F8F068EF
S31508024760F6F74EFC002320464FF48031F360FEF73D
S31508024770DAF821463846FFF7F8FDDEE7F6F740FC99
S3150802478000234FF480312046F360FEF7CCF8D4E7D5
S31508024790042910B5044601D0002010BDFFF787FF93
S315080247A0C0F10200E8F792FF0028F5D104F07BFF7A
S315080247B0014608B90220F0E72046E6F7E7FA00289C
S315080247C0F8D10120E9E708B5FEF7A0F8C0F3C00062
S315080247D008BD2DE9F0410F4604469046FFF7F3FF60
S315080247E080F00105EDB221462846FEF786F8012F2C
S315080247F0064603D0032F0FD001200BE02046FEF712
S31508024800B7FE22212046FEF7D5F828462146FFF7AD
S31508024810DCFD0020BDE8F081C068F6F7F1FB002355
S315080248202046F360FEF7A4FE20465FFA88F1FEF7FB
S31508024830C1F820462021E4F767FB21462846FFF700
S31508024840C4FDD9E737B504460D46FEF767F80305F2
S315080248504CD5022004F027FF0190002848D02046B4
S3150802486045B3FFF7B0FF50B105210198FFF7F2FCF7
S315080248700198E5F715FF20460199FFF7E9FC20465E
S315080248802946FEF780FE2046FFF79DFF78B94FF4CA
S3150802489000612046FEF73FF806210198FFF7DAFC89
S315080248A00198E5F7FDFE20460199FFF7D1FC0020A5
S315080248B003B030BDFFF787FF68B1019903230622CB
S315080248C02046E5F7FFFE2046FEF752FE2146284619
S315080248D0FFF77BFDEBE701A804F021FD20463D2109
S315080248E0FEF7A6FD2046FEF743FEE0E70C20DFE7CB
S315080248F00720DDE7F7B5014604460020FDF7FDFF70
S31508024900054600F112074FF48060E8F7DFFE50B95A
S315080249102046E4F7E3FA3A46698B80B203B0BDE86B
S31508024920F040FFF7B1BA2046E4F7D8FA0646204621
S315080249306D8BFDF7E9FF00220346009229463A46A7
S31508024940B0B2FFF7C0FA03B0F0BD83781A2B09D8C4
S315080249501B2383700288B2F5A47F07D24FF4A4738F
S31508024960038007E0FB2BF5D9FB23F2E744F29023F9
S315080249709A42F5D87047F0B50446CA798B7987B05A
S3150802498043EA0223ADF80C308B8803A88DF80E3063
S31508024990CA788B7840F6480543EA0223ADF8103008
S315080249A00B8805A98DF81230FFF7CFFF04A8FFF789
S315080249B0CCFF2046FEF76CFD0B212046FEF722FDB2
S315080249C044F29023002818BF1D46BDF80C709DF8C6
S315080249D00E30BDF81460BDF810209DF816009DF83B
S315080249E01210AF42D4BF00970095FB2BA8BFFB233A
S315080249F0B242A8BF32468142A8BF01462046FEF708
S31508024A00E4F907B0F0BD37B5144605461046FFF778
S31508024A1021FC2046E5F744FE01A904462846FEF78E
S31508024A2037FD0B212846FEF7EDFC6FF00403637091
S31508024A30002344F29022A37040F64803002818BFC8
S31508024A401346A4F803309DF80630A4F80530BDF8DD
S31508024A500430A4F8073003B030BDFFF7C8BC0229FA
S31508024A6073B505460C4603D00024204602B070BD35
S31508024A700521FEF798FC0028F6D0E4F7EFFD1B287F
S31508024A80F2D94FF40040E8F721FE0028ECD104F0F1
S31508024A900AFE06460028E8D0284601A9FEF7F8FCD1
S31508024AA0314628469DF80630BDF80420E6F74AFC4A
S31508024AB00028D9D10124D8E730B190FAA0F0012311
S31508024AC0B0FA80F08340D8B2704770B50646FDF753
S31508024AD025FF80F0400402060546C4F3801406D476
S31508024AE008213046FEF78EFC08B144F00204EB05B5
S31508024AF006D40B213046FEF785FC08B144F00404BF
S31508024B00204670BD4B1E032B10B50C4602D9002356
S31508024B10184610BD0329FAD0FFF7D7FF04EA0003A7
S31508024B208443F4D1F4E72DE9F843044691460F4647
S31508024B30FDF7F4FEC0F340152046FEF7CDF92146EF
S31508024B4080462846FDF7D9FE494606462046FDF721
S31508024B5031FF98F80110384601F00F0100F022FAE9
S31508024B60062814BF014600212A462046FEF75FF9A9
S31508024B7021462846FFF7F9FB20212046FDF7D3FEFA
S31508024B8056E8003F43F4805346E80032002AF7D13C
S31508024B90BDE8F883F8B50E4604461546FDF7BEFE8F
S31508024BA0032EC0F340170DD0042E16D0012E12D1B3
S31508024BB022212046FDF7FEFE38462146FFF705FC70
S31508024BC00020F8BDEAB200212046FFF7ACFF2146D5
S31508024BD03846FFF7FAFB0120F3E70C22F3E701292F
S31508024BE010B504460BD1FDF799FE2146C0F34010D5
S31508024BF0FDF783FE0022817C2046FFF794FF012001
S31508024C0010BD2DE9F7430F460546FDF787FE00F06E
S31508024C102009C0F340182846FEF75EF9BB790C3323
S31508024C203B445E789B781E400378C3F3030000EA90
S31508024C3013103040FFF740FF044648B9B9F1000F98
S31508024C4006D12846FFF741FF3040FFF735FF0446F5
S31508024C502846FEF744F9E7F701FCA04223D01CB325
S31508024C6002212846FDF7A9FE002106462846FDF739
S31508024C70BFFF18213846FFF7EDFA3846E5F710FD6B
S31508024C80B6B2394644708470A0F803602846FFF726
S31508024C90DFFA23462246294640460096E6F78CFB6B
S31508024CA003B0BDE8F08300242646E2E770B5044661
S31508024CB00D46FFF7BAFB28B929462046BDE87040DB
S31508024CC0FFF79FBF402829462046BDE870404FF0AF
S31508024CD0160314BF2A222322E5F7F4BC38B5054683
S31508024CE00C46FDF71BFE830604D42046BDE8384071
S31508024CF0F6F786B921462846BDE83840FFF781BF50
S31508024D002DE9F3418C7906460C340C440D46FDF721
S31508024D1005FEA17807463046FFF7F4FE617880461D
S31508024D203046FFF7EFFEB4F8032003460092C7F3B6
S31508024D30401042463146E6F73FFB284602B0BDE838
S31508024D40F041F6F75DB908B58B790B441B7B162B38
S31508024D5003D0172B05D0002008BDFFF7A7FF0120B7
S31508024D60FAE7FFF7BBFFFAE708B58B790B441B7B1B
S31508024D70162B03D0182B05D0002008BDE6F746FBF4
S31508024D800120FAE7FFF7BCFFFAE770471FB54A1E8C
S31508024D90042A03460C465FD8012902D1008804B0CA
S31508024DA010BD022905D100885B88984238BF18468B
S31508024DB0F5E74A00014601A804F033F9032C07D1A6
S31508024DC00023ADF80A304FF6FF73ADF80C3001E058
S31508024DD0042CF8D0BDF80620BDF80430934284BFEF
S31508024DE0ADF80630ADF80420BDF80A30BDF80C203F
S31508024DF0934288BFADF80A20BDF80A2088BFADF8ED
S31508024E000C30BDF80430934288BFADF80A30BDF8BD
S31508024E100620BDF80C309A4288BFADF80630BDF8B8
S31508024E200820BDF80630934284BFADF80830ADF8C5
S31508024E300620BDF80A30BDF808209A4288BFADF8A8
S31508024E400830BDF80820BDF806309A4238BFADF8DA
S31508024E500830BDF80800A2E74FF6FF709FE7830700
S31508024E6005D410F0040F14BF032001207047022056
S31508024E707047022805D0032805D0012806D1E7F78E
S31508024E809BBFE7F789BF0020E6F7A4BF704710B1BA
S31508024E90012803D070470120E6F79CBF0020FBE7F4
S31508024EA0F7B51F468B1E012B05460C46164613D828
S31508024EB0FDF775F90023CDE90005F01A18BF0120A0
S31508024EC01A463946FDF779F980B1022C0BD12846E4
S31508024ED000F038F9002004E00029F8D0012902D0B0
S31508024EE0FF2003B0F0BD284600F03CF90120F8E7A0
S31508024EF070B50D4600219DF810600446817106F1D1
S31508024F000C014173111E18BF012103F00F00237B08
S31508024F1040EAC11003F04003184320732B469DF85C
S31508024F20141004F10E00FFF7BBFF237B0E3660F365
S31508024F30861323732B686361AB882383A37933446F
S31508024F40E37170BD10B50446E7F714F86168E069C5
S31508024F50E7F794F8BDE8104000F032B938B50C46C8
S31508024F60C94301F001010546E7F7C8F8A30702D4C9
S31508024F70E869E7F7ADF8BDE8384000F021B910B5A1
S31508024F800446E7F7BBF82046E6F7F4FFBDE810400B
S31508024F9000F016B9007D00F00100704700F0F4B881
S31508024FA0FFF773B8022808D0042803D0012818BFCF
S31508024FB00620704701F00101C81C704710B50C465F
S31508024FC0E7F762FA0279408804FB020010BD10B5C1
S31508024FD00C46E7F759FA4388A3429BBFE41A0379BA
S31508024FE00020B4FBF3F010BD08B5E8F7E1FFBDE811
S31508024FF008400020E8F7EAB9C94350E8003F0B40E9
S3150802500040E80032002AF8D170472DE9F0410F46F0
S315080250100446242118461E4615469DF8188000F0B7
S31508025020C8F9C319B8F1000F37D1033E012E94BF50
S315080250300322022240F27126520006FB023342F292
S315080250401072608941007143A1F2E2469642A8BFF6
S3150802505016466A1A921BD21A002AC2BFB2FBF1F28C
S3150802506002FB0112AD1AEA1A09D55242B2FBF1F74E
S3150802507007FB011C01FB1722654402B96D1AEB1ADC
S315080250808B4240F2E2470AD8B3FBF7F3022298B200
S31508025090E27120812846BDE8F0810122CAE75B1A3F
S315080250A0BB42B8BF3B46B342A8BF3346B3FBF7F190
S315080250B007FB1133CAB2002BEAD00132D2B2E7E7B4
S315080250C0E8F73EBC37B50546E8F758FC04462DB165
S315080250D02B680360AB88A38003B030BD00F0DDF80F
S315080250E00322CDE900010DF105010DEB020003F0E3
S315080250F076FF0098BDF804302060ECE738B505461F
S31508025100E8F73CFC044607F050FC2B68C4F8063066
S31508025110AB886381237B43F00103237307F040FCCA
S31508025120012038BD38B50C460546E8F727FC014686
S3150802513005B106310622204603F041FFB0FA80F097
S31508025140400938BD10B50446E8F718FC0368236021
S315080251508388A38010BD08B5E8F710FC007B00F031
S31508025160010008BD10B50446E8F708FCD0F8063079
S3150802517023604389A38010BD50E8003F0B4340E8F3
S315080251800032002AF8D1704770B50E461546E4F784
S315080251908DF8044648B93046E3F790FC044620B930
S315080251A02846E9F7DBFD044640B10020E4F77EF81D
S315080251B00020E3F783FC0020E9F7D0FD204670BD06
S315080251C04FF40010EDF718BCFFF77CBF112808B59D
S315080251D002D0122805D008BD1320BDE80840E8F71A
S315080251E071B9E8F75FFB00F004F8E8F7D3F9142081
S315080251F0F3E7704708B5E8F7D5F8BDE80840112087
S31508025200E8F760B9132808B502D0142809D008BDF2
S31508025210E8F7B4FBFFF754FFBDE808401220E8F7A9
S3150802522051B90020E8F7EEF8BDE80840FBF787BF5A
S31508025230E9F774BE0A2802D80130C0B2704724289A
S3150802524001D80230F9E7252805D0262805D02728CF
S3150802525018BFFF207047002070470C20704708B51A
S31508025260E9F762FE20B1BDE808402020E9F7F4B864
S3150802527008BD7047704770477047704770470020EF
S315080252807047704770477047704770477047EEF728
S3150802529075BA03F04BBB03F050BBDFF74FBF70473D
S315080252A008B5E8F71DFC18B1BDE80840E9F7E0B80B
S315080252B008BD03F086BA1046194670471FB5002383
S315080252C0CDF80A30ADF80E30D0E90023CDE9002337
S315080252D00389C068ADF80830E9F7B6FB6846E8F70F
S315080252E047FF05B05DF804FB1FB5002300F00F0069
S315080252F08DF80A0001A801918DF808308DF8092069
S315080253008DF80B300393FFF7CBFF05B05DF804FB6E
S315080253101FB50023CDE901330393012300F00F00E3
S315080253208DF80A0001A88DF808308DF80910FFF7E4
S31508025330B7FF05B05DF804FB1FB5CDE900120022E0
S315080253408DF80B308DF8082000F00F03C0F34012D9
S315080253508DF809208DF80C30C0F3001243068DF83B
S315080253600A2001D5E8F732FC6846E8F771FC05B071
S315080253705DF804FB1FB50023CDE9003101238DF842
S315080253800830C0F340138DF80930C0F300138DF8C6
S315080253900A3000F00F038DF80C3043068DF80B2007
S315080253A001D5E8F713FC6846E8F752FC05B05DF844
S315080253B004FB10B50C4608B9E9F746F82146BDE8DC
S315080253C01040FFF7FBBDF0B587B00D4616468DF8BF
S315080253D0070002B9A3B329469DF80700FCF7F3FEB6
S315080253E00446B8B929469DF80700FCF7F0FE40BB0B
S315080253F016B39DF80710003918BF012128460DF18A
S315080254000F02E9F76BFCF8B99DF80F40013418BF93
S31508025410012416E004AF012239460DF10700FCF714
S31508025420D4FE04464EB19DF80730191E18BF012155
S31508025430002818BF3D46E1E70124FCF7B3FE00B990
S315080254400124204607B0F0BD4FF0FF34DEE7CB0853
S31508025450C25C012301F007018B401A4214BF0120E6
S315080254600020704770477047024619460020E9F740
S3150802547081B9002070470020704707B500214FF018
S31508025480FF336A46084600938DF80430E9F7A8FC0C
S3150802549003B05DF804FB38B50546006803F0CEFD97
S315080254A00446287900F01F0003F0C8FD2044C0B264
S315080254B0012894BF0020012038BD01207047816071
S315080254C0704741EA002008B540F49020FCF741F8FD
S315080254D0014640B110F1880F05D0BDE8084040F2F8
S315080254E00740F6F72DBF08BD0120704770B50C4678
S315080254F0064611461D46E9F739FD58B144EA062023
S315080255006FEA40406FEA50402A46BDE8704080B2D2
S31508025510EDF7E8BA40F2064070BD10B50446E9F761
S3150802552025FD50B141EA04206FEA4040BDE810402B
S315080255306FEA504080B2EDF70DBB40F2064010BD4F
S31508025540837901461A0703D506220020E9F78EBD9C
S315080255509B0602D506220120F8E74FF0FF30704776
S315080255608379532B01D1E9F7B3BDFFF7E9BF70B5CC
S31508025570064614461D46E9F7F9FC10B900242046EA
S3150802558070BD41EA06206FEA40406FEA50402A465B
S31508025590214680B2EDF7C2FA0028F0D0EEE708B548
S315080255A0EBF724FE002008BD00207047014608B527
S315080255B000F03800EAF736FA78B1D0E901324078D5
S315080255C0C1F3074110F0020F08BF1346043B53F814
S315080255D0040F10B102788A42F9D108BD10B500F15C
S315080255E0080454F8083C0BB9184605E054F8040CAC
S315080255F0984708340028F4D010BD37B5837901904E
S3150802560003440446D86800F03800EAF70BFA054660
S3150802561028B901A803F083FE022003B030BD204654
S3150802562003F087FE07F0C1F90446019905F10C005B
S3150802563003F05CFF204607F0B3F9EDF765F90020A1
S31508025640EBE72DE9F04107463C681D4614F4004F86
S315080256504FF6FF7308BFFF23AB420846114604D232
S315080256604FF000084046BDE8F08124F400431E02CC
S3150802567006F4E066C3F3062324F47F441E4324F0AB
S31508025680C704731944F08004827944EA13241B027E
S315080256909BB20C321C43845000EB0208FFF7ADFFA5
S315080256A00028DDD13A6808F10403334412044CBFDA
S315080256B023F8025C03F8015CD4E77047704770B5BB
S315080256C005460C30F5F7F8FC6E689EB9334606EBCC
S315080256D08304B44210D12B69ABB900236B806B7873
S315080256E023F00E036B7070BD013356F82320002A8F
S315080256F0FAD1ECE70023F8E754F8043DDB68002BFF
S31508025700E7D09847E5E7DC68002CE6D0043C54F875
S31508025710043F002BE1D09847F9E738B543780446A9
S3150802572023F00C0343F00203437003690BB11868B4
S3150802573010B90025284638BDFFF750FF0546002850
S31508025740F7D02046FFF7BBFFF4E7036970B50546B5
S3150802575053B1586840B1FFF741FF044620B12846C5
S31508025760FFF7ADFF204670BD6E68043E56F8044F3B
S315080257702CB9202005F10C01F5F78CFCF2E7A36899
S31508025780002BF3D0984704460028EFD0E7E7407885
S31508025790C0F340007047437813F00E0F0CBF012088
S315080257A0002070470368186802F01EBD38B5054622
S315080257B0EAF7FCF904462846FFF7F4FF204638BD07
S315080257C0052B07D920F47F4020F0C70040F400706B
S315080257D010609180704708B5EAF724F9C068003866
S315080257E018BF012008BD08B5EAF71CF920B1BDE8C3
S315080257F00840C06803F0C4BD08BD38B5EAF712F917
S31508025800044650B107F0D1F8054604F10C0003F03E
S31508025810A4FD0446284607F0C3F8204638BD20F4FE
S3150802582000432DE9F3411D0205F4E065C3F306239F
S315080258301D43002390466A18019313020746C2F3D2
S3150802584002229BB220F47F40134320F007000C4645
S31508025850184301A9EAF702FA064690B1031D2B443A
S31508025860B8F1000F07D0434505D0184622464146EF
S3150802587003F0B5FB03463A044CBF23F8024C03F87F
S31508025880014C304602B0BDE8F081026810B501F05D
S31508025890040022F40044C2F306220021043240F036
S315080258A0290003F0C1FF10B183790344DC6010BDFF
S315080258B00346002200681A600179FFF79EBE10B5FA
S315080258C00021FFF7E2FF044608B9002010BD01795E
S315080258D0FFF793FE0028F8D1A3790C33E018F5E711
S315080258E02DE9F04117461A46036801F0040123F42C
S315080258F000431C0204F4E064C3F306231C4341F08C
S315080259002905043406463B462146284603F0F6FF97
S31508025910804650B1E1B203F042FD3B462A46414673
S315080259203046BDE8F041FFF78CBEBDE8F0812DE9AF
S31508025930F341002401F004010668074641F02905EF
S31508025940106829461460019003F0F3FC019803F0ED
S315080259506BFD26F40046310201F4E061C6F3062621
S31508025960314380460122043101A803F0D9FE30B141
S3150802597001A803F0D4FC204602B0BDE8F0814346F4
S315080259802A4638460199FFF75CFEF5E707B501A9ED
S31508025990EAF764F903B05DF804FBA0F86E107047E5
S315080259A001238B4090F87110194380F871107047E3
S315080259B008B50120F5F7E4FAC0B208BD83790C33BD
S315080259C01844704710B50446A1F1140003F02CFDE3
S315080259D0201A20EAE07080B210BD70B51C460D464A
S315080259E01646FFF7EFFFA04207D322463146A5F136
S315080259F0140003F056FF012070BD0020FCE770B5C5
S31508025A0006460D4614467AB90A462046082103F088
S31508025A100BFF044690B92A460821292003F004FF01
S31508025A20044658B9204670BD104603F078FC204655
S31508025A3003F02DFE08231D44A371E571A3790C33E7
S31508025A401C442670EEE72DE9F0411646069A0746EB
S31508025A5088461D46FFF7D3FF0446F0B114382A4696
S31508025A603146069003F01DFF854217D9069B06A804
S31508025A701C7904F0200403F052FC74B9424608214A
S31508025A80292003F0D1FE2A463146069003F009FF83
S31508025A90854206D906A803F042FC00242046BDE842
S31508025AA0F081069A93790C33D418D754F6E711B1D4
S31508025AB01439EAF76BBA1A20704738B50022044639
S31508025AC00D4602200321FFF79AFF014608B1A0F806
S31508025AD001502046BDE83840FFF7E9BFF8B504464D
S31508025AE00F46164605210120069A1D46FFF787FF2F
S31508025AF0014638B14770468005712046BDE8F84030
S31508025B00FFF7D5BFF8BD38B50D460321044608464A
S31508025B10FFF775FFA0F8015001462046BDE8384058
S31508025B20FFF7C5BF73B50546084611466C891A467E
S31508025B30641ABDF81830A4B29C4228BF1C46079BBB
S31508025B40089E00932346FFF77EFF014630B128469A
S31508025B50348002B0BDE87040FFF7A9BF1A2002B030
S31508025B6070BD012110B5002204461320FFF747FF36
S31508025B70014620B12046BDE81040FFF798BF10BD88
S31508025B80F7B54489054618460F461646019303F0AB
S31508025B904BFC053CA4B2844203DA011B01A803F0BC
S31508025BA0E5FC0521019803F082FD014628B901A802
S31508025BB003F0B5FB1A2003B0F0BD83790C33C21883
S31508025BC01720C8542846A2F80170A2F80360EAF71B
S31508025BD0DDF9F0E7012110B5002204461920FFF786
S31508025BE00EFF014620B12046BDE81040FFF75FBF11
S31508025BF010BD73B50E46002144890546033CA4B27E
S31508025C00A342009128BF234603211B20FFF71BFF4F
S31508025C10014670B1012210F80F3CA0F8016062F348
S31508025C20071300F80F3C284602B0BDE87040FFF79C
S31508025C303EBF1A2002B070BD73B50E4600214489D4
S31508025C400546033CA4B2A342009128BF234603217A
S31508025C501D20FFF7F8FE014638B1A0F80160284674
S31508025C6002B0BDE87040FFF722BF1A2002B070BD2D
S31508025C704B88042B07D1836C08885B8998428CBFB2
S31508025C8000200120704700207047532838B5054682
S31508025C900C4604D1BDE838400846F6F7D5BB0620BF
S31508025CA0F5F76AFB68B96379142D03F03F0363714C
S31508025CB004D0722D08D163F03F0363710020A571E9
S31508025CC038BD40F20740FBE72120F9E700230360CD
S31508025CD083808371704710B5044660B1806C50B1F9
S31508025CE0EAF728FAA06C0028FAD12046BDE8104047
S31508025CF00321EAF7A1B810BD438907B58B420CD038
S31508025D0050F80C2B40F2014192F87020ADF806309B
S31508025D108DF8042001AA03F030FA03B05DF804FBFB
S31508025D20436943F0040343617047436923F004035C
S31508025D30436170474069C0F38000704747F23053A9
S31508025D4000220068F4F7CEBF006803F0A9B938B597
S31508025D50436904469B070D4603D540F20941FFF7FE
S31508025D60F3FFEAF731F908B1A3691D702046BDE8C9
S31508025D70384040F20941FFF7E1BF07B5027C012A24
S31508025D8009D00122027440F20942914206D040F239
S31508025D900A4291420ED003B05DF804FB4FF48161CA
S31508025DA050F80C3B01AA93F870308DF8043003F0D2
S31508025DB0E4F9F0E750F80C3B01AA93F870308DF835
S31508025DC00430F4E738B522F000430D46114640F296
S31508025DD00322934204461AD0B3F5017F09D240F250
S31508025DE00122934213D040F20222934209D00020A4
S31508025DF038BD6FF481621344012BF8D8FFF7BDFF53
S31508025E00F5E700F01AF9204601F011F9EFE76369A0
S31508025E109B0704D540F209412046FFF795FF28461D
S31508025E20FFF759FFE3E708B500B10068E9F7D4FFC1
S31508025E3008B9034602E0836C002BF7D0184608BD62
S31508025E4010B5044642F62A3000F03BFB031B5842C3
S31508025E50584110BD022806D142F62A330888C31AC9
S31508025E605842584170470020704710B5044642F61A
S31508025E70293000F026FB031B5842584110BD90F802
S31508025E80200000F0010070471FB504466846EAF78D
S31508025E9075FA1022694604F1210003F090F8B0FA67
S31508025EA080F0400904B010BD08B5FFF7EDFFB0FA5F
S31508025EB080F0400908BD70B5044600F1210591B984
S31508025EC02846EAF75BFA236893F97500E9F74EF86C
S31508025ED078B120682B46BDE8704010220D2190F952
S31508025EE07500FFF703BB10220021284603F091F83C
S31508025EF0E9E770BD38B50446002390F8202041FA38
S31508025F0003F0C50703D442FA03F0C0071ED40133CF
S31508025F10082BF4D101F0010523682A4384F82020CE
S31508025F2093F97500E9F722F840B1234653F8200B96
S31508025F3001220C2190F97500FFF7D8FA0DB9002055
S31508025F4038BD00212046FFF7B6FFF8E71320F7E72A
S31508025F5068B13F290AD800EBA10090F8310001F098
S31508025F6003014900084100F003007047002070470A
S31508025F7010B50368044693F97500E8F7F7FF50B1C0
S31508025F802346BDE8104053F8310B10220B2190F935
S31508025F907500FFF7ABBA10BD10B590F87430DB0781
S31508025FA006D490F97530013314BF0F20052010BDB1
S31508025FB0847CF6F71BF9844234BF0C200020F6E7EE
S31508025FC030B5044685B06846EAF7D8F9102168461E
S31508025FD003F0A9FC2046EAF7DFFB6B46C26804AD6C
S31508025FE006321C4603CCAC4210605160234602F1CD
S31508025FF00802F6D105B030BD08B5EAF7CDFB08B1FF
S31508026000EAF79EFBC0B208BD013810B580B2EAF7BE
S31508026010C3FB044608B9002010BD408800F083FB84
S315080260200028F8D0207BF7E708B5EAF7B5FB18B1E0
S31508026030007AC31F5842584108BD70B5054655F83F
S31508026040213B044693F97500E8F790FF20B92846E4
S31508026050BDE87040EAF792B9234653F8310B10228D
S315080260600B2190F97500FFF782FA234653F8200BA5
S3150802607001220C2190F97500FFF779FA20682B4660
S31508026080BDE8704010220D2190F97500FFF76FBA2E
S3150802609001302DE9F04185B228460E46EAF77CFB27
S315080260A042F60217044642F603089CB12046EAF76E
S315080260B047FB78B1204600F045FBB84205D10EB140
S315080260C023883380607BBDE8F081204600F03AFBE6
S315080260D0404502D14FF0FF30F5E70135ADB228460B
S315080260E0EAF75AFB0446E0E72DE9F04707460E466B
S315080260F090460D4642F6021942F6030A0135ADB23A
S315080261002846EAF749FB044678B1EAF719FB60B173
S31508026110204600F017FB484505D1237A072B04D100
S315080261200320BDE8F0875045E8D141463046FFF7DF
S31508026130AFFF431C014604D03846BDE8F047FFF7D7
S3150802614007BF0020EDE770B5054608461646EAF78A
S3150802615023FB044608B9012070BDEAF7F1FA0028C4
S31508026160F9D0F00713D4B10734D4720702D5A3883D
S315080261705B0732D516F0060F31D116F40060EBD064
S31508026180A38813F4006F14BF00200620E4E7A3884F
S31508026190DA0743D513F0700F0AD1980610D45806B9
S315080261A0E1D52B6893F975300133DCD10820D3E7A2
S315080261B02868FFF7F1FEA388990608D50028CBD1EF
S315080261C02A6892F874209207E9D40520C4E70028C1
S315080261D0C2D1E4E7A3889907C7D40320BCE7A388FA
S315080261E013F4E06F09D198050FD45B05C5D52B6862
S315080261F093F975300133C0D1D8E72868FFF7CCFE8A
S31508026200A388990507D50028A6D12A6892F874208A
S315080262109207EAD4D9E700289ED1E6E702209BE74F
S3150802622038B504460846EAF7B7FA054608B901201A
S3150802623038BDEAF785FA0028F9D0AB8813F4E04F9F
S315080262400CD1980412D413F48040F1D0236893F940
S315080262507500431C58425841C000E9E72068FFF719
S315080262609BFEAB88990408D50028E1D1226892F8EA
S3150802627074209207E7D40520DAE70028D8D1E2E7A6
S315080262802DE9F0474FF00009044683F800900846C6
S31508026290A2F80090884616461D46EAF77DFA074692
S315080262A020B9012300202B70BDE8F08774B1EAF704
S315080262B047FA0028F5D04046FFF7D7FD30B101234B
S315080262C085F8009004F120003380EDE72B4632462C
S315080262D039462046BDE8F047E9F7DCBF2DE9FF411C
S315080262E007460846884616460393EAF755FA0446C9
S315080262F038B903A803F013F80125284604B0BDE807
S31508026300F0811FB1EAF71CFA0028F2D0237A072B8C
S3150802631005D8DFE803F017262F381C17172126BBE6
S315080263200398002835D13246257A022D62D0032DEC
S3150802633064D0012D3BD0002F7FD1002503A802F09F
S31508026340EEFFDAE703A802F0EAFF0325D5E703A87A
S3150802635002F0E5FF0625D0E703A802F0E0FF802554
S31508026360CBE7E3685D88B54209DA03A802F0D7FFEE
S315080263700725C2E7E3689A88B242F6D35D8803988E
S3150802638040B9024609E0022EEFDC039868B90246D4
S31508026390CAE7354603F048F882B29319AB42C3DD21
S315080263A003A802F0BCFF0D25A7E70225F2E7E0687D
S315080263B0063000230399304402F0A0FF002FBCD018
S315080263C0237A032B39D103A802F0A9FF002120461C
S315080263D0EAF79EF968B30588617B3846FFF7B8FD88
S315080263E00122034629463846CDF8008000F073FCA0
S315080263F0002582E7E068B3188380D9E7039B9A7978
S31508026400D979891AC9B2481E012810D81344022913
S315080264101A7B04BF5B7B42EA0322237B32EA03032D
S315080264208CD101233846617BE9F70AFFC6E70D25B9
S3150802643084E708F1FF35ADB2CEE7039B41460093E8
S31508026440384633463A7F00F02CFCD1E7884270B5CD
S3150802645004460D46164611D8012838BF012420469F
S31508026460EAF79AF910B14388B34208D00134A4B2C4
S315080264702046EAF775F908B1A542F0D2002420466B
S3150802648070BD70B50C4616461D460146B8B1B3B185
S31508026490022C01D0102C12D1E0B2EAF7B5F84FF669
S315080264A0FF718842024602D141F20A1070BD304697
S315080264B0FFF7CCFF0028F7D028800020F6E7212036
S315080264C0F4E7002307B50122ADF80400ADF806305B
S315080264D002210DF1060301A8FFF7D3FFBDF8060056
S315080264E003B05DF804FBF8B50F461646441CA4B281
S315080264F02046EAF751F910B9013CA0B2F8BD00F0FE
S3150802650021F90546304600F0F9F820B1284600F090
S31508026510F5F80028F0D1304600F0E9F820B128460F
S3150802652000F0E5F80028E7D10134A4B22046EAF7DC
S3150802653017F908B1BC42DBD94FF6FF70DEE72DE941
S31508026540F04F9A4687B08B880D460C88814604A977
S315080265500220ADF810309046EAF756F8AB6800907C
S31508026560A888AF89059300F0C2F838B1102F05D173
S3150802657005A8EAF72FF8022808BF02279DF840B0B7
S315080265800BF0010B38E02046009AFFF75FFF06463C
S31508026590A8B3AA886988FFF7A6FF04463046FFF71C
S315080265A02BFD40EA0B00C0B200B30DF10F033146D2
S315080265B048460DF11202FFF763FE9DF80F302BB124
S315080265C0A8F80060184607B0BDE8F08FBDF812209B
S315080265D0BA420BD13A460599019302F0F0FC019BA7
S315080265E020B9A8F80060AAF80040EBE74FF6FF7357
S315080265F09C4201D00134A4B26988A142C3D20A23BB
S31508026600E0E708B5EAF7C8F8BDE8084000F09AB826
S3150802661038B505460846EAF7BFF8044610B94FF6F4
S31508026620FF7038BD0DB96088FBE7EAF789F80028DC
S31508026630F9D1F4E770B5044642F60520FFF741FFA3
S31508026640B0B10021FFF724FD054601462046FFF7B3
S315080266507FFC06461022002104F1310002F0D9FC23
S31508026660324629462046BDE870400023E9F7E8BDD0
S3150802667070BD7FB504460D4610220021684602F019
S31508026680C8FC0026AB575A1C1BD031462046FFF7DA
S315080266905FFC1946002BB8BFD91C04AA02EBA1015C
S315080266A000F00302584200F0030003F0030358BF48
S315080266B043425B0002FA03F311F8102C134301F864
S315080266C0103C0136402EDDD16B4604F1310504AE8D
S315080266D01A4603CAB24228606960134605F10805DC
S315080266E0F6D1204604B0BDE87040FFF741BCA0F5DC
S315080266F0205001288CBF00200120704742F6030370
S31508026700C31A58425841704708B5030409D4E9F731
S3150802671047FFA0F5205080B201288CBF0020012037
S3150802672008BD0020FCE7020408B507D4E9F738FFDC
S3150802673042F60303C31A5842584108BD0020FCE733
S31508026740C00B70470346B3F902304088002B01DBC1
S31508026750E9F726BF0020704708B5FFF7F3FF42F6B0
S315080267600303C31A5842584108BD08B5FFF7EAFFA2
S31508026770A0F5205080B201288CBF0020012008BD58
S315080267801FB550F80C4BADF80A3094F87040069BCA
S31508026790ADF806108DF8082040F2035101AA8DF8CB
S315080267A00440039302F0E9FC10B906A802F0B7FD0B
S315080267B004B010BD2DE9F0414FF0000886B004463A
S315080267C00E461546CDF80C8000F1440712B303A80D
S315080267D002F0A5FD384602F0A2FD84F81C800023CB
S315080267E03246009318212B462046FFF777F905F51E
S315080267F08855204650F80C3B40F2055193F8703004
S3150802680004AA8DF81030059502F0B7FC002006B0F0
S31508026810BDE8F08143691A0710D4A846384602F043
S315080268209CFD03460390C0B903A802F078FD3846DA
S3150802683002F075FD0023237755B1D0E723F008034C
S31508026840436103A802F06BFD384602F068FD25771E
S315080268502046FFF7BFF90025CBE79979204601F1D3
S315080268600C021A44B2F801600531B2F80320997194
S315080268703146FFF733FDCDF80C800028CED0054609
S31508026880D2E72DE9F047089C0E4617469846054674
S3150802689010B1037C012B61D02846FFF741FA14F0A8
S315080268A08009304614BF4FF0200A4FF0100AFFF74E
S315080268B0ABFB1AEA000F4DD03046FFF7A2FE42F6AE
S315080268C0052398420FD114F0010219D03146284601
S315080268D0FFF7A6FC08B300F588542846FFF725FA01
S315080268E02046BDE8F0872846FFF7C9FA0028EAD00D
S315080268F02846FFF7D9FA0028E5D041F21214ECE748
S31508026900B9F1000F3146284614BF02240124FFF7C5
S31508026910EBFB2042DAD10224DFE7B9F1000F11D0EE
S31508026920EB8BCBB943463A4631462846FFF784F9FC
S3150802693004460028D1D140F20A412846EE83FFF7E1
S31508026940FDF9CAE743463A4631462846FFF751F962
S315080269500446C2E72124C0E70524BEE70724BFE7A9
S315080269602DE9F047002586B09DF8389090F81CA0CE
S3150802697004460F4690460F9E0577B9F1000F09D0D7
S315080269800A464B4651460096FFF7A8F8284606B02F
S31508026990BDE8F087BAF1080FADF8169026D14589F9
S315080269A03246043DADB29D424FF002014FF0090056
S315080269B0A8BF1D46FFF723F80222814605A93046DD
S315080269C0ADF8147002F06DFF2A464146304602F0D1
S315080269D068FF0546831C3146204689F80130E9F7E7
S315080269E0D5FAADF81650BDF81600D0E7BAF10A0F77
S315080269F00DF116020CBF0B210D21CDE901620093A0
S31508026A0001224346FFF78EF81A28ECD111233A469B
S31508026A1051462046CDF80090ADF81690FFF75EF87D
S31508026A20E1E7F0B5002589B01746012204460E466D
S31508026A300393ADF81650FFF786FB8DF8150000286C
S31508026A4046D13046FFF7FCF910B13046FFF7B8FADF
S31508026A503046FFF7E9FAB8B103A802F060FC20460F
S31508026A6050F80C2B237F92F8702040F202518DF8D1
S31508026A70182006AAADF81A608DF81C30ADF81E70FB
S31508026A8002F07BFB09B0F0BD0DF115030DF11602FC
S31508026A9031462046FFF7F4FB9DF8153002465BB9EE
S31508026AA0BDF81630BB4235BF0723DB1B8DF8153000
S31508026AB0D21928BFADF81630039B314601939DF8CB
S31508026AC0153020460093BDF81630FFF749FFD9E77F
S31508026AD02A46F1E72DE9F04F89B002901846154685
S31508026AE005930C46FEF76AFF8046059802F09CFC61
S31508026AF00023B0F1010AB5F80A908DF81D3000F0AE
S31508026B0089801AF0010740F085805046F4F704FCA4
S31508026B100646002800F08480524608F1010102F078
S31508026B2080FA01212046059AFEF769FFB8460AEB64
S31508026B30DA7A09F1FF3B03904FEA6A0ABA4544DD5D
S31508026B4036F81740012221462846FFF7FCFA8DF847
S31508026B501D0068B92046FFF773F910B12046FFF702
S31508026B602FFA2046FFF760FA78B180238DF81D3098
S31508026B70304602F0F0FE059B2246009328469DF811
S31508026B801D300299FEF7AAFF26E00DF11D032146E4
S31508026B9028460DF11E02FFF773FB9DF81D3004907F
S31508026BA0002BE5D1029B202B1BD1ABEB0803012B53
S31508026BB00BDD0DF11E010222059802F072FE012874
S31508026BC001460CD805A802F0D1FC304602F0C3FEF5
S31508026BD028460399FEF76BFF09B0BDE8F08F08F166
S31508026BE00208BDF81E20ABEB08039A42C2BF09F1A0
S31508026BF0FF33A3EB0803ADF81E30BDF81E20DDE90E
S31508026C00041002F04EFEBDF81E309842DDD39844B9
S31508026C10013793E7042300248DF81D302646A7E79B
S31508026C201123F8E7F7B51E4600231360338004469E
S31508026C300D461746FFF704F910B12046FFF7C0F9CB
S31508026C40214600200DF105030DF10602FFF718FB98
S31508026C509DF8054024B9BDF806402CB9002001E08C
S31508026C6004F5885003B0F0BDAC4204D32844641B33
S31508026C7038603480F2E741F20710F3E770B504464C
S31508026C800D461646FFF7DCF840B933462A46214632
S31508026C90FFF724FB08B100F5885070BD41F20310D6
S31508026CA0FBE71FB550F80C4BADF80A3094F8704064
S31508026CB0069BADF806108DF8082040F2015101AA8C
S31508026CC08DF80440039302F058FA10B906A802F0A8
S31508026CD026FB04B010BD1FB550F80C4BADF80A30B0
S31508026CE094F87040BDF81830ADF806108DF80820F3
S31508026CF040F2045101AA8DF80440ADF80C3002F0B6
S31508026D003CFA04B010BDF0B5122785B00392077796
S31508026D10022205460E46FFF716FA044668B103A88C
S31508026D2002F0FDFA00232B77002332460093122144
S31508026D3023462846FEF7D2FE0FE0039A3046937999
S31508026D4003339371FFF770F948B1039B3A460093F0
S31508026D50314623462846FFF713FD05B0F0BD42F635
S31508026D602930FFF7AEFBB04220D1039830B903A809
S31508026D7002F0D5FA00230D242B77D5E702F054FB4F
S31508026D8080B20128F3D1039B28469A791344197BCA
S31508026D90FFF7B0F8044603A802F0C1FA00232B77DE
S31508026DA0002CC1D12846FEF7DCFED6E7224631463C
S31508026DB02846039BFFF792FA0446EFE72DE9FF41BF
S31508026DC00392042204460D46FFF7BDF9074628B189
S31508026DD003A802F0A4FA04B0BDE8F0814FF0520805
S31508026DE0039A284693790333937184F81C80FFF734
S31508026DF01BF9064640B1039B4246009329463B4689
S31508026E002046FFF7BDFCE6E742F62930FFF759FBB5
S31508026E10A842039B0BD19A7920461344197BFFF7A4
S31508026E2069F803A802F07BFA00232377D3E73246F0
S31508026E3029462046FFF752FAF6E72DE9FF418B79F4
S31508026E4004460C330B44B3F801700E463846B3F8C1
S31508026E500380FFF7D1F8002858D002223946204687
S31508026E60FFF771F90546E8B93846FFF7DDF868B164
S31508026E7016222277B37939460533B371204643463B
S31508026E800096FFF77DFC04B0BDE8F081F4F760F8E0
S31508026E9033461B680135EDB2002BFAD10635A842F6
S31508026EA01DDC092504F1440002F039FA2B463A465C
S31508026EB0162120460096FEF711FE092DE3D120463B
S31508026EC050F80C3B40F2055193F8703002AA8DF83F
S31508026ED0083041F20913039302F04FF9D3E701216F
S31508026EE0304602F0A9FC01460028DAD004F1440033
S31508026EF002F0FCFAB37942460533B3713946334692
S31508026F00204604B0BDE8F041FEF73ABE0125C9E7BE
S31508026F1013B5044641B9443002F001FA204602B0DC
S31508026F20BDE81040FEF756BE18224369027713F0F1
S31508026F30080306D0002319460093FFF721FC02B086
S31508026F4010BD1A46194602B0BDE81040FFF732BC1A
S31508026F507FB5C58B04462DB342F60520FFF7B1FA75
S31508026F60A84207D100212046FEF7A5FF636923F050
S31508026F7001036361002640F20A412046FEF7E4FE59
S31508026F8029460DF10E022046ADF80E60FFF7ACF861
S31508026F90BDF80E2003460092294602222046FFF734
S31508026FA09AFEE68304B070BD2DE9F74305460F46FF
S31508026FB09046FFF721F898B32846FFF725F810F010
S31508026FC0300F30D02846FFF71FF806460020FEF796
S31508026FD02AFF044606F010091CB9204603B0BDE88C
S31508026FE0F083002229462046FFF77EF8B9F1000F02
S31508026FF001D0C10712D4B20617D5830715D5802347
S3150802700000933A46434629462046FFF73AFC1A2891
S31508027010E4D02046FEF707FF0446DDE70023EFE744
S3150802702041F20110DAE72120D8E70220D6E72DE956
S31508027030F041054688B042F60520FFF742FA0646B1
S3150802704004A8E9F79BF9102205F121010DEB0200CC
S3150802705001F0B5FF50B101212846FEF72CFF28465C
S31508027060FFF7E8FA6B6923F001036B6142F6030343
S31508027070022003A9ADF80C30E9F7C6FA012407463F
S315080270804FF0000820463A464FF6FF71FFF7DEF941
S31508027090044610B908B0BDE8F081FEF7ADFF013429
S315080270A0A4B20028EED0A64203D131462846E9F713
S315080270B0CFFB214628460DF10E02ADF80E80FFF7EA
S315080270C013F803460028DDD0BDF80E2021460092AB
S315080270D028460122FFF7FFFDD4E708B5E9F73CF990
S315080270E00020E9F7EFFF002008BD10B504468069C5
S315080270F0143002F014F9A069BDE81040183002F005
S315080271000EB92DE9F0410F46144605461E46FFF70D
S31508027110ECFF23463A4608210020D5F8188002F0EB
S31508027120EDFBAA69C8F81400536923B100205481FB
S315080271301682BDE8F0811A20FBE770B504460846B8
S3150802714002F072F9A16986B28A894D8912B1521B77
S3150802715096420CDA6389581E80B225B90A78082A3B
S3150802716004BF043B98B2831B5842584170BD0020A5
S31508027170FCE730B5044654F80C0B8DB09DF8405028
S3150802718090F8700042EA01428DF80400194602920C
S3150802719003A82A46079501F044FF40F20241204619
S315080271A001AA01F0EAFF0DB030BD10B550F80C4B3C
S315080271B086B094F87040ADF80E10ADF8102040F283
S315080271C0064103AA01938DF80C40059301F0D5FFF9
S315080271D010B901A802F0A3F806B010BD37B50446E7
S315080271E00D46FFF782FF204640F20941FEF7ACFD45
S315080271F000222046A36940F207411A7050F80C3B58
S315080272006A4693F8703001958DF8003001F0B5FFA3
S3150802721003B030BD13B501910021044600F033FFD7
S315080272200422002320460DEB0201FFF76AFF02B093
S3150802723010BDF0B504460F461E46154685B052B92E
S3150802724083691B78072B30D0082B14BF15460925EE
S31508027250002E18BF0D250A9802F0E6F8A3699A8946
S315080272604AB15B8981B2D21A914204DD92B2891A75
S315080272700AA802F07BF9204650F80C3B40F2054179
S3150802728093F8703001AA8DF804300A9BADF806709F
S315080272908DF80850ADF80A60039301F06EFF10B935
S315080272A00AA802F03CF805B0F0BD0B25D0E7B0F805
S315080272B00AC02DE9F041ACF1020C9C4505460E4682
S315080272C017461C4603DDBDE8F04100F089BE836916
S315080272D02246198100233946FFF713FF044658B997
S315080272E0AB690246314628460E3300F092FE044642
S315080272F010B12846FFF7F9FE2046BDE8F0812DE9D0
S31508027300F043202A8FB0054617461C4603910BD92F
S3150802731041F2041421462846FFF760FF03A801F04C
S31508027320FEFF0FB0BDE8F083002B46D10846A2F156
S31508027330060802F079F84FF6FF765FFA88F81FFA20
S3150802734080F94C4510D3AB69DA88B24239D942F68C
S315080273500203ADF814300223711C0093284605ABCC
S3150802736089B200F0E6FD25E023463A46039906A8C7
S3150802737001F0C4FFAB69BDF818609A88B242C7D853
S31508027380DA88B242C4D3BDF81A10BDF81C20B8F187
S31508027390000F09D02846CDF800800DF11E033C44A3
S315080273A0FFF7E7FEA4B2CCE728469E8019815A81E8
S315080273B000F0D8FD04460028B0D041F20A139C42D8
S315080273C0A8D10024A6E72DE9F0471C4696B08369A2
S315080273D001921B780646062B03D0112B60D001A812
S315080273E01CE00129104614BF4FF010084FF002089E
S315080273F00392002C4CD102F017F84FF6FF7508F1EC
S31508027400020987B2A7420ED8B369DA88AA4237D8E0
S31508027410002421463046FFF7E1FE03A801F07FFF6C
S3150802742016B0BDE8F08723464A46039904A801F038
S3150802743065FFB369BDF810509A88AA422DD8DB8831
S31508027440AB422AD39DF81330282BE1D0B2465AF81C
S315080274500C3B424693F870300DF112010DA88DF8D7
S315080274603030ADF83250CDF844804C4401F0D9FDA5
S3150802747040F2044150460CAA01F07FFEA4B2C1E7CD
S31508027480691C304689B200F024FD04460028C4D09F
S3150802749041F20A139C42BBD0BBE741F20414B8E797
S315080274A00129104614BF12270427049284BB01F04F
S315080274B0BBFF42F602184FF6FF7185B2A5420DD8F8
S315080274C0B369DB888B4221D901314FF6FF72304608
S315080274D089B200F0FEFC0446A0B119E023463A46FA
S315080274E004990CA801F00AFFBDF83220BDF8301045
S315080274F042459DF8333007D1B269022330460A3233
S31508027500FFF7D5FE04A889E7282B06D141F20A140B
S3150802751021463046FFF762FEF4E73C44A4B2CDE7C3
S31508027520F0B5836987B003911B780546022B14468A
S3150802753053D108460491002A47D101F075FF4FF648
S31508027540FF7687B2A7420DD8A869C288B2422BD85D
S31508027550002421462846FFF741FE04A801F0DFFE73
S3150802756007B0F0BD04220499234605A801F0C6FE19
S31508027570AA69BDF814109088BDF81660814229D30D
S31508027580D388994226D8864224D39E4222D8506965
S31508027590927A837904340C3300920344324628469D
S315080275A0FFF7E7FDA4B2CDE743694089711C019054
S315080275B0987989B20C300344009328464FF4205335
S315080275C000F09BFC04460028C7D041F20A139C42ED
S315080275D0BFD1BDE741F20414BBE703A8BEE7F0B585
S315080275E087B0054617461C46039153B9FFF7A5FD12
S315080275F038B1012322462846039900F084F807B0D9
S31508027600F0BDA9690B78082B05D8062B44D8032B9D
S315080276100FD003A83DE00F2BFBD1039B0593002C4B
S315080276206DD1002B6BD0224628460989FFF7BDFD8E
S3150802763059E00398059018B3ECB9102683794A895C
S315080276400C330989034400962846FFF792FDAB6975
S315080276509988DA88914217D242F60203ADF81030B9
S3150802766002230131009328460DEB060389B200F086
S3150802767060FC044660B141F20A139C4204D101E05F
S31508027680002CF8D141F21F0421462846FFF7A6FD31
S3150802769005A801F044FEB2E7039805907CBB70B3D7
S315080276A001F0C2FE0FB386B2B7421ED2394605A80A
S315080276B002F096F838B905A801F031FE1A212846D3
S315080276C0FFF78CFD9BE78379F61BC2180233918973
S315080276D08371AB6900225B89B6B200902846FFF730
S315080276E0A8FDB742E2D92146E9E7AA69284653899D
S315080276F01189059A00920022FFF79BFDF3E705A878
S3150802770001F00DFEEFE7F0B585B006461F461446B2
S31508027710039132BB084601F087FE054608B3B169F4
S315080277200B784A89082B0BD8062B0BD9039B098998
S315080277303046009313462246FFF77BFD039401E089
S315080277400F2B19D0B1694B89EA1892B2B2F5007FAC
S315080277504A8117D82FB13046098900F014FC04462D
S3150802776028B10022234611463046FFF738FF03A800
S3150802777001F0D5FD05B0F0BD3046039B0989FFF738
S3150802778014FDDBE741F20414EBE773B58369019153
S315080277901B780446082B15460ED8062B0ED9019ED1
S315080277A020463146FFF7C9FC2A460346314620469B
S315080277B0FFF7A9FF02B070BD0F2BF0D001A801F0A8
S315080277C0AEFDF7E730B5836987B003911B780546A6
S315080277D0092B144611D105915AB9134600910F2265
S315080277E02146FFF726FD21462846FFF7F7FC07B094
S315080277F030BD05A801F093FDF5E703A801F08FFD5A
S31508027800F5E770B5836986B003911B7805460A2B9E
S31508027810144631D1059132BB059801F005FE08B927
S31508027820044620E00023022205A90DF1120001F008
S315080278306FFD012815D9BDF8126096B1059801F0B9
S31508027840F3FD86420FD8BDF8121005A801F0C8FF4D
S3150802785048B100230090212219462846FFF7E9FC81
S31508027860DAE741F20D1405A801F059FD214628462A
S31508027870FFF7B4FC06B070BD03A801F050FDF9E7A6
S315080278802DE9F04F87699FB003913F780546052F8A
S3150802789016461C4604D8032F16D810D003A867E04C
S315080278A0082FFBD108461391002B00F0C28013A8BB
S315080278B001F035FD21462846FFF790FC01E0FFF767
S315080278C01EFD1FB0BDE8F08F202A0846049148D84D
S315080278D0002B40F0A880571F01F0A6FD4FF6FF784F
S315080278E0FFB21FFA80FA0DF11C0BA24506D8AB6946
S315080278F0DA88424500F28780002434E0234632467D
S3150802790004990BA801F0FAFCAB69BDF82C809A8899
S31508027910424526D8DA88424523D35969F1B9A94698
S3150802792059F80C1BBDF82F2091F870109DF82E30CF
S315080279308DF84C10ADF84E200DF131013A4615A8D6
S315080279408DF85030199701F06CFB40F20341484616
S3150802795013AA01F012FC3444A4B2C6E75A89102AC3
S3150802796009D941F2041421462846FFF737FC04A830
S3150802797001F0D5FCA5E70023584601F0BFFCAB6928
S315080279800DF13101102FCDE9051B93F80A902BD181
S31508027990B9F1020F34D105A8E8F71CFE0228DAD19C
S315080279A04A46DDE9051001F00AFB0028D3D12B4629
S315080279B053F80C0BBDF82F1090F870009DF82E2086
S315080279C08DF84C00ADF84E108DF8502059464A46AF
S315080279D015A80293CDF8649001F023FB029B40F2AE
S315080279E00341184613AAB4E7022F09D1B9F1100FB9
S315080279F006D106A8E8F7EEFD0228ACD13A46D0E74A
S31508027A003A465846CFE742F60303ADF84C3002230E
S31508027A1008F101010093284613AB89B200F089FAEE
S31508027A2004460028A3D041F20A139C423FF464AFED
S31508027A3099E759B900210023AA69284693815381F7
S31508027A40118113993246FFF7CAFD3AE701F0ECFCB9
S31508027A5016B180B28642EDD1139A9379D1180233C0
S31508027A6089899371E7E72DE9F0431C468FB083694C
S31508027A7003911B780546012B17465BD108460591EB
S31508027A8001F0D2FC202F0BD941F2041421462846D4
S31508027A90FFF7A4FB05A801F042FC0FB0BDE8F0838E
S31508027AA0002C42D1059801F0BFFC4FF6FF76A7F1EC
S31508027AB004081FFA88F81FFA80F95FFA88F8A145C0
S31508027AC005D8AB69DA88B24220D80024DEE7234615
S31508027AD03A46059906A801F011FCAB69BDF81810DB
S31508027AE09A88BDF81A609142CED3DB889942CBD8E0
S31508027AF09642C9D39E42C7D832462846CDF8008058
S31508027B0007AB3C44FFF735FBA4B2D8E74FF4205342
S31508027B10ADF810300223711C0093284604AB89B2D3
S31508027B2000F045FA04460028B4D041F20A139C42F2
S31508027B30CBD0ABE703A8AEE783691B780B2B02D041
S31508027B40103B012B01D8FFF749BB7047F0B585B04A
S31508027B500193836917461A7804460B3A0A9E072A3E
S31508027B6042D8DFE802F00441304141044129019834
S31508027B70039001F059FC85B203A801F0D0FB26B1A7
S31508027B8031462046FFF746FB0FE0A1697A194B8971
S31508027B9092B293420BD90A8201F10E032046098951
S31508027BA000F037FA01460028EBD105B0F0BD0121F5
S31508027BB0204600F068FAF5E72EB91A8A0198BA4201
S31508027BC00BD04FF48166019B03A8039301F0A7FB30
S31508027BD031462046FFF702FBE7E7DA89596901F0E1
S31508027BE02EFC0028EDD1EEE701A801F098FBDCE7B0
S31508027BF038B58269044613780D460E2B12D0102B1F
S31508027C0001D00B2B12D1536933B1997902F11400C1
S31508027C100B44DD6801F083FB29462046BDE838405F
S31508027C20FFF78ABFBDE83840FFF7D8BA38BD07B5AF
S31508027C30002300921B22FFF7FCFA03B05DF804FB4F
S31508027C4007B583695980009200231D22FFF7F1FACE
S31508027C5003B05DF804FB70B506460D461446E2F716
S31508027C60D9F94379C57523F0030343F00303437136
S31508027C7040F60943C380A0F815602060153070BD30
S31508027C8013B50C4601AAFFF7E6FF019BDA791444FD
S31508027C90DC7102B010BD73B5064610460C46154691
S31508027CA001F0C2FB211801AA3046C9B2FFF7D3FF79
S31508027CB0019B0646DA791444DC712B4633B901A8CE
S31508027CC0294601F013FC304602B070BD5C7924F0F7
S31508027CD0030444F002045C711B68EFE708B5E2F797
S31508027CE09FF983790C33184408BD4B88052B05D1B7
S31508027CF008880E288CBF0020012070470020704794
S31508027D00F8B505460F46164604210A22002001F058
S31508027D108BFD0246B8B1847905210C3403194FF05C
S31508027D20060C00209970D87002F804C013241C713E
S31508027D3002245F715870D8719C7128461E81BDE86D
S31508027D40F840E9F75FBAF8BD73B5054610460192E1
S31508027D500C4601F069FB042186B2019801F0A7FCE2
S31508027D60024628B901A801F0DAFA1A2002B070BD53
S31508027D70837901900C33C1184C80C6522146284695
S31508027D80E9F740FA0020F1E72DE9F0410646884670
S31508027D90174604210A22002001F046FD0246B8B120
S31508027DA0857900240C354319052106209970DC7063
S31508027DB050550120187102205C70987183F805806D
S31508027DC03046DC711F81E9F71DFA2046BDE8F081CD
S31508027DD01A20FBE7002070470020704707B501A864
S31508027DE0019201F09CFA03B05DF804FB704708B5EE
S31508027DF0E9F74CFDE9F794FAE9F79AFBE8F794F9FB
S31508027E00BDE8084000F0B8B938B505460C46E9F7AA
S31508027E107BFA28B928462146BDE83840F2F7A0BFC2
S31508027E2028462146F2F79CFF00F0A3F9EFE737B59B
S31508027E30044642F60720FEF744FB0546C0B10A236C
S31508027E40002CCBBF0534053CB4FBF3F494FBF3F4E6
S31508027E500123002118460DF1070264B28DF8074086
S31508027E6001F04CFD0022034629461046FEF736FA73
S31508027E7003B030BD430803F05503C01A00F03303BC
S31508027E80C0F3850000F03300184400EB101000F030
S31508027E900F007047002110B5421D441E14F8010F49
S31508027EA0FFF7E8FF94420144F8D1084610BD10B521
S31508027EB0F3F778FD044628B10124204610BD436A2B
S31508027EC0DB06F9D4F3F782FB0028F8D1F5E70020A0
S31508027ED0704770B504460E46154605210022042051
S31508027EE0FDF78DFD014618B1A0F80160A0F8035010
S31508027EF02046BDE87040FDF7DABDF7B51D460023FA
S31508027F00044600930F46164607210620BDF824307C
S31508027F10089AFDF798FD014628B1A0F80170A0F865
S31508027F200360A0F80550204603B0BDE8F040FDF70F
S31508027F30BEBD73B515461A460023044600930E467F
S31508027F40082005219DF81830FDF77DFD014618B178
S31508027F50A0F80160A0F80350204602B0BDE87040C0
S31508027F60FDF7A5BD38B5002204460D460A200321B1
S31508027F70FDF745FD014608B1A0F801502046BDE8C7
S31508027F803840FDF794BD70B504460E4615460521E0
S31508027F9000220C20FDF733FD014618B1A0F8016056
S31508027FA0A0F803502046BDE87040FDF780BD73B5C2
S31508027FB015461A460023044600930E46102005214C
S31508027FC09DF81830FDF73FFD014618B1A0F801608B
S31508027FD0A0F80350204602B0BDE87040FDF767BD21
S31508027FE073B50E46002144890546033CA4B2A34252
S31508027FF0009128BF234603211220FDF724FD0146DE
S3150802800008B1A0F80160284602B0BDE87040FDF745
S315080280104EBD2DE9F3410546984683690F465869D0
S31508028020164601F001FA6C8980B2053CA4B2844274
S3150802803028BF0446A8692146143001F0D1FB0090F6
S3150802804048B105220821002001F0EEFB019030B963
S31508028050684601F064F91A2002B0BDE8F081009979
S3150802806001A801F043FA1620019A93790C33D11824
S31508028070D054A8F800402846A1F80170A1F8036078
S31508028080FDF715FDE8E738B5002204460D46182027
S315080280900221FDF7B4FC014600B145702046BDE851
S315080280A03840FDF704BD70B5857904460C35461986
S315080280B001F0BAF9625D431E013A9BB2202A12D830
S315080280C0DFE802F0131118111A112B11311142119E
S315080280D0421142113511271111113B112711401175
S315080280E0401111114200002070BD042B14BF01205B
S315080280F00320F9E7022BF9E743B37278022A0AD07A
S31508028100012A23D10222013B0232B3FBF2F102FB1E
S315080281101133002BEAE71022F5E713F0030F14BF19
S3150802812001200320E0E78BB17278013BEDE76BB1E2
S315080281307278032A0AD9013BE7E7042B34BF0120E8
S315080281400320D1E7022BF9E70320CDE70120CBE78D
S3150802815008B5FFF7C3FD407940F4805008BD0228F0
S3150802816001D1E9F715BC704710B90120E9F734BC0B
S3150802817070470220E9F726BC0020E9F723BC08B5B8
S31508028180FFF7ACFD407940F4805008BD0078F3F75C
S3150802819045B913B50C460DF107020DF1060101F0BA
S315080281A0A1FC30B19DF80600031B5842584102B0A3
S315080281B010BD0120FBE77047F3F7DEBB704701F0FD
S315080281C0B8BEF4F74BB8EAF7CDB901F0B4BE01F080
S315080281D0B4BE70477047704708B503F0C3FA002863
S315080281E014BF1420002008BD7047704770477047B7
S315080281F00020704770477047704770B504460E46B0
S3150802820015680A46002100F004FF25F400452046B9
S315080282102122314600F0CAFF290A04312046C9B292
S3150802822001F04DF8A3791C44E56070BD70477047AC
S31508028230704770477047704713B5044601A9202056
S31508028240E7F73AFD20B9224620200199E7F744FDCF
S3150802825002B010BD13B50C4601A904F0CBF910B94A
S31508028260019BC4E9003002B010BDFD20704738B545
S315080282700D4604462022002100F0CBFEF8F751FFF6
S31508028280AB68A080A360EB68E360EB8B23822B8C40
S315080282906382FFF7EAFF2076AB8CA382EB8CE3823C
S315080282A06B682360A36843F48063A360FFF7A0FFAB
S315080282B018B1A36843F00403A360A36843F48032A9
S315080282C0A2602A6892055CBF43F41023A36038BDF6
S315080282D008B52020FDF77FFA003818BF012008BD2F
S315080282E008B5FFF7F5FF20B1BDE808402020FDF7E5
S315080282F07ABA08BD08B5F2F7AFFB08B1012008BD86
S3150802830004F046F9F2F7B0FB0028F7D1E7F7C6FC06
S31508028310003818BF0120F2E708B5EAF7E7FA00289D
S315080283200CBF0420012008BD08B5FCF74DFF00204C
S3150802833008BDEAF7ABBBEAF7B9BB7047022070473C
S3150802834002207047002070470120704700207047BE
S31508028350704737B504460D4601A8ECF75DFD01A83E
S31508028360FFF7F6FF204601A98DF80650EAF77CFDCD
S3150802837003B030BD08461146012200F06EB8014628
S3150802838008B54FF0FF30EAF797FDB0FA80F04009DA
S3150802839008BD00F08ABC00F092BC7FB56C46054663
S315080283A00E460FCA84E80F009DF80D30224643F0A8
S315080283B04003314628468DF80D3000F0B8F804B06F
S315080283C070BD7047431E012B03D9031F58425841FB
S315080283D070470120704700F015BD4FF4D87200218E
S315080283E000F017BE70B50446ECF738FC0546A8B986
S315080283F0A169F1B1238AD3B1204604F1100200F033
S31508028400F7FB38BBE16919B3638AA3B1204604F1C5
S31508028410120200F0C2FB78B1054603E00023A3610D
S315080284202361E361002328466361236270BDA0616C
S31508028430E8E72082E6E7E361216A0029F2D0A28A08
S31508028440002AEFD02046E38ABDE8704000F064BBFC
S315080284506182F1E76582E561DEE710B50C461146F1
S31508028460EBF78AFCECF710FF012801D1002010BDBA
S31508028470002CF7D10520FAE7F8B506460D46EAF7C5
S315080284804FFDD8B94FF6FF734FF0240CEF68C1B20F
S315080284908F4208D81C4621463046EAF7F1FE00F01C
S315080284A0B7FC2046F8BDAA680CFB0122D4899C4277
S315080284B002D2002CEFD023460130E8E70024F0E789
S315080284C0C08D70470A7838B505461046FFF77AFF19
S315080284D060B14C782046FFF775FF38B1224353073F
S315080284E004D42846BDE83840EBF7BEBE212038BD85
S315080284F0FFF7E8BF10B504460878FFF763FF58B1DF
S315080285004A781046FFF75EFF30B1042A04D02046A7
S31508028510BDE81040EBF7C6BE212010BDFFF7EABF43
S3150802852000F074BA084600F0E8BBEBF73BBD70B53D
S3150802853004460D46164600F02AF958B12946204641
S31508028540EAF79EFE38B9324629462046BDE870400B
S31508028550F0F75CBB0E2070BDECF72CBE08B5EAF747
S315080285607BFC18B1BDE80840EFF7E6BD08BDF0B5DB
S3150802857087B004460E4615461F46ADF80610D3B117
S3150802858090F83831ABB9D0E94C0194F836310490F9
S31508028590C0B29842ADF8141005D0204604A98DF849
S315080285A01030EBF799FE20463A7894F83711EBF734
S315080285B001FF002020E00ABBD0E94C01D4F8E030E4
S315080285C00490ADF814102046A4F8426004AA0DF1EE
S315080285D00601EBF78DF878B9204604A9EBF77CFE7D
S315080285E050B9034601222046BDF90610EBF762FF91
S315080285F0BDF80630A4F8443007B0F0BDB2F912301F
S31508028600B0F942200DF10E019342A8BF134604AAFF
S31508028610ADF80E302B46EBF76BF8BDF90E30B5F90F
S3150802862012209A42A8BF1A469DF81030ADF80E20BD
S315080286300C2B0FD1212384F83831B4F944309342F4
S315080286400DDDD4E94C0100230490ADF8141084F82A
S31508028650383104E0C0B284F838010028EDD19DF81B
S3150802866010102046A4F8442084F83611DCF708FFD7
S3150802867084F837019DE738B5044600200D4600F018
S31508028680C3FBD4F8F0302BB929462046BDE838405A
S31508028690EBF7BCBE022038BD00F01DBA70B5044621
S315080286A000200E4600F0B0FBD4F8F0503DB100238E
S315080286B031462046AC46BDE870401A4660472B460E
S315080286C0012231462046EBF7F5FE284670BD38B53D
S315080286D0044648880D4600F097FBD4F8F0302BB9CB
S315080286E029462046BDE83840EBF7F6BD022038BDDC
S315080286F000F08CBB00F0E6B9EDF7B4BE38B5054616
S315080287000C4604F049F9D5F890301C40D5F88C305F
S315080287102343C5F88C3004F03AF9211E18BF01210B
S315080287200020490238BDECF71DB93F2B10B502D817
S315080287300024204610BDB3F5805F9BBF4FF000446E
S31508028740B3FA83F34FF48054DC4098BFA4B2A24232
S31508028750134628BF2346224600F0DEF90028E7D151
S31508028760E7E700F01ABAEDF735BBECF70BB8ECF70A
S31508028770B1B8FFF7FCBF38B50446154609B100F093
S315080287805FFA15B12046ECF70BF9002038BD03460F
S31508028790408A18B1188A003818BF0120704700F0BD
S315080287A05DBA00F067BA0846EDF76CBF10B5044625
S315080287B000F089F820B92046BDE81040EAF7CEBE97
S315080287C010BD00F02EBBEEF78DB92DE9FF41984694
S315080287D004460E46174604F0E8F805462046FFF713
S315080287E0E5FF0A9B3A46029300233146CDE9008308
S315080287F02046EAF701FF0446284604F0D1F8204647
S3150802880004B0BDE8F08138B5044604F0CEF8054652
S315080288102046FFF7CBFF2046EAF7CCFE0446284659
S3150802882004F0BEF8204638BD38B5044604F0BDF853
S3150802883005462046FFF7BAFF204600F053F80446DD
S31508028840284604F0ADF8204638BD38B5044604F08B
S31508028850ACF805462046FFF7A9FF204600F048F87F
S315080288600446284604F09CF8204638BD70B50446EE
S315080288700E4604F09AF805462046FFF797FF31465A
S315080288802046EAF707FF0446284604F089F82046F8
S3150802889070BD134607B500228DF807100DF10700C3
S315080288A0194600F07CFA03B05DF804FB0846114647
S315080288B01A4600F074BA0020704701207047ECF798
S315080288C0EFBE00F017BAEAF783BD10B504F06DF8EB
S315080288D0044600F015F8EAF7A1FD2046BDE8104067
S315080288E004F05EB8024608B5EAF772FD507D08BD87
S315080288F0024608B5EAF76CFD507D80F0010008BD16
S3150802890000F08FBAEBF70EBC00F0BDB890F827302E
S3150802891003B108470220704710B50446ECF720FE5B
S315080289202046BDE810400321EBF700BA90F827303D
S315080289300BB1ECF7D7BD0220704790F827300BB180
S31508028940ECF7F6BD0220704738B590F827400D4679
S31508028950BCB1053C012C8CBF00240124496822467F
S31508028960ECF73CFE286890FAA0F0000AEEF7F4FC51
S31508028970A97A2889224681F00101ECF75FFE0020D8
S3150802898038BD0220FCE730B585B005460FC96C46EE
S3150802899084E80F0021462846FFF7D6FF05B030BD0A
S315080289A01FB5ADF808309DF81830CDE900128DF8DC
S315080289B00A3000236946ADF80C30FFF7E4FF05B02C
S315080289C05DF804FB0020704700207047013001D192
S315080289D0EEF7FAB9212070477047D0F8943003F0C1
S315080289E06003402B0DD0602B03D0203B58425841E0
S315080289F0704749B10B68012B06D9486940F0010056
S31508028A00704740F20110704700207047F7B50446D8
S31508028A101046D4E954C7DDE908268CEA020587EA36
S31508028A2006010540194085EA0C057940C4E9545106
S31508028A30002523F4004106EA010320F0010043F46D
S31508028A400073024043F00203CDE90055EFF792FEA8
S31508028A5094F824309A0713D5D4F854319B050FD5C8
S31508028A604FF488112046FFF749FE94F8243002464F
S31508028A7065F3410384F8243020460B46EBF744F9A4
S31508028A80002003B0F0BD0520EEF722B8D0F8E420A6
S31508028A9008B57AB11368022B0CD9536A13F47F4FBF
S31508028AA0C3F3072106D0126ADBB253438B42B3FBE8
S31508028AB0F1F006D2002040F67F424C21EAF772FC1A
S31508028AC0002008BD0346D0F830010860B3F83431F7
S31508028AD000208B80704790F830310C2B14BF90F829
S31508028AE02B00FF2070474FF48071F1F77DB838B537
S31508028AF04FF03A430546DC6A808AC4F30C04A04266
S31508028B0034BF0020012041F666020821EAF74AFC32
S31508028B10A88A001B80B238BD2DE9F041884618F0B4
S31508028B20030706461546194633D1B2F5805F30D893
S31508028B309A422ED33F2A28D9B2FA82F40122012078
S31508028B40C4F11F03DBB29A4092B2AA422CBFC4F107
S31508028B501904C4F11A04E2B2931DDBB2984080B23A
S31508028B60A84214D096F8F530ABB9012096F825300C
S31508028B7060F3000386F825304046ECF7DBFEC6F8BC
S31508028B802080B5823846BDE8F0813A46EAE70020F9
S31508028B90ECE72127F6E70E27F4E7F8B511F0030606
S31508028BA007460D46144621D102B313883F2B1DD919
S31508028BB0B3FA83F3C3F11901C9B2062901D8192BED
S31508028BC012D0062928BF062101238A1DD2B2934054
S31508028BD02846238000F0D0F823883846FD617B8238
S31508028BE0ECF7BAFF3046F8BD3146EDE72126F9E73C
S31508028BF038B5148811F003054FEAC4041ED13F2C78
S31508028C001CD9B4FA84F4C4F11903DBB2052B01D8D2
S31508028C10192C11D0052B28BF052301240633DBB2F4
S31508028C2004FA03F3C3F3CF041480816104824387F1
S31508028C30ECF792FF284638BD2B46EEE72125F9E7E1
S31508028C40EAF7FEBF10B5144608460121EEF782FA86
S31508028C502046BDE810400121EEF77CBA10B50A019C
S31508028C601021F0F7ADFF0446F0F7C8FF201E18BF23
S31508028C70012010BD1021F0F7B7BFF8B504460E461D
S31508028C80174603F089FE3A46054631462046EEF770
S31508028C9021FD0446284603F07AFE2046F8BD052043
S31508028CA0704703207047EDF70BBF10B50023ECF7AA
S31508028CB039F9044608B9EFF793FF204610BD38B5CF
S31508028CC01D4600230446ECF72DF928B92946204605
S31508028CD0BDE83840F0F77EB838BD8021F0F784BF8A
S31508028CE010B50446EBF73CF801462046BDE81040AD
S31508028CF0EBF73CB8ECF7D4BC704710B5EEF7C0FFFB
S31508028D0004460021ECF7CCFDECF7B4FD204610BD75
S31508028D102DE9F74F01251C469DF83030064601938A
S31508028D200368174603F0070306339D4005F1FF382B
S31508028D300B46A1B1416804EA080BA5EB0B0A41F000
S31508028D400059524509EB0B0114D95246184600F050
S31508028D5068F949467A1B5A44504400F062F9019B65
S31508028D602BB13C4448EA050804EA0804F46003B057
S31508028D70BDE8F08F1846F0E74FF03A4301225A67EA
S31508028D8041F6FF72D96418651A67704737B5002528
S31508028D9014460095FFF7BCFF204603B030BD70B5F8
S31508028DA00E461546044608B9002070BD0378042B02
S31508028DB018D02078EDF762F9B0B923780C2BF3D1E5
S31508028DC00EB1FF233370CDB1FF232B7016E0207846
S31508028DD00130C0B203282070EBD8EDF74FF900280E
S31508028DE0F5D0E6E70020F5E71EB12078EDF7B6F9EB
S31508028DF030701DB1207800F00CF828700120D4E7F5
S31508028E00ECF7AEB900207047002070470020704783
S31508028E10704710F0FD0F14BF4FF0FF300020C0B2AC
S31508028E20704708B5EDF782FEBDE80840EDF7A6BE25
S31508028E3038B50446FFF7F5FF0546FFF7F2FF431B71
S31508028E40A342FAD338BD38B50D460446EDF76EFE91
S31508028E5035B1844200D90139204601F0030138BDF3
S31508028E60844238BF0131F7E708B5EDF777FEBDE86A
S31508028E700840EDF783BE08B50121FFF7E4FFBDE818
S31508028E800840EDF77BBE08B521B1920000F0C9F89B
S31508028E90002008BD2120FCE700F06F43B3F1804FA4
S31508028EA002D0B3F1204F02D120F07040704700F093
S31508028EB06043B3F1204F08BF20F0805070470B0C77
S31508028EC023F48053B3F5284FF7B50D468FB20646FD
S31508028ED099B216D04AF60103994214D04AF6020309
S31508028EE0994212D0B1F5204F14BF04240324D6F8B0
S31508028EF0E0300BB1196851B9D6F8DC3093B9286855
S31508028F000EE00024F3E70124F1E70224EFE7234603
S31508028F1068463A46EDF7B8FEDDE90003002BEBD1C9
S31508028F2003B0F0BD19680029E9D0234668463A46D7
S31508028F30EDF7AAFEDDE90003002BE0D1F0E7020413
S31508028F40C0F3891307D56FEA83536FEA935313F570
S31508028F50007F18B206D0A3F1C8006FF4FF739842D7
S31508028F60B8BF184670470020EEF742BA0120EEF75E
S31508028F703FBA0E2070477047F0F778B9F0F776B91E
S31508028F80F0F774B9F0F772B908B50846F0F786FD36
S31508028F9008BDF0F76BB900228A4202D14FF0FF30C2
S31508028FA0704750F8223093FAA3F30BB90132F3E76C
S31508028FB0B3FA83F000EB421070470020704701397C
S31508028FC0024410B5904201D1002005E0037811F859
S31508028FD0014FA34201D0181B10BD0130F2E78842A7
S31508028FE010B501EB020402D98442234607D8431E70
S31508028FF0A14208D011F8012B03F8012FF8E7024421
S3150802900001468A4200D110BD13F8014D02F8014DFE
S31508029010F7E702440346934200D1704703F8011B5F
S31508029020F9E70A44431E914200D1704710B511F878
S31508029030014B914203F8014FF9D110BD430803F0E1
S315080290405533C01A00F03333800800F03330184421
S315080290504FF0013300EB101000F00F305843000EAA
S31508029060704710B5044688B1836A016A7BB1806885
S315080290709847002394F8240023620C28636005D8D5
S315080290802146F1F76DFF0D2384F8243010BD00291F
S31508029090EFD08368002BECDB084600F05CFCE8E7BF
S315080290A0002307B51A46019101A9F1F7ABFD03B0F2
S315080290B05DF804FB002330B587B004939DF834307D
S315080290C0DDE90A4503930C9BCDE900450293F1F7C6
S315080290D017FD07B030BD052330B585B003930A9B4B
S315080290E0DDE908450293CDE90045FFF7E3FF05B040
S315080290F030BD30B500230024002585B0CDE90045F2
S315080291000293FFF7E8FF05B030BD03680B60016004
S3150802911070472DE9F0410E461746002405460068B9
S3150802912008B9BDE8F081D0E90083B3420BD1836860
S31508029130BB4208D154B9C5F80080C368DB0701D51C
S3150802914000F009FC204604464046E9E7C4F80080D8
S31508029150F3E7002370B51A46194605460468F1F77F
S3150802916051FD0CB92C6070BDE3682668DB0702D591
S31508029170204600F0F0FB3446F3E72DE9F8430E46A5
S315080291801746054610B90020BDE8F8830468002C86
S31508029190F9D0D4E900893B4632462946A068C84731
S315080291A00028F1D14446F2E73020704738B5054623
S315080291B014460A460021FFF72CFF24F01C046B799B
S315080291C044F0100443F004032C716B7138BD2DE989
S315080291D0F74F1F469DF830308A468046009300288E
S315080291E050D0002967D00C68002C66D04FF0000BCF
S315080291F0E679A179761AF6B2BE4208D30C31394419
S3150802920008EB020945462144F61BC84537E02068A3
S31508029210A346BF1B002835D00446E9E7AB19994592
S3150802922038BFA9EB050632462846FFF7FAFE009B29
S31508029230002B3DD0E279A079F3B237BB1844A0716E
S31508029240E279A37927689A4232D1DAF80030A34242
S3150802925008BFCAF80070BBF1000F01D0CBF8007046
S315080292602046F1F7CDFE3C4635444CB10027A3799A
S31508029270E67903F10C01F61A2144F6B24D45CDD32F
S31508029280A5EB080003B0BDE8F08F121AD2B2F9189E
S31508029290914209DA0C302044D21BD21A01443844CE
S315080292A00193FFF79CFE019BE279D31AE371C7E7A4
S315080292B0A3462468D8E70846E4E72046E2E710B55D
S315080292C0C4790246C4F14503D8B2884228BF084683
S315080292D00444D47110BD38B50546C079C0F14504B9
S315080292E0E4B2944288BFD4B20C3022462844FFF72F
S315080292F098FEEB7920462344EB7138BD1FB50391DE
S315080293000021009103A9FFF762FF05B05DF804FB8F
S3150802931013B501240094FFF75AFF02B010BD38B501
S315080293200446206800B938BD0568F1F769FE25606C
S31508029330F7E7034610B501F0EC0103B910BD1A7937
S3150802934002F013020A431A711A1A544254415A79FC
S3150802935064F300025A711B68EFE710B558B1016849
S3150802936002685AB1136823B15C79E40704D500246C
S3150802937014600360084610BD0360F1E71346F8E778
S31508029380034658B10020DA7999791B68521A50FABD
S3150802939082F01BB15A79D207F5D57047704770B576
S315080293A00D460446E8B186798E4203D3751A85714D
S315080293B0012070BDC27906F145039B1ADBB29942B8
S315080293C00FD806F10C010144921BA81BD2B208441D
S315080293D0FFF705FE0023A371E3791D44AD1BE57172
S315080293E0E6E70020E5E710B50C4698B191B1897910
S315080293F0E279C379521AC3F14503D2B2DBB2934278
S3150802940008D30C312144FFF766FF2046F1F7F8FD31
S31508029410012010BD0020FCE70346006818B1026867
S315080294201A600023036070470346002003B9704799
S31508029430DA7999791B68521A50FA82F0F6E72DE919
S31508029440F84F894614468246FFF7EEFF0546484618
S31508029450FFF7EAFFA542074601D3A04208D2BD425A
S3150802946008D10024A346A046264647B9384604E052
S315080294702746F6E738D24FF0FF30BDE8F88F5EB9D7
S315080294809AF806809AF80760A6EB080608F10C080F
S31508029490D044DAF800A0F6B2BBF1000F0BD199F866
S315080294A0064099F807B0ABEB040B0C344C44D9F8D8
S315080294B000905FFA8BFB5E45354628BF5D46BD4286
S315080294C028BF3D4621462A464046FFF778FD002832
S315080294D0D3D1A8442C447F1BEDB2761BABEB050512
S315080294E0F6B25FFA85FBC0E70120C6E703680BB947
S315080294F0016070471A461B68002BFBD11160704742
S31508029500036803B10B600160704739B10B461A460E
S315080295101B68002BFBD1036813600160704770B5A6
S31508029520046806460D4644B12046FFF77DFFA84269
S3150802953011D8236813B9E379A37170BD2046336045
S31508029540F1F75EFD3468F4E7ED1A236820463360C6
S31508029550F1F756FD3468002DEFD0A279E3799B1A0C
S31508029560DBB2AB42F0D92A44A271E6E7F8B506683F
S3150802957005460C4646B13046FFF756FFA0421DD8AF
S31508029580336813B9F379B371F8BD30462B60F1F736
S3150802959037FD2E68F4E7064638460768002FFAD1E3
S315080295A0C2798379D31ADBB2A34202D9121BC271DA
S315080295B0EAE7E41AF1F724FD3EB13760002CE3D05E
S315080295C028680028E0D00026E7E72E60F6E7F8B517
S315080295D004460F46BC4200D1F8BDA179E5796D1A59
S315080295E0EDB2C5F14506B6B20EB92468F2E749B13D
S315080295F00C312A46214404F10C00FFF7F0FC002343
S31508029600E571A3712368BB42EFD05A79D207ECD42D
S315080296109979DD79A0796D1AEDB2B54228BF35463A
S31508029620E2790C3010440C312A4619442044FFF7DB
S31508029630F8FCE379206853FA85F3E3718379761B9C
S3150802964053FA85F5C379EDB2AB42B6B2857103D149
S3150802965003682360F1F7D4FC002ED3D1C5E738B5E9
S315080296600C46016809B9046038BD0D460968002927
S31508029670FBD1236823B12046FFF7A9FF2C60F3E745
S3150802968021462846FFF7AFFE0028EDD1F6E748B196
S31508029690002302794360036083604379027143F0D1
S315080296A004034371704700221146F1F72BBD38B502
S315080296B004460D46FFF773FE98B984B12079FFF781
S315080296C0F2FF58B163794279C3F3400363F3410267
S315080296D045235D1B04604271C371857138BD012043
S315080296E0EDE72046FAE738B5036804460D469BB10E
S315080296F01879FFF7D8FF88B12368427903605B7946
S31508029700C3F3400363F3410245235D1B4271C371F0
S3150802971085712060002038BD0120EAE71920FAE7A2
S3150802972038B50C46054640B3006830B309B900207F
S3150802973038BD4AB9C9B2FFF732FE0028F7D12B68FD
S315080297409A799871A41A06E0452918D8C9B2FFF77A
S3150802975026FE0028EBD1442C07D8002CE7D0284651
S31508029760E1B2BDE83840FFF7BEBF45212846FFF7FC
S31508029770BAFF0028DCD1453CEDE72220D8E72120B4
S31508029780D6E72DE9F84390F8078090F80690044644
S31508029790A8EB0907FFB2B9420D4602D30020BDE87D
S315080297A0F8830079FFF77FFF06460028F6D0A179ED
S315080297B080790C317F1B29440C30BAB221443044DB
S315080297C0FFF72FFCF37901203B44F371E3799944BF
S315080297D04D442368A5EB0805E57133602660DEE78C
S315080297E0F8B5076806460D463C46002305B12CB96E
S315080297F00BB100221A6034603846F8BDE379A279C3
S315080298009B1ADBB2AB4207D8E379A2799B1ADBB281
S31508029810ED1A23462468E9E72046E9B2FFF7B1FFC5
S315080298200028F1D10746E7E75318452B02DCC9B2EF
S31508029830F1F768BC00207047F7B5002605460F46C3
S3150802984001960DB9019C09E0002238461146F1F746
S3150802985059FC044628B901A8FFF761FD204603B062
S31508029860F0BDAB798371EA79C27168796179D21AE6
S3150802987060F30001617169796079C1F3400161F3AE
S315080298804100607103F10C002918D2B22044FFF797
S31508029890C8FB019B03B9019406B1346026462D68BC
S315080298A0CFE72DE9F8430D461446064610B319B319
S315080298B0DAB1034699461B68002BFBD12746C846F0
S315080298C03A4629464046FFF706FDC145A7EB00077B
S315080298D0054418BFC9F8008037B10022B17930793A
S315080298E0F1F710FCC14618B9E41B2046BDE8F88317
S315080298F08046E5E70446F8E70C46F6E737B5154627
S31508029900C9B200221C46F1F7FDFB019040B122467E
S315080299102946FFF7C6FF844202D901A8FFF7FFFCD2
S31508029920019803B030BD034610B501391A1A91429F
S3150802993000D810BD445C1A7803F8014B4254013929
S31508029940F4E700230144884200D1704700F8013B3E
S31508029950F9E7F1F7E1BCF7F799BA70470E207047B5
S31508029960704710B50446806920B10021E6F764FA0B
S315080299700023A36110BD07B501228DF807100DF16A
S315080299800701FFF78EFF03B05DF804FBF7B505463E
S315080299904FF428500C46FCF794FD0646FCF72CFBC0
S315080299A0B0B3022C02D8002003B0F0BD002731461E
S315080299B00DF105030DF106023846ADF80670FCF7FF
S315080299C05FFCBDF80620631E934206461EDC072C82
S315080299D01AD9023CADF806400824BDF80630002B19
S315080299E0E1D00133D9B22846FFF7C5FF21462846FA
S315080299F0FFF7C1FF31462846BDF80620FFF751FF9B
S31508029A00BDF806000230CFE7ADF806700924E4E790
S31508029A104FF0FF30C8E702292DE9F34104460D4607
S31508029A201746184603D8002002B0BDE8F081FCF7B5
S31508029A3048FD0646FCF7E0FA0028F4D04FF0000885
S31508029A4031460DF105030DF106024046ADF80680D2
S31508029A50FCF716FCBDF80630BDF8202006469342F0
S31508029A6028BF1346AB4228BF2B469DF80500ADF822
S31508029A700630C0B9002BD7D001339AB29542D3D952
S31508029A80D9B22046FFF777FF39462046FFF773FF1C
S31508029A9031462046BDF80620FFF703FFBDF806004B
S31508029AA00230C0B2C0E74046BEE707B501A9F1F7E2
S31508029AB00BFD30B9019B586AC0F3C02003B05DF8AC
S31508029AC004FB0020FAE7002008B5F1F77FFD08B984
S31508029AD0FF2006E0C37B012BF7D1436ADB06F4D5E8
S31508029AE0007808BD73B50E4601A91546F1F7ECFCD8
S31508029AF090B9019A546A14F010030FD0C4F30034D3
S31508029B003470D37B5A1E042A02D8D81E18BF0120E5
S31508029B102870012002B070BD0020FBE71846F9E75D
S31508029B2038B5436A04465B0705D5002300781A460A
S31508029B301946F2F70FFB636A9D0706D52046F1F729
S31508029B40D7FC636A23F002036362636A18070DD5BA
S31508029B502146E27911F8010BC2F3C002F2F79CFA28
S31508029B600546E8B9636A23F008036362204600F0F3
S31508029B70D0F90546A0B9626AD10611D5D30404D52F
S31508029B802046FEF7A4F940B11BE01206E37B09D48E
S31508029B90E37B626A023B012B15D9616A48071FD427
S31508029BA0284638BD03F0FB03012BF6D0216920783D
S31508029BB0F2F798FA636A256123F080036362002844
S31508029BC0E6D00546ECE7D305E7D561692078F2F7D2
S31508029BD0A5FA00236361636A23F480736362D2E79A
S31508029BE0E37BA28D012B03D1A2B1802A28BF802252
S31508029BF011F0400F94F830304FF0010118BF0123DD
S31508029C002078F2F7A7FA0028DBD1636A23F0040367
S31508029C106362C5E74022EBE7002010B5F1F7D6FCF0
S31508029C20044600B910BD636ADA060BD55B0409D48B
S31508029C302046F1F7BFFB636A204643F006036362D8
S31508029C40FFF76EFF2046E9E713B50C4601A9F1F7BF
S31508029C503BFC50B9022C07D802462146019802B0AD
S31508029C60BDE81040F1F7D0BC212002B010BDF7B50F
S31508029C700E4601A915461F46F1F726FCF8B9019CBE
S31508029C80626A93050BD44FF6DF73A6F12001994257
S31508029C9017D8A5F12001994213D8AE4211D8E36923
S31508029CA0B34202D1236AAB4204D0C4E9076542F043
S31508029CB0020262629DF82030A78584F8303003B02C
S31508029CC0F0BD2120FBE790F8393037B55B0704462B
S31508029CD00D462AD4F1F76EFB6B1E042B14D8032DFE
S31508029CE012D0E379142B22D0A3696BB96846FBF725
S31508029CF0EDFFE6F79BF96946E6F714F818B91A254F
S31508029D00284603B030BDA061636AE57343F01603C3
S31508029D106362E7F727FC2046FFF702FF054600289D
S31508029D20EED02046FFF71DFEEAE70225E8E72125E1
S31508029D30E6E707B501A9F1F7C7FB30B90198C17B78
S31508029D4003B05DF804EBFFF7BEBF03B05DF804FB92
S31508029D5037B50C4601A9F1F7B7FB18B9052C019DD1
S31508029D6002D9212003B030BD2869FFF75DFB1F2801
S31508029D70F7D86869FFF758FB1F28F2D8012CF0D0EC
S31508029D80231F012BEDD9214628466B6A23F48253F9
S31508029D906B6203B0BDE83040FFF795BF37B5FFF7F2
S31508029DA092FEFF28044613D001A9F1F78DFB78B974
S31508029DB0019D6B6A284623F010036B62FFF7D1FDFB
S31508029DC0204605F1340103B0BDE83040E7F7B2BFDB
S31508029DD003B030BD002337B580F8723040F6FF7302
S31508029DE0A0F86E3083680446DA040D46C16010D4C2
S31508029DF043F480636A46A36040F203212046CDE914
S31508029E000045FFF7BAF900212046E6F715F803B030
S31508029E1030BD90F87600FFF78CFFA36823F48053D1
S31508029E20E8E773B56E4604464A7930460D4606316A
S31508029E30E6F740F996E80300A4F85010090C11F069
S31508029E40800FE06484F8521004F1530312D0012201
S31508029E50184605F11201E6F72DF90C352846FEF7E4
S31508029E6019F828B10122294604F15A00E6F722F91F
S31508029E7002B070BDB4F8501094F85220C4F85300DA
S31508029E8099809A71E9E71FB590F87420044602F0A2
S31508029E90010301908DF808300BB102F002038DF828
S31508029EA0093094F8753020468DF80A30039100F08F
S31508029EB099F84FF4017101AA2046FFF75EF9204688
S31508029EC0E6F730F804B010BDE5F78EBF0A46002162
S31508029ED0E7F702BE826838B5C2F380320446B0F8A4
S31508029EE06E000D46E7F79EFE20B9A3681DB143F43E
S31508029EF00053A36038BD23F40053FAE783791A079F
S31508029F0005D413F0100F0CBFFF2001207047002064
S31508029F1070470020704708B5FDF7E0FE407940F427
S31508029F20805008BD002070470F2070470F207047E9
S31508029F307047F2F76FBDF2F787BDF2F78FBD10B51E
S31508029F4088B0E5F73BFF0446002847D090F8720030
S31508029F50022845D1A36813F4407F2AD094F87330B7
S31508029F60012B2FD194F97500E5F700F810B9A3680B
S31508029F70DB0527D594F8743013F0010322D1CDE915
S31508029F800133CDE90433CDE90633ADF80C30A368C5
S31508029F9013F4807F01AB0ED0A06AE16A228E03C356
S31508029FA01A802046BDF8042004AB0DF10601E7F736
S31508029FB009FE08B010BD0A22022194F97500FBF7C2
S31508029FC0D6FAEEE7002345F217021946204600F0B4
S31508029FD077F9B0FA80F040094000EAE72120E8E77D
S31508029FE00220E6E738B545F21B020C460B4600216D
S31508029FF0054600F065F930B92CB121462846BDE878
S3150802A0003840F2F77FB938BD00F07CB901F0F2BAF0
S3150802A01001F0FBBA10B504464C30FBF7A1FA84F8F6
S3150802A02075002046BDE8104001F0BFBA10B50446D7
S3150802A030FBF75AFA01280DD094F8733094F9700098
S3150802A040012B14BF0521032184F83210BDE8104004
S3150802A050FFF783BCA36843F40073A36010BD00F046
S3150802A06083B938B5037804463E2B0D4602D0FF2B3A
S3150802A07012D038BD8378052BFBD1B0F80300E5F77B
S3150802A0808FFE20B1B4F80D10621D00F0D3F92846F0
S3150802A090BDE83840FFF743B98378ED2BE9D1B0F82C
S3150802A0A00300E5F77DFE0028F1D0B4F80D1004F19F
S3150802A0B00F03621D00F0C1F9E9E7CB0448BF41F47A
S3150802A0C080618160704710B50446006C30B94FF460
S3150802A0D0B070FFF73EFC206420B910BD4FF4B07192
S3150802A0E0FFF72FFCFF23226C82F85E31A3681B065A
S3150802A0F003D5C02301201370EFE794F87330012BC0
S3150802A10014BF80234023F5E708B5D0B2E5F756FE1B
S3150802A11028B190F8773003F07F0380F87730012072
S3150802A12008BD10B5044645F21A01FEF7B9FF2046E6
S3150802A130BDE8104047F23053002245F21A01F0F703
S3150802A140D1BD10B50A46044608210020FFF76CFB6C
S3150802A15010B1837903441C7310BD38B505460C4605
S3150802A1600D201121FFF7EDFF024688B121468379BA
S3150802A17003440D3304F1100051F8044B814243F8AD
S3150802A180044BF9D12846BDE838400621FDF7DCBD67
S3150802A19038BD38B505460C4604201121FFF7D1FF14
S3150802A1A0024688B12146837903440D3304F110002F
S3150802A1B051F8044B814243F8044BF9D12846BDE8CD
S3150802A1C038400621FDF7C0BD38BD38B505460C46F0
S3150802A1D003201121FFF7B5FF024688B1214683798C
S3150802A1E003440D3304F1100051F8044B814243F83D
S3150802A1F0044BF9D12846BDE838400621FDF7A4BD2F
S3150802A20038BD37B50022054608211046FFF70CFB74
S3150802A2100446C0B10C2301220DF107018DF807305F
S3150802A220FFF73FFB296C202251312046FFF739FB05
S3150802A230296C202271312046FFF733FB224606217C
S3150802A2402846FDF781FD03B030BD036C4BB9836820
S3150802A2501B0608D490F87330012B14BF80204020C7
S3150802A260704718787047C020704770B50446FFF7E4
S3150802A270ECFFF2F76BFB0D460346002245F201019D
S3150802A28020469847236C03B11D702846F2F75EFBF9
S3150802A2904FF4A041034600222046BDE87040184705
S3150802A2A070B51546044648B1FFF7CFFFF2F74EFBE5
S3150802A2B02A4603462046BDE870401847022070BD6C
S3150802A2C0114608B51A4621F00041FFF7E9FFB0FA30
S3150802A2D080F0400908BD08B50B4601461846F1F755
S3150802A2E04BF8003818BF012008BD10B504460068AF
S3150802A2F038B11A21FFF725FB2068FFF72CFB00234C
S3150802A300236010BD30B58BB00D46002201A9C0B23C
S3150802A310F2F73AF9044620BB01460D220DF10B006D
S3150802A320FEF777FEB5F803206B79ADF8082006A983
S3150802A330019A02A88DF80A30F2F768F940F2034347
S3150802A340BDF81820002818BF1C469DF81A3010219F
S3150802A35002A82A80AB70FFF7F4FA102106A8FFF7C5
S3150802A360F0FA20460BB030BD10B50446F2F772F883
S3150802A37004F13400FFF7B9FFA3685A0606D523F09D
S3150802A380400300212046A360E7F76CFB236C63B108
S3150802A390D3F89400F7F7DDF80421206CFFF7D1FA19
S3150802A3A0206CFFF7D8FA0023236410BDF7B50D46D3
S3150802A3B069461646F2F7E8F8044698B9294610227D
S3150802A3C0009801ABF7F730F9074610212846FFF740
S3150802A3D0AAFA2FB110212846FFF7B3FA40F207442A
S3150802A3E006B13760204603B0F0BD38B50446C51C31
S3150802A3F003212846FFF76FFFC8B9E27863797AB96D
S3150802A40022791A43F4D003F07F0343F040036371C1
S3150802A4105323A3712146BDE83840FF20FFF772BFD8
S3150802A420FF2AF0D122791A40FF2AE1D0EBE740F25F
S3150802A430074038BD0021E7F715BBF8B51D46836806
S3150802A44004465B060F4616462DD41A20FFF781FAF4
S3150802A4500146606320B92046BDE8F840E7F702BB2B
S3150802A460034623F8027B326805F11001C0F8022080
S3150802A47072685A602A46636B0A3352F8040B8A4298
S3150802A48043F8040BF9D110212846FFF75AFAA368B4
S3150802A49043F0400213F4407FA26004D02046BDE890
S3150802A4A0F840F2F715BBF8BD38B504460D46052047
S3150802A4B00221FFF746FE0246B8B183790621034414
S3150802A4C05D732046FDF740FC45F490512046F1F7AE
S3150802A4D019FF94F873302046012B18BF8021BDE876
S3150802A4E0384008BF4021FFF7C0BE38BDB1F5A04FBE
S3150802A4F070B504460D4616460AD045F20603994239
S3150802A50018D0324629462046BDE87040F2F7B6BC56
S3150802A510836843F08003836090F87330012B14BF7D
S3150802A52080204020F2F712FA002203462046BDE8B0
S3150802A5307040184793791344597C41F49051F1F7C6
S3150802A540E1FEDEE72DE9F04196B0154605AA1C465E
S3150802A55006460B4690461D9F01F1200E9446186842
S3150802A56059680833ACE8030073456246F6D12021E0
S3150802A5704046FFF7D8F90DAB2A469C4605F1200E50
S3150802A5801D4610685168083203C572452B46F7D135
S3150802A59020216046FFF7C7F9AEB3336C93F85D31F5
S3150802A5A0013B022B2FD89DF8703043F0800301AA95
S3150802A5B08DF854301546234604F1100C14461868D3
S3150802A5C05968083303C463452246F7D11021284641
S3150802A5D0FFF7A9F93B46412241462846F2F7C4F855
S3150802A5E0044610212846FFF7ACF941214046FFF7F9
S3150802A5F0A8F954B11EB108213046FFF755FF204687
S3150802A60016B0BDE8F0810023D1E710213846FFF7DE
S3150802A6108AF9002EF3D0224645F211013046FFF799
S3150802A6203FFEECE72DE9F34790F873800446B8F14C
S3150802A630010F056C04D195F85031002B40F0A88023
S3150802A64095F85C3195F85191032B00F2ED80DFE81D
S3150802A65003F00283ACD019F0010F78D0112106203D
S3150802A660FFF76FFD8246002800F092808779102155
S3150802A6700C3707447E1C3046FFF72DFE014658B1BB
S3150802A68020460821FFF710FF002140F2074002B0DA
S3150802A690BDE8F047F1F754BEA07CC0F11002304481
S3150802A6A0FEF7B7FCFAF720FF012895F95E010BD1F0
S3150802A6B032460521E4F778FC10B30821204602B099
S3150802A6C0BDE8F047FFF7F0BE334610220521FAF738
S3150802A6D00DFF28B1002140F21B40F1F731FEECE7ED
S3150802A6E0B8F1010F0CD004F11803113756F8042BF0
S3150802A6F0BE4243F8042BF9D1A36843F48073A360DE
S3150802A700524606212046FDF71FFB0B210720FFF7BD
S3150802A71018FD074600283BD0867995F95E310C3636
S3150802A720064443F43F430821A6F80130F01CFFF71C
S3150802A730D2FD0A22042195F95E01731CFAF7D6FEA8
S3150802A7400028C7D13A4606212046FDF7FDFA95F8B4
S3150802A7505C31013385F85C3119F0020F20D01121E2
S3150802A7600820FFF7EEFC064690B10023817901AA7C
S3150802A77001440D31FF200193FFF718FE58B1082155
S3150802A7802046FFF791FE40F207400199F1F7D8FDFE
S3150802A79002B0BDE8F087324606212046FDF7D4FA14
S3150802A7A095F85C31013385F85C3119F0020F1BD03C
S3150802A7B008210920FFF7C5FC07460028E8D0867954
S3150802A7C00C360644E5F72EFC83793A4683F00803ED
S3150802A7D0C3F3C003737003680621C6F80230838880
S3150802A7E02046F380FDF7B0FA95F85C31013385F817
S3150802A7F05C3119F0040F12D011210A20FFF7A1FCCF
S3150802A80006460028C4D0807910223044AB210D3088
S3150802A810FEF7FFFB324606212046FDF795FA95F824
S3150802A8205C31013385F85C31B8F1010F08D0236C2D
S3150802A83093F85031002BABD195F85C31042BA7D194
S3150802A840A36C10220B2195F95E013133FAF74EFEFD
S3150802A85078B140F21B412046F1F754FDB8F1010FD9
S3150802A86014BF80214021204602B0BDE8F047FFF719
S3150802A870FCBCA36C01220C2195F95E012033FAF780
S3150802A88035FE0028E5D1A36C10220D2195F95E014B
S3150802A8902133FAF72BFE0028DBD1082295F95E014F
S3150802A8A0114604F11003FAF721FE0028D1D1236CD0
S3150802A8B093F85E2184F87520FF2283F85E21FAF761
S3150802A8C013FE012818BFA36820461CBF43F48073F1
S3150802A8D0A360F1F7EFFCC1E7F2F72EBB70B5B1F54D
S3150802A8E0A04F0446154688B077D045F21B06B142FA
S3150802A8F040F00A8190F87430DB0766D5056CB5F826
S3150802A90050312BB14C21FFF7B0FC002008B070BDC6
S3150802A910D5F858315E0747D5AB79D80744D56B7B4E
S3150802A920D90741D5A36C10220B2195F95E01313363
S3150802A930FAF7DCFD38B140F21B412046F1F7E2FC9A
S3150802A94040F21B40E2E7A36C206C01220C2190F92D
S3150802A9505E012033FAF7CAFD0028ECD1A36C206CFD
S3150802A96010220D2190F95E012133FAF7BFFD002866
S3150802A970E1D10822206C114690F95E0104F1100318
S3150802A980FAF7B4FD0028D6D1236C93F85E2184F831
S3150802A9907520FF2283F85E2120464021FFF765FCD9
S3150802A9A02046F1F787FCB0E705F5987304F118021B
S3150802A9B005F5A07553F8041BAB4242F8041BF9D1FE
S3150802A9C0A36843F48073A360E6E74021FFF74DFCD2
S3150802A9D029462046F1F796FC97E7036CD3F85821E7
S3150802A9E012F0040255D00022CDE90122ADF80C205E
S3150802A9F09A79D2073FD55B7BDB073CD5FAF774FD1C
S3150802AA000128206C0CD100F59872032190F95E0199
S3150802AA10E4F7CAFA78B308212046FFF745FD8FE71F
S3150802AA2000F598731022032190F95E01FAF75EFD8C
S3150802AA3028B1002140F21B40F1F782FCEBE7206CBB
S3150802AA40102200F59873052190F95E01FAF74EFD7A
S3150802AA500028EED1236C04F1180103F5987203F568
S3150802AA60A07352F8040B9A4241F8040BF9D1A36871
S3150802AA7043F48073A3600023BDF80420CDE90433B0
S3150802AA80CDE906330DF1060104AB2046E7F79AF83D
S3150802AA903BE7D3F8B810C3F8D010D3F8BC1000922D
S3150802AAA0C3F8D410006C694600F59870F1F70AFEEF
S3150802AAB048B10098F6F74DFD20460821FFF7F4FC49
S3150802AAC040F2074022E7206C009A00F59871C830D8
S3150802AAD0F1F79CFD05460028EBD10098F6F739FDFB
S3150802AAE0236CA07C03F59873C0F11002294618441A
S3150802AAF0FEF78FFA2A46CDE90155CDE90455CDE987
S3150802AB00065504AB01A9C0E708B0BDE87040F2F7E4
S3150802AB10B5B92DE9F04796B01D46DDE9229705AB92
S3150802AB2006460C469E46DDF8908002F1100A9C46BF
S3150802AB30106851680832ACE8030052456346F6D1FC
S3150802AB4070461021FEF7EFFE09AA2B46944605F138
S3150802AB50100E154618685968083303C573452A4600
S3150802AB60F7D160461021FEF7DEFE0DAA94461E9B1B
S3150802AB7003F1100E154618685968083303C573455C
S3150802AB802A46F7D160461021FEF7CDFE9DF87C30A5
S3150802AB90D9F800008DF844309DF8803006218DF8EA
S3150802ABA045309DF8843012908DF8463099F8063073
S3150802ABB012A883F00803C3F3C0038DF84730B9F827
S3150802ABC00430ADF84C30FEF7AEFEBB79062183F0B1
S3150802ABD00803C3F3C0038DF84E303B680DF14F00EE
S3150802ABE0CDF84F30BB8804F11007ADF85330FEF7A5
S3150802ABF09AFE01AA23461546144618685968083368
S3150802AC0003C4BB422246F7D110212846FEF78BFE23
S3150802AC104346412205A92846F1F7A6FD0446102116
S3150802AC202846FEF78EFE412105A8FEF78AFE34B1B4
S3150802AC3008213046FFF738FC16B0BDE8F0874046D3
S3150802AC401021FEF770FE224645F213013046FFF741
S3150802AC5027FBF1E72DE9F0419CB0154608AA1C46E8
S3150802AC6006460B469046239F01F1200E9446186825
S3150802AC7059680833ACE8030073456246F6D12021C9
S3150802AC804046FEF750FE10AB2A469C4605F1200EBA
S3150802AC901D4610685168083203C572452B46F7D11E
S3150802ACA060462021FEF73FFE18AA9446229B03F12E
S3150802ACB0100E154618685968083303C573452A469F
S3150802ACC0F7D160461021FEF72EFE04AA2346154642
S3150802ACD004F1100C144618685968083303C463450E
S3150802ACE02246F7D110212846FEF71DFE6B46502252
S3150802ACF041462846F1F738FD044610212846FEF754
S3150802AD0020FE50214046FEF71CFE34B1082130468B
S3150802AD10FFF7CAFB1CB0BDE8F081039B38463B60CF
S3150802AD200421FEF700FE68461021FEF70AFE2246B7
S3150802AD3045F214013046FFF7B3FAEBE72DE9F34182
S3150802AD401D46089B04468846164690F873705BB102
S3150802AD5010211046FFF7BFFA30B10821204602B08B
S3150802AD60BDE8F041FFF7A0BB236C013E691E03F163
S3150802AD70100013F8012F16F801CF834282EA0C025B
S3150802AD8001F8012FF5D10022404601A90192F1F7F7
S3150802AD9099FC48B10198F6F7DCFB08212046FFF733
S3150802ADA083FB02B0BDE8F08129462846019AF1F7ED
S3150802ADB02DFC0028EED1022F0CBF0023062304F136
S3150802ADC059022B4404F15F0012F8016F1978904278
S3150802ADD081EA060103F8011BF6D1022F14BF0023EC
S3150802ADE0062304F152022B4404F1580012F8016FAB
S3150802ADF01978904281EA060103F8011BF6D1294621
S3150802AE002846019AF1F702FC05460198002DC2D19F
S3150802AE10F6F79FFB2A4645F210012046FFF740FA4D
S3150802AE20BFE773B545F20406B142044615460DD08E
S3150802AE3045F21006B14222D0B1F5A04F38D1FFF73C
S3150802AE4070F9236CD3F85831D90720D5236CD3F877
S3150802AE505821D2070BD4AA7998330C3215446A1DA5
S3150802AE60153552F8041BAA4243F8041BF9D1216C82
S3150802AE70D1F8583113F004030CD0832104E0016C95
S3150802AE80A831FFF7A2F985212046FFF7EEF900203F
S3150802AE9002B070BD81F85C31012301F1B80200935A
S3150802AEA0204601F1A80301F59871FFF747FFEEE77F
S3150802AEB002B0BDE87040F1F7E1BF45F21003F0B504
S3150802AEC09942044685B000F087800CD8B1F5A04FA8
S3150802AED01CD045F2050399421DD0204605B0BDE8AF
S3150802AEE0F040F1F7CBBF45F21103994200F08D808D
S3150802AEF045F212039942F0D1036C93F85D31042BA3
S3150802AF0040F2B380052B03D148217BE0FFF709F90C
S3150802AF10002005B0F0BD9179036C0C310A44511D2D
S3150802AF20B833153251F8040B914243F8040BF9D1A0
S3150802AF30256C102205F1C80705F1B80631463846D0
S3150802AF40FEF73DF820B904212046FFF7ADFADFE700
S3150802AF50D5F8583113F0040332D095F85D31042B35
S3150802AF6013D105F1F803039305F59873029304F1D7
S3150802AF705303019304F15A0300933A463346204693
S3150802AF8005F1D801F2F72EFAC2E705F5A07005F128
S3150802AF90110105F1510201900BB1052B06D10023CF
S3150802AFA0009320463346FFF7CDFAB1E795F85C01E0
S3150802AFB0D5F82C31C34003F0010343F08003EFE7D1
S3150802AFC085F85C3132460093204605F5A07305F5EF
S3150802AFD09871FFF7B3FE9BE7056C102205F1A801ED
S3150802AFE005F5A070FDF7EBFF0028ACD14B21D5F88B
S3150802AFF058319B0742BF94F8743043F0020384F831
S3150802B00074302046FFF731F982E7056C102205F104
S3150802B010A80105F5A070FDF7D2FF002893D195F88F
S3150802B0205D31013B022B0FD895F85C310133DBB257
S3150802B030142B85F85C3107D0D5F85831432123F013
S3150802B0400103C5F85831DCE705F1F803039305F562
S3150802B0509873029304F15303019304F15A0300937C
S3150802B06005F1C80205F1B80389E74921CAE7B1F52E
S3150802B070A04F70B50446154607D045F20406B142FC
S3150802B0800CD0BDE87040F1F7F9BEFFF74AF8236C19
S3150802B090D3F85831D90701D4002070BD236CD3F8F0
S3150802B0A05821D20718D4AA79A8330C3215446A1D36
S3150802B0B0153552F8041BAA4243F8041BF9D1206C31
S3150802B0C0102200F1A8019830FDF779FF20B9042172
S3150802B0D02046FFF7E9F9DFE7206C1021C830FFF7B1
S3150802B0E0FAF858B108212046FFF7DEF940F2074080
S3150802B0F00021F1F725F940F20740CEE7216C2046F8
S3150802B100C831FFF746F847212046FFF7AEF8C3E7EE
S3150802B110B1F5A04F70B50346144607D045F2180696
S3150802B120B14207D0BDE87040F1F7A8BEFEF7F9FFB5
S3150802B130002070BD1268551C03D10121FFF7B4F92E
S3150802B140F6E7016CD1F85801400743BF002281F89F
S3150802B1505C212268C1F8302148BFC1F82C21184663
S3150802B1604321FFF782F8E3E7B1F5A04F70B513461E
S3150802B170044607D045F20406B14207D0BDE870403E
S3150802B180F1F77CBEFEF7CDFF002070BD9979026CFF
S3150802B1900C310B44591DA832153351F8040B994248
S3150802B1A042F8040BF9D1256C102205F1A80105F124
S3150802B1B09800FDF704FF20B904212046FFF774F929
S3150802B1C0E2E7204605F1C801FEF7E3FF47212046DC
S3150802B1D0FFF74BF8D8E7B1F5A04F13B504460ED0E2
S3150802B1E0A1F5A043103B012B45D8016C9831FEF717
S3150802B1F0ECFF44212046FFF738F8002017E0016CDF
S3150802B200D1F8583101F1C80213F0040328D01021ED
S3150802B2101046FFF760F860B108212046FFF744F9A7
S3150802B22040F207400021F1F78BF840F2074002B0DE
S3150802B23010BD216C204601F19803019391F85C2117
S3150802B240D1F82C31D34003F0010343F08003009375
S3150802B25001F1110201F1C8035131FFF773F9CCE785
S3150802B26081F85C310123009301F1980301F5987185
S3150802B270FFF764FDC1E702B0BDE81040F1F7FEBD75
S3150802B280B1F5A04F73B50446154677D045F21B06AD
S3150802B290B14240F0F68090F87430DB0766D5056C4B
S3150802B2A0B5F850312BB18921FEF7DFFF002002B035
S3150802B2B070BDD5F858315E0747D5AB79D80744D55E
S3150802B2C06B7BD90741D5A36C10220B2195F95E0138
S3150802B2D03133FAF70BF938B140F21B412046F1F740
S3150802B2E011F840F21B40E2E7A36C206C01220C2104
S3150802B2F090F95E012033FAF7F9F80028ECD1A36C2D
S3150802B300206C10220D2190F95E012133FAF7EEF82E
S3150802B3100028E1D10822206C114690F95E0104F159
S3150802B3201003FAF7E3F80028D6D1236C93F85E21C6
S3150802B33084F87520FF2283F85E2120468021FEF7D5
S3150802B34094FF2046F0F7B6FFB0E705F5987304F1C7
S3150802B350180205F5A07553F8041BAB4242F8041B04
S3150802B360F9D1A36843F48073A360E6E78021FEF768
S3150802B3707CFF29462046F0F7C5FF97E7036CD3F80A
S3150802B380582112F0040245D09A79D2078ED55B7BF2
S3150802B390DB078BD5FAF7A8F80128206C0ED100F541
S3150802B3A09872032190F95E01E3F7FEFD00283FF447
S3150802B3B07DAF08212046FFF777F892E700F59873E4
S3150802B3C01022032190F95E01FAF790F828B10021BC
S3150802B3D040F21B40F0F7B4FFEBE7206C102200F5B1
S3150802B3E09873052190F95E01FAF780F80028EED1E4
S3150802B3F0236C04F1180103F5987203F5A07352F849
S3150802B400040B9A4241F8040BF9D1A36843F48073FA
S3150802B410A3604BE7D3F8B810C3F8D010D3F8BC1022
S3150802B4200192C3F8D410006C01A900F59870F1F7DF
S3150802B43049F948B10198F6F78CF820460821FFF732
S3150802B44033F840F2074032E7206C019A00F598710A
S3150802B450C830F1F7DBF805460198002DEBD1F6F76F
S3150802B46078F8236CA07C03F598732946C0F110027C
S3150802B4701844FDF7CEFD216C2046B831FEF789FE49
S3150802B48014E702B0BDE87040F1F7F8BCB1F5A04F79
S3150802B490F7B5044608D045F21105A94236D003B0DD
S3150802B4A0BDE8F040F1F7EABC006C1021B830FEF7AF
S3150802B4B012FF60B108212046FEF7F6FF40F2074068
S3150802B4C00021F0F73DFF40F2074003B0F0BD256CBE
S3150802B4D095F85D6105F1A807013E022E01979CBF0A
S3150802B4E0D5F82C0195F85C6105F151019EBFF04033
S3150802B4F000F0010040F08000009005F1110220469C
S3150802B50005F1B803FFF71EF80020DEE7016CA83143
S3150802B510FEF75BFE85212046FEF7A7FEF4E770B527
S3150802B52045F20406B1420446134625D045F21806EA
S3150802B530B14206D0B1F5A04F33D1FEF7F2FD002095
S3150802B54070BD11684D1C03D10121FEF7ADFFF6E768
S3150802B550026CD2F85801400743BF002182F85C11F9
S3150802B5601B68C2F8301120464FF0840148BFC2F862
S3150802B5702C31FEF77AFEE2E79979026C0C310B441C
S3150802B580591D9832153351F8040B994242F8040BA7
S3150802B590F9D1226CD2F8583143F00103C2F8583176
S3150802B5A0CDE7BDE87040F1F769BC002310B5036426
S3150802B5B0044690F97500431C13D0E4F791F8082263
S3150802B5C004F11003114694F97500F9F7D0FF94F9BE
S3150802B5D01330012B07D194F8743043F0020384F830
S3150802B5E07430002010BD022BFBD194F8743043F05E
S3150802B5F00A03F4E74B88062B05D1088841288CBF35
S3150802B6000020012070470020704707B58B790A464B
S3150802B6100B440191197C4B1E0D2B04D801F5A04150
S3150802B6200131FEF73DFE01A8FDF779FE03B05DF88C
S3150802B63004FB0000014B1868704700BF542E002017
S3150802B6400A4B1B6F03F00703013B032B03D8DFE802
S3150802B65003F00A030608FEE7054B18687047054B10
S3150802B660FBE7054870470548704700BF0080005051
S3150802B670542E00205C2E002080D54302002D310175
S3150802B68008B5FFF7DDFF054B1B6FC3F30333013321
S3150802B690B0FBF3F0024B186008BD00BF00800050F3
S3150802B6A0502E00200048704700B4C4040048704772
S3150802B6B0002D3101014B1868704700BF5C2E00202F
S3150802B6C00048704780D543024FF40022184B5A6649
S3150802B6D04FF0B4439868C0F304400C280AD8DFE850
S3150802B6E000F00B0909090909072119091B1D1F0081
S3150802B6F010487047002070479B6803F04073B3F107
S3150802B700807F11D0B3F1007F10D00B4A002B08BFFF
S3150802B71010467047094870470948704709487047F4
S3150802B72009487047094870470948704709487047E9
S3150802B73000900050405DC60000093D00C0EA2101A4
S3150802B74080BA8C010048E801005A62020024F4001B
S3150802B75080841E0040420F00014B1868704700BFE4
S3150802B760582E0020034B5868C0F30800003818BF4B
S3150802B7700120704700ED00E00122437801789A40E3
S3150802B78030235943014B5A50704700BF40D00350EB
S3150802B790034B5A68D20702D5DA69002AF9D17047EB
S3150802B7A000800A5030B9044B5A68D20702D59A6DFE
S3150802B7B0002AF9D1704700BF00800A5008B9014B28
S3150802B7C05964704700900A5008B9014B596470478A
S3150802B7D000A00A5008B9014B1964704700A00A5024
S3150802B7E010B9024B186C70470020704700800A5047
S3150802B7F010B5FFF7D7FF10B919B1012904D00020F7
S3150802B80001E0034BD86C10BD014B186DFBE700BF76
S3150802B81000800A5038B51446FFF7C4FF10B911B1B3
S3150802B820012903D038BD034BDC64FBE7014B1C65D9
S3150802B830F8E700BF00800A5008B5FFF7B3FF10B952
S3150802B840024B586D08BD0020FCE700BF00800A5075
S3150802B85008B5C0B14FF480620C4B9A66BFF34F8F9E
S3150802B86001F0EAF84FF098435A6CD202FCD54FF42D
S3150802B8708062586D064B10F470209A6604D0BDE8B3
S3150802B880084001F098B8212008BD00BF009000507A
S3150802B89000A0005030B5154B87B00293144B0390A5
S3150802B8A0049346F611030D46059300F077F914281A
S3150802B8B0044616D1684601F074F94FF0A8430322EC
S3150802B8C002A95A6319601D619A63DA6B9207FCD161
S3150802B8D0142C02D1684601F072F900F093F9044675
S3150802B8E001E00028E9D0204607B030BD60160020E6
S3150802B8F0040000202DE9F04FB1B005468C469E465D
S3150802B900E8466F4EDDF8EC90409C06F1100A474671
S3150802B91030687168083603C75645B846F7D13E9B64
S3150802B92003EB0208C8F1000A0AF00F0AB9F1000F80
S3150802B93000F09D80C9F1000707F00F070121DDF825
S3150802B940FCB044F00050C4F11006CDF810B00591D1
S3150802B9500690300200F4F85040F021000790B9F141
S3150802B960000F40F08680CDF820D047F00050002D19
S3150802B97000F08480099121210A9041EA07210B915E
S3150802B98042F00050CDF830C03D9B08A94FEA0A2C78
S3150802B9900D910E904CF041000F901093002A75D12C
S3150802B9A03E9B119143F0005312933C9B13901493C0
S3150802B9B010AB1593434B444A169340F6110317935B
S3150802B9C0424B0021002D08BF1346189314AB199356
S3150802B9D03F4B10221A9311231B931CAB1846FDF7F3
S3150802B9E018FB01221D92002246F0804603461E9647
S3150802B9F0239205B9EB46102CCDF880B024AE4BD174
S3150802BA00012322460021304621932294FDF701FBA9
S3150802BA1020AB002125938F4218BF334647F0804258
S3150802BA2026923A9A2CA828922993B2FA82F35B09AB
S3150802BA3049EA837310222B912A93FDF7EAFAB9F1A0
S3150802BA40000F00D028AED04448F080432CA918A88D
S3150802BA502D962E93FFF71EFF30B92DB90346A34242
S3150802BA6025D1002818BF2C2031B0BDE8F08F102749
S3150802BA7064E7CDF820E049F0005078E7002C3FF45F
S3150802BA8079AF04A9099101210A9076E73E9B0CAA8F
S3150802BA9011924120129388E7102200213046219301
S3150802BAA02294FDF7B6FA002CB2D10123B1E703F1CD
S3150802BAB0C0026A4412F8C02C01331043CFE700BF14
S3150802BAC0CFE7020810000020E4E70208E8E70208C8
S3150802BAD004000020F0B5C0299FB0DDE9244557D0FF
S3150802BAE0B1F5807F04D0802948D029201FB0F0BD47
S3150802BAF001265CB140F2344702941024039604945A
S3150802BB00212401970594069502AC0AE040F21447EF
S3150802BB10029410240396049421240594012401977F
S3150802BB200695079401251024089409950A9221225C
S3150802BB300B950C940D92174A0AAD0E92164A0F955A
S3150802BB40109242F6110211921293139514941592B9
S3150802BB5001AA1692D3B112AB179304231893112391
S3150802BB60199316AB1A901B9340F61103C9081C9138
S3150802BB701AA806A91D93FFF78DFEB7E7012614B981
S3150802BB804FF48267C4E74FF48667B5E70EABE3E77F
S3150802BB900F20ABE7E0E702081000001038B5164B95
S3150802BBA05A6E42F004025A66D3F8802242F0010223
S3150802BBB0C3F88022114B5B68C3F3080343B14FF005
S3150802BBC0A842D36B13F0430FFBD11424204638BD89
S3150802BBD04FF0A843DC6B14F04304FBD1084D2B68E5
S3150802BBE01BB904212846F5F78DFF2B68013343F06C
S3150802BBF000432B60EAE700BF0080005000ED00E03A
S3150802BC0060160020014B00205B68704700ED00E0DB
S3150802BC10B8B1036813F4E07F03F03F00C3F382125E
S3150802BC200AD0012A0DD1084B41B103F580530122EE
S3150802BC3082401A6000207047044BF5E703F500536B
S3150802BC40F5E70E20704700BF6880005064800050F8
S3150802BC500229F8B596BF104B00245C5C01280546FC
S3150802BC600E4608D0022809D008B944F002040B4B44
S3150802BC701F6837B9F8BD44F00804F8E744F0200411
S3150802BC80F5E77B681A68144203D0314628465B6892
S3150802BC9098473F68EDE700BF6CE80208F0160020F7
S3150802BCA038B5104D2B78ABB10F4C23781BB100F089
S3150802BCB047FA00232370002000F06AFA0B4C50B1B1
S3150802BCC000F070FA0023012120782B70FFF7C0FFDD
S3150802BCD00123237038BD0122054B1A702278054BC1
S3150802BCE01A70F7E78B2B0020892B0020912B002056
S3150802BCF08C2B00208D2B00200C4A1378FF2B01D1A8
S3150802BD0058B170470BB908B9704730B1013313708F
S3150802BD10074B1B78012B03D87047013B13707047FA
S3150802BD20044B1B780BB9FFF7BBBF7047902B00205B
S3150802BD30912B00208C2B002010B500F02DFE064B0F
S3150802BD4004461B781BB1BDE8104000F020BEFFF781
S3150802BD50A7FF2046F7E700BF882B00200228F8B580
S3150802BD6004D0244A1378FF2B01D1E9B1F8BDD3B91F
S3150802BD700029FBD0012313701F4B1B78012BF5D921
S3150802BD8000F00AFE1D4E0446337893B920461A4C33
S3150802BD9000F0FDFD20780128E8D00121FFF758FFC1
S3150802BDA001232370E2E711B9013B1370DEE7013381
S3150802BDB0E1E7134F3B781BB901223A70114A137017
S3150802BDC0114D2B781BB100F0BBF900232B702046CE
S3150802BDD000F0DDFD012000F0DBF900F0DDFD3B7827
S3150802BDE004461BB100F0DEF900233B7000233370D2
S3150802BDF0CCE700BF902B0020912B00208B2B002034
S3150802BE00882B00208C2B0020892B00202DE9FF4748
S3150802BE10EFF3108572B6AFF3008000F08BFD0028B1
S3150802BE2070D0704E704F337823B10020FFF764FF4D
S3150802BE3000233370387870B903A900F079FB0446F9
S3150802BE4048B96A4B039A1B689A4263D80120FFF7DE
S3150802BE5053FF012333703B78654CDFF8BC91002B06
S3150802BE6072D02078012840F09480207800F03AF9C0
S3150802BE7099F8003013B15F4B1B782370AFF300803B
S3150802BE80284600F032FFEFF3108572B65A4B1A783D
S3150802BE9052B100221A70574B20781B78984203D168
S3150802BEA001212170FFF7D4FE544800F0F3FA00F09E
S3150802BEB04BFD80460028B6D1514B524F18703B783D
S3150802BEC09BB189F80000DFF84C9199F800301BB154
S3150802BED000F036F989F80080002000F059F90028A8
S3150802BEE075D000F05FF900233B70337823B1002048
S3150802BEF0FFF702FF0023337000212078FFF7A8FE20
S3150802BF0000232370AFF30080284604B0BDE8F0474B
S3150802BF1000F0EBBE3C4BD3F8008000F08DF9039B92
S3150802BF208044984592D200F081F98200039942F042
S3150802BF30020292B2CDE900422346344AA1EB080135
S3150802BF402E4800F0DAFE86E72E4BDFF8B4801B781F
S3150802BF500BB900F0D9F82078022831D198F80030C8
S3150802BF6023B10022264B1A7000F068FFDFF894808E
S3150802BF7098F80030002B7FF478AF254B1B7823B94D
S3150802BF8000F0D8F80122234B1A70012388F80030F2
S3150802BF906BE74FF001080023DFF864A08AF8003047
S3150802BFA099F8003013B94146FFF752FE9AF8003065
S3150802BFB084F800803BB1B8F1020F7FF456AFD0E7A0
S3150802BFC04FF00208E7E7B8F1020FCFD04DE701209C
S3150802BFD000F088F8284600F088FEEFF3108572B65E
S3150802BFE07AE700BF8A2B0020902B0020F816002043
S3150802BFF0912B00208D2B0020862B0020FC1600207A
S3150802C0008E2B00208B2B0020F416002039BD020847
S3150802C0108F2B0020892B00208C2B002010B500F0D6
S3150802C020BBFC0022054B1C781A7000F0B0FC00F02D
S3150802C03021FBE4B22043C0B210BD00BF872B00200B
S3150802C04038B500F0A9FC094B05461B78012B04D824
S3150802C05000F09DFC0024204638BD054B1C6800F004
S3150802C060EBF80444284600F092FCF4E7912B0020F2
S3150802C070F4160020164B17491A6F10B502F007027C
S3150802C0800A601549154C8969032A01F00200C1F3B1
S3150802C0904001134A21700FD0D3F8201101F007018D
S3150802C0A0022909D0D3F8281101F00701022903D081
S3150802C0B00021117018B910BD01231370FBE7D3F8DC
S3150802C0C0003103F00303591E4B424B41F5E700BF0B
S3150802C0D0008000502417002000C00150952B002034
S3150802C0E0962B0020012805D00238012808D80020FE
S3150802C0F0D8F7A4BA034A136923F00403136130BFBD
S3150802C100704700BF00ED00E0074A0849D2F820311F
S3150802C11003F007030B60D2F82831054A03F0070338
S3150802C1201360F3F7FCBB00BF0080005030170020F5
S3150802C1302C1700200122014B1A707047942B0020FD
S3150802C1400F4B10B51B7883B10E4C2378A3B90E4B4F
S3150802C1509A6DD10302D5DA6D920702D49B6DDB077D
S3150802C16004D54FF48032094B9A6210BDDAF720FFE4
S3150802C1704FF48032054B9A6200232370F5E700BF1D
S3150802C180962B0020932B00200040005A0050005A9C
S3150802C190034B1B780BB1DAF7AFBF0120704700BF1C
S3150802C1A0962B002008B5F3F7BBFB174B1B7833B168
S3150802C1B00122164B5A60164A9369DB07FCD5154BC2
S3150802C1C015491A6F096822F007020A431A671349C2
S3150802C1D0D3F82021096822F007020A43C3F820216E
S3150802C1E00F49D3F82821096822F007020A43C3F83F
S3150802C1F028210C4B1B781BB14FF480320A4B9A62EA
S3150802C200BDE80840FFF73CBA952B002000D0015044
S3150802C21000C001500080005024170020301700206B
S3150802C2202C170020962B00200060005A014B187824
S3150802C230704700BF962B002008B5054B187818B131
S3150802C240DAF72AFF00EBD000024B1B68184408BD38
S3150802C250962B00202017002008B5164B1A7822B311
S3150802C26000221A70144B1A6F22F0070242F00102DA
S3150802C2701A67D3F8202122F0070242F00302C3F814
S3150802C2802021D3F8282122F0070242F00302C3F83C
S3150802C29028210A4B1B7833B10122094B5A60094AF5
S3150802C2A053689B07FCD4FFF7EBF90122064B5A6742
S3150802C2B008BD00BF942B002000800050952B00205B
S3150802C2C000E0015000C001500060005A0D490B6899
S3150802C2D0A0B10022A3B1834203D1836822B90B60BD
S3150802C2E003E01A469B68F5E7936083680BB900205A
S3150802C2F070475A6941690A445A61F8E72220704729
S3150802C300022070473C17002038B500F06FFA002566
S3150802C310084B094C1A682368C31A2AB123B1516912
S3150802C320994203D3C91A5161206038BD55615B1A17
S3150802C3309268F2E73C1700203817002038B5154DE9
S3150802C3402B682BB35B69A3B1134A022014681C44F9
S3150802C35000F03CFD204600F087FA00230F492A68C0
S3150802C3600B7022B1D08880070AD501230B700020F2
S3150802C37038BD022000F02AFD022000F0BFFAECE7E1
S3150802C3809268002AF3D050690344012BEAD9EEE7F2
S3150802C3902220EDE73C17002038170020982B0020B2
S3150802C3A0C38870B504460D463BB9FFF749FE854278
S3150802C3B0064602D2F4F764FE35460E4965610B68F5
S3150802C3C08BB90C60A3600DE0AD1A9A6818466561D0
S3150802C3D06AB113465A69AA42F6D930B18460521B29
S3150802C3E0A3605A6170BD0020F4E70C60F7E79C6011
S3150802C3F0A260F7E73C170020F8B515469DF81C2001
S3150802C400BDF820700271069A0446026000220E46A2
S3150802C410C0E903358260C7809DB900F0E7F9304468
S3150802C420A0614EB13546062F1DD10822174B284664
S3150802C4309A6200F0E3F902E0E36866617BB90020DC
S3150802C440F8BD00F0D3F92844A061002EEAD1E368CA
S3150802C4506661002BE7D0204621689847E3E7204625
S3150802C46021689847EBE700F097FA0646FFF74CFF74
S3150802C47029462046FFF794FF054B1B68A34201D1C4
S3150802C480FFF75CFF304600F082FAD8E70050005A00
S3150802C4903C17002038B5044640B3C388062B01D1A1
S3150802C4A000F034FA00F078FA0546FFF72DFF104B34
S3150802C4B020461B68A34208D0FFF708FF044680B14E
S3150802C4C0284600F064FA204638BDFFF7FFFE044608
S3150802C4D00028F5D1FFF732FF222802D1022000F008
S3150802C4E0FBF9284600F053FA0024ECE72224EAE78F
S3150802C4F03C17002038B50C460546A8B1A1B1002361
S3150802C5000B7000F052FA0121084B1B6833B900F090
S3150802C51047FA002038BD9D4204D121702278002AAC
S3150802C520F9D0F4E79B68F1E72220F3E73C170020ED
S3150802C530F8B506460F4600F038FA00250446124BAF
S3150802C5401B6823B9204600F02BFA1B2011E05A6912
S3150802C5501544DA88B2420DD100F048F90B4E336819
S3150802C560C01AA8420AD3002320463B6000F018FAF4
S3150802C5700020F8BDFF2EEFD09B68E2E700F036F9FF
S3150802C58033682B441B1AEFE73C17002038170020A4
S3150802C59070B500F00AFA064600F028F9084B044678
S3150802C5A001201D6800F0FCFB18B100F01FF90446D3
S3150802C5B00135304600F0F4F92046294670BD00BF21
S3150802C5C044170020014B1868704700BF4017002027
S3150802C5D038B50021044640F2E730054B4FF47A722B
S3150802C5E01D680023E5FB0401EDF7E0FF38BD00BF37
S3150802C5F040170020F8B50C4B05461B680E468342C9
S3150802C6000FD3002440F2E7302146084B4FF47A72E2
S3150802C6101F680023E5FB0701EDF7C8FF30602046D7
S3150802C620F8BD2120FCE700BF341700204017002080
S3150802C6300F4B10B51A689AB14FF47A71531E13420A
S3150802C640A0FB01010ED1B2FA82F2C2F11F04531CF9
S3150802C650D243E04001FA03F3184321FA02F20243F5
S3150802C660104610BD0023EDF7A1FF0246F8E700BF0A
S3150802C6704017002010B500F098F9034B1C7800F01B
S3150802C6808FF9E4B2204610BD972B002008B5084B57
S3150802C6901B7803F0FF004BB100F072FB054B1B68D9
S3150802C6A09B69C01A02288CBF0020012008BD00BF62
S3150802C6B0982B00203C170020014B1870704700BFCA
S3150802C6C0972B0020C2072DE9F843044607D5444AAA
S3150802C6D0136801331360FFF717FEFFF72FFEA30750
S3150802C6E07CD500F062F94FF0000805464646FFF78A
S3150802C6F00BFE3C4F3C680CB16369A3B100223A4B6E
S3150802C700012E1A7003D118F0020F18BF1E70FFF718
S3150802C71015FE222802D1022000F0DEF82846BDE8DE
S3150802C720F84300F03DB923465A693AB91A7921798C
S3150802C730914288BF1C469B68002BF5D1284600F01B
S3150802C7402FF92569DDB100F051F8A269A0EB0208BC
S3150802C7504FEAE873A84573F1000311DB2369134412
S3150802C760A361E36813B1204621689847B4F80680A6
S3150802C77000F01BF901360546FFF7C6FDBAE7A846DB
S3150802C78000F013F981462046FFF7A0FD484600F05F
S3150802C79007F92369002BE4D0A38BB5EB080533B15F
S3150802C7A0E28B13449BB2B3F57A7F0FD2E38300F090
S3150802C7B0FCF8804629462046FFF7F2FDA36922695E
S3150802C7C040461344A36100F0EBF8CAE7A3F57A736F
S3150802C7D0E383A369013D013BA361E8E7BDE8F8836A
S3150802C7E0441700203C170020972B002008B5FEF7B7
S3150802C7F0CFFF014B986908BD00800A5038B5044638
S3150802C80000F0CAF80546FEF7C3FF0E4B022C9A69DA
S3150802C8104FF001018CBF12190332B2F1FF3F38BF44
S3150802C820013A0020FEF7F6FF284600F0B0F8064B5C
S3150802C8301A7832B10221054A9164042191640022D0
S3150802C8401A7038BD00800A50FD30002000900A5048
S3150802C85007B5044B01A9187900F0DDF9019803B070
S3150802C8605DF804FB60E80208F8B5044600F094F89F
S3150802C8700746FEF78DFF154B9D6900F0A3FA06469B
S3150802C8800020FEF7ADFF830704D4731B032B01D8E0
S3150802C890AE420FD10021631B022B98BFEC1C08463F
S3150802C8A0B4F1FF3F2CBF2246621EFEF7B3FF0220F9
S3150802C8B000F08CFA384600F06AF8054B1A7822B16D
S3150802C8C00121044A916400221A70F8BD00800A50B8
S3150802C8D0FE30002000900A50830700F0010106D5B9
S3150802C8E00123044A41F002011370034A93640020AB
S3150802C8F0FEF76ABFFE30002000A00A50830742BF37
S3150802C9000222014B1A64704700900A50054B1A78A6
S3150802C91032B90221044A91640421916401221A70EF
S3150802C920704700BFFD30002000A00A500120704762
S3150802C9300120704710B5E5F7D9FF0446FFF7F6FF61
S3150802C940002818BF204610BD38B5FFF767FB044616
S3150802C950FBF7E2FC042810D002284FF0000508BFB6
S3150802C9600124FFF7E5FF042809D0022808BF01249D
S3150802C970002D18BF0024204638BD0125F1E7002402
S3150802C980F9E74FF4004070474FF47A70704710B9D0
S3150802C99062B6BFF36F8F7047EFF3108072B67047B7
S3150802C9A080F31188BFF36F8F7047EFF3118030233E
S3150802C9B083F311887047B0F5802F22D010D8B0F5CE
S3150802C9C0003F20D007D818B3B0F5803F08BF4820EB
S3150802C9D018BF01207047B0F5403F08BF2C20F7E783
S3150802C9E0B0F5302F11D007D8B0F5E02F0FD0B0F53B
S3150802C9F0202F08BF1020EBE7B0F57F0F08BF0620EF
S3150802CA00E6E74B2070472A207047112070472120FD
S3150802CA10704708B528B128220021FCF7FAFA002047
S3150802CA2008BD2120FCE7036A042B9FBF00EB8302A3
S3150802CA300133D16003627047036A052B14D84FF09D
S3150802CA409842116CC902FCD504339B001365016830
S3150802CA50103B11604168116050F8081F11604FF0D1
S3150802CA6098420344984200D1704750F8041F116057
S3150802CA70F8E7836813B9816070475B685A68012AC8
S3150802CA80FBD159607047F0B5154649228FB0149C00
S3150802CA908DF8242004F10C060DF1250254F8047BC6
S3150802CAA0B44242F8047BF9D1247814704FF48074A6
S3150802CAB0ADF834409DF8544000228DF836400424DF
S3150802CAC00694169CCDE9001505941324049409AC22
S3150802CAD0CDE902340B4611468DF832208DF83350D3
S3150802CAE0FEF708FF0FB0F0BD30B5C02A93B02FD0BD
S3150802CAF0B2F5807F29D0802A2CD14FF4807480F039
S3150802CB000100204301901698012502901024212045
S3150802CB10039504940590069301AB0795089409902A
S3150802CB200A9306AB0B9304230C9311230D930AABBA
S3150802CB300E910F9340F61103D20802A90EA810927D
S3150802CB401193FEF7A7FE13B030BD4FF48274D6E7F1
S3150802CB500F20F8E72920F6E708B5FFF71FF8BDE822
S3150802CB600840FFF74FB81FB5079C02949DF8184076
S3150802CB70CDE9003413460A4601460020FFF783FF33
S3150802CB8004B010BD1FB5079C02949DF81840CDE964
S3150802CB90003413460A4601460120FFF774FF04B023
S3150802CBA010BD10B50446FFF7F7FE4FF0A8431A6802
S3150802CBB022601B696360FFF7EAFE002010BD10B50C
S3150802CBC00446FFF7E9FE4FF0A84322681A60626836
S3150802CBD01A61FFF7DCFE002010BD10B404460846B1
S3150802CBE011469DF804200192A2685DF8044BFFF7EE
S3150802CBF0BABF10B40446084611469DF804200192AD
S3150802CC00A2685DF8044BFFF7BDBF8068FEF762BFF6
S3150802CC108968FFF769BF09B100F005B82220704795
S3150802CC200121FEF7F5BF70B506460D46FFF7BDFEB4
S3150802CC300446202E56D8DFE806F0111A551F22257B
S3150802CC4055282B552E55313455373A3D55405543BF
S3150802CC505552555555465549554C4F00FEF7F0FC69
S3150802CC60002628602046FFF79BFE304670BD4FF42B
S3150802CC70C070D6F725FDF3E74FF42070F9E74FF4B5
S3150802CC804070F6E74FF46070F3E74FF40070F0E790
S3150802CC904FF48060EDE74FF44060EAE74FF4C06076
S3150802CCA0E7E74FF4F060E4E74FF4B060E1E74FF4EA
S3150802CCB0D060DEE74FF41060DBE74FF4E060D8E7B8
S3150802CCC04FF4A060D5E74FF42860D2E74FF480709E
S3150802CCD0CFE74FF42060CCE74FF44860C9E74FF43A
S3150802CCE00860C6E700202126BBE710B962B6BFF383
S3150802CCF06F8F704700230B7070472DE9FF410D4671
S3150802CD0016461F460446A8B14FF00008C0F81C8014
S3150802CD10FFF7C0FBBDF82C30424602939DF8283037
S3150802CD202946CDE9007320463346FFF765FB04B072
S3150802CD30BDE8F0812220FAE7F0B51F46002387B046
S3150802CD400D46164604468DF81730A8B1C3610DF193
S3150802CD501701FFF7CFFB9DF817207AB9BDF83430D3
S3150802CD60294602939DF830302046CDE900733346B2
S3150802CD70FFF742FB07B0F0BD2220FBE70320F9E7E5
S3150802CD8038B5FFF712FE0546FFF730FD044628467A
S3150802CD90FFF706FE204638BD00F021B800F030B88D
S3150802CDA010B504460020FEF71BFD012C04D0022C08
S3150802CDB005D1C0F3400010BD00F00100FBE70020DA
S3150802CDC0F9E7704700210846FEF712BD00F0010197
S3150802CDD0830748BF41F002010020FEF7EFBC00209E
S3150802CDE008B5FEF7FDFC10F0080008D0002008215F
S3150802CDF0FEF7F0FCBDE808400020FEF71DBD08BDA1
S3150802CE0004210020FEF7E6BC38B5FFF7CEFD04463E
S3150802CE100020FEF7E5FC830700F0010548BF45F050
S3150802CE20020500F003010020FEF7D4FC2846FFF7AE
S3150802CE3049FC2046BDE83840FFF7B2BD0221012071
S3150802CE40E6F724BD00000000000000000000000014
S3150802CE5000000000000000000000000000000000C2
S3150802CE60F8B500BFF8BC08BC9E467047F8B500BFC7
S3150802CE70F8BC08BC9E4670475FF800F0B52D002046
S3150802CE805FF800F0112D00200000010000000000EC
S3150802CE900001000000000000000000010000000080
S3150802CEA0000003020000000000000000BA040000AF
S3150802CEB0000000000000030200000000000000005D
S3150802CEC0BA0400000000000031302E302E30000077
S3150802CED0F0CE020847004700F0D402080E000E0002
S3150802CEE090D30208160016000300FFFFFFFF00009A
S3150802CEF0010000000108FFFF0000000060D30208DD
S3150802CF00020002000108FFFF0500000020000A00D7
S3150802CF1003000A000008FFFF01000000AE2F0020F0
S3150802CF2004000D000308FFFF0300000002000000D2
S3150802CF30050002000108FFFF0500000002000B00C1
S3150802CF4006000B000108FFFF01000000B82F0020B1
S3150802CF50070002000108FFFF050000000A000C0096
S3150802CF6008000C000308FFFF01000000CE2F002076
S3150802CF70090000000108FFFF0000000064D3020850
S3150802CF800A0002000108FFFF050000000A0003006C
S3150802CF900B0003000308FFFF01000000D62F002044
S3150802CFA00C0002000108FFFF050000000200040051
S3150802CFB00D0004000108FFFF0000000068D3020804
S3150802CFC00E0000000108FFFF000000006CD30208F3
S3150802CFD00F0002000108FFFF05000000020005001D
S3150802CFE0100005000108FFFF0000000070D30208C8
S3150802CFF0110002000108FFFF0500000002000600FA
S3150802D000120006000108FFFF02000000F22F0020AE
S3150802D010130002000108FFFF0500000002000700D6
S3150802D020140007000108FFFF02000000023000207A
S3150802D030150002000108FFFF0500000002000800B3
S3150802D040160008000108FFFF020000000E3000204B
S3150802D050170002000108FFFF050000000200090090
S3150802D060180009000108FFFF010000001C3000201B
S3150802D070190000000188FFFF000000007ED30208A5
S3150802D0801A0002000108FFFF0500000002000080E6
S3150802D0901B0000800108FFFF010000002A30002063
S3150802D0A01C0002000108FFFF0500000002000180C3
S3150802D0B01D0001800108FFFF010000003230002038
S3150802D0C01E0002000108FFFF050000000A00028098
S3150802D0D01F0002800308FFFF010000003A3000200B
S3150802D0E0200002000108FFFF050000000A00038075
S3150802D0F0210003800308FFFF0100000042300020E0
S3150802D100220002000108FFFF050000000A00048051
S3150802D110230004800308FFFF010000004A300020B4
S3150802D120240002000108FFFF050000000A0005802E
S3150802D130250005800308FFFF010000005230002089
S3150802D140260002000108FFFF050000000A0006800B
S3150802D150270006800308FFFF010000005A3000205E
S3150802D160280002000108FFFF050000000A000780E8
S3150802D170290007800308FFFF010000006230002033
S3150802D1802A0002000108FFFF050000000A000880C5
S3150802D1902B0008800308FFFF010000006A30002008
S3150802D1A02C0002000108FFFF050000000A000980A2
S3150802D1B02D0009800308FFFF0100000072300020DD
S3150802D1C02E0002000108FFFF050000000A000A807F
S3150802D1D02F000A800308FFFF010000007A300020B2
S3150802D1E0300002000108FFFF050000000A000B805C
S3150802D1F031000B800308FFFF010000008230002087
S3150802D200320002000108FFFF050000001A000C8028
S3150802D21033000C800308FFFF010000008A3000205B
S3150802D22034000D000308FFFF03000000010100009F
S3150802D230350002000108FFFF0500000012000D80FC
S3150802D24036000D800108FFFF010000009230002021
S3150802D25037000D000308FFFF03000000010200006B
S3150802D260380002000108FFFF050000000A000E80D0
S3150802D27039000E800308FFFF01000000A0300020DD
S3150802D2803A0002000108FFFF050000000A000F80AD
S3150802D2903B000F800308FFFF01000000A8300020B2
S3150802D2A03C0002000108FFFF050000000A0010808A
S3150802D2B03D0010800308FFFF01000000B030002087
S3150802D2C03E0002000108FFFF050000000A00118067
S3150802D2D03F0011800308FFFF01000000B83000205C
S3150802D2E0400002000108FFFF050000000A00128044
S3150802D2F0410012800308FFFF01000000C030002031
S3150802D300420002000108FFFF050000000A00138020
S3150802D310430013800308FFFF01000000C830002005
S3150802D320440002000108FFFF050000000A001480FD
S3150802D330450014800308FFFF01000000D0300020DA
S3150802D340460002000108FFFF050000000A001580DA
S3150802D350470015800308FFFF01000000D8300020AF
S3150802D36002000118020000180200000002000A1852
S3150802D3700B00547265766F724D65796572001000FE
S3150802D380F91094F1047A47BFA24630AC3204272E2C
S3150802D390BD0F4AC87287108A3D450843179A868E7A
S3150802D3A09C8848C65A430584BB41833FCFDC5A1141
S3150802D3B02FB7B2150BDB669FD14D527BEC98B7EBB4
S3150802D3C00A076FBB7F2646831C4BA600FA5A4536C8
S3150802D3D0BA7F93FACC59BC894D4CF471507B6C9F39
S3150802D3E017BE2411BF1864B93C414B12C8D33B9EE1
S3150802D3F0CC84C7F3456759A5FC47D007787E9A7D42
S3150802D400F60B5C8DF9CD1BB5DE425C73EEF2AD1AF6
S3150802D410882D555AD5964F83EF452A8071EF2FDE10
S3150802D42059B727553756AC8FA1467356FD9F67AB3A
S3150802D43038D2465FC05E46810346436FDD4575EDC9
S3150802D44079E09E3DFFDAD88A6D49451A14BBB3BF07
S3150802D450738BAD75B680FB9AE74EA0CB589FC0B2C8
S3150802D46075A24B823FAD5EB94D40547B58582FE9A1
S3150802D470FB36F6D0934751BB3641317463EE78D307
S3150802D480024EE2CD431331AB0647050A954E0B6FA2
S3150802D4900D4FB64AB2616F9CA44B5E8E423ED7458B
S3150802D4A0C1C21D7D7686A484E84DD596D2BDF516F1
S3150802D4B0FB33DD77DAE4AB912F44211DE1973DF981
S3150802D4C02F8B03DB445D93879F4E0B89AD9E990A8A
S3150802D4D0FF01E41CCC9922B4E1444D70FA053A8462
S3150802D4E0CA350E6EF5209CBDDC418CC1E60B1F7950
S3150802D4F0002801280328002A012A292A242A272A59
S3150802D500262A232A052A2A2B292B02290B007E02E0
S3150802D51023000000F5F50108F1F50108CFF5010829
S3150802D5209DF501082DF60108FFF501089FF501088A
S3150802D5302C000000020202030000000300000000A3
S3150802D54004000000000000000001020200040303B8
S3150802D55000000000000001030200000000000001B4
S3150802D5600100000000030202010103000004020197
S3150802D570010303020601050402000000000300007D
S3150802D5800000000000000100BA04E204C409B80B56
S3150802D590600900000000804100000042000080424D
S3150802D5A00000B84200000043000080430300000068
S3150802D5B0000000000000000000000000000700084C
S3150802D5C0000000000000000000000000010204053F
S3150802D5D00000000000000000000000000006000233
S3150802D5E0010000000009005A1CD602080100000FBB
S3150802D5F0FCD50208000000000000000004FF6BFFD3
S3150802D6009FFFBBFFCCFFD8FFE0FFE6FFEAFFEEFF76
S3150802D610F1FFF3FFF5FFF7FFF8FFF9FF6400D4FE09
S3150802D620FF006400160000005A00A8071439FEFF1E
S3150802D6302400370201E1FFFF16002001111B00003A
S3150802D6401000C000992600000B008600782800000A
S3150802D650080059008A2500000600450075220000C8
S3150802D66004001200121400005CE202080000000026
S3150802D670E0D602080300000000000000C0175302AB
S3150802D6805CE20208000000004CD702080300000012
S3150802D69000000000C01753025CE202080000000006
S3150802D6A0B8D702080300000000000000C0175302A2
S3150802D6B05CE202080000000024D802080300000009
S3150802D6C000000000C01753025CE2020800000000D6
S3150802D6D090D802080300000000000000C017530299
S3150802D6E0FCD80208809C2B8F80841E000000000054
S3150802D6F02500FF7F842E002000000000C8E60208ED
S3150802D70000000000FCD80208809C2B8F80841E0033
S3150802D710000026002600B700842E00200000000024
S3150802D720C8E6020800000000FCD80208809C2B8F7D
S3150802D73080841E000000270027008C00842E00200B
S3150802D74000000000C8E6020800000000DCDA020851
S3150802D750809C2B8F80841E00000000002500FF7F1E
S3150802D760842E002000000000CAE60208000000001D
S3150802D770DCDA0208809C2B8F80841E0000002600BB
S3150802D7802600B700842E002000000000CAE6020820
S3150802D79000000000DCDA0208809C2B8F80841E00C1
S3150802D7A00000270027008C00842E002000000000BD
S3150802D7B0CAE6020800000000BCDC0208809C2B8F27
S3150802D7C080841E00000000002500FF7F842E0020B2
S3150802D7D000000000CCE6020800000000BCDC0208DB
S3150802D7E0809C2B8F80841E00000026002600B7002E
S3150802D7F0842E002000000000CCE60208000000008B
S3150802D800BCDC0208809C2B8F80841E000000270047
S3150802D81027008C00842E002000000000CCE60208B7
S3150802D820000000009CDE0208809C2B8F80841E006C
S3150802D830000000002500FF7F8C2E0020000000005B
S3150802D840CEE60208000000009CDE0208809C2B8FB0
S3150802D85080841E00000026002600A0008C2E0020D0
S3150802D86000000000CEE60208000000009CDE020866
S3150802D870809C2B8F80841E00000027002700FF7FD4
S3150802D8808C2E002000000000CEE6020800000000F0
S3150802D8907CE00208809C2B8F80841E00000000001A
S3150802D8A02500FF7F8C2E002000000000D0E602082B
S3150802D8B0000000007CE00208809C2B8F80841E00FA
S3150802D8C0000026002600B7008C2E0020000000006B
S3150802D8D0D0E60208000000007CE00208809C2B8F3C
S3150802D8E080841E000000270027008C008C2E002052
S3150802D8F000000000D0E6020800000000FC4F010309
S3150802D90038E5020810400100004100003C400100D1
S3150802D91010000000484001002007000350400100A3
S3150802D920000000005C4001000D0F000008410100E4
S3150802D930FF4C000054C00700511130000E000DE6DE
S3150802D9402A000000080B0C0D0D000000D1B60200DB
S3150802D950E004000040400701000020700000A0110A
S3150802D96010000000000000461FC0810000000020D1
S3150802D970008000006440050100000000B904F800B8
S3150802D98040080000100000009100040088400F01C2
S3150802D990B703120000000060000000000002050D37
S3150802D9A01C2F42536269686053402E1F110A0808E9
S3150802D9B00808070605040303020202010101010120
S3150802D9C00000000000000000000000001C410101E8
S3150802D9D000302C8C38410701BC200BF049C051009D
S3150802D9E0055BA0408E6E8294218248520908400047
S3150802D9F0C00D00805C410101FFDD0000684107019E
S3150802DA004CD4E83B04190D50080E141A20262C3261
S3150802DA10383E10325476980A1D0040B4D0410301AC
S3150802DA2000000000D000000004001200E0411301CB
S3150802DA3000000080E2CFDD2C7EB63A0060091900AC
S3150802DA405122E2004CB9510E3982A904D8229B29E7
S3150802DA50E2CFDD2C7EB63A00600919005122E200B7
S3150802DA604CB9510E3982A904D8229B29000000001C
S3150802DA7000000000440000003C3C3C3C4C420101D2
S3150802DA800800030468420101000000003880010111
S3150802DA90F1471000A080020170380300D000000090
S3150802DAA0A8800111F0010000A8800131055AFD0184
S3150802DAB0AC800111F0010000AC800131053EFD0089
S3150802DAC0EC000112E00F0000EC0001320C205111AB
S3150802DAD08401010200000000FFFFFFFFFC4F010363
S3150802DAE088E5020810400100004100003C400100A0
S3150802DAF010000000484001002017000350400100B2
S3150802DB00010400005C4001000D0F000008410100FD
S3150802DB1003C0010054C00700511130000E000DE683
S3150802DB202A000000080B0C0D0D000000D1B60200F9
S3150802DB308005000040400701000020700000A01187
S3150802DB4010000000300000461FC881000020003087
S3150802DB50008000006440050100000000B904F800D6
S3150802DB60400800001000000092000A0088400F01D9
S3150802DB70B703120000000060000000000002050D55
S3150802DB801C2F42536269686053402E1F110A080807
S3150802DB90080807060504030302020201010101013E
S3150802DBA00000000000000000000000001C41010106
S3150802DBB000302C8C38410701BC200AF049C05100BC
S3150802DBC001000040B756351200780850090840008F
S3150802DBD0C00300805C4101010000000068410701A2
S3150802DBE04CD4E83B04190D700A10161C22282E3450
S3150802DBF03A4010325476980A1D6980A4D04103012E
S3150802DC0000000000D000000000000200E0411301FD
S3150802DC1000000000E2CFDD2C7EB63A00600919004A
S3150802DC205122E2004CB9510E3982A904D8229B2905
S3150802DC30E2CFDD2C7EB63A00600919005122E200D5
S3150802DC404CB9510E3982A904D8229B29000000003A
S3150802DC5000000000440000003C3C3C3C4C420101F0
S3150802DC600800000468420101000000003880010132
S3150802DC70F1471000A080020170380300D0000000AE
S3150802DC80A8800111F0010000A8800131055AFD01A2
S3150802DC90AC800111F0010000AC800131053EFD00A7
S3150802DCA0EC000112E00F0000EC0001320C205111C9
S3150802DCB08401010200000000FFFFFFFFFC4F010381
S3150802DCC0D8E5020810400100004100003C4001006E
S3150802DCD010000000484001002007000350400100E0
S3150802DCE0000400005C4001000D0F0000084101001D
S3150802DCF003C0010054C00700511130000E000DE6A2
S3150802DD002A000000080B0C0D0D000000D1B6020017
S3150802DD108005000040400701000020700000A011A5
S3150802DD2010000000300000461FC8810000200030A5
S3150802DD30008000006440050100000000B904F800F4
S3150802DD40400800001000000092000A0088400F01F7
S3150802DD50B703120000000060000000000002050D73
S3150802DD601C2F42536269686053402E1F110A080825
S3150802DD70080807060504030302020201010101015C
S3150802DD800000000000000000000000001C41010124
S3150802DD9000302C8C38410701BC200AF049C05100DA
S3150802DDA001000040B75635120078085009084000AD
S3150802DDB0C00300805C4101010000000068410701C0
S3150802DDC04CD4E83B04190D70080E141A20262C327E
S3150802DDD0383E10325476980A1D6940B4D041030180
S3150802DDE000000000D000000000000200E04113011C
S3150802DDF000000000E2CFDD2C7EB63A006009190069
S3150802DE005122E2004CB9510E3982A904D8229B2923
S3150802DE10E2CFDD2C7EB63A00600919005122E200F3
S3150802DE204CB9510E3982A904D8229B290000000058
S3150802DE3000000000440000003C3C3C3C4C4201010E
S3150802DE400800000468420101000000003880010150
S3150802DE50F1471000A080020170380300D0000000CC
S3150802DE60A8800111F0010000A8800131055AFD01C0
S3150802DE70AC800111F0010000AC800131053EFD00C5
S3150802DE80EC000112E00F0000EC0001320C205111E7
S3150802DE908401010200000000FFFFFFFFFC4F01039F
S3150802DEA028E6020810400100014100003C4001003A
S3150802DEB00000000048400100A0070003504001008E
S3150802DEC0000000005C40010000000000084101005B
S3150802DED0FF4C000054C00700512130000E000DE629
S3150802DEE02A0000000405060708000000D1B6020051
S3150802DEF06005000040400701000050510000A021C3
S3150802DF0010000000000000861FC0810000000020EB
S3150802DF100000000064400501000000404902F000CC
S3150802DF2040080000020000009200080088400F0125
S3150802DF30DA032A00000000E00000000001020711CF
S3150802DF4021374B5A676962544029150500000000BB
S3150802DF500102030404040303030303020202020286
S3150802DF600201010100000000000000001C4101013D
S3150802DF7000B0B18C38410701BC200AF0B6555200F0
S3150802DF80055B98408E6E8294233C4852893B40003A
S3150802DF90C00300805C410101FFDD00006841070102
S3150802DFA0E853FA00000000400000000000000000EC
S3150802DFB0000000000000000000000000D04103013C
S3150802DFC00000AAAAD000000004001200E0411301D2
S3150802DFD000000000FFAB000A5CF10F00D34102000B
S3150802DFE095EDB100197BD80F1208B904EA1B6D1F0B
S3150802DFF0C9B7C20A0B203B00430600005962F30068
S3150802E000727E9600A73D1900D022F13B000000A0BF
S3150802E0100000000040000000000000004C42010120
S3150802E020080003046842010101000000388001016A
S3150802E030F1471000A080020170780300D5C00000E5
S3150802E040A8800111F0010000A88001310542CB0128
S3150802E050AC800111F0010000AC80013105228D006F
S3150802E060EC000112E00F0000EC0001320C20511105
S3150802E0708401010200000000FFFFFFFFFC4F0103BD
S3150802E08078E6020810400100014100003C40010008
S3150802E0900000000048400100A007000350400100AC
S3150802E0A0000000005C400100000000000841010079
S3150802E0B0FF4C000054C00700511130000E0009E65B
S3150802E0C02D0000000405060708000000D1B602006C
S3150802E0D06435000040400701000050510000A011BD
S3150802E0E010000000000000861FC08100000000200A
S3150802E0F0000000006440050100000040B904F80071
S3150802E10040080000020000009200040088400F0147
S3150802E110B7033B00000000E0000000000002050D06
S3150802E1201C2F42536269686053402E1F110A080861
S3150802E1300808070605040303020202010101010198
S3150802E1400000000000000000000000001C41010160
S3150802E1500060B18C38410701BC200AF0F662520011
S3150802E160055B98408E6E82941C784852893B400023
S3150802E170C00300805C410101FFDD00006841070120
S3150802E180E853FA000000004000000000000000000A
S3150802E190000000000000000000000000D04103015A
S3150802E1A0000000AAD000000004001200E04113019A
S3150802E1B000000000FFAB000A5CF10F00D341020029
S3150802E1C095EDB100197BD80F1208B904EA1B6D1F29
S3150802E1D0C9B7C20A0B203B00430600005962F30086
S3150802E1E0727E9600A73D1900D022F13B000000A0DE
S3150802E1F00000000038000000000000004C42010147
S3150802E2000800030468420101010000003880010188
S3150802E210C2241000A080020170780300D00000001A
S3150802E220A8800111F0010000A88001310542CB0146
S3150802E230AC800111F0010000AC800131053EFD0001
S3150802E240EC000112E00F0000EC0001320C205151E3
S3150802E2508401010200100000FFFFFFFF0C400100CD
S3150802E26001810100204002000000000001000000B8
S3150802E270304003000000000000000000000000001B
S3150802E280404002000000000000400000604001001B
S3150802E29001010000A840010007000000BC4004007C
S3150802E2A0000000000000000000000000000000005E
S3150802E2B00C410300FF4C0000FF4D0000FF4D00001B
S3150802E2C020C0011000F8070020C00130F50228011D
S3150802E2D024C00110FF00000024C001300013000012
S3150802E2E028C00800EC80B30343754051A00F00F81C
S3150802E2F000400000A8AA0700000000000000000075
S3150802E3000000000070C00900BA10000000042000D6
S3150802E310041880000B3C2001187C10022FFCE00632
S3150802E3207F0000000000000000000000A8C00500F1
S3150802E330BD4B721511A3180510325476980A0000BF
S3150802E34000000000CCC0040001000000000000002C
S3150802E35001000A0001002800080001010807000060
S3150802E36018000101AAAAAA00200001010060DA0029
S3150802E3705C4002010000000300000020784004010E
S3150802E38029417671000000008C000C000000000094
S3150802E390C440040100000000000000000000000064
S3150802E3A000000000E04001010002000010410201E5
S3150802E3B0331E05000000000020410601000000008F
S3150802E3C0FF0483078813C83AFF06660CFF0483070F
S3150802E3D08813FF035841010100000000644101014E
S3150802E3E00C01000084410501010100000000000043
S3150802E3F0000000000000000000000000A441020125
S3150802E4000000000000000000B04102010000000008
S3150802E41058923EC0BC4103010000000000003C00C7
S3150802E420699006002C4203016018004000000000B3
S3150802E430000000003C4201010000000044420201C3
S3150802E44014000000000000008042020100000000E3
S3150802E45081000000984205013F000002FFFF00000C
S3150802E460FFFF0000FF030000FFFF0000B4420101A6
S3150802E4700000000030430A0140002001A00000000D
S3150802E480085000011F1F1F1F1F1F1F1B18151311DE
S3150802E490100E0D0C45C1872F000000000000000079
S3150802E4A010800101030000003C8001010100000008
S3150802E4B09C80010100000000B080020100030002F6
S3150802E4C0370000019C000102000C0004D800030278
S3150802E4D0050040AA88010000C0000000F000010201
S3150802E4E02B0100001001011200FF0F00100101327A
S3150802E4F0020000315001011200C001005001013230
S3150802E500C100A2007401010269811B0C7801011283
S3150802E51000001C00780101321004E0CF80010112CC
S3150802E5207907000080010132020000008801010219
S3150802E53050000000FFFFFFFF120000001CC7710019
S3150802E5400000000078E7020828E702080000000039
S3150802E550000000000051250240420F000108F600A3
S3150802E560F147100200000000D2E60208000000008F
S3150802E57000000000000000002A420F000000000010
S3150802E5800000000000000000120000001CC7710015
S3150802E5900000000078E7020838E7020800000000D9
S3150802E5A0000000000051250240420F000102F60059
S3150802E5B0F147100200000000D2E60208000000003F
S3150802E5C000000000000000002A420F0000000000C0
S3150802E5D00000000000000000120000001CC77100C5
S3150802E5E00000000078E7020848E702080000000079
S3150802E5F0000000000051250240420F000108F60003
S3150802E600F147100200000000D2E6020800000000EE
S3150802E61000000000000000002A420F00000000006F
S3150802E6200000000000000000120000006666660096
S3150802E6300000000092E7020858E7020800000000FE
S3150802E640000000000048E80180841E000101F8006D
S3150802E650F147500200000000D2E60208000000005E
S3150802E66000000000000000007C841E00000000007C
S3150802E6700000000000000000120000002449920079
S3150802E6800000000092E7020868E70208000000009E
S3150802E690000000000024F40040420F000101F800C7
S3150802E6A0C224500300000000D2E60208000000005F
S3150802E6B000000000000000002B420F0000000000CE
S3150802E6C0000000000000000003070303030403021E
S3150802E6D0030502000000C017530206140000802F2B
S3150802E6E0A60405380000A008000000005809010425
S3150802E6F00706100A01040707C80A00040807800B60
S3150802E70000040808380C0004090861080000000023
S3150802E7108A0800000000C709010404032C0B01043F
S3150802E7200404920C0104050450C30000E62D0000FF
S3150802E730D0070000D0070000E5BF0000282300002C
S3150802E7406B0300006B030000F5DA0200A41F000049
S3150802E750900100009001000050C3000076160000E8
S3150802E760770100007701000050C30000F22B000079
S3150802E770EE020000EE020000193F01060410010035
S3150802E7800001010600102700000A00000000000030
S3150802E7900000193F010604100100000101060010DD
S3150802E7A02700000C000000000000000068D60208DE
S3150802E7B080D6020898D60208B0D60208C8D6020839
S3150802E7C00000000000000000DC984CA0D81018FFDA
S3150802E7D0FFFFFFFFFFFFFFFFFFFFFFFFFFFFFF0038
S3150802E7E0000000000120000000200000FFFFFFFFDC
S3150802E7F000000000FFFFFFFFFFFFFFFFBCE6FAADC8
S3150802E800A7179E84F3B9CAC2FC63255101260000E4
S3150802E81004000000000000000001000000000000E3
S3150802E8200B0000000C00000003000000000020207E
S3150802E83000000000030000003C3C3C000000000011
S3150802E8400000000000000000010310010109030096
S3150802E8501E0000001B000000160000001A0000003F
S3150802E86000800A501300000050E802080104100054
S3150802E870D8E80208B0E8020800000000000000001C
S3150802E88088E80208000000009CEB020834EB020844
S3150802E8908CEB020844EB020858EB020868EB020804
S3150802E8A0B8EB020830EA02084CEA02080000000047
S3150802E8B04D27010838E90208FDF3000800000000A8
S3150802E8C0C3810208000000008D23010866E90208D8
S3150802E8D000000000000000000127010838E90208CC
S3150802E8E0F920010838E90208BF8102080000000081
S3150802E8F0D11D010800000000B981020800000000CD
S3150802E9008D81020864E902085D23010866E90208A6
S3150802E910CB81020800000000CF8102080000000037
S3150802E9209F55020800000000A955020800000000D1
S3150802E9300000000000000000000000004E0C00006D
S3150802E9400000000000000000D0CE0208000000000F
S3150802E950000000000400000000000000E2FF500072
S3150802E9600001000001000400FB0000000000000096
S3150802E970B1790008141400001C2030401C20000045
S3150802E9801C20304000000000505341004B455900FE
S3150802E99000010102010202030102070B0B0701161D
S3150802E9A00C00000108080000050108FFFF02FFFF2E
S3150802E9B00808020204FF010022FFFF23080F0303CF
S3150802E9C004040A0A030A2AFFFF1419191B011C1553
S3150802E9D0120400480C1404131510801A8012808041
S3150802E9E00004030101020404F4010000FA00000015
S3150802E9F096000000640000004B0000003200000090
S3150802EA001E00000014000000000000005000400034
S3150802EA1008005000240004009001500240009001B2
S3150802EA20AE0110000F0E0C080C080D18100000009D
S3150802EA3009000000000000000000000000000000BD
S3150802EA40A0030906A0870908A08809070A0000008A
S3150802EA50000000000000000000000000A0010A05F6
S3150802EA60A0030A04A0080A03A0880A08A0060A0145
S3150802EA70A003090020040A1B3DF8000820060A170D
S3150802EA800DF8000820040A16CDF7000862676170BF
S3150802EA90695F6275666665727300010002000000AE
S3150802EAA000000000030049725314497207FF00016F
S3150802EAB002030405FF145300724907CDF60000004D
S3150802EAC0FB349B5F800000800010000000000000FD
S3150802EAD0EB7C0208715C02080DA00208D57D0208CB
S3150802EAE001020C000000040000000800E51D0108F0
S3150802EAF0651D0108A5B80108B78102083782020810
S3150802EB003182020841BC010863A00208EB810208AF
S3150802EB103382020835820208D38102082D8202084E
S3150802EB203B830208ED8102086D1801086981020813
S3150802EB305F810208020000000000000000000000D9
S3150802EB4000000000040000000000000000000000B1
S3150802EB5000000000A00104015600000000000000A9
S3150802EB600000000000000000050000000000000090
S3150802EB700000000000000000A0130500A0880A0794
S3150802EB80A0040903A0050902A00609010F00000056
S3150802EB900000000000000000000000000100000064
S3150802EBA0000000000000000000000000A0010107AC
S3150802EBB0A00001040204080006000000000000008C
S3150802EBC00000000000000000A0030601A0090609D3
S3150802EBD0A0020608A0050607A0050606A007060560
S3150802EBE0A0020604A0010610A0080602A00D06004F
S3150802EBF0000004020503060107010108090A0000CC
S3150802EC00A0015C04A0005C03A0015C02A0035C01F5
S3150802EC10A0025C00A0020F09A0030F04A0030F03C1
S3150802EC20A0050F02A0010F01A0050F00A00401080C
S3150802EC30A003010601010204200C0403E11C0108D9
S3150802EC40200004010D1D010820025602B51D010807
S3150802EC5020025601891D010820000205B51C01087B
S3150802EC60A01201005D2D0108A52D0108512D0108EC
S3150802EC70B12D0108992D0108CB87020807880208D9
S3150802EC80298802084B8802086D880208694101082A
S3150802EC90194101082541010815420108878A020817
S3150802ECA03D83020841830208458302084983020814
S3150802ECB04D83020800000000B0010000700B00201E
S3150802ECC010000000200D00200080FF7F0000008059
S3150802ECD0FF7F0C0204FF000002000080FF7F000095
S3150802ECE00080FF7F0C020000200000001539010891
S3150802ECF0100000008D380108000000010000010123
S3150802ED0000010101D93B0108BD3B0108B57501089F
S3150802ED10557801088977010820C001B80101020364
S3150802ED2000040001020303030304040404050500A6
S3150802ED3000000001010101020202020303030303A8
S3150802ED40040404040400000001010101070708087D
S3150802ED500303030504040405050506060607070753
S3150802ED600803020204040403040505060606060748
S3150802ED700707020202030303030404040405050544
S3150802ED800505060606060102020202030303030339
S3150802ED900404040404050505050606060C0C0C0CF9
S3150802EDA00B0B0B0B0B0B0B0B0B0B0B0B0B0B0B0BA3
S3150802EDB00B0B0C0C0C0C0C0C0C0C0C0C0B0B0B0B89
S3150802EDC00B0B0B0B030404040405050505060606CE
S3150802EDD006060702020202030303030404040404E8
S3150802EDE005050505050606060202020207070304CB
S3150802EDF006070404030303030405060303050607BB
S3150802EE0008040506040304040303040506060304AA
S3150802EE1005060708C7BFBEBEBEB5B5B4B4ABABDC04
S3150802EE20DCDBDBD2D2D1D1C8C8C8C7BFBEBEBEBD25
S3150802EE30B5B5B4B4B4DCDBDBD2D2D2D11B1B161601
S3150802EE402E2D2D2A29292925242420201F1B1B1B68
S3150802EE50162E2D2D2A2A29292524242020201F1B57
S3150802EE601B1B2D2DBEB5B5B4B4ABABABAAA2A1A1E3
S3150802EE70A1A099999898C7BFBEBEBDB5B5B4B4B49A
S3150802EE80ABABABAAAAA2A1A1A199999900000000CD
S3150802EE90030303030302020202020202030302023B
S3150802EEA0020201010101010100000000030303033C
S3150802EEB003020202D0C7C6C6C6BDBDBCBCB3B3B246
S3150802EEC0B2B2A9DBDBDADAD1D1D0D0C7C7C6C6C699
S3150802EED0BDBDBCBCBCB3B3B2DBDBDADA1F1F2D2B5C
S3150802EEE0221E2E2E323232312D2624303028231F6E
S3150802EEF01B2B26222E322E2E31312D282424302C5D
S3150802EF0027231E1AC8C8C8C8C8C8C8C8C8C8C8C80F
S3150802EF1000A801A802A8000000B801B802B800B00B
S3150802EF2003040408080500000000000000000000B1
S3150802EF300000000000000000040008007C00310008
S3150802EF403B001B00383900007C030000B83C000077
S3150802EF50040000001C3E00000400000040340000CB
S3150802EF60F8040000B43C000004000000183E00004B
S3150802EF70030000000000000040340000BC3C000012
S3150802EF8001000000203E000037000000B93B0000E7
S3150802EF9041340000010000000006800F70479449C2
S3150802EFA009684143880B7047924800680104C80FF4
S3150802EFB0704730B5002090490A680023FA24A40154
S3150802EFC0521C6568AA4200D322681578AD06AD0EB2
S3150802EFD09D40054328009B1D1E2BF1D30A6030BDB8
S3150802EFE084480168090408D584490A68824B1A606C
S3150802EFF04A68C2618868B14908607047F3B583B048
S3150802F0001700C006000E00901038912833D2FFF779
S3150802F010CBFF00282FD00026794C01250398FFF74D
S3150802F020BBFF002802D0022803D003E0206828404C
S3150802F03000D001260197734F04980C21615E40188F
S3150802F0400E21615E4018FFF7AAFF01994018386041
S3150802F050049800994018FFF7A2FF019940187860B2
S3150802F060C020800168490860300368490860FCF7D7
S3150802F07015FF9348057005B0F0BDFEB5644B654DA6
S3150802F080C02080040290F020000501901869022829
S3150802F09005D228680199014002988142F0D0894830
S3150802F0A00068C01C8849014388480160884A894C1F
S3150802F0B00421A068084204D0187D8006C10F4900C1
S3150802F0C023E00226304022D01869042805D22F6888
S3150802F0D001983840029FB842F6D0187D0007000F03
S3150802F0E0072814D1587D022811DD987D8006800EE6
S3150802F0F002280CDBD87D009007460F4207D0C007CE
S3150802F10000D50A21374200D0891D00290BD1724841
S3150802F1106E49086000201860802189026F4B1960C9
S3150802F12010602061F7BD481C1E69864205D22F6809
S3150802F130019E3E40029FBE42F6D06948405C00905E
S3150802F14020610098C000F821014002D08020C00446
S3150802F150186064480668012E00D149005960216882
S3150802F16000291DD159490B682026A65F36039B053F
S3150802F1709B0D33430B6001261660022191600099AC
S3150802F180890909D10068002801D1182000E01A204F
S3150802F190225E0098FFF732FF207A000700D4266025
S3150802F1A0F7BD4A484C4901600021194A116080227C
S3150802F1B092024A4B1A60464A11604B4A0261426100
S3150802F1C03F480170704706204849086000204849B0
S3150802F1D00860F0210901474A116080214900464A20
S3150802F1E011600849404A0A604A6035490870704702
S3150802F1F0A83E0000C04101A81C3E0000883E00004F
S3150802F200A43E0000C84101A8C06101A8C05101A8D6
S3150802F210C44000A80C0002A830B581B00400A003BF
S3150802F22014D530480068002801D1162000E00C20C9
S3150802F230FEF7C0FA3148806E0007C10F30480170E8
S3150802F240082030490860C003244908602E4D286802
S3150802F250000406D5FFF7ADFEE861FFF7AAFE1749D7
S3150802F2600860A00727D58020C0021C490860FCF761
S3150802F27038FE00281FD0254A1068C0B2002802D0DE
S3150802F2800621234B1960810915D01C490B68012BED
S3150802F290FBD949680905090D091DC900114B1B68E7
S3150802F2A0012B00D14908002B01D1182300E01A23AB
S3150802F2B0D25EFFF7A3FE01B030BD00005C4201A892
S3150802F2C0563E0000204000A800F0FF3FB84101A8C2
S3150802F2D0044003A89C3E0000FFF3FF3F106001A80C
S3150802F2E0D84000A86C3F0000FFFF0300006401A895
S3150802F2F0504000A80C6000A80C5000A81C4000A8AA
S3150802F300BC3C0000846000A8C04101A8A03E0000E1
S3150802F310005401A870B50822814B1A60FB239B0191
S3150802F3201B68DC0302D50020088070BD0C88001912
S3150802F330401E00787B4DA870641C0C8045076D0F33
S3150802F340052D05D8784E3668F60603D5022D0DD05A
S3150802F350032070BD9604AE401E4001D1082070BD40
S3150802F360052D03D1104201D1641E0C80A9484860BC
S3150802F370002070BDF3B582B008886C490978491C2B
S3150802F380C9B2814204D202990918491E097800E0D5
S3150802F3900021644A517093785B075B0F019330230F
S3150802F3A0019C052C28D1194233D19478E5081E24EC
S3150802F3B02C40CD0702D5250001242C430125A14E58
S3150802F3C0E6402E4073D0019F9F4EE64140242640D8
S3150802F3D03E434C0602D534002026264394788908F3
S3150802F3E00D40A7080C2139402943C02525400D4365
S3150802F3F02021294396705170FB2189010C685578A2
S3150802F400022123262E4008D0660302D52B40202B44
S3150802F41001D0052082E0424B196093789B0601D4FD
S3150802F420202203E09278120702D540223C4B1A604A
S3150802F4303C4A92786B461A70C022844B1E680E406C
S3150802F44001D1154212D06E46377827263E40232E22
S3150802F45003D1E60207D4012606E0252E03D0212E83
S3150802F46004D1260302D504262D4F3E601B68194097
S3150802F4702026019F002F1CD11E4027D0294B5B78DE
S3150802F4801A40402A13D00C221A40042A0FD02A07FF
S3150802F4903BD40122002902D0E100CB0F5A4069462B
S3150802F4A00978CB07DB0F1A422FD021012AD407206D
S3150802F4B034E0022FE2D11E4008D00029DED1CC2347
S3150802F4C02B4003D16B461B785B0601D5032025E04A
S3150802F4D0A30311D59C4E73691B051B0D5B1C36686D
S3150802F4E0F60205D5994E36683607B60F9B1B5B1E84
S3150802F4F09BB2052B04D1C1E7029B1B78052BBDD015
S3150802F50006200BE08021064A1160E90702D4401C56
S3150802F51003990880AB4803994860002004B0F0BDFF
S3150802F5204C1002A8183E0000480002A8343E00000B
S3150802F530F2B587494978CA0705D4009A128880180D
S3150802F540401E037800E00023FB2292011068022481
S3150802F5509D4D2E68F60611D512695340DBB2002B73
S3150802F56003D16E68D30973402340002B03D00202ED
S3150802F57004D40A20F2BDE206944E3260744A1E0290
S3150802F580C0230B403343914E336093785E07760F60
S3150802F590022E06D16D682C4003D1002000990880FE
S3150802F5A0F2BDA0250D409E08102737402F433D097E
S3150802F5B00E0702D42E0010253543CC240C401A26F9
S3150802F5C02E400A2E04D1CC2C02D02E00FD25354021
S3150802F5D07F4EEE40F60705D4000416D5412B10D10E
S3150802F5E0082912D17B48E8401121014021432020F5
S3150802F5F0084310700D210140009808D000F0AAF8BF
S3150802F600F2BD0B2B01D10029ECD00720F2BD00F088
S3150802F6101FF8F2BDA134000038B50C006E490B780C
S3150802F6201A0953399500491925881B071B0FEB1A26
S3150802F6309A1A8018FEF75CFD010002D1200000F03C
S3150802F64007F832BDF300A3E3981440684C0002A8F9
S3150802F650F8B50400614805683D4F3878D02630422F
S3150802F66002D00D21014005D008205D490860EF202F
S3150802F670FEF7FBFC39782000314204D009093970BB
S3150802F68000F068F8F2BD0521294020D00288FB2146
S3150802F6908901CA60534BEC0705D5521C02806906DC
S3150802F6A007D4514B05E043242C40422C03D1521C6B
S3150802F6B0028043600DE01022494B1A604B4A0968E2
S3150802F6C08B00DB0F190111638021090311600021E8
S3150802F6D001800020F2BD0A888018401E0078830641
S3150802F6E001D4121D0A801822024004D00888520842
S3150802F6F08018C01E088039480068C00702D50888E5
S3150802F700401C08803848486000207047334A13680E
S3150802F710DB0708D51268920705D40A888018401EA6
S3150802F720007804280DD110202D4A10602F48FB229C
S3150802F730920112689300DB0F1A01026380221203F8
S3150802F74002600020088070470C4000A8080001A843
S3150802F750183E000031B581B02549002000900822E4
S3150802F760244B1D7802230C24254202D10022224969
S3150802F77003E02C40082C00D10222EC0703D50C002A
S3150802F7801E21614000931D4207D0144909680906E3
S3150802F79001D51A4901E00021C943019B184C216091
S3150802F7A01849FF248C70009C15012543CD700870FA
S3150802F7B01888009940188018188013485860002045
S3150802F7C036BD00005D360000480002A8481002A8AF
S3150802F7D00D0F0C0D071708504B3F00004C0002A8EE
S3150802F7E04C2002A803380000393800001C1002A871
S3150802F7F0DE1B2501183E00002084100000FCFF01D4
S3150802F800F43E0000483F000045370000183E00005D
S3150802F8100D3400002534000025340000253400008C
S3150802F8202534000025340000000000000000000016
S3150802F8300000000000000000253400002534000006
S3150802F84025340000192B0000253400004B2C00003B
S3150802F8505B2C0000872D0000E92D0000732E0000A6
S3150802F860F92F00009D2E0000A9300000F92E000095
S3150802F870492F0000C12F00006132000059330000F1
S3150802F8801D2C00000B280000B923000025340000B7
S3150802F890B528000025340000F1290000B52900002A
S3150802F8A02534000025340000312A000025340000E2
S3150802F8B025340000253400002534000025340000D4
S3150802F8C0253400002F120000251200000000000057
S3150802F8D000040008021402180324000090488068F5
S3150802F8E0000200D4704780B580208002AB490860C8
S3150802F8F0CF2000F051FA01BDF8B58A4800688A4C53
S3150802F900802292032260FB26B601316809051DD5BD
S3150802F910110BA023034001D0216017E002403FD11A
S3150802F9208027824A1760824A1760084038D07C4D81
S3150802F930287A400705D501207E49086000027E49DB
S3150802F94008602878002801D0062801DB0020F2BDCD
S3150802F95000F07AFB716889684E682978052907D10B
S3150802F960B905A1606E60B668CC218901724A116038
S3150802F97000F073FB012E00DA0226BC2080058849B6
S3150802F9800860942080058749086068480021C943B1
S3150802F99001647142416484490F6040210160D5E7E0
S3150802F9A082480160FFF79AFF0120F2BD5D480168AF
S3150802F9B0890504D5C06E0004000F022801D0002074
S3150802F9C070470120704738B580245848046000F013
S3150802F9D03BFB05007648006800F068F9280000F04D
S3150802F9E03CFBFFF77BFF4E48007A000705D5A000CF
S3150802F9F04D49086000F03AFC31BD60036B49086066
S3150802FA00B148046031BDFEB50500CC2080016949C4
S3150802FA104860012668480660FFF7C8FF00287DD0BF
S3150802FA203F4C2078002879D031020195052802D06A
S3150802FA302A460A4072D1CC27BF015E4A17608D4A10
S3150802FA40126881231B02134001D0032301E05307E6
S3150802FA505B0F022805D1022B5ED3080136490860DE
S3150802FA60F7BD4D01032804D1022B55D9324805604A
S3150802FA70F7BD042802D111404ED0F7BD05284BD157
S3150802FA800198002848D0C005C10F68464170019800
S3150802FA90C004C10F6846017000F0D6FA0290606889
S3150802FAA069464978002903D006688021204A1160F0
S3150802FAB02C0486496A461278002A0CD0C2680B685A
S3150802FAC0D21A834B1B68234001D0066800E04668B9
S3150802FAD0964200DD1600684640786A461278024366
S3150802FAE008D008684242B01E824202DA7042886032
S3150802FAF000E00026029800F0B0FA0198800501D5C8
S3150802FB00964804600198054001D095480460002E85
S3150802FB1002D009480760F7BDFFF755FFF7BD000099
S3150802FB20203E0000440002A8442002A80CC001A8F6
S3150802FB3090E001A8C4D000A8145001A838B58024C2
S3150802FB408848046001201C490860874D28780528E2
S3150802FB5002D0600085490860FFF728FF002812D006
S3150802FB6013480068000A80214140A868000EC9B2FD
S3150802FB70814208D23F4800684007400F022802D255
S3150802FB80FFF721FF31BD7A480168C0220A4002D137
S3150802FB90C06F204001D00448046031BD1C1002A881
S3150802FBA008E001A808D001A894D001A8441002A828
S3150802FBB018C000A8106001A8C4E000A8F1B582B078
S3150802FBC00F00A020384003D0802080006A494DE00B
S3150802FBD000F03AFA009067480468F80202D5A0686D
S3150802FBE00069029000F0ABFB80210903606800F00F
S3150802FBF07DF926780020761C6178B14200D200266B
S3150802FC001821714365180C3529780829F3DA267004
S3150802FC10A56055492A780A70BA0507D55548006875
S3150802FC208068C068FA0201D40322904388600127DB
S3150802FC30384003D100F0A0FC01F0DCF8F904686949
S3150802FC4000F054F93C2000F0A7F8F0B200F0A4F84E
S3150802FC5060884A4901406180009800F0FEF938053B
S3150802FC6045490860464807603802464908600298CE
S3150802FC70FEBD0000184001A810B54348006880057B
S3150802FC8001D4FE2010BDC02080034049086000F060
S3150802FC90DBF9384909688A78D20702D589688C78E7
S3150802FCA000E00C7800F0D9F9200010BD3149096846
S3150802FCB08A688B78DB0704D5927818235A438A1800
S3150802FCC00C32906070470000100002A848C001A8D4
S3150802FCD04C0002A8F1B582B02D4F3C680026200FD1
S3150802FCE0000702D1E00102902AE001F083F800F051
S3150802FCF0ABF9019080210903606800F0F7F82578CE
S3150802FD006D1C6078A84200D20025E80020180C3045
S3150802FD10009000680290802109030098406800F06C
S3150802FD20E5F83D2000F038F8E8B200F035F825701D
S3150802FD300098A060019800F090F902A801F0B4F8C2
S3150802FD4014480068800407D5F86901F0BAFD0299DB
S3150802FD500818029000D502960298FEBD4C1002A819
S3150802FD604C2002A894E001A8203E0000146001A8D5
S3150802FD7014C001A8C43E0000442002A8FEFF0000E9
S3150802FD80C0E000A8106001A8440002A8441002A816
S3150802FD90C83E0000FC0302A849490968002901D5A2
S3150802FDA0484908607047F3B581B0474FB968474C70
S3150802FDB04A0057D50125090100D521250100444AE3
S3150802FDC01068566822689206920E94463A6893001C
S3150802FDD08022134062461343802252001A4300923D
S3150802FDE00A0023D0890601D5012008E0F021014046
S3150802FDF007D16946097A0C220A4002D0022000F08D
S3150802FE004AF83449096809040AD53968090701D53F
S3150802FE10022605E03968490301D5002600E00326D3
S3150802FE204835009A2C490968890003E0009A2A494C
S3150802FE30896B09094023194011430207120F032A45
S3150802FE4005D12268120904231A4032431600802279
S3150802FE505200002E02D01643266608352166024352
S3150802FE6022662566E06D4407640F00F0D7F8A007FE
S3150802FE700BD0052C09D0B868000406D400F0E4F8C3
S3150802FE800221164A116000F0E8F800F0D0F80020C6
S3150802FE9000F001F8F7BD0E490A68F0239A430001FB
S3150802FEA010430860C0B270478020C0020C49096836
S3150802FEB0890701D10B4900E00B4908607047000029
S3150802FEC0500002A8884000A8480002A8284000A8B6
S3150802FED0683F0000684101A8184001A8D4D403501D
S3150802FEE0844000A8486000A8485000A880B56F4A18
S3150802FEF0116001F011FDFFF7D7FF01BDFEB5FB2525
S3150802FF00AD012878000604D5287F002801D01824D8
S3150802FF1000E0462400F098F802906548C06840055B
S3150802FF20C20DD52A01D2D52204E0D1204000824250
S3150802FF3000D90200100001005E4B01932B6B5B0196
S3150802FF401DD55D4B00931D1D5C4E367806277E43F4
S3150802FF50AA530025019B1B7CEB40DB070CD5009BB3
S3150802FF6006266E439B199B888FB2BB4200D21900A4
S3150802FF7086B29E4200D218006D1C022DEAD389B2BF
S3150802FF80091909044E4B0B40001BC005C00D184346
S3150802FF9047490860C02000064A4908604548017D6D
S3150802FFA000290CD04849D52A02D98023DB050B60E3
S3150802FFB0D1235B009A4202D280231B060B600021E2
S3150802FFC0424B19604188002900D10280029800F04C
S3150802FFD044F800F071FDF7BD80B53D483D4908601B
S3150802FFE03D48C1680902090A19225143416005219F
S3150802FFF00160FFF783FF01BD80B5FB208001017810
S31508030000090604D5007F002801D0FFF777FF324899
S315080300100068C00301D5FFF771FF01BD8020C00248
S31508030020224908602D4800684007FBD470478020A2
S31508030030C0022B490860704701E02A4908602A492B
S3150803004009680140F9D17047284800682021284AE1
S3150803005011601021274A116070473021014002D1EF
S315080300601020234908607047204800683021014062
S31508030070102901D101207047002070471E4801212D
S315080300800160C160704701201C49086070471C481D
S3150803009000780621014007D01A480068022803D0D1
S315080300A0032801D00120704700207047441002A896
S315080300B07C400050743F0000443E0000403E000070
S315080300C00000FF01A0600050A450005018E000E0B3
S315080300D07F1A0601540002A810E000E0440002A8B3
S315080300E0442002A8282002A8280002A8600002A823
S315080300F0602002A8601002A8789001A884A001A82D
S31508030100A43E00006C3F0000F8B56348802149020D
S31508030110C1610221614A51600021614AD162614A83
S31508030120118003215D4A1160022101605E4DCC01F5
S31508030130A868204010D05A480068F02109050140F4
S3150803014090200005814207D0022058490860012003
S3150803015001F006FC564804602020564908608020B2
S3150803016055490860CC208001544908600124544845
S3150803017004602E683004070F52480068C505ED0D64
S31508030180103DC0202843C0B2FFF706FE4448C06BA3
S31508030190800309D5092F07D0FFF779FF002801D077
S315080301A003F0E7F801F010FA3007000F009046480D
S315080301B006680098032803D0022806D1032F37D0F0
S315080301C000F05EFA0098032803D0062F30D1062DD7
S315080301D02ED03E480068C00B204001D001F0F2FC47
S315080301E03B480068000108D5052D06D10125394885
S315080301F004606005FFF720FF00E0002531003800A2
S3150803020000F078FA0600002D06D000F01FFC3248ED
S31508030210046002203149086060052F494865800952
S315080302202F490860FFF733FF002801D003F08FF842
S315080302301A4821040162002F08D1022141600020D7
S315080302401749C863C020C0001C4948643000F2BD82
S3150803025080B5FFF7E3FEFB2080010078800602D411
S31508030260022020490860FFF7E2FE01BD02201E496D
S3150803027008607047802000061C49096801400AD0B7
S31508030280C10D1B4A1278920701D51A4A00E01A4A89
S3150803029011601A49086070472C1002A8282002A882
S315080302A00C0002A8503E0000B00002A86C1102A878
S315080302B0B82002A894E001A80CC001A8146001A8FC
S315080302C0C4E000A804ED00E0B44000A800E200E0A2
S315080302D0F03E0000645000A8646000A82C4000A803
S315080302E080E200E0081002A8082002A8440002A839
S315080302F0703E0000FC1302A8FC2302A8442002A8AF
S315080303005A480068800700D4704770B5944801219D
S315080303100422BB4B0C02E025ED0086682E4002D072
S315080303201C601A6119610068054002D01C609A6056
S31508030330996070BDBF48012181600160704710B59F
S31508030340012088498A680240FCD1BB4A0423136109
S315080303500C680440FCD193600002106010BD82490A
S3150803036008680122104200D1704710B5E023DB006C
S315080303700340FF24A41CA34204D3C04B1B689B065B
S3150803038000D54868024001D000F044F910BDFEB517
S315080303900700764E30683F2188437549097801433B
S315080303A03160FFF7DCFF734C964880214903082523
S315080303B0954A1268D20504D565600322B2620160C4
S315080303C006E0C822B2620622904B1A60904A116070
S315080303D000978909C16000980068984FB9688142F7
S315080303E001D2019100E001900199401A0099086031
S315080303F00121009800F0D2FB0600009800680199D5
S31508030400401800990860FFF77BFF8D48006838603D
S31508030410002E13D1002060627B480168C90501D408
S31508030420102161620068284001D0256000E06560FC
S3150803043095480068400001D5680260623000FEBD39
S31508030440FB208001017809060DD5007F00280AD014
S315080304508A484168C90606D40068A0210140481E97
S315080304608041C00F7047002070470000500002A863
S3150803047080B5FFF7E5FF002803D00021042001F02B
S3150803048035FC01BDF1B581488149C860EE20C00439
S315080304900860804880490860FFF7D2FF002803D028
S315080304A00021042001F022FC7C4C8020C00120603E
S315080304B008277B4887650125754845641D207849C3
S315080304C08862784E9B204000B061072001F048FA05
S315080304D00220734988624C490A68D20603D57049D3
S315080304E0714A0A6008E00F220968394002D03100D0
S315080304F0103101E0310014310A606C49096800299A
S3150803050000D4B761E32109013160C021C900684AF3
S315080305101268F823DB01134001D1F16201E05C4A5A
S315080305209165216C294008D0616BC90705D46149D7
S315080305300968084001D101F0F7FB0020C0435E4972
S315080305400860606B054001D1FFF7DAFE009801F0F9
S31508030550F5F9606B8001FCD4606A58490860F1BDFF
S31508030560900102A8940102A8783F00002C8001A8F4
S31508030570523E0000601102A870B5FB208001017885
S31508030580090606D5007F002803D00021052001F0BF
S31508030590ADFB4B4801683F2291434A4A12780A4306
S315080305A002603E4848490122436B134001D10A635E
S315080305B08A62972252000A6010220A60434AE2239B
S315080305C01B019366424BCB610021424B1960802382
S315080305D05B00072408210C4D2E680E4005D094674E
S315080305E02C68234006D1916704E0D4672C6823401E
S315080305F000D1D1670323136011630903016070BD3A
S31508030600881102A8981002A8FC0302A80C9001A856
S31508030610982002A8F02109012F4A116001402F48AA
S31508030620016020202E4908602E4909680840BF4901
S3150803063008607047902102A8882102A8A03F0000FD
S31508030640340002A82848294982680A4002D1C268A8
S31508030650114001D00F49016012480821A64A1368C0
S315080306600B4000D081611178C90602D58C21090196
S3150803067001601420AE490860E9E10000440002A8BD
S315080306800448054908607047EC0002A8000FFF00FC
S31508030690242102A801200000706201A8100002A804
S315080306A0C01002A8501102A8BD03000028C000A864
S315080306B0A88001A8283E0000B46000A89C3F00005B
S315080306C02C8001A8533E0000682102A8E82002A84E
S315080306D010100000C00002A8586001A8585001A8CD
S315080306E0482002A8184001A8704201A8008000808B
S315080306F070470000F8B586B005000C008D48006801
S31508030700400102D52000402404438B48C66AFFF7FC
S315080307109BFC0590B00503D588480068FFF7C6FA21
S315080307200020019001237006C00F0290844A916845
S3150803073000209060B8204000824E30606608B820DA
S3150803074030401278F0261640402E02D1020040208F
S3150803075010430D2D02D10A00042111434A0704D57B
S3150803076002001420104310229443774A12686D46F8
S315080307702B70D20506D580225200744B1A600200EC
S3150803078001201043029A002A11D10C220240082A9A
S315080307900DD00200684B9B6BDD0601D41025AA43D6
S315080307A09B0601D420239A43B12313404FD06A46AC
S315080307B01278002A4ED0A34A956B966D01236D07CE
S315080307C06D0FAD1DAB40F504ED0C5B1B9BB2082BFF
S315080307D009D280200623584D2B6043029A4D2B607D
S315080307E000236D462B708123034036D00823029DD0
S315080307F0002D00D113620D000821294310239C43C1
S3150803080004231D05954E3560DD04954E35606D460A
S315080308102D78002D1ED0062B25D3464DEE6CF606F5
S3150803082021D5904E3668360E01966D69ADB28D4E5A
S31508030830F66B360603D02E0080256D013543156108
S315080308402D121561404A1268D50592D40BE0082289
S315080308507C4B1A620491009032E000BF27A3450639
S31508030860ED0E5B5DD3E7049100903348026B7D4937
S315080308700968744D2E686F463E81282616401E4326
S31508030880930CDB0133431600120E32401026324016
S315080308901A43890040231940114302AA9170406BF9
S315080308A0000A02A9C870FFF7E7F902A908710198B7
S315080308B048716D480068C8800298E8660398E86638
S315080308C00598FFF7CAFB0825600601D563488560C6
S315080308D0FFF7DDFB002805D064480078002801D01F
S315080308E0634805600498C1B20098C0B2FFF75BFA83
S315080308F0200007B0F0BD0000F84F0000030107060B
S31508030900030107060501060605010606030207068F
S31508030910030207060502060605020606081A03D297
S31508030920544909684018401C70470000481002A83B
S31508030930703F0000084000A8180002A81CC000A8C1
S31508030940683F0000B46000A81C0100AA1C2100AA85
S31508030950F8B5494F494E0F24012549494948806B43
S31508030960C0061BD50120087047480068474909682F
S31508030970FFF7D4FF316F4018012858DB01F07CFAE2
S3150803098043490968090B0C40022C4ED16905414AB3
S315080309901160102139643B490D6046E03948006C03
S315080309A0C0001FD53C480068E021890501403ED0B8
S315080309B0374D28682103014080208001814236D1C2
S315080309C0FFF742FB354A36490968C90502D5354951
S315080309D0096811602968090B21400229F3D0FFF73A
S315080309E03CFBF1BD30480068002820D001220A707C
S315080309F000F0A4FF00281AD101F03EFA2449096839
S31508030A00090B0C40022C10D102213278D20705D5E6
S31508030A10264A12680A4001D01A4A1560CA031D4BB2
S31508030A201A6039600021204A116001F029FAF1BDE4
S31508030A30802080041E4908607047802040041C49B2
S31508030A4008607047540000AA141100AA00BF194889
S31508030A500168490701D0FF2141617047441002A884
S31508030A604C5001A8184001A8448001A8BC3C0000CA
S31508030A70845000A838C001A8082002A8703E0000C8
S31508030A80553E0000100002A81CC101A820C001A8F9
S31508030A90B00002A81C1002A84C4001A8800000AAB6
S31508030AA0084000A8904000A82C3E0000F03E000035
S31508030AB03C2002A80C4000A87047FF2807D003284B
S31508030AC005D22B490978C140C807C00F70470020D3
S31508030AD070470000F0B5802000020821254A1160FE
S31508030AE00A230121244A01249C40044325A5ED5CDD
S31508030AF025439560F025214E35601E4D24A6F65CE8
S31508030B00022737432F6004262E601D4D2D680D409E
S31508030B1006D1CD026D1E03D0966C3603FAD401E0D6
S31508030B200220F0BD956CD66C6D036D0BAE4200D2F8
S31508030B3020005B1ED7D50823104C23609060A84B72
S31508030B401B685B0112D5A74C63785D1C01262E40F2
S31508030B5066701D000626754365191268AA80E88023
S31508030B602370034802789940114301700020F0BDB1
S31508030B70843F0000889001A8448001A888A001A8A2
S31508030B80140002A800000001010204081020200036
S31508030B90505050404040403020202000F1B584B0EA
S31508030BA0914C92484068C00516D5606AE021C90091
S31508030BB00840884210D1AA48006E0004000F8C49E9
S31508030BC00A68D20601D5072804D00968C90603D4DA
S31508030BD00B2801D1002001E1FFF7ACFBA1484069CE
S31508030BE0400101D401251CE09F48826B00207D4902
S31508030BF0C3B206256B43CB189B8895B2AB4204D088
S31508030C00401CC3B2022BF3D3FF2008700125954875
S31508030C104069400105D50878FFF74FFF002800D043
S31508030C20002592485021405C000608D58D48007877
S31508030C30002804D08B484078002800D10125E069B4
S31508030C4002906A480068E061894E04980068316D2D
S31508030C504718012F16DB00F0E8FD3060C001381A8B
S31508030C6001280FDBFFF76BFB00F0C4F80498006854
S31508030C70316D401800F062FE002803D00021049A63
S31508030C80116010E07B4FC020C00038602068072839
S31508030C9032D005210840052808D021600C2000F031
S31508030CA05FFE002802D00299E16197E0724EFF20A9
S31508030CB07A3070620420B062FFF741FB022030608D
S31508030CC0E020C0046D4948608020800478600220D3
S31508030CD03860012000F044FE802080007062022004
S31508030CE000F03EFE8020C00070620820B062022039
S31508030CF000F036FE0220B062614EE0204000F0614B
S31508030D005A480078C00705D5802000065D49086063
S31508030D1040083060042000F023FE019000284BD1E0
S31508030D2002205649086080027064C001706410206E
S31508030D304D4908600120B0674C4F49480068400692
S31508030D401ED448484069400113D5264800786946A9
S31508030D50087068460078FFF7B0FE002809D02148D6
S31508030D6069460978062251434018C0883E490864F3
S31508030D7006E001203873FFF7ADFE019000281BD16A
S31508030D800120394908600020C867022000F0E8FD01
S31508030D903C4E4020F061C030F0613878C00705D575
S31508030DA0C020000630603048006CF881022000F04D
S31508030DB0D7FD8120C0027064002D05D0284800683D
S31508030DC0800101D4FFF718F9E069E02149030140DE
S31508030DD002982D4A02400A43E261019805B0F0BD24
S31508030DE0F03E0000403E00005C0102A8F80302A89A
S31508030DF0B04301A870B5FFF79DFAFFF7A0FA234C95
S31508030E0023480068C00509D5E06F000B0F210F22A0
S31508030E100240072A23D001400B2920D00225124875
S31508030E2005601C4E0820B062C0017062012000F004
S31508030E3097FD2802706235600620B0621648706214
S31508030E40E0204000154908600C4805600021144A53
S31508030E501160C021C900016020681249086070BD8D
S31508030E60500002A8DC3E00000C8001A8703E00007A
S31508030E708C3F0000981002A85C1102A8982002A8CB
S31508030E80109001A810A001A8FFFFE3FF340002A8F1
S31508030E90FC0302A85C2102A8F96100002CA001A8A2
S31508030EA05C0102A8943F000070B50600FFF747FAF5
S31508030EB02148C021C900214A1268F823DB011340DF
S31508030EC001D1816101E01E4A11601E498022520048
S31508030ED01D4B1C68144003D008240460032001E05A
S31508030EE0AC20400088641868024001D10A200860D3
S31508030EF016488021490301608909C160144C606959
S31508030F00AF21C90145183068854200D30500401B47
S31508030F10306000213000FFF741FE3168491931601E
S31508030F200C490968216070BD802000010A490860E0
S31508030F3000010A4908607047641102A8AC8001A839
S31508030F407C2102A80C8001A8FC0302A8981002A819
S31508030F50903F0000340002A8441002A8685000A875
S31508030F60F1B584B0C44800680190C448006BAF214A
S31508030F70C9014018C2490978C90708D4049988429F
S31508030F8005D2081A00F0DAFC002800D04EE2BD4D5F
S31508030F906868C00700D549E20420BB49C8628003D4
S31508030FA0BA498862B648006D0090A86B8407A40FF7
S31508030FB0032C03D01020B449C86224E008468021D4
S31508030FC089028162EA6B920601D5012057E0009AED
S31508030FD0120610D5EB6B022213400CD1AC4B052637
S31508030FE01E60EE6B10273E4032431A6000221A60D9
S31508030FF0AA6B120A1A600422C262E86B002802D599
S31508031000A14881620024A86B400705D5A86BC000D8
S3150803101080214900084003E098488068C10701D544
S31508031020FFF7F8FA01210098084008D0BD48A20145
S315080310308018006AC004C00C401ECE4A1060002007
S315080310400022CD4B1E68360403D59B6F002B00D4B4
S315080310500122C0218900C94B59652102884B1B7897
S31508031060DB0701D4002A02D0C022920000E00A005E
S31508031070C34B1A60C0229200C04CA2655960296C02
S31508031080942292050A40140000D0012480273F02C7
S31508031090204300062CD0BB480078C02101404029D4
S315080310A002D1FFF7D5F801E0FFF7E0F82020286022
S315080310B0240600D1BAE1B44CA86B400708D57808D2
S315080310C0724988620220206000F0C8FA002806D018
S315080310D004206D49C86240026C49886227606848E3
S315080310E05021405C000600D4A0E1380166493EE180
S315080310F06868C00700D599E1B8006449C862FEF775
S315080311008DFF9C48406E296C394008D1C00606D528
S31508031110FEF79AFF0221C64A1160FEF79EFFFEF705
S3150803112086FFF8082860C34CC0200006A060780034
S31508031130C1490860A86B4007C10F68460170BF4ED6
S315080311400198C00700D4A5E000F096FE0290FEF7CA
S3150803115095FF286C40040DD400BF00BF00BF00BF35
S3150803116000BF00BF00BF00BF00BF00BF802000064E
S31508031170BD490860FEF787FF029800F081FEEE205E
S31508031180C004AF4908603809206203203064FE2092
S31508031190C003706442200199C90501D4706000E058
S315080311A02060A02060600820A34908660420AF4990
S315080311B00860286CC0022FD5AD484168080CAD4AB3
S315080311C00904C90B525A102826D32C490B88E72B36
S315080311D022D395267600B34205D8F31A1B095A4338
S315080311E0930A5A4204E0A44E9B191B095A43920ACE
S315080311F052B28318086BCE6B7243801808636F2B41
S3150803120001D36F2302E00F2B00D20F2318021843D2
S315080312101904014399480160894899498164C021A1
S315080312208901A1600221844A5167C021890081602E
S31508031230F02109014165F80960610A2000F090FB75
S31508031240C0200006A060822040026066012000F0EC
S3150803125087FB0120A060062000F082FBA760082018
S3150803126000F07EFB3801A0608000A060032000F038
S3150803127077FB780053E000BFFC0302A8743F000025
S31508031280703E0000100002A81C2002A81C1002A829
S31508031290E40000AA0198400746D56948EE21C90427
S315080312A0016065498222D204CA66BA092262D2015A
S315080312B08A66C021890181647248A0600A2000F009
S315080312C04FFB0020306408270199C905306001D413
S315080312D0706000E07760A0206060574807660221C7
S315080312E041670A2000F03CFBC0200006A060664860
S315080312F06066012000F034FB062000F031FBA7608E
S31508031300062000F02DFBC0204000A060082000F056
S3150803131027FB6020A060032000F022FB022053492C
S31508031320086006E00C0000AA584A4021002001F094
S315080313301BF80020C0431149086000F076FA544EA2
S31508031340401DC001316B47188020C0019849496F79
S3150803135001400291974908600498874217D2316B76
S31508031360401A00F0EBFA002810D002989249086058
S315080313705CE000BF204000A8684101A8B46000A84B
S31508031380085100A8F03E0000685000A8049F019881
S31508031390400702D58020800000E08848A06001202D
S315080313A000F0DEFA686AF06280204000224908608D
S315080313B0380000F0C3FA824C2078C00703D58C2086
S315080313C04005FEF739FE68460078002806D17848B6
S315080313D0006860678020C0037A49086002987649E6
S315080313E0086017480199490704D580218900816453
S315080313F0234903E002218164C02189018164686A63
S3150803140070626846007800280AD0012000F0A8FA1E
S315080314105020205C000603D5802000038D49086010
S31508031420286CC00202D512480068306305B0F0BDC7
S31508031430D4E40350641102A8B81002A8600102A8F4
S31508031440242102A880B5FEF7FFFD834900220A601E
S315080314500A22CA61FEF701FE9348C0218902016088
S315080314609649416001BD000004500950C82102A8ED
S31508031470F83F0000C0000000D6FEFFFFDC4001A8CD
S3150803148004040000040440000204000005070000E9
S31508031490743F00008A48806B800300D47047F8B510
S315080314A088480068009000240020012600993140EE
S315080314B002D0C020800103E00099490700D582487D
S315080314C0824902220A60086408278148076081481E
S315080314D00068C00403D4804800683840FBD07F4DB9
S315080314E036486865042000F03BFA8820C00468651E
S315080314F00098064024D0A02080036865012000F0E8
S315080315002FFA7748686500F0B7FC0600FEF7B6FDC4
S315080315106B48006C40040DD400BF00BF00BF00BF7A
S3150803152000BF00BF00BF00BF00BF00BF802000068A
S315080315306C490860FEF7A7FD300000F0A1FC08E03F
S31508031540602068657803A860012000F009FA6648F8
S315080315506865664E0098C005346001D5776000E07B
S315080315607460C02000066865C00C614908600120E4
S3150803157000F0F6F9F0200001E8665E480099C9050F
S3150803158002D50321016000E00460862040025A491F
S3150803159008605A4868652F60A02028653464746417
S315080315A0B80247490860000155490860F1BD0000C3
S315080315B020C001A894E001A894D001A80240000025
S315080315C0703E00001C1002A8F8B54E4800680D27A7
S315080315D007400424002F00D104274B48102566032F
S315080315E008214A4A4A4B1B682340126814D04260B2
S315080315F0394004D00220FEF74EFC464806603C40BC
S3150803160007D045480068054343480560B008414983
S3150803161008600220414915E00260394005D00220DE
S31508031620FEF739FCA0023B4908603C4006D03A481D
S3150803163001680D4305607009364908603748066036
S3150803164030032F490860FFF725FF00210020FEF726
S31508031650AAFBF1BD1C2002A8D80000AA10B5802059
S315080316602F490A6802400AD02E4B1A6806241440EA
S3150803167005D15C6E2C4A22401B6D9C0101D50020C6
S3150803168010BD096808400DD02848824203D11805C1
S3150803169001D5012010BD26480068C107C90F481E99
S315080316A08041C00F10BD0000442002A82148032131
S315080316B00164A821C16310210160704704000080FA
S315080316C0100002A8FC0302A8040400002C1102A8B7
S315080316D0106001A8D84001A8104001A8182102A843
S315080316E0018000000460095089050000600102A812
S315080316F0B06101A8548001A8C82102A804340000D7
S31508031700482002A8B44000A8E83E00001CC101A86E
S31508031710480002A8441002A8683F0000685000A8C1
S31508031720440002A814C001A81F1F0000010C0000F2
S3150803173030C101A8082002A86C48006801210842A4
S3150803174009D16B4A12686B4B000C1840F032914072
S315080317500B40984201D00220704700207047F8B525
S3150803176007000F386A461080604CE0680A0004D107
S315080317706B461B8882B29A423AD200226B461A807B
S31508031780012502263A0013D02268324007D00029E1
S315080317902ED059480088401C574908800020390034
S315080317A0216156490E6080B2B84201D369460D805D
S315080317B05348456000E030BF2068304003D1FFF747
S315080317C0BBFF0028F7D04D484560390010D0216883
S315080317D0314005D048490A886B461B88D2180A80C7
S315080317E0066000202061E068B84201D244480660DA
S315080317F0FFF7A2FFF2BD38B5050000F03DFB040074
S31508031800012199204543A8093E4A126880181238CF
S3150803181080B2FFF7A4FF05008020C0013A4908609B
S31508031820200000F02DFB280032BD334803883549D4
S31508031830096802889342F9D1100408187047FEB55F
S315080318401238070C6946088000F016FB0190274CEE
S31508031850294D2888B8421ADA01202C490860274EF0
S3150803186030BF02202168014006D030604003264974
S3150803187008602888401C2880FFF75EFF002802D1ED
S315080318802988B942ECDB0121716000280DD128882B
S31508031890B8420AD1E06869460988884205D2002118
S315080318A068460088FFF75BFF01E0FFF745FF040082
S315080318B08020C00114490860019800F0E1FA20006D
S315080318C0FEBD10B512490A680E4B1B680C68944294
S315080318D0FAD0DB014033141A02D288692418641C2F
S315080318E00C4800684443181B10BD0000280002A8D2
S315080318F004ED00E0FF3F0000503E0000282002A848
S31508031900281002A8340002A880E200E02C1002A8DE
S3150803191020C001A8B43F0000F0B502E00A601C60CD
S315080319202E607EC84F1C07D05F1C04D06F1CF5D1F0
S315080319300A601C60F0BD0A60F0BD000010B5C4095A
S31508031940FFF773FF201A312806DAC000183801D4C6
S31508031950C01EFDD5002010BD2000FFF770FF10BD87
S31508031960C32148436F3801D41E38FDD5002070477C
S3150803197080B5FEF790FA01208C49086001BD38B599
S315080319808B490C6808258B490D60FFF7F1FF2C403E
S3150803199001D08948056031BD80B5EB2000F001F818
S315080319A001BD30B585490B6818401022134211D082
S315080319B0834BFB24A4012468224008D0B04A146848
S315080319C02402FF252D0225401D630024146080226E
S315080319D052031A60086030BDF3B5010016001C00F7
S315080319E000250095A748019A330000270BE0BC465B
S315080319F04F5D4743AE009E597E40575D4743374088
S31508031A00664637436D1CA542F1D3390939438A081B
S31508031A100A43510811430840C10901430F208A0BA1
S31508031A200A4302405040F6BDF1B582B00E000020CD
S31508031A3093490860FD25AD01EF7AA87A01900F2135
S31508031A40394000910ED00B468F4A90490298FFF70A
S31508031A50C3FF019901408A4801608D4841438D4877
S31508031A60084001D1012400E04401380915D03200A9
S31508031A703B0929000298009E6D7A75194019FFF7EC
S31508031A80ABFF0199091101407D4802680B01134315
S31508031A900360002901D0480044437F48006820407A
S31508031AA001D10420FEBD0020FEBD80B50A00002139
S31508031AB011807A4952888018FFF7B6FF02BDF0B540
S31508031AC00F22774B5C7905780F202040C540200903
S31508031AD0284001259C79C4402C4001D10320F0BD40
S31508031AE0FB24A4012468254008D06E4D9E68470050
S31508031AF0F65B761E2E608026B601EE60DD78DE790B
S31508031B00C640F00711D5E0060FD5002D0DD066485F
S31508031B1048600888488008881C7800192A40801875
S31508031B205A7880182A09801800E0002008800020C7
S31508031B30F0BD10B55D4801685D4A0820014200D032
S31508031B409061C90602D58C210901116059495A4A7F
S31508031B505A4B1B681B040CD54B685C0402D5C3039C
S31508031B60136006E0C024A4011C4043029C4200D033
S31508031B7010600B68034005D0514B1B689B0F9B07EE
S31508031B8000D01060FB2080010078C023034002D1F7
S31508031B9080204005106008682021084010604948E5
S31508031BA00068C00101D4FFF7F7FE10BD2C4000A85A
S31508031BB04C4000A84C6000A84C5000A8703F000099
S31508031BC01C1002A8F8B5404F38687E6806403F489F
S31508031BD030403F4908608024A4033E4DF00228D5CF
S31508031BE0FB208001016801200A0605D53A490968E0
S31508031BF0A9602870022014E0014202D03749A9607F
S31508031C000FE00020C9060CD52749A960344A917804
S31508031C100B071B0F12789A1809095118A980E8802F
S31508031C20A888A880A888002801D0264301E0FFF7E2
S31508031C30B3FE264023D0264E74603460A888002855
S31508031C400BD0396A814208D3291D2648AA689047CA
S31508031C500100F3D0FFF78CFEF1BD01000CD0FC2187
S31508031C608902F16120490203CA6134604C603A6A09
S31508031C70824204D30C60F1BDEB20FFF792FEF1BD5F
S31508031C80303E000001010101F83E0000383F000024
S31508031C901111000021840000F43E0000183F0000E3
S31508031CA0483F0000204000A89F220000F84F00008C
S31508031CB0502102A8184001A8481002A8684101A8A3
S31508031CC04C4201A8D04000A8B44000A8FFFFDFFF9C
S31508031CD0B46000A8343E0000B43C0000B322000000
S31508031CE0493F0000D84000A8B45000A870B50500C5
S31508031CF00C0000F0C1F80600FEF7C0F92002054300
S31508031D0006480560022006490860FEF7BCF930005C
S31508031D1000F0B6F801200349087070BD0480095025
S31508031D2040900950543E0000FEB5C020C004334914
S31508031D30086033483349486533488865334840243F
S31508031D40046044601020FFF70BFE002854D1FF20DF
S31508031D5000052F4908602F482F4908602F4829494D
S31508031D600860A5032A4805602D4807680820FFF779
S31508031D70F7FD002840D108262A4806600120FFF708
S31508031D80EFFD2748806801902748066027481D49C4
S31508031D9008601F4805600820FFF7E2FD00282BD1DD
S31508031DA0204806600120FFF7DBFD1D488068009088
S31508031DB01D480660134D1E4828600199009800F0D7
S31508031DC03FF88606B60E0198C10B0098C00B00F0C3
S31508031DD037F80002FC218901014031432960104884
S31508031DE0076060030A4908601248046044601249A0
S31508031DF00164124941640020FEBD000020E000A8EA
S31508031E00571400004C0102A8FF3FFF3F601102A8C8
S31508031E10B42002A80000380EB41002A8303000001F
S31508031E20104101A8105101A8106101A81010000063
S31508031E3020200000602102A8F703F000FF3F0000FE
S31508031E4010B54904CA104004C310991A00209A18F9
S31508031E50D30F9A18521052188B115B0E5B18DB11AD
S31508031E60D2182023541A01D422001843CC0F611820
S31508031E7049105B08F6D110BDEFF3108072B67047B0
S31508031E80002800D162B6704710B5C2001823134064
S31508031E90FF249C40E2438907090E9940030004D4B2
S31508031EA074489B089B00C01806E0734B0007000F95
S31508031EB0083880088000181803681A40114301601F
S31508031EC010BD80B573225421002000F04DFA01BDE0
S31508031ED010B5FFF7D1FF694901220A60684B694CBF
S31508031EE02360694C23600323684C2360684C236092
S31508031EF0684B1A60684B1A60684B80241C601A602A
S31508031F00674A1A6011228A63FFF7BAFF3F206549B9
S31508031F10096801400A1D402A00D2081D624A10704A
S31508031F20A548017010BD80B501001120FFF7ACFF6D
S31508031F3001BDFFF7A1FF05000024012160B2FFF7E9
S31508031F40A3FF641C0E2CF8D301210F20FFF79CFF77
S31508031F5001211320FFF798FF01211720FFF794FFAC
S31508031F6003210120C043FFF78FFF01211E20FFF73E
S31508031F708BFF4E484E49086002204E4908600120EF
S31508031F809B49086047044C4C20693840FCD02068BC
S31508031F90800101D4FEF720F82800FFF771FF4748B0
S31508031FA00068000311D4FF222A325321002000F0CF
S31508031FB0DBF90AE000281CD0FEF746F819E0206989
S31508031FC03840FCD02800FFF75BFF206E0004000FA3
S31508031FD0022801D1FEF7BCFCFFF74EFF0500774E3A
S31508031FE0FEF742F800287078E4D0002801D1FEF7FE
S31508031FF034F801202F493278002A05D17D4A126820
S31508032000920600D4086030BF0022327002220A60AA
S3150803201077490860D3E77848016842680A408048E8
S31508032020104018490860800700D4704710B57D48EA
S315080320300188491C0180FB24A4012078000617D5D2
S3150803204079490A680F20120B0240032A10D1774AEE
S3150803205012685207520F032A0AD80968090B08405F
S31508032060032805D10D20FFF78AFCE08A401CE0828D
S3150803207010BD000000E400E01CED00E0040002A827
S315080320800000FF3F282002A82C1002A840E002A85F
S3150803209044C002A804C001A8044001A8145001A81A
S315080320A0200060062C8001A8523E0000FFFF9B40DB
S315080320B000E100E0602002A8500002A8F80702A881
S315080320C0F8B55B4C20686568054090480560594833
S315080320D0284007D0FDF7DBFF002803D02800564920
S315080320E0096888470121022289480078C00701D573
S315080320F0022300E001232B408648002B10D0864B91
S315080321001A60864A12680A4007D10268F0231B053B
S315080321101340902212059342F3D00902804A1160B4
S3150803212080210D4220D0A26AF823DB0113401BD07D
S31508032130C0221201934217D880231B06894E3360A7
S31508032140A76AF826F6013E40374F3F683F043F0F1C
S31508032150022F01D0032F03D1002E01D09642EFD3CD
S31508032160904A1360694A11608F49097806290DDA7E
S31508032170CC20800128401DD0FFF77EFE04002800EE
S31508032180FDF741FC2000FFF77BFEF1BD806B800560
S3150803219010D58648284005D0FEF7AAFA2800FDF789
S315080321A032FCF1BDA80205D58020400157490860D5
S315080321B07F490860F1BD0000533E0000553E00000C
S315080321C010B57C48016844680C407B48046080214C
S315080321D00C4205D04160794801600020FDF713FCE5
S315080321E0600403D5802040057549086010BD0000CA
S315080321F0601002A8F40302A8280002A838B571489B
S31508032200016844680C40E00707D5FFF735FE05006B
S31508032210FDF794FC2800FFF733FE6B48046031BDD5
S31508032220FFFF00C0503E0000B00002A8184001A8F6
S31508032230104001A802000600B83C0000FEB5634C36
S31508032240206C676C074001252F4216D02E0660487E
S31508032250066020685F490D60002802D00021FDF75B
S3150803226045FE5D480068A021C90188428041C043F4
S31508032270C00F5A4948705A480660FDF7E5FE0190B3
S31508032280022007403ED06168CEB20F0A554908229C
S31508032290494B4403012E24D0022E31D1012F22D1DA
S315080322A0514EF6780096504E37780126BE404F4F6A
S315080322B03E604D4E3678760590277F04F719032638
S315080322C03E434B4F3E601C604A4B1C600B68009CA8
S315080322D01B194B65444909788D4047490D604749A1
S315080322E00DE00090DFE7002F0AD1454E3560002543
S315080322F04D655C601C60C104424B196042490A6023
S31508032300344908600198FDF7A8FEF7BD106001A8D7
S31508032310703E00000C0002A86C1102A8B44000A885
S31508032320B82002A870B5FDF78FFE0400FFF7A4FDD9
S315080323302F490A68D2070FD52A4A566D1368334DB3
S315080323402E60CE686E604968E9818021C904204EF3
S315080323503160297B59185165FFF792FD2000FDF777
S315080323607CFE70BDE06101A8002800D0704770B5F7
S315080323700C00FDF769FE0500FFF77EFD0600FDF775
S315080323807DFE234804600121224A1160026C0A403B
S31508032390FCD1FDF778FE3000FFF772FD2800FDF744
S315080323A05CFE70BDE05101A8203E00000010400607
S315080323B0145001A890C001A890E001A80CC001A878
S315080323C004ED00E0C0C000A8C0E000A800C002A851
S315080323D0441002A840E002A8404000A8553E000069
S315080323E0442002A818800A50693E000068A00A50D3
S315080323F060C101A894D001A868900A50F42302A8E2
S3150803240060E101A880E200E0F41302A8603E000040
S31508032410008009504090095080B5FDF738FE002822
S3150803242001D000F0B3FE01BD80B5FDF76DFEC348CC
S31508032430006800030AD4FEF723F9FFF72BF8FEF723
S315080324409BF80120FEF7FEFFFEF7D4FC80208005EB
S31508032450FDF7F2FD01BD80B5FDF756FE802040026B
S31508032460FDF7EAFD01BDFEB505208D4908608D48D7
S3150803247006680124264201D1FDF75CFFFDF744FEF9
S315080324809C49086800909C4849680160B105CA0FD1
S3150803249069460A710025264210D00095974949686E
S315080324A001609648026896490B68981A9A4202D3BD
S315080324B08B69C018401CA24B9842F5D3A148056006
S315080324C068460079002804D031000098FDF776FBAA
S315080324D0009000279B480068204003D16846FDF713
S315080324E056FF0700FDF7ACFF002840D08348407C21
S315080324F000283CD19449814DEE680A6933689A42AB
S3150803250000D00120914A9446914A137806225343F0
S315080325106246D35AB4460200182672436646B21870
S315080325205360009A0192EA68012343401820434303
S31508032530D61830680861B0680860A248F168016077
S31508032540316901627069A049086001A8FDF71FFF98
S31508032550002806D17D497E4A127806235A43895AAA
S315080325607160390007000F4301D16C7401E0002F35
S3150803257002D10098FDF786FF9E48046002209E4913
S315080325800860C820C004BC4908606004FDF754FD10
S31508032590F7BDF8B5994C8025EF02FDF751FF0028E2
S315080325A008D097480078002804D13800FDF744FD81
S315080325B02560F1BD206CC00506D580200006206085
S315080325C000BF00BF40082060FEF73CF8FDF79CFDFE
S315080325D0FDF792F90600A948A9490860FFF71CFF09
S315080325E03800FDF729FD002E00D025600120A549F6
S315080325F00870F1BDF8B50120FFF795FCA24CA34876
S3150803260000682060FDF780FD7820205C05210140E5
S3150803261002D0FDF71DFE01E0FDF728FE774D0227E0
S31508032620A06F384001D0012028601020C043984984
S3150803263008600026EE6397480660FDF728FD002824
S3150803264002D000F0F0FD00E06663FDF7E7FC924870
S315080326500068296C090407D4000705D5FDF7F4FCBF
S315080326608E490F60FDF7F9FCFDF7E1FCFFF761FA08
S31508032670B804FDF7E1FC0020FFF755FCF1BD80B572
S31508032680FDF742FD2D480068000303D4FDF774FFE8
S31508032690FEF7B0FB80204003FDF7CEFC01BD00002A
S315080326A05C1102A8440002A838B5FDF72DFD534C6A
S315080326B02025FEF7D3FF002806D0606B000704D554
S315080326C0FEF7F4FFFEF730FC2560FDF755FFFEF72E
S315080326D091FB734800780C210140042902D1FDF7C8
S315080326E0B7FD01E0FDF7C2FD6804FDF7A5FC402030
S315080326F0206031BDB83F00002C3E0000CC3E0000F0
S3150803270020C001A81CB5052066490860FDF7FCFC36
S31508032710FEF7CCFF6448006800906846FEF7C4FBE2
S315080327200400FFF779FE002C02D10098FEF718FC87
S3150803273080204004FDF780FC13BD00000C0002A8AE
S3150803274001FF0000283E0000348001A8463E000031
S31508032750403E0000F8B5FDF7D7FC544CA56A502057
S31508032760284002D0FDF774FD01E0FDF77FFD234FF6
S31508032770FEF774FF00281BD1B86B40071DD4786B8E
S31508032780E0214901014018D1A80611D4FDF746FCFA
S31508032790A56A474E354207D0FF20C0432D18A562C8
S315080327A080200005A9490860FDF741FC2E4002D0A8
S315080327B00120386001E00020206080208004FDF7B6
S315080327C03BFCF1BD1C4101A8284000A880B5FDF7D4
S315080327D09BFC9F480068C00501D5FDF7CDFE012087
S315080327E0FEF730FEFEF706FB8020C004FDF724FC47
S315080327F001BD0000442002A8305201A8100002A817
S31508032800DD3E000010B526480468FDF77DFC9149B6
S31508032810096809032AD40321C00601D5214001E02A
S31508032820A0080140012902D1FDF712FD0BE02001A2
S3150803283007D50E20FFF79CF8874804210160082175
S315080328400160FDF713FDFDF78AFD844C2069844971
S315080328500860FFF7E1FD2068002807D0400012282A
S3150803286002D2FFF77DF801E0FEF7C5FF802080035B
S31508032870FDF7E2FB10BD0000106001A870012000FF
S31508032880B46000A8553E0000783E000008C000A8C2
S31508032890482002A8303E0000844000A8D4E4035030
S315080328A0F03E00005C1102A8CC3F0000C83E0000C1
S315080328B000FFFF00FEB500246A490C730120694630
S315080328C008700294FDF720FC0600624F386800037F
S315080328D000D5B5E003209F4908649F480268FF2096
S315080328E080019E4910255F4B1B78DB0720D512070D
S315080328F0120F022A03D09A4A12682A4004D1594A67
S315080329005268584B5B7801E08A680B688E6A096AD5
S315080329100091911B14225143DBB2C918009A891AF4
S3150803292009014068081801D5019453E0019051E064
S3150803293013071B0F032B03D01204120F062A3AD1CF
S315080329408968426802923A6C920701D580680290B8
S315080329500800FEF7B6FF0299401801D5019400E076
S315080329600190B86B0107C80F03213F4A12680A4052
S31508032970022A1AD12E4018D03A4A126DD30512D517
S31508032980FE6B984B1E409E4202D172490D640CE0C1
S3150803299092050AD43A6C2823134006D16B461C7059
S315080329A02A4A116001E06A4614700290684606785E
S315080329B0002E03D10FE0006801900126FEF74EFEB4
S315080329C0002808D0FEF772FE0298002802D0FEF708
S315080329D0ABFA00E0002602205E490860002E10D0FC
S315080329E0214800780C210140042902D0F86B0540E0
S315080329F002D0FDF72DFC01E0FDF738FC20207860B6
S31508032A001EE018480078C00705D5554800680540F4
S31508032A1001D1FDF72FFCFDF7AFFD802000060B491A
S31508032A2008600020C0437049086001A8FEF73CFA15
S31508032A300400FFF7F1FC002C02D10198FEF790FA87
S31508032A4080200004FDF7F8FAF7BD0000481002A835
S31508032A50680102A80C0002A880E200E0AC3F00006F
S31508032A602C3E0000703E0000F03E0000FEB5002438
S31508032A705E490C730094FDF747FBFFF7CDFC5C4DED
S31508032A80E86E5C4E0007000F07280BD1686800281C
S31508032A9008D40020FEF7D6FC306857490860FDF7CE
S31508032AA0E7FC52E001201027696849070DD453490A
S31508032AB00968014009D001024C4A126D0A4208D03E
S31508032AC0520502D42A68114001D1009001E04C480E
S31508032AD0076046480078C00705D52148006838408E
S31508032AE001D0FDF7C7FB474801680320009A002A6F
S31508032AF001D0890900E00909084001900020FEF782
S31508032B00A1FC0198002805D16868074002D1FDF7A2
S31508032B10ADFB01E0FDF79CFB00200099002903D1DA
S31508032B2039480068FEF7CDFE7169401801D500944F
S31508032B3000E000906846FDF72AFC002805D10098B6
S31508032B40FDF7A0FCB0692C49086080200005FDF755
S31508032B5073FAF7BD082002A8B00002A804C101A8A9
S31508032B60B04301A8F8B5FDF7CFFA00240025274896
S31508032B70466B80277F05300606D5300709D5FEF74D
S31508032B8095FDFEF7D1F929E001251C480068284080
S31508032B9019D00020FEF756FC0220064002D01C4935
S31508032BA00C60C8611B480468002D03D02000FDF79C
S31508032BB091F80400FEF77AFD2000FEF7D1F93800F4
S31508032BC0FDF73AFAF1BD0F480078C02101404029C4
S31508032BD002D1FDF73DFB01E0FDF748FB20200B4939
S31508032BE00860ECE710000010B46000A8703E00000F
S31508032BF0440002A8BC3F00002C3E0000B44000A8D5
S31508032C00481002A8F03E00001CC101A8100002A843
S31508032C10180000AAD83F0000FFF75AF902480349EB
S31508032C204860FFF786F900BF272700000000000069
S31508032C3080B5EFF305800B2801D23A2100E029215C
S31508032C40FF2216320020FFF78FFBFEE762675F6DF0
S31508032C506573736167652072656365697665727303
S31508032C600062676275660061636C006C6C5F636F14
S31508032C706E6E656374696F6E006C6C5F6164765F14
S31508032C80736574006C6C5F76616C696461746F72EA
S31508032C900062675F6D65737361676500736F66745A
S31508032CA05F74696D65725F6D657373616765006CE3
S31508032CB06C5F6164765F73796E63006C6C5F7363D4
S31508032CC0616E5F73796E63006761705F70657269C1
S31508032CD06F6469635F616476006761705F706572CC
S31508032CE0696F6469635F73796E63006C32636170DD
S31508032CF05F636F635F6368616E6E656C006D6265C3
S31508032D0064746C735F636F6E746578740000000097
S31508032D10612C0308672C03086B2C0308792C03081A
S31508032D20842C0308912C03089C2C0308AF2C030856
S31508032D30BB2C0308C82C0308D92C0308EB2C03085F
S31508032D40FD2C030862676275665F696E00626762D7
S31508032D5075665F6F75740062676275665F6E6F6628
S31508032D606C6F770062675F6D616C6C6F6300000060
S31508032D700D000300020001000500E69D350E48011B
S31508032D8003CCDBFDF4AC1191F4EFB9A5F9E9A783FC
S31508032D902C5E2CBE97F2D203B020008BD28915D0B5
S31508032DA08E1C742430ED8FC24563765C15525ABF68
S31508032DB09A32636DEB2A65499C80DC006C888391A3
S31508032DC0AAF5A53860370BDB5A6083BE00000001FD
S31508032DD000010005010005020203000200000000CD
S31508032DE000020501000500000100010000010001C1
S31508032DF002020300020000000000020201000200B2
S31508032E0009E60108E1E001081FB502088DB40208C6
S31508032E1023AE0208B9DE010805DE01085DDC0108F8
S31508032E2081B20208D9A8020875E201089DD70108EC
S31508032E30E9D50108D7B1020869B1020811B1020838
S31508032E406FB00208BBAE020869D3010895D1010821
S31508032E504DD20108DDA8020839CF0108BF01FB9D41
S31508032E604EF3BC36D874F5394138684C8BD289157C
S31508032E70D08E1C742430ED8FC24563765C15525A86
S31508032E80BF9A32636DEB2A65499C80DCE69D350E55
S31508032E90480103CCDBFDF4AC1191F4EFB9A5F9E9CC
S31508032EA0A7832C5E2CBE97F2D203B0203F49F6D4F3
S31508032EB0A3C55F3874C9B3E3D2103F504AFF607B9A
S31108032EC0EB40B7995899B8A6CD3C1ABD4B
S30D08032ECC20DEFC7F0100000073
S31108032ED4E02E0308402E0020B800000082
S31508032EE00000000000000000FFFF0000FFFFFFFFD7
S31508032EF0C0EA2101C0EA210100800000C01753027D
S31508032F00642E00200040170800A00000540F00207C
S31508032F10C8000000FE0000000000000014D50208E7
S31508032F20C00A0020FFFFFFFFFFFFFFFFFFFFFFFFB2
S31508032F30FFFFFFFF139002080000000001000000D6
S31508032F40000000001000000010000000CDFB000880
S31508032F5000000000B515010800000000000000008D
S31508032F6000000000C781020800000000D9200108FC
S31508032F700000000000000000000000008520010892
S31508032F800000000000000000000000004D210108B9
S31508032F90000000000000000000000000DD23010817
S31508032FA0000000000000000000000000192A0108C4
S31508032FB00000000000000000FFFFFFFFC3830208B4
S31508032FC0B4EC0208FFFFFFFFC8EC0208C989020830
S31508032FD0C5890208FFFFFFFFFFFFFFFFD989020824
S31508032FE0F98C0208FFFFFFFF878E0208FFFFFFFF2A
S31508032FF0FFFFFFFFFFFFFFFFFFFFFFFFCB260000DB
S315080330000000000000FFFFFFFF000000259F0208E5
S31508033010299F02082D9F0208319F0208000000001D
S3150803302039ED010800000000000000005B000900FC
S315080330303806550D00080008FFFFFFFFF5FF2800B7
S315080330406400190064000500050078000C002000E0
S315080330500400000000000000020010000000000049
S3150803306000000000000000000000000000000A0045
S315080330700100000000000A00150000005479726F71
S315080330806E65277320496E666C616D6D6153636166
S315080330906E0002000A00080030303030303030311C
S315080330A00000020005000300303031000000020072
S315080330B008000500302E302E3100000002000800FB
S315080330C000000000000000000000020002000000EB
S315080330D0000002000200000000000A0002000000CF
S315080330E000000A000200000000000A0002000000B7
S315080330F000000A000200000000000A0002000000A7
S3150803310000000A000100000000000A000100000098
S3150803311000000A000200000000000A000200000086
S3150803312000000A000200000000001A000100000067
S315080331300000120008000000000000000000000064
S315080331400A000100000000000A0001000000000058
S315080331500A000100000000000A0002000000000047
S315080331600A000200000000000A0001000000000037
S315080331700A000100000000000A0002000000000027
S31508033180FFFFFFFF040008070A001700FFFF0C00F4
S3150803319000000000010101010403FF28010101BF2A
S315080331A08FAF7F8700370F10100004040F05140A2A
S315080331B00A0301FF0C01FF0FC90C0008A10C000844
S705080015AD30
